Record ID,Company name,Company owner,Country,Website URL,Company Domain Name,LinkedIn Company Page
2939368242,D Magazine,Rory Hunter,United States,http://www.dmagazine.com,dmagazine.com,https://www.linkedin.com/company/23220
2969984775,Product Hunt,Sander Lammers,United States,http://www.producthunt.com,producthunt.com,https://www.linkedin.com/company/producthunt
2970025732,Manteca Bulletin,Rory Hunter,United States,http://www.mantecabulletin.com,mantecabulletin.com,https://www.linkedin.com/company/manteca-bulletin
2970002947,ATL Lantbrukets Affärstidning,Damian Domanski,Sweden,http://www.atl.nu,atl.nu,https://www.linkedin.com/company/lrf-media-ab
2970003203,Qué Pasa Media,Damian Domanski,United States,http://www.quepasamedia.com,quepasamedia.com,https://www.linkedin.com/company/que-pasa
2970028045,Mail & Guardian [SA],Hanson Ojo,South Africa,http://www.mg.co.za,mg.co.za,https://www.linkedin.com/company/mail-&-guardian
2970006282,Island Echo Ltd,Rory Hunter,United Kingdom,http://www.islandecho.co.uk,islandecho.co.uk,https://www.linkedin.com/company/island-echo
2970006806,MiNDFOOD,Rory Hunter,Australia,http://www.mindfood.com,mindfood.com,http://www.linkedin.com/company/1314984
2970010390,Vezess,Rory Hunter,Hungary,http://www.vezess.hu,vezess.hu,
2969991700,The Denizen,Rory Hunter,New Zealand,http://www.thedenizen.co.nz,thedenizen.co.nz,https://www.linkedin.com/company/notoriety-marketing-limited
2969782295,Laha Magazine,Rory Hunter,United Arab Emirates,http://www.lahamag.com,lahamag.com,https://www.linkedin.com/company/laha-magazine-%D9%85%D8%AC%D9%84%D8%A9-%D9%84%D9%87%D8%A7
2970003219,Huffington Post (US),Hanson Ojo,United States,http://www.huffpost.com,huffpost.com,https://www.linkedin.com/company/huffpost
2970028061,Stereogum,Sander Lammers,United States,http://www.stereogum.com,stereogum.com,https://www.linkedin.com/company/stereogum
2969991453,Avisen.dk,Sander Lammers,Denmark,http://www.avisen.dk,avisen.dk,https://www.linkedin.com/company/avisendk
2970003224,Imperial Valley Press,Damian Domanski,United States,http://www.ivpressonline.com,ivpressonline.com,https://www.linkedin.com/company/imperial-valley-press
2969984793,House & Garden,Hanson Ojo,United Kingdom,http://www.houseandgarden.co.uk,houseandgarden.co.uk,https://www.linkedin.com/company/house-&-garden
2969991461,Newbury News and Media,Damian Domanski,United Kingdom,http://www.newburytoday.co.uk,newburytoday.co.uk,
2969985058,Histmag.org,Sander Lammers,Poland,http://www.histmag.org,histmag.org,https://www.linkedin.com/company/histmag-org
2969991200,Eleftheros Typos,Rory Hunter,Greece,http://www.eleftherostypos.gr,eleftherostypos.gr,
2969782314,Happy Mag,Rory Hunter,Australia,http://www.happymag.tv,happymag.tv,https://www.linkedin.com/company/happy-mag
2970010666,Collective Hub,Sander Lammers,Australia,http://www.collectivehub.com,collectivehub.com,https://www.linkedin.com/company/collective-hub
2969785646,Brooklyn Institute for Social Research,Wei Chen,United States,http://www.thebrooklyninstitute.com,thebrooklyninstitute.com,https://www.linkedin.com/company/brooklyn-institute-for-social-research
2969989419,5 Towns Jewish Times,Rory Hunter,United States,http://www.5tjt.com,5tjt.com,https://www.linkedin.com/company/5-towns-jewish-times
2969782317,Sweetcrude Reports,Wei Chen,Nigeria,http://www.sweetcrudereports.com,sweetcrudereports.com,
2970002728,Search Magazine,Sander Lammers,Sweden,http://www.searchmagazine.se,searchmagazine.se,
2969985078,Dagen,Rory Hunter,Norway,http://www.dagen.no,dagen.no,https://www.linkedin.com/company/dagen
2970006583,Urban List,Rory Hunter,Australia,http://www.theurbanlist.com,theurbanlist.com,https://www.linkedin.com/company/urban-list
2970006842,Inside Higher Ed,Sander Lammers,United States,http://www.insidehighered.com,insidehighered.com,https://www.linkedin.com/company/inside-higher-ed
2970003003,Farrelly Atkinson Limited,Rory Hunter,United Kingdom,http://www.road.cc,road.cc,https://www.linkedin.com/company/farrelly-atkinson-ltd
2969989432,ForbesLife Romania,Rory Hunter,Romania,http://www.forbes.ro,forbes.ro,https://www.linkedin.com/company/forbes-romania
2951152294,Krytyka Polityczna,Sander Lammers,Poland,http://www.krytykapolityczna.pl,krytykapolityczna.pl,https://www.linkedin.com/company/krytykapolityczna
2970003269,OnSports,Damian Domanski,Greece,http://www.onsports.gr,onsports.gr,
2970025541,NaturalPath,Sander Lammers,United States,http://www.thenatpath.com,thenatpath.com,
2970003264,Lapin Kansa,Wei Chen,Finland,http://www.lapinkansa.fi,lapinkansa.fi,
2969989448,Global Citizen Impact,Sander Lammers,United States,http://www.globalcitizen.org,globalcitizen.org,https://www.linkedin.com/company/the-global-poverty-project
2970025559,Chicks On The Right,Sander Lammers,United States,http://www.chicksonright.com,chicksonright.com,
2969985106,Bangor Daily News,Hanson Ojo,United States,http://www.bangordailynews.com,bangordailynews.com,https://www.linkedin.com/company/29003
2969989715,SunStar Publishing,Rory Hunter,Philippines,http://www.sunstar.com.ph,sunstar.com.ph,https://www.linkedin.com/company/sunstar-ph
2946536951,Altinget,Sander Lammers,Denmark,http://www.altinget.dk,altinget.dk,https://www.linkedin.com/company/17492
2969991257,Nigeria Technology Guide,Rory Hunter,Nigeria,http://www.naijatechguide.com,naijatechguide.com,https://www.linkedin.com/company/naijatechguide
2969782370,Healing Tomato,Wei Chen,United States,http://www.healingtomato.com,healingtomato.com,
2969785954,Internews Kosova,Sander Lammers,Serbia,http://www.internewskosova.org,internewskosova.org,https://www.linkedin.com/company/internews-kosova
2970025829,One Country Media,Sander Lammers,United States,http://www.onecountry.com,onecountry.com,https://www.linkedin.com/company/onecountry
2970002798,SpoilerTV,Hanson Ojo,United Kingdom,http://www.spoilertv.com,spoilertv.com,https://www.linkedin.com/company/spoilertv
2969985132,Biz News,Rory Hunter,South Africa,http://www.biznews.com,biznews.com,https://www.linkedin.com/company/biznews-com
2969989494,Nigerian Bulletin,Rory Hunter,Nigeria,http://www.nigerianbulletin.com,nigerianbulletin.com,https://www.linkedin.com/company/nigerianbulletin-com
2970029687,Unwire.hk,Rory Hunter,Hong Kong,http://www.unwire.hk,unwire.hk,https://www.linkedin.com/company/unwire.hk
2970025584,The Commercial Dispatch,Damian Domanski,United States,http://www.cdispatch.com,cdispatch.com,
2969989489,Japanese Station,Sander Lammers,Indonesia,http://www.japanesestation.com,japanesestation.com,https://www.linkedin.com/company/japanese-station
2970002815,NESN,Damian Domanski,United States,http://www.nesn.com,nesn.com,https://www.linkedin.com/company/nesn
2969989500,The Daily Signal / The Heritage Foundation (Heritage.org),Rory Hunter,United States,http://www.dailysignal.com,dailysignal.com,https://www.linkedin.com/company/the-daily-signal
2970025596,BroadwayWorld,Sander Lammers,United States,http://www.broadwayworld.com,broadwayworld.com,https://www.linkedin.com/company/broadwayworld-com
2970006648,Animation Magazine,Rory Hunter,United States,http://www.animationmagazine.net,animationmagazine.net,https://www.linkedin.com/company/animation-magazine
2969785986,Thoroughbred Daily News,Rory Hunter,United States,http://www.thoroughbreddailynews.com,thoroughbreddailynews.com,https://www.linkedin.com/company/10041145
2970025607,Attractions Magazine,Rory Hunter,United States,http://www.attractionsmagazine.com,attractionsmagazine.com,https://www.linkedin.com/company/attractionsmagazine
2946774316,Dagbladet Information,Sander Lammers,Denmark,http://www.information.dk,information.dk,https://www.linkedin.com/company/17091
2969985160,China Daily Hong Kong,Rory Hunter,Hong Kong,http://www.chinadailyasia.com,chinadailyasia.com,https://www.linkedin.com/company/china-daily-asia-pacific-limited
2969782417,Gossip-Tv,Damian Domanski,Greece,http://www.gossip-tv.gr,gossip-tv.gr,https://www.linkedin.com/company/d.p.g-group-of-companies
2969991316,Herning Folkeblad,Rory Hunter,Denmark,http://www.herningfolkeblad.dk,herningfolkeblad.dk,
2970006416,The Minnesota Star Tribune,Rory Hunter,United States,http://www.startribune.com,startribune.com,http://linkedin.com/company/star-tribune
2970010524,HLTV.org,Rory Hunter,Denmark,http://www.hltv.org,hltv.org,https://www.linkedin.com/company/hltv.org
2969991579,Women's Web,Wei Chen,India,http://www.womensweb.in,womensweb.in,https://www.linkedin.com/company/womensweb
2970027943,Londonist Ltd,Sander Lammers,United Kingdom,http://www.londonist.com,londonist.com,https://www.linkedin.com/company/londonist-ltd
2970025636,Primer Media,Rory Hunter,Philippines,http://www.primer.com.ph,primer.com.ph,
2969989550,صحيفة الاتحاد,Rory Hunter,United Arab Emirates,http://www.alittihad.ae,alittihad.ae,https://www.linkedin.com/company/alittihad-news-online
2970025903,Sojourners,Sander Lammers,United States,http://www.sojo.net,sojo.net,https://www.linkedin.com/company/sojourners
2969782440,Bklyner,Wei Chen,United States,http://www.bklyner.com,bklyner.com,https://www.linkedin.com/company/corner-media
2970010795,Newsbomb,Damian Domanski,Greece,http://www.newsbomb.gr,newsbomb.gr,http://www.linkedin.com/company/1534744
2969984948,Marquard Media Polska,Sander Lammers,Poland,http://www.kozaczek.pl,kozaczek.pl,
2969786043,Highland News & Media Ltd,Rory Hunter,United Kingdom,http://www.hnmedia.co.uk,hnmedia.co.uk,https://www.linkedin.com/company/highland-news-media-ltd
2969985214,Daily Tribune,Rory Hunter,Philippines,http://www.tribune.net.ph,tribune.net.ph,
2970003130,Diario Las Americas,Damian Domanski,United States,http://www.diariolasamericas.com,diariolasamericas.com,https://www.linkedin.com/company/diario-las-americas
2970025658,Affärsvärlden,Rory Hunter,Sweden,http://www.affarsvarlden.se,affarsvarlden.se,https://www.linkedin.com/company/3773749
2938965395,Digital Trends Media Group,Rory Hunter,United States,http://www.dtmg.co,dtmg.co,https://www.linkedin.com/company/90282
2970003128,HTV,Rory Hunter,Pakistan,http://www.htv.com.pk,htv.com.pk,https://www.linkedin.com/company/htvpk
2969989571,Banker Труд Trud,Rory Hunter,Bulgaria,http://www.banker.bg,banker.bg,
2969989825,Oil and Gas People,Sander Lammers,United Kingdom,http://www.oilandgaspeople.com,oilandgaspeople.com,https://www.linkedin.com/company/oil-and-gas-people
2970002881,Skive Folkeblad,Rory Hunter,Denmark,http://www.skivefolkeblad.dk,skivefolkeblad.dk,https://www.linkedin.com/company/skive-folkeblad
2969782473,Santa Maria Times,Damian Domanski,United States,http://www.santamariatimes.com,santamariatimes.com,www.linkedin.com/company/santa-maria-times/
2969984716,Tatler,Hanson Ojo,United Kingdom,http://www.tatler.com,tatler.com,
2970025929,Reason Magazine,Sander Lammers,United States,http://www.reason.com,reason.com,https://www.linkedin.com/company/reasonmagazine
2969991378,Yes! Magazine,Rory Hunter,United States,http://www.yesmagazine.org,yesmagazine.org,https://www.linkedin.com/company/yes-magazine
2969989584,One Green Planet,Sander Lammers,United States,http://www.onegreenplanet.org,onegreenplanet.org,https://www.linkedin.com/company/one-green-planet
2969782228,BlackDoctor,Rory Hunter,United States,http://www.blackdoctor.org,blackdoctor.org,https://www.linkedin.com/company/blackdoctor-inc
2970025681,Search Engine Journal,Sander Lammers,United States,http://www.searchenginejournal.com,searchenginejournal.com,https://www.linkedin.com/company/search-engine-journal
2970010590,Inverness Courier,Rory Hunter,United Kingdom,http://www.inverness-courier.co.uk,inverness-courier.co.uk,
2969984728,Newser,Rory Hunter,United States,http://www.newser.com,newser.com,www.linkedin.com/company/newser-llc/
2970002917,YourTango,Harry Martin,United States,http://www.yourtango.com,yourtango.com,https://www.linkedin.com/company/yourtango
2969991650,Vogue HK,Wei Chen,Hong Kong,http://www.voguehk.com,voguehk.com,
2970028000,Brides Magazine,Hanson Ojo,United Kingdom,http://www.bridesmagazine.co.uk,bridesmagazine.co.uk,https://www.linkedin.com/company/brides-magazine
2970006766,Metromode.se,Rory Hunter,Sweden,http://www.metromode.se,metromode.se,https://www.linkedin.com/company/metro-mode
2969782761,Nintendo Life,Sander Lammers,United Kingdom,http://www.nintendolife.com,nintendolife.com,https://www.linkedin.com/company/nintendolife
2970003181,Inman News,Sander Lammers,United States,http://www.inman.com,inman.com,https://www.linkedin.com/company/inman-news
2970028020,OnMed,Damian Domanski,Greece,http://www.onmed.gr,onmed.gr,
2970025712,Kim Komando,Rory Hunter,United States,http://www.komando.com,komando.com,https://www.linkedin.com/company/kkr
2969989361,COWGIRL Magazine,Rory Hunter,United States,http://www.cowgirlmagazine.com,cowgirlmagazine.com,https://www.linkedin.com/company/15529623
2970010353,Compleat Golfer,Damian Domanski,South Africa,http://www.compleatgolfer.com,compleatgolfer.com,
2970006782,Pet Rescue Report,Wei Chen,United States,http://www.petrescuereport.com,petrescuereport.com,
2970010367,Gulf News,Rory Hunter,United Arab Emirates,http://www.gulfnews.com,gulfnews.com,https://www.linkedin.com/company/gulf-news
2969985274,Concrete Playground,Sander Lammers,Australia,http://www.concreteplayground.com,concreteplayground.com,https://www.linkedin.com/company/concrete-playground
3073860150,Lakers Nation,Rory Hunter,United States,http://www.lakersnation.com,lakersnation.com,https://www.linkedin.com/company/lakersnation.com
3074395706,Klix,Rory Hunter,Bosnia and Herzegovina,http://www.klix.ba,klix.ba,https://www.linkedin.com/company/klixba/
3051919086,Newcastle Live,Damian Domanski,Australia,http://www.newcastlelive.com.au,newcastlelive.com.au,https://www.linkedin.com/company/newcastle-live
3052544507,Weert de Gekste,Rory Hunter,Netherlands,http://www.weertdegekste.nl,weertdegekste.nl,https://www.linkedin.com/company/weertdegekste.nl
3052544505,Gazeta Olsztyńska,Sander Lammers,Poland,http://www.gazetaolsztynska.pl,gazetaolsztynska.pl,http://linkedin.com/company/edytor-sp-z-o.o.
3073860155,Suara Merdeka Group,Rory Hunter,Indonesia,http://www.suaramerdeka.com,suaramerdeka.com,https://www.linkedin.com/company/suara-merdeka-group
3067588568,Lajmi,Rory Hunter,Serbia,http://www.lajmi.net,lajmi.net,https://www.linkedin.com/company/lajmi-net
2970038547,Milli Gazete,Sander Lammers,Turkey,http://www.milligazete.com.tr,milligazete.com.tr,
3051919102,LeftLion Ltd,Damian Domanski,United Kingdom,http://www.leftlion.co.uk,leftlion.co.uk,https://www.linkedin.com/company/leftlion
2970029852,Belfast Media Group Limited,Rory Hunter,United Kingdom,http://www.belfastmediagroup.com,belfastmediagroup.com,https://www.linkedin.com/company/belfast-media-group
3052544494,RDC,Rory Hunter,Poland,http://www.rdc.pl,rdc.pl,https://www.linkedin.com/company/radio-dla-ciebie-sa-warsaw
3074608991,The Gazette | Cedar Rapids,Wei Chen,United States,http://www.thegazette.com,thegazette.com,https://www.linkedin.com/company/adp
3053101787,WPROST,Damian Domanski,Poland,http://www.wprost.pl,wprost.pl,https://www.linkedin.com/company/wprost
3073860114,JoeMyGod,Rory Hunter,United States,http://www.joemygod.com,joemygod.com,
2970045216,Hong Kong Free Press,Rory Hunter,Hong Kong,http://www.hongkongfp.com,hongkongfp.com,https://www.linkedin.com/company/6448176
3006432533,Deccan Herald,Rory Hunter,India,http://www.deccanherald.com,deccanherald.com,https://www.linkedin.com/company/deccan-herald-media-company
2970038825,Connect Gujarat,Rory Hunter,India,http://www.connectgujarat.com,connectgujarat.com,
3006432514,Rising Kashmir,Rory Hunter,India,http://www.risingkashmir.com,risingkashmir.com,
3073860103,Best Ads on TV,Wei Chen,United States,http://www.bestadsontv.com,bestadsontv.com,https://www.linkedin.com/company/best-ads-on-tv
3052544455,Spider's Web,Wei Chen,Poland,http://www.spidersweb.pl,spidersweb.pl,https://www.linkedin.com/company/spiderswebpl
3073860097,Literary Hub,Sander Lammers,United States,http://www.lithub.com,lithub.com,
2970045247,Mothersblog,Damian Domanski,Greece,http://www.mothersblog.gr,mothersblog.gr,
3053099970,Stay at Home Mum,Sander Lammers,Australia,http://www.stayathomemum.com.au,stayathomemum.com.au,https://www.linkedin.com/company/stay-at-home-mum-pty-ltd
3074609018,Chorus FM,Sander Lammers,United States,http://www.chorus.fm,chorus.fm,https://www.linkedin.com/company/chorus-fm
3006432527,The Minds Journal,Wei Chen,India,http://www.themindsjournal.com,themindsjournal.com,https://www.linkedin.com/company/mindjournal
3073860106,Alaturka Online,Rory Hunter,United States,http://www.alaturkaonline.com,alaturkaonline.com,https://www.linkedin.com/company/alaturka-newspaper
3074609021,Grown and Flown,Sander Lammers,United States,http://www.grownandflown.com,grownandflown.com,https://www.linkedin.com/company/grown-and-flown
2970038599,Undertheradar.co.nz,Wei Chen,New Zealand,http://www.undertheradar.co.nz,undertheradar.co.nz,https://www.linkedin.com/company/undertheradar
3006455666,Biscotto,Wei Chen,Greece,http://www.biscotto.gr,biscotto.gr,https://www.linkedin.com/company/biscotto-creative
2970029891,cheddar news,Damian Domanski,United States,http://www.cheddar.com,cheddar.com,https://www.linkedin.com/company/10485408
2970045250,Washington Times,Damian Domanski,United States,http://www.washingtontimes.com,washingtontimes.com,https://www.linkedin.com/company/the-washington-times
3051693484,Catholic Herald Limited,Rory Hunter,United Kingdom,http://www.catholicherald.co.uk,catholicherald.co.uk,https://www.linkedin.com/company/the-catholic-herald
3006460280,Kidsstoppress (KSP),Sander Lammers,India,http://www.kidsstoppress.com,kidsstoppress.com,https://www.linkedin.com/company/kidsstoppress-media-pvt-ltd
3006460284,Enikos.gr,Rory Hunter,Greece,http://www.enikos.gr,enikos.gr,https://www.linkedin.com/company/enikos-gr
3006460264,Marine Insight,Sander Lammers,India,http://www.marineinsight.com,marineinsight.com,https://www.linkedin.com/company/marine-insight
3006455660,Russian Athens,Wei Chen,Greece,http://www.rua.gr,rua.gr,
3053099940,Karryon,Rory Hunter,Australia,http://www.karryon.com.au,karryon.com.au,https://www.linkedin.com/company/karryon
2970038375,FASHION.HR,Rory Hunter,Croatia,http://www.fashion.hr,fashion.hr,https://www.linkedin.com/company/fashion-hr
3006437205,The Logical Indian,Rory Hunter,India,http://www.thelogicalindian.com,thelogicalindian.com,https://www.linkedin.com/company/the-logical-indian
3053121170,Fashion Post,Rory Hunter,Poland,http://www.fashionpost.pl,fashionpost.pl,https://www.linkedin.com/company/fashion-post-sp-z-o-o-
3053121171,GospodarkaMorska.pl,Rory Hunter,Poland,http://www.gospodarkamorska.pl,gospodarkamorska.pl,https://www.linkedin.com/company/gospodarkamorska-pl
3051693455,forskning.no,Rory Hunter,Norway,http://www.forskning.no,forskning.no,https://www.linkedin.com/company/forskning-no
2970045291,The Wilson Times,Damian Domanski,United States,http://www.wilsontimes.com,wilsontimes.com,https://www.linkedin.com/company/wilson-times
3006460254,PhoneWorld,Rory Hunter,Pakistan,http://www.phoneworld.com.pk,phoneworld.com.pk,https://www.linkedin.com/company/phoneworld-magazine
2970029930,BirGün,Rory Hunter,Turkey,http://www.birgun.net,birgun.net,
3051693451,Polityka,Rory Hunter,Poland,http://www.polityka.pl,polityka.pl,https://www.linkedin.com/company/polityka
2970029941,Salon Media Group,Rory Hunter,United States,http://www.salon.com,salon.com,www.linkedin.com/company/salon-media-group/about/
2970045044,TouringCarTimes,Wei Chen,Sweden,http://www.touringcartimes.com,touringcartimes.com,https://www.linkedin.com/company/touringcartimes
3052617344,Theaterkrant,Wei Chen,Netherlands,http://www.theaterkrant.nl,theaterkrant.nl,https://www.linkedin.com/company/theatermaker-theaterkrant.nl
2970029946,Vogue UK,Hanson Ojo,United Kingdom,http://www.vogue.co.uk,vogue.co.uk,
3051693155,Rynek Kolejowy,Rory Hunter,Poland,http://www.rynek-kolejowy.pl,rynek-kolejowy.pl,https://www.linkedin.com/company/wydawnictwo-rynek-kolejowy
3051919457,The New Daily,Rory Hunter,Australia,http://www.thenewdaily.com.au,thenewdaily.com.au,https://www.linkedin.com/company/the-new-daily
2970038411,Artsy,Sander Lammers,United States,http://www.artsy.net,artsy.net,https://www.linkedin.com/company/artsyinc
3052516192,GQ UK,Hanson Ojo,United Kingdom,http://www.gq-magazine.co.uk,gq-magazine.co.uk,https://www.linkedin.com/company/gq-magazine
3074609105,Hip2Save,Sander Lammers,United States,http://www.hip2save.com,hip2save.com,https://www.linkedin.com/company/hip2save
3053121134,9to5 Mac,Sander Lammers,United States,http://www.9to5mac.com,9to5mac.com,https://www.linkedin.com/company/9to5mac.com
2970029968,Starts at 60,Rory Hunter,Australia,http://www.startsat60.com,startsat60.com,https://www.linkedin.com/company/starts-at-sixty
3006510507,信報財經新聞,Damian Domanski,Hong Kong,http://www.hkej.com,hkej.com,https://www.linkedin.com/company/hong-kong-economic-journal
2970038428,HowStuffWorks,Sander Lammers,United States,http://www.howstuffworks.com,howstuffworks.com,https://www.linkedin.com/company/howstuffworks.com
2970029977,HuffPost News US (Verizon Media),Hanson Ojo,United States,http://www.huffingtonpost.com,huffingtonpost.com,https://www.linkedin.com/company/thehuffingtonpost.com-inc.
3053121118,Gość Niedzielny,Wei Chen,Poland,http://www.gosc.pl,gosc.pl,
2970029730,Global Voices,Sander Lammers,Netherlands,http://www.globalvoices.org,globalvoices.org,https://www.linkedin.com/company/global-voices-online
3053121117,Znak.com.pl,Rory Hunter,Poland,http://www.znak.com.pl,znak.com.pl,
2970038706,Native News Online,Damian Domanski,United States,http://www.nativenewsonline.net,nativenewsonline.net,https://www.linkedin.com/company/nativenewsonline
2970045105,IOL,Hanson Ojo,South Africa,http://www.iol.co.za,iol.co.za,https://www.linkedin.com/company/iol-news
3051693394,Business Insider Nederland,Wei Chen,Netherlands,http://www.businessinsider.nl,businessinsider.nl,https://www.linkedin.com/company/business-insider-nederland
2970029758,The Sun Chronicle,Damian Domanski,United States,http://www.thesunchronicle.com,thesunchronicle.com,https://www.linkedin.com/company/the-sun-chronicle
3006455688,The Press Project,Rory Hunter,Greece,http://www.thepressproject.gr,thepressproject.gr,
3006460303,Economic and Political Weekly,Damian Domanski,India,http://www.epw.in,epw.in,https://www.linkedin.com/company/economic-and-political-weekly
2970045379,wicklownews.net,Wei Chen,United Kingdom,http://www.wicklownews.net,wicklownews.net,
3074609030,Go Fug Yourself,Sander Lammers,United States,http://www.gofugyourself.com,gofugyourself.com,
3006432503,Novasports.gr,Wei Chen,Greece,http://www.novasports.gr,novasports.gr,
3074609035,TheVegLife.com,Wei Chen,United States,http://www.theveglife.com,theveglife.com,
3052516157,Travel Weekly,Wei Chen,United Kingdom,http://www.travelweekly.co.uk,travelweekly.co.uk,https://www.linkedin.com/company/karryon
3053121079,Las Vegas Sun,Damian Domanski,United States,http://www.lasvegassun.com,lasvegassun.com,https://www.linkedin.com/company/29536
3074609047,Black Girl Nerds,Sander Lammers,United States,http://www.blackgirlnerds.com,blackgirlnerds.com,https://www.linkedin.com/company/black-girl-nerds
3074615191,FITNESS (OOB),Rory Hunter,United States,http://www.fitnessmagazine.com,fitnessmagazine.com,
2970045392,Nedeljnik,Sander Lammers,Serbia,http://www.nedeljnik.rs,nedeljnik.rs,https://www.linkedin.com/company/nedeljnikmagazin
3074615189,Consequence,Rory Hunter,United States,http://www.consequenceofsound.net,consequenceofsound.net,https://www.linkedin.com/company/consequence-of-sound
3073860076,Tubefilter,Damian Domanski,United States,http://www.tubefilter.com,tubefilter.com,https://www.linkedin.com/company/tubefilter
3006432492,Azinlikca,Rory Hunter,Greece,http://www.azinlikca.net,azinlikca.net,
3052516142,Poradnik Przedsiębiorcy,Wei Chen,Poland,http://www.poradnikprzedsiebiorcy.pl,poradnikprzedsiebiorcy.pl,
2970030052,Innebandymagazinet,Wei Chen,Sweden,http://www.innebandymagazinet.se,innebandymagazinet.se,
3073860052,artnet,Sander Lammers,United States,http://www.artnet.com,artnet.com,https://www.linkedin.com/company/artnet
3074609057,Korn Ferry,Wei Chen,United States,http://www.kornferry.com,kornferry.com,https://www.linkedin.com/company/kornferry-international
3073860050,Wonkette,Rory Hunter,United States,http://www.wonkette.com,wonkette.com,https://www.linkedin.com/company/wonkette-com
2970045153,Bigumigu,Sander Lammers,Turkey,http://www.bigumigu.com,bigumigu.com,https://www.linkedin.com/company/bigumigu
3074615205,La Voce di New York,Rory Hunter,United States,http://www.lavocedinewyork.com,lavocedinewyork.com,https://www.linkedin.com/company/voce-di-new-york
3053100051,Radio Kraków,Rory Hunter,Poland,http://www.radiokrakow.pl,radiokrakow.pl,https://www.linkedin.com/company/polish-radio-krak-w
3073860062,Quirky Momma,Sander Lammers,United States,http://www.kidsactivitiesblog.com,kidsactivitiesblog.com,http://linkedin.com/company/she-is-dallas
3073860060,Animation World Network,Rory Hunter,United States,http://www.awn.com,awn.com,https://www.linkedin.com/company/animation-world-network
3073860057,Peace Love and Low Carb,Sander Lammers,United States,http://www.peaceloveandlowcarb.com,peaceloveandlowcarb.com,
3006445504,The Dhaka Times,Rory Hunter,Bangladesh,http://www.thedhakatimes.com,thedhakatimes.com,https://www.linkedin.com/company/thedhakatimes
3053100047,Cosmopolitan Australia,Rory Hunter,Australia,http://www.cosmopolitan.com.au,cosmopolitan.com.au,
3068912413,The Daily Star,Damian Domanski,Bangladesh,http://www.thedailystar.net,thedailystar.net,https://www.linkedin.com/company/thedailystar
2970045168,Bikerumor,Damian Domanski,United States,http://www.bikerumor.com,bikerumor.com,
3074609080,Michigan Public,Rory Hunter,United States,http://www.michiganradio.org,michiganradio.org,https://www.linkedin.com/company/michigan-radio
3006445518,Enallaktikos,Wei Chen,Greece,http://www.enallaktikos.gr,enallaktikos.gr,
2970038522,Maritime Reporter & Engineering News,Damian Domanski,United States,http://www.marinelink.com,marinelink.com,https://www.linkedin.com/company/maritime-reporter
2970030073,Bella Naija,Sander Lammers,Nigeria,http://www.bellanaija.com,bellanaija.com,https://www.linkedin.com/company/bainstone-ltd.-bellanaija.com
3074630726,Delicious Obsessions,Rory Hunter,United States,http://www.deliciousobsessions.com,deliciousobsessions.com,
3077575286,The Western Journal,Rory Hunter,United States,http://www.westernjournal.com,westernjournal.com,https://www.linkedin.com/company/thewesternjournal
3074630729,Portland Mercury,Damian Domanski,United States,http://www.portlandmercury.com,portlandmercury.com,https://www.linkedin.com/company/portland-mercury
3074620749,faithit,Sander Lammers,United States,http://www.faithit.com,faithit.com,
3261979005,Tygodnik Siedlecki,Wei Chen,Poland,http://www.tygodniksiedlecki.com,tygodniksiedlecki.com,
3074646101,Moola Saving Mom,Sander Lammers,United States,http://www.moolasavingmom.com,moolasavingmom.com,
3074630740,HousingWire,Rory Hunter,United States,http://www.housingwire.com,housingwire.com,https://www.linkedin.com/company/housingwire
3262470242,The Filipino Times,Wei Chen,United Arab Emirates,http://www.filipinotimes.net,filipinotimes.net,https://www.linkedin.com/company/the-filipino-times
3074620766,allkpop,Rory Hunter,United States,http://www.allkpop.com,allkpop.com,https://www.linkedin.com/company/allkpop.com
3074630751,theBERRY,Rory Hunter,United States,http://www.theberry.com,theberry.com,https://www.linkedin.com/company/theberry-technologies-pte-ltd
3236349176,Deeper Shades,Sander Lammers,United States,http://www.deepershades.net,deepershades.net,https://www.linkedin.com/company/deeper-shade
3261978994,Tennishead,Rory Hunter,United Kingdom,http://www.tennishead.net,tennishead.net,
3074630755,Mercola,Sander Lammers,United States,http://www.mercola.com,mercola.com,https://www.linkedin.com/company/mercola-com
3074642529,Tiny Mix Tapes,Wei Chen,United States,http://www.tinymixtapes.com,tinymixtapes.com,https://www.linkedin.com/company/tiny-mix-tapes
3074642528,The Krazy Coupon Lady,Wei Chen,United States,http://www.thekrazycouponlady.com,thekrazycouponlady.com,http://linkedin.com/company/krazy-coupon-lady-llc
3074642535,Videomaker,Damian Domanski,United States,http://www.videomaker.com,videomaker.com,https://www.linkedin.com/company/videomaker
3074646116,Hyperallergic,Rory Hunter,United States,http://www.hyperallergic.com,hyperallergic.com,https://www.linkedin.com/company/hyperallergic
3074630761,Southern Savers,Sander Lammers,United States,http://www.southernsavers.com,southernsavers.com,https://www.linkedin.com/company/southern-savers
3074642555,Her View From Home,Rory Hunter,United States,http://www.herviewfromhome.com,herviewfromhome.com,https://www.linkedin.com/company/her-view-from-home
3074620795,HUNT4FREEBIES,Sander Lammers,United States,http://www.hunt4freebies.com,hunt4freebies.com,https://www.linkedin.com/company/hunt4freebies
3074620796,A Slob Comes Clean,Sander Lammers,United States,http://www.aslobcomesclean.com,aslobcomesclean.com,
3074642557,The Christian Post,Damian Domanski,United States,http://www.christianpost.com,christianpost.com,https://www.linkedin.com/company/the-christian-post
3074634497,GeekDad,Wei Chen,United States,http://www.geekdad.com,geekdad.com,https://www.linkedin.com/company/geekdad-llc
3074634503,GeekTyrant,Rory Hunter,United States,http://www.geektyrant.com,geektyrant.com,https://www.linkedin.com/company/geektyrant
3074634502,Nation Media,Sander Lammers,United States,http://www.eventingnation.com,eventingnation.com,https://www.linkedin.com/company/eventing-nation
3108552207,Information Nigeria,Rory Hunter,Nigeria,http://www.informationng.com,informationng.com,
3262454834,Nyugat.hu,Sander Lammers,Hungary,http://www.nyugat.hu,nyugat.hu,https://www.linkedin.com/company/nyugat.hu
3074615307,Unofficial Networks,Rory Hunter,United States,http://www.unofficialnetworks.com,unofficialnetworks.com,https://www.linkedin.com/company/unofficial-networks
3074634506,The Inertia,Damian Domanski,United States,http://www.theinertia.com,theinertia.com,https://www.linkedin.com/company/theinertia.com
3074634508,Words of Wisdom,Wei Chen,United States,http://www.daveswordsofwisdom.com,daveswordsofwisdom.com,
3262454820,Dalal Street Investment Journal - DSIJ,Damian Domanski,India,http://www.dsij.in,dsij.in,https://www.linkedin.com/company/dsij-private-limited
3262454816,Ύπαιθρος Χώρα,Rory Hunter,Greece,http://www.ypaithros.gr,ypaithros.gr,https://www.linkedin.com/company/ypaithros
3206792006,Greekmusictothemax,Sander Lammers,Greece,http://www.greekmusictothemax.gr,greekmusictothemax.gr,
3074634532,Deal Mama,Wei Chen,United States,http://www.dealmama.com,dealmama.com,
3236412300,Warfare History Network,Rory Hunter,United States,http://www.warfarehistorynetwork.com,warfarehistorynetwork.com,
3074634541,Bring a Trailer,Sander Lammers,United States,http://www.bringatrailer.com,bringatrailer.com,https://www.linkedin.com/company/bring-a-trailer-llc
3074630717,Renopedia,Sander Lammers,Singapore,http://www.renopedia.sg,renopedia.sg,https://www.linkedin.com/company/renopedia
3074615235,BoardingArea,Rory Hunter,United States,http://www.boardingarea.com,boardingarea.com,
3262459638,Active NorCal,Rory Hunter,United States,http://www.activenorcal.com,activenorcal.com,https://www.linkedin.com/company/active-norcal
3074620870,It's Free at Last,Wei Chen,United States,http://www.itsfreeatlast.com,itsfreeatlast.com,
3084641374,The Manc,Hanson Ojo,United Kingdom,http://www.themanc.com,themanc.com,
3074620875,Solve Horseback Riding Fears by Jane Savoie,Wei Chen,United States,http://www.janesavoie.com,janesavoie.com,
3074620873,Opportunity Desk,Sander Lammers,Nigeria,http://www.opportunitydesk.org,opportunitydesk.org,https://www.linkedin.com/company/opportunitydesk
3074642638,No Treble,Rory Hunter,United States,http://www.notreble.com,notreble.com,https://www.linkedin.com/company/no-treble-llc
3262449124,Erciş Haber,Sander Lammers,Turkey,http://www.haberercis.com.tr,haberercis.com.tr,
3235469388,American Greatness,Rory Hunter,United States,http://www.amgreatness.com,amgreatness.com,https://www.linkedin.com/company/american-greatness
3262425314,Big Cabal Media [Zikoko + TechCabal],Sander Lammers,Nigeria,http://www.zikoko.com,zikoko.com,
3108549343,Wedding Digest Naija,Wei Chen,Nigeria,http://www.weddingdigestnaija.com,weddingdigestnaija.com,
3262425315,Tadka Bollywood,Sander Lammers,India,http://www.bollywoodtadka.in,bollywoodtadka.in,
3262459625,Međimurske Novine,Rory Hunter,Croatia,http://www.mnovine.hr,mnovine.hr,
3074615261,VG247,Sander Lammers,United States,http://www.vg247.com,vg247.com,https://www.linkedin.com/company/vg247-turkey
3137306206,The Political Insider,Hanson Ojo,United States,http://www.thepoliticalinsider.com,thepoliticalinsider.com,https://www.linkedin.com/company/thepoliticalinsider.com/about
3262425301,MMAnytt.se,Rory Hunter,Sweden,http://www.mmanytt.se,mmanytt.se,https://www.linkedin.com/company/mmanytt
3213337893,Nederlands Dagblad,Rory Hunter,Netherlands,http://www.nd.nl,nd.nl,https://www.linkedin.com/company/nederlands-dagblad
3074615265,DesignTAXI,Damian Domanski,Singapore,http://www.designtaxi.com,designtaxi.com,https://www.linkedin.com/company/designtaxi
3262425303,HiComm Magazine,Hanson Ojo,Bulgaria,http://www.hicomm.bg,hicomm.bg,https://www.linkedin.com/company/hi-end-publishing-ltd
3210833860,Dunya News,Rory Hunter,Pakistan,http://www.dunyanews.tv,dunyanews.tv,https://www.linkedin.com/company/dunya-tv
3262425298,DC Comics News,Rory Hunter,United States,http://www.dccomicsnews.com,dccomicsnews.com,
3262449118,penamadridista.hu,Sander Lammers,Hungary,http://www.penamadridista.hu,penamadridista.hu,https://www.linkedin.com/company/real-madrid-magyar-szurkol%C3%B3i-egyes%C3%BClet
3074634477,The Phoblographer,Rory Hunter,United States,http://www.thephoblographer.com,thephoblographer.com,https://www.linkedin.com/company/thephoblographer
3262425307,Vanlı Nihat Hoca,Wei Chen,Turkey,http://www.vanlinihathoca.com,vanlinihathoca.com,
3108836607,Diaforetiko,Rory Hunter,Greece,http://www.diaforetiko.gr,diaforetiko.gr,
3074615287,PoPville,Wei Chen,United States,http://www.popville.com,popville.com,
3074634485,Al-Monitor,Rory Hunter,United States,http://www.al-monitor.com,al-monitor.com,https://www.linkedin.com/company/al-monitor
3262457539,Republika SrbijaPress,Sander Lammers,Serbia,http://www.republika.rs,republika.rs,
3262449100,Monitorul de Cluj,Rory Hunter,Romania,http://www.monitorulcj.ro,monitorulcj.ro,https://www.linkedin.com/company/monitorul-de-cluj
3262457548,MMARocks.pl,Sander Lammers,Poland,http://www.mmarocks.pl,mmarocks.pl,
3262457551,FreightWaves,Sander Lammers,United States,http://www.freightwaves.com,freightwaves.com,https://www.linkedin.com/company/freightwaves
3174424712,Morning Star UK,Damian Domanski,United Kingdom,http://www.morningstaronline.co.uk,morningstaronline.co.uk,https://www.linkedin.com/company/morning-star
3262425289,People Matters,Sander Lammers,India,http://www.peoplematters.in,peoplematters.in,https://www.linkedin.com/company/people-matters
3262457544,Dodger Blue,Rory Hunter,United States,http://www.dodgerblue.com,dodgerblue.com,
3074646146,MetalSucks.net,Rory Hunter,United States,http://www.metalsucks.net,metalsucks.net,
3210837410,Express Tribune,Damian Domanski,Pakistan,http://www.tribune.com.pk,tribune.com.pk,https://www.linkedin.com/company/express-tribune
3074642564,Power of Positivity,Sander Lammers,United States,http://www.powerofpositivity.com,powerofpositivity.com,https://www.linkedin.com/company/power-of-positivity-llc
3262422969,The Police Tribune,Wei Chen,United States,http://www.policetribune.com,policetribune.com,
3074620813,No Depression,Sander Lammers,United States,http://www.nodepression.com,nodepression.com,
3074630796,Good Karma Brands,Damian Domanski,United States,http://www.goodkarmabrands.com,goodkarmabrands.com,
3262427812,4Tuning.ro,Rory Hunter,Romania,http://www.4tuning.ro,4tuning.ro,https://www.linkedin.com/company/4tuning
3074642578,Hand in Hand Parenting,Sander Lammers,United States,http://www.handinhandparenting.org,handinhandparenting.org,https://www.linkedin.com/company/hand-in-hand-parenting
3074646167,Confidence Meets Parenting,Wei Chen,United States,http://www.confidencemeetsparenting.com,confidencemeetsparenting.com,
3136282164,Idei.bg,Sander Lammers,Bulgaria,http://www.idei.bg,idei.bg,https://www.linkedin.com/company/idei-bg
3074620829,Wheel 'n Deal Mama,Wei Chen,United States,http://www.wheelndealmama.com,wheelndealmama.com,
3074646172,Nashville Scene,Rory Hunter,United States,http://www.nashvillescene.com,nashvillescene.com,https://www.linkedin.com/company/nashville-scene
3074630818,SnowBrains,Rory Hunter,United States,http://www.snowbrains.com,snowbrains.com,https://www.linkedin.com/company/snowbrains-com
3074615207,Nation of Change,Sander Lammers,United States,http://www.nationofchange.org,nationofchange.org,
3074630820,Hipwee,Damian Domanski,Indonesia,http://www.hipwee.com,hipwee.com,https://www.linkedin.com/company/hipwee
3074646187,Cleveland Clinic,Sander Lammers,United States,http://www.clevelandclinic.org,clevelandclinic.org,https://www.linkedin.com/company/cleveland-clinic
3074620843,Padded Tush Stats,Wei Chen,United States,http://www.paddedtushstats.com,paddedtushstats.com,
3074630825,KPBS,Damian Domanski,United States,http://www.kpbs.org,kpbs.org,https://www.linkedin.com/company/kpbs
3074642600,The Playlist,Rory Hunter,United States,http://www.theplaylist.net,theplaylist.net,https://www.linkedin.com/company/theplaylist
3261979014,SibiuNews,Rory Hunter,Romania,http://www.sibiunews.net,sibiunews.net,
3140791256,The Old House Life,Wei Chen,United States,http://www.theoldhouselife.com,theoldhouselife.com,
3261979009,DK Pittsburgh Sports,Rory Hunter,United States,http://www.dkpittsburghsports.com,dkpittsburghsports.com,
3261979037,360°,Rory Hunter,Bulgaria,http://www.360mag.bg,360mag.bg,
3074646192,Urban Milwaukee,Rory Hunter,United States,http://www.urbanmilwaukee.com,urbanmilwaukee.com,https://www.linkedin.com/company/urban-milwaukee-inc-
3140795591,The Babylon Bee,Rory Hunter,United States,http://www.babylonbee.com,babylonbee.com,https://www.linkedin.com/company/the-babylon-bee
3261979035,Zaman Al Wasl,Rory Hunter,United Arab Emirates,http://www.zamanalwsl.net,zamanalwsl.net,
3261979029,Savori Urbane,Sander Lammers,Romania,http://www.savoriurbane.com,savoriurbane.com,
3074615228,Truthdig,Rory Hunter,United States,http://www.truthdig.com,truthdig.com,https://www.linkedin.com/company/truthdig
3077554321,Nerdbot,Sander Lammers,United States,http://www.nerdbot.com,nerdbot.com,
3262493301,Owensboro Times,Sander Lammers,United States,http://www.owensborotimes.com,owensborotimes.com,https://www.linkedin.com/company/owensboro-times
3843872799,Dandavats.com,Sander Lammers,India,http://www.dandavats.com,dandavats.com,
3843893534,Geller Report,Rory Hunter,United States,http://www.gellerreport.com,gellerreport.com,
3262470257,iBus Media Limited,Sander Lammers,United Kingdom,http://www.pokernews.com,pokernews.com,https://www.linkedin.com/company/pokernews
3424592151,ABP Group,Rory Hunter,India,http://www.abp.in,abp.in,https://www.linkedin.com/company/abp-group
3420427222,Direkno.hr,Sander Lammers,Croatia,http://www.direktno.hr,direktno.hr,https://www.linkedin.com/company/direktno-hr
3843799062,Homeinfo.hu,Wei Chen,Hungary,http://www.homeinfo.hu,homeinfo.hu,
3843872786,Android Headlines,Rory Hunter,United States,http://www.androidheadlines.com,androidheadlines.com,https://www.linkedin.com/company/android-headlines
3367617462,The Tribune (India),Rory Hunter,India,http://www.tribuneindia.com,tribuneindia.com,
3843873039,Vajdaság Ma,Wei Chen,Serbia,http://www.vajma.info,vajma.info,
3843863818,Vecernji.ba,Rory Hunter,Bosnia and Herzegovina,http://www.vecernji.ba,vecernji.ba,https://www.linkedin.com/company/vecernji-list
3843863814,AutoDeal,Wei Chen,Philippines,http://www.autodeal.com.ph,autodeal.com.ph,https://www.linkedin.com/company/autodeal-com-ph
3378775935,San Simera,Sander Lammers,Greece,http://www.sansimera.gr,sansimera.gr,https://www.linkedin.com/company/-gr
3843926016,Love What Matters,Sander Lammers,United States,http://www.lovewhatmatters.com,lovewhatmatters.com,
3262493268,Football24.bg,Sander Lammers,Bulgaria,http://www.football24.bg,football24.bg,
3262493270,ICIR [International Centre for Investigative Reporting],Hanson Ojo,Nigeria,http://www.icirnigeria.org,icirnigeria.org,
3426831458,KSAT,Hanson Ojo,United States,http://www.ksat.com,ksat.com,https://www.linkedin.com/company/ksat-12-tv
3843854143,The Daily Sangram,Rory Hunter,Bangladesh,http://www.dailysangram.com,dailysangram.com,
3843863871,BOL News,Rory Hunter,Pakistan,http://www.bolnews.com,bolnews.com,
3843893566,The Inquisitr,Wei Chen,United States,http://www.inquisitr.com,inquisitr.com,https://www.linkedin.com/company/inquisitr-ltd-
3843872827,Mindanao Daily News,Sander Lammers,Philippines,http://www.mindanaodailynews.com,mindanaodailynews.com,
3839911368,Business Insider,Wei Chen,Netherlands,http://www.z24.nl,z24.nl,https://www.linkedin.com/company/business-insider-nederland
3843872820,KrASIA,Sander Lammers,Singapore,http://www.kr-asia.com,kr-asia.com,https://www.linkedin.com/company/krasia
3426831469,XDA,Wei Chen,United States,http://www.xda-developers.com,xda-developers.com,https://www.linkedin.com/company/xda-developers
3843893553,Christian Today,Rory Hunter,United States,http://www.christiantoday.com,christiantoday.com,https://www.linkedin.com/company/christian-today-limited
3843863855,SonHaberler.com,Rory Hunter,Turkey,http://www.sonhaberler.com,sonhaberler.com,https://www.linkedin.com/company/sonhaberler-com
3262493260,Luftika,Sander Lammers,Serbia,http://www.luftika.rs,luftika.rs,https://www.linkedin.com/company/luftika
3262493263,Nosalty,Rory Hunter,Hungary,http://www.nosalty.hu,nosalty.hu,https://www.linkedin.com/company/nosalty
3426831483,The National Interest,Rory Hunter,United States,http://www.nationalinterest.org,nationalinterest.org,https://www.linkedin.com/company/the-national-interest
3426831486,Phys.org,Rory Hunter,United States,http://www.phys.org,phys.org,https://www.linkedin.com/company/phys-org
3843854168,FamilieNieuws.com,Sander Lammers,Netherlands,http://www.familienieuws.com,familienieuws.com,https://www.linkedin.com/company/familienieuws.com
3843893592,News.bg,Rory Hunter,Bulgaria,http://www.news.bg,news.bg,https://www.linkedin.com/company/5169022
3420403863,Biotecnika,Wei Chen,India,http://www.biotecnika.org,biotecnika.org,https://www.linkedin.com/company/biotecnika
3420403861,The Villages-News.com,Wei Chen,United States,http://www.villages-news.com,villages-news.com,https://www.linkedin.com/company/villages-news.com
3843893576,Data Science Central,Wei Chen,Romania,http://www.datasciencecentral.com,datasciencecentral.com,https://www.linkedin.com/company/data-science-central
3426837270,TESLARATI,Sander Lammers,United States,http://www.teslarati.com,teslarati.com,http://www.linkedin.com/company/3240562
3843863883,SecNews,Wei Chen,Greece,http://www.secnews.gr,secnews.gr,https://www.linkedin.com/company/secnews
3843893578,Ziarul de Bacău,Wei Chen,Romania,http://www.zdbc.ro,zdbc.ro,
3420403846,Actualno,Rory Hunter,Bulgaria,http://www.actualno.com,actualno.com,
3426837274,MacRumors,Rory Hunter,United States,http://www.macrumors.com,macrumors.com,
3843863879,Your EDM,Rory Hunter,United States,http://www.youredm.com,youredm.com,https://www.linkedin.com/company/your-edm
3426837280,Click On Detroit,Hanson Ojo,United States,http://www.clickondetroit.com,clickondetroit.com,https://www.linkedin.com/company/wdiv-tv
3843898233,Receptneked,Sander Lammers,Hungary,http://www.receptneked.hu,receptneked.hu,
3843898234,"Nerdist Industries, LLC",Harry Martin,United States,http://www.nerdist.com,nerdist.com,https://www.linkedin.com/company/nerdist-industries
3275055454,Naftemporiki,Rory Hunter,Greece,http://www.naftemporiki.gr,naftemporiki.gr,https://www.linkedin.com/company/naftemporiki
3421173894,Organiser - Weekly,Rory Hunter,India,http://www.organiser.org,organiser.org,https://www.linkedin.com/company/eorganiser
3420403889,LepotaiZdravlje.rs,Rory Hunter,Serbia,http://www.lepotaizdravlje.rs,lepotaizdravlje.rs,
3421173893,Međimurje,Rory Hunter,Croatia,http://www.medjimurje.hr,medjimurje.hr,
3843893874,Hiros.hu,Wei Chen,Hungary,http://www.hiros.hu,hiros.hu,
3421173907,Country Rebel,Rory Hunter,United States,http://www.countryrebel.com,countryrebel.com,
3421173905,Bihoreanul,Sander Lammers,Romania,http://www.ebihoreanul.ro,ebihoreanul.ro,
3407385957,Skift,Sander Lammers,United States,http://www.skift.com,skift.com,https://www.linkedin.com/company/skift/ (400000
3843863906,free Europe,Sander Lammers,Bulgaria,http://www.svobodnaevropa.bg,svobodnaevropa.bg,
3843854492,Sportske vijesti,Sander Lammers,Bosnia and Herzegovina,http://www.sportske.ba,sportske.ba,
3843854495,Sambad,Rory Hunter,India,http://www.sambad.in,sambad.in,https://www.linkedin.com/company/sambadofficial
3843889054,FerizajPress,Rory Hunter,Serbia,http://www.ferizajpress.com,ferizajpress.com,https://www.linkedin.com/company/ferizajpress
3843925918,思考香港Think Hong Kong,Wei Chen,Hong Kong,http://www.thinkhk.com,thinkhk.com,
3420393815,AgroRomania,Wei Chen,Romania,http://www.manager.ro,manager.ro,https://www.linkedin.com/company/manager-ro-projectbureau-amstelveenlijn
3843887765,La Voz de América (VOA),Rory Hunter,United States,http://www.voanoticias.com,voanoticias.com,
3420393813,ZIUA de Constanţa,Rory Hunter,Romania,http://www.ziuaconstanta.ro,ziuaconstanta.ro,
3843925910,Sandžak PRESS,Sander Lammers,Serbia,http://www.sandzakpress.net,sandzakpress.net,
3843898248,WOAY NewsWatch,Rory Hunter,United States,http://www.woay.com,woay.com,https://www.linkedin.com/company/woay-tv
3421173884,Life.ro,Sander Lammers,Romania,http://www.life.ro,life.ro,https://www.linkedin.com/company/life-ro
3426834650,Tigernet,Rory Hunter,United States,http://www.tigernet.com,tigernet.com,
3421173879,Williamson Source,Rory Hunter,United States,http://www.williamsonsource.com,williamsonsource.com,https://www.linkedin.com/company/williamson-source
3421173876,SuntMamica.ro,Sander Lammers,Romania,http://www.suntmamica.ro,suntmamica.ro,
3421173877,The London Economic,Wei Chen,United Kingdom,http://www.thelondoneconomic.com,thelondoneconomic.com,https://www.linkedin.com/company/the-london-economic
3262472669,The Financial Diet,Rory Hunter,United States,http://www.thefinancialdiet.com,thefinancialdiet.com,https://www.linkedin.com/company/the-financial-diet
3843864244,Jaihind TV,Rory Hunter,India,http://www.jaihindtv.in,jaihindtv.in,https://www.linkedin.com/company/jaihind-tv
3843898295,theAsianparent,Wei Chen,Singapore,http://www.theasianparent.com,theasianparent.com,https://www.linkedin.com/company/theasianparent-com
3262472666,NextDeal,Rory Hunter,Greece,http://www.nextdeal.gr,nextdeal.gr,https://www.linkedin.com/company/nextdeal-gr
3420850505,All That's Interesting,Rory Hunter,United States,http://www.allthatsinteresting.com,allthatsinteresting.com,
3262472645,G Plus,Sander Lammers,India,http://www.guwahatiplus.com,guwahatiplus.com,
3426821873,Soap Hub,Sander Lammers,United States,http://www.soaphub.com,soaphub.com,
3843925932,srpskacafe.com,Wei Chen,Bosnia and Herzegovina,http://www.srpskacafe.com,srpskacafe.com,
3420393837,ICT Business,Rory Hunter,Croatia,http://www.ictbusiness.info,ictbusiness.info,https://www.linkedin.com/company/ictbusiness
3843925930,iDiva India,Rory Hunter,India,http://www.idiva.com,idiva.com,https://www.linkedin.com/company/idiva-com
3334230021,One America News Network,Sander Lammers,United States,http://www.oann.com,oann.com,https://www.linkedin.com/company/one-america-news-network
3262472655,InfoMusic,Rory Hunter,Romania,http://www.infomusic.ro,infomusic.ro,https://www.linkedin.com/company/infomusic-ro
3420425244,The Silicon Review,Damian Domanski,United States,http://www.thesiliconreview.com,thesiliconreview.com,https://www.linkedin.com/company/thesiliconreview
3827904481,Editorji,Sander Lammers,India,http://www.editorji.com,editorji.com,https://www.linkedin.com/company/editorji
3843898319,coxsbazarnews.com,Rory Hunter,Bangladesh,http://www.coxsbazarnews.com,coxsbazarnews.com,
3420850482,Profit.ro,Sander Lammers,Romania,http://www.profit.ro,profit.ro,
3843887817,Ziarul de Vrancea,Wei Chen,Romania,http://www.ziaruldevrancea.ro,ziaruldevrancea.ro,
3843887813,The Shade Room,Rory Hunter,United States,http://www.theshaderoom.com,theshaderoom.com,https://www.linkedin.com/company/the-shade-room
3843898311,Gradonačelnik,Wei Chen,Croatia,http://www.gradonacelnik.hr,gradonacelnik.hr,https://www.linkedin.com/company/gradonacelnik-hr
3420850491,Boxing News 24,Sander Lammers,United States,http://www.boxingnews24.com,boxingnews24.com,
3308163022,Travel Market Report,Wei Chen,United States,http://www.travelmarketreport.com,travelmarketreport.com,https://www.linkedin.com/company/travel-market-report
3843893501,Sport Centar,Sander Lammers,Bosnia and Herzegovina,http://www.scsport.ba,scsport.ba,https://www.linkedin.com/company/sport-centar
3843926014,Mobileappdaily,Sander Lammers,India,http://www.mobileappdaily.com,mobileappdaily.com,https://www.linkedin.com/company/mobile-app-news
3843926009,Marketing Mind,Sander Lammers,India,http://www.marketingmind.in,marketingmind.in,https://www.linkedin.com/company/marketingmindin
3843888120,omed.bg,Sander Lammers,Bulgaria,http://www.omed.bg,omed.bg,https://www.linkedin.com/company/omed-bg
3843887860,SportskaCentrala.com,Wei Chen,Serbia,http://www.sportskacentrala.com,sportskacentrala.com,
3843887862,Hia Magazine,Damian Domanski,United Arab Emirates,http://www.hiamag.com,hiamag.com,https://www.linkedin.com/company/hia-magazine
3420850452,Travelo,Wei Chen,Hungary,http://www.travelo.hu,travelo.hu,https://www.linkedin.com/company/2269009
3262470284,PSV Fans,Wei Chen,Netherlands,http://www.psvfans.nl,psvfans.nl,
3420837662,Metalhead Zone,Rory Hunter,United States,http://www.metalheadzone.com,metalheadzone.com,
3262470280,iForm douplicate,Wei Chen,Denmark,http://www.iform.nu,iform.nu,
3420837658,Femcafe.hu,Rory Hunter,Hungary,http://www.femcafe.hu,femcafe.hu,https://www.linkedin.com/company/femcafe
3420850457,Privátbankár.hu,Wei Chen,Hungary,http://www.privatbankar.hu,privatbankar.hu,https://www.linkedin.com/company/privatbankar-hu
4015646808,Tellychakkar,Rory Hunter,India,http://www.tellychakkar.com,tellychakkar.com,https://www.linkedin.com/company/tellychakkar.com
4015625309,Expat Media,Rory Hunter,United Arab Emirates,http://www.expatmedia.net,expatmedia.net,https://www.linkedin.com/company/expat-media
3843926042,Incredibilia.ro,Sander Lammers,Romania,http://www.incredibilia.ro,incredibilia.ro,https://www.linkedin.com/company/incredibilia-ro
3843926037,StiriMeteo.com,Rory Hunter,Romania,http://www.stirimeteo.com,stirimeteo.com,
4195206405,WBLS,Damian Domanski,United States,http://www.wbls.com,wbls.com,https://www.linkedin.com/company/wbls-107.5-fm
4015646803,Roadster,Rory Hunter,Hungary,http://www.roadster.hu,roadster.hu,https://www.linkedin.com/company/roadster-magazin
4195210753,Halasmédia,Rory Hunter,Hungary,http://www.halasmedia.hu,halasmedia.hu,https://www.linkedin.com/company/halasm%C3%A9dia-nonprofit-kft.
4335532666,MediaToday Co Ltd,Rory Hunter,Malta,http://www.maltatoday.com.mt,maltatoday.com.mt,https://www.linkedin.com/company/maltatoday
4015714889,Sikh Siyasat,Sander Lammers,India,http://www.sikhsiyasat.info,sikhsiyasat.info,
4015639628,Gazete Kritik,Sander Lammers,Turkey,http://www.gazetekritik.com,gazetekritik.com,
4015625281,TheNewsMinute,Wei Chen,India,http://www.thenewsminute.com,thenewsminute.com,https://www.linkedin.com/company/the-news-minute
4015639622,BHdijaspora,Sander Lammers,Croatia,http://www.bhdijaspora.net,bhdijaspora.net,
4195210796,NoVa Caps,Wei Chen,United States,http://www.novacapsfans.com,novacapsfans.com,
4427394503,EssentiallySports,Antoine Amann,India,http://www.essentiallysports.com,essentiallysports.com,https://www.linkedin.com/company/essentially-sports
4015625338,IndiaFacts,Rory Hunter,India,http://www.indiafacts.org.in,indiafacts.org.in,
4439071420,The Mining Hub,Wei Chen,Australia,http://www.themininghub.com,themininghub.com,https://www.linkedin.com/company/the-mining-hub
4015714915,Pistols Firing,Wei Chen,United States,http://www.pistolsfiringblog.com,pistolsfiringblog.com,
4015639652,Bloody Disgusting,Rory Hunter,United States,http://www.bloody-disgusting.com,bloody-disgusting.com,https://www.linkedin.com/company/platinum-dunes
4015714916,iDrop News,Rory Hunter,United States,http://www.idropnews.com,idropnews.com,
4015635481,Wrestling Rumors,Rory Hunter,United States,http://www.wrestlingrumors.net,wrestlingrumors.net,
3844009820,Radio Evropa e Lirë,Rory Hunter,Serbia,http://www.evropaelire.org,evropaelire.org,
4015663630,Monitorul De Botosani,Wei Chen,Romania,http://www.monitorulbt.ro,monitorulbt.ro,
4195210843,Τηλεγράφημα -tilegrafima.gr,Rory Hunter,Greece,http://www.tilegrafimanews.gr,tilegrafimanews.gr,
4333530132,Hewad,Rory Hunter,Pakistan,http://www.khybernews.tv,khybernews.tv,
4333530134,Twice.hu,Wei Chen,Hungary,http://www.twice.hu,twice.hu,
3843926336,Daily Guardian,Rory Hunter,Philippines,http://www.dailyguardian.com.ph,dailyguardian.com.ph,https://www.linkedin.com/company/daily-guardian
4015625223,Vojvodina Info,Wei Chen,Serbia,http://www.vojvodinainfo.rs,vojvodinainfo.rs,
4015714874,Total Croatia,Wei Chen,Croatia,http://www.total-croatia-news.com,total-croatia-news.com,https://www.linkedin.com/company/total-croatia-news
4333540141,Mangalorean,Sander Lammers,India,http://www.mangalorean.com,mangalorean.com,
4015663675,XanthiNews,Wei Chen,Greece,http://www.xanthinews.gr,xanthinews.gr,
4445865116,Dama.bg,Sander Lammers,Bulgaria,http://www.dama.bg,dama.bg,
4112310392,The Voice Newspaper,Rory Hunter,United Kingdom,http://www.voice-online.co.uk,voice-online.co.uk,https://www.linkedin.com/company/thevoicemediagroup
4015625276,Louisiana Television Broadcasting,Damian Domanski,United States,http://www.wbrz.com,wbrz.com,https://www.linkedin.com/company/wbrz-tv
4195214955,Deshabhimani,Sander Lammers,India,http://www.deshabhimani.com,deshabhimani.com,https://www.linkedin.com/company/deshabhimani-publications
4015646782,Andreea Raicu,Sander Lammers,Romania,http://www.andreearaicu.ro,andreearaicu.ro,
4195191653,Intermarkets,Sander Lammers,United States,http://www.intermarkets.net,intermarkets.net,
4195214948,Arseblog,Rory Hunter,United Kingdom,http://www.arseblog.com,arseblog.com,https://www.linkedin.com/company/arseblog
4195229029,Kerala Homes Collections,Rory Hunter,India,http://www.homepictures.in,homepictures.in,
4195191649,Devdiscourse,Sander Lammers,India,http://www.devdiscourse.com,devdiscourse.com,https://www.linkedin.com/company/dev_discourse
4015635508,Sătmăreanul,Wei Chen,Romania,http://www.satmareanul.net,satmareanul.net,
4015659831,Dirt Track Digest,Wei Chen,United States,http://www.dirttrackdigest.com,dirttrackdigest.com,
4333530144,Ziarul Clujean,Wei Chen,Romania,http://www.ziarulclujean.ro,ziarulclujean.ro,
4195214975,Niche Gamer,Sander Lammers,United States,http://www.nichegamer.com,nichegamer.com,https://www.linkedin.com/company/niche-gamer
4015714857,Ilkka-Yhtymä Oyj,Rory Hunter,Finland,http://www.ilkkapohjalainen.fi,ilkkapohjalainen.fi,
4195191672,CREȘTIN TOTAL,Sander Lammers,Romania,http://www.crestintotal.ro,crestintotal.ro,
4015659821,Hokej.Net,Wei Chen,Poland,http://www.hokej.net,hokej.net,
4015663661,Darts News,Rory Hunter,United States,http://www.dartsnews.com,dartsnews.com,
4445925254,NouPou,Rory Hunter,Greece,http://www.nou-pou.gr,nou-pou.gr,https://www.linkedin.com/company/noupou
4438249201,OzBargain,Damian Domanski,Australia,http://www.ozbargain.com.au,ozbargain.com.au,https://www.linkedin.com/company/ozbargain
4445925251,Fidelio,Wei Chen,Hungary,http://www.fidelio.hu,fidelio.hu,https://www.linkedin.com/company/fidelio.hu
4015646759,"MediaPost Communications, Inc.",Damian Domanski,United States,http://www.mediapost.com,mediapost.com,https://www.linkedin.com/company/mediapost
4445925248,Headlines of Today Media,Rory Hunter,India,http://www.headlinesoftoday.com,headlinesoftoday.com,https://www.linkedin.com/company/headlinesoftoday
4112837211,Manila Bulletin,Frederick Crépin,Philippines,http://www.mb.com.ph,mb.com.ph,http://www.linkedin.com/company/1688896
4445908348,AgriGate Media,Sander Lammers,Bulgaria,http://www.agrigatemedia.com,agrigatemedia.com,
4421821962,New Hampshire Union Leader,Rory Hunter,United States,http://www.unionleader.com,unionleader.com,http://www.linkedin.com/company/93341
4015663568,Women’s CricZone,Wei Chen,India,http://www.womenscriczone.com,womenscriczone.com,https://www.linkedin.com/company/womenscriczone
4333540033,Splash,Rory Hunter,Singapore,http://www.splash247.com,splash247.com,https://www.linkedin.com/company/splash247
4445925233,Mediapool.bg,Wei Chen,Bulgaria,http://www.mediapool.bg,mediapool.bg,http://linkedin.com/company/mediapool-bg
4333556953,Conservative Post,Sander Lammers,United States,http://www.conservativepost.com,conservativepost.com,
4333540059,Madhyamam,Rory Hunter,India,http://www.madhyamam.com,madhyamam.com,https://www.linkedin.com/company/madhyamam
4333554138,Africa.com,Sander Lammers,South Africa,http://www.africa.com,africa.com,https://www.linkedin.com/company/africa-com-llc
3864204491,Empire Of The Kop,Rory Hunter,United Kingdom,http://www.empireofthekop.com,empireofthekop.com,
4195229075,The Betoota Advocate,Rory Hunter,Australia,http://www.betootaadvocate.com,betootaadvocate.com,
4333540048,Cosmopolitan India,Rory Hunter,India,http://www.cosmopolitan.in,cosmopolitan.in,
4195214995,Dnevni avaz,Rory Hunter,Bosnia and Herzegovina,http://www.avaz.ba,avaz.ba,http://linkedin.com/company/dnevni-avaz-daily
4195221139,Chip and Co,Rory Hunter,United States,http://www.chipandco.com,chipandco.com,https://www.linkedin.com/company/chip-and-co
4195229072,Evoiki Gnomi,Rory Hunter,Greece,http://www.egnomi.gr,egnomi.gr,https://www.linkedin.com/company/evoiki-gnomi
4195225260,Jalan Tikus,Wei Chen,Indonesia,http://www.jalantikus.com,jalantikus.com,https://www.linkedin.com/company/3855645
4195191726,SCC Online Web Edition,Sander Lammers,India,http://www.scconline.com,scconline.com,https://www.linkedin.com/company/scconline
4195221161,Mykidstime,Damian Domanski,Ireland,http://www.mykidstime.com,mykidstime.com,https://www.linkedin.com/company/mykidstime-ltd
4445833047,Обекти,Rory Hunter,Bulgaria,http://www.obekti.bg,obekti.bg,https://www.linkedin.com/company/obekti-magazine
4015663605,TIR  Magazin,Rory Hunter,Romania,http://www.tirmagazin.ro,tirmagazin.ro,
4333554172,VOA Indonesia,Rory Hunter,United States,http://www.voaindonesia.com,voaindonesia.com,
4195221169,AutoIndustriya.com,Rory Hunter,Philippines,http://www.autoindustriya.com,autoindustriya.com,https://www.linkedin.com/company/double-b-web-solutions
4333554160,WJXT,Hanson Ojo,United States,http://www.news4jax.com,news4jax.com,https://www.linkedin.com/company/wjxt-tv-channel-4-news
4100716757,Player Media Kft.,Rory Hunter,Hungary,http://www.player.hu,player.hu,https://www.linkedin.com/company/player-media
4333559944,مجلّة جمالكِ,Rory Hunter,United Arab Emirates,http://www.jamalouki.net,jamalouki.net,
4439054162,Neos Kosmos,Rory Hunter,Australia,http://www.neoskosmos.com,neoskosmos.com,https://www.linkedin.com/company/neos-kosmos
4195225282,Webdunia,Wei Chen,India,http://www.webdunia.com,webdunia.com,https://www.linkedin.com/company/webdunia.com-india-pvt.-ltd.
4015714959,Igényesférfi.hu,Wei Chen,Hungary,http://www.igenyesferfi.hu,igenyesferfi.hu,https://www.linkedin.com/company/igenyesferfi
4195225305,এগিয়ে চলো - Egiye Cholo,Wei Chen,Bangladesh,http://www.egiyecholo.com,egiyecholo.com,
4333559962,Angelopedia,Sander Lammers,India,http://www.angelopedia.com,angelopedia.com,
4333556887,Jurnalul Olteniei,Wei Chen,Romania,http://www.jurnalulolteniei.ro,jurnalulolteniei.ro,
4333574038,Real Media,Sander Lammers,Greece,http://www.real.gr,real.gr,https://www.linkedin.com/company/realgroupgreece
3864206220,LoveBScott,Rory Hunter,United States,http://www.lovebscott.com,lovebscott.com,
4015659963,ThePrint,Damian Domanski,India,http://www.theprint.in,theprint.in,https://www.linkedin.com/company/theprint
4195210735,De Speld,Rory Hunter,Netherlands,http://www.speld.nl,speld.nl,https://www.linkedin.com/company/de-speld
4333575598,Breaking Muscle,Damian Domanski,United States,http://www.breakingmuscle.com,breakingmuscle.com,https://www.linkedin.com/company/breaking-muscle
4333575336,Kashmir Life,Rory Hunter,India,http://www.kashmirlife.net,kashmirlife.net,
4333556906,Fractal Enlightenment,Sander Lammers,India,http://www.fractalenlightenment.com,fractalenlightenment.com,
4333574059,Pratidin Time,Sander Lammers,India,http://www.pratidintime.com,pratidintime.com,
4333556902,Al Aan TV,Damian Domanski,United Arab Emirates,http://www.alaan.tv,alaan.tv,http://www.linkedin.com/company/782917
4015686836,Totally Vegan Buzz,Wei Chen,United Kingdom,http://www.totallyveganbuzz.com,totallyveganbuzz.com,
4015659957,MickeyBlog,Sander Lammers,United States,http://www.mickeyblog.com,mickeyblog.com,
4093920753,The Diplomat,Damian Domanski,United States,http://www.thediplomat.com,thediplomat.com,http://linkedin.com/company/the-diplomat
4015659939,Luchtvaartnieuws,Wei Chen,Netherlands,http://www.luchtvaartnieuws.nl,luchtvaartnieuws.nl,https://www.linkedin.com/company/www-luchtvaartnieuws-nl
4333554097,Palawan News,Rory Hunter,Philippines,http://www.palawan-news.com,palawan-news.com,
4439375718,Hrvatski Telekom,Sander Lammers,Croatia,http://www.tportal.hr,tportal.hr,https://www.linkedin.com/company/plan-b-tportal
4333557168,Evie,Wei Chen,United States,http://www.eviemagazine.com,eviemagazine.com,https://www.linkedin.com/company/evie-magazine
4333557171,Independent Journal review,Sander Lammers,United States,http://www.ijr.com,ijr.com,https://www.linkedin.com/company/ijr-inc
4551141190,Armagh I,Wei Chen,United Kingdom,http://www.armaghi.com,armaghi.com,https://www.linkedin.com/company/armagh-i
4446084869,Blog Preston,Rory Hunter,United Kingdom,http://www.blogpreston.co.uk,blogpreston.co.uk,https://www.linkedin.com/company/blog-preston
4723733384,Stears Business,Wei Chen,Nigeria,http://www.stearsng.com,stearsng.com,https://www.linkedin.com/company/stears
4446091017,India West,Rory Hunter,United States,http://www.indiawest.com,indiawest.com,https://www.linkedin.com/company/indiawest
4581832723,GolfWRX,Sander Lammers,United States,http://www.golfwrx.com,golfwrx.com,https://www.linkedin.com/company/golfwrx.com
4663109115,Further Africa,Wei Chen,United Kingdom,http://www.furtherafrica.com,furtherafrica.com,https://www.linkedin.com/company/furtherafrica
4449393209,ABA Journal,Rory Hunter,United States,http://www.abajournal.com,abajournal.com,https://www.linkedin.com/company/aba-journal
4446091021,Kpop Chart,Sander Lammers,Indonesia,http://www.kpopchart.net,kpopchart.net,
4754195537,Tweak Town,Wei Chen,Australia,http://www.tweaktown.com,tweaktown.com,https://www.linkedin.com/company/tweak-town-pty-ltd
4446133778,Buro 24/7,Sander Lammers,Croatia,http://www.buro247.hr,buro247.hr,
4446133782,Matrix24,Rory Hunter,Greece,http://www.matrix24.gr,matrix24.gr,
4552416078,Rotherham Advertiser,Wei Chen,United Kingdom,http://www.rotherhamadvertiser.co.uk,rotherhamadvertiser.co.uk,https://www.linkedin.com/company/rotherham-advertiser
4737593211,Canadamirror,Rory Hunter,India,http://www.canadamirror.com,canadamirror.com,
4674712511,Manşet Aydın,Wei Chen,Turkey,http://www.mansetaydin.com,mansetaydin.com,
4754563194,Medicalworld Nigeria,Wei Chen,Nigeria,http://www.medicalworldnigeria.com,medicalworldnigeria.com,https://www.linkedin.com/in/medicalworldnigeria/?ppe=1
4551831146,Premier,Damian Domanski,United Kingdom,http://www.premier.org.uk,premier.org.uk,https://www.linkedin.com/company/premier-media-group_3
4581094441,Pavilion360,Rory Hunter,Bangladesh,http://www.pavilion.com.bd,pavilion.com.bd,https://www.linkedin.com/company/pavilion-sports
4446072873,turdanews,Wei Chen,Romania,http://www.turdanews.net,turdanews.net,
4754213491,Edebiyat Haber,Sander Lammers,Turkey,http://www.edebiyathaber.net,edebiyathaber.net,
4723741600,The Trent,Wei Chen,Nigeria,http://www.thetrentonline.com,thetrentonline.com,
4759132036,ONE Group,Rory Hunter,Malta,http://www.one.com.mt,one.com.mt,
4446091061,Pesti Srácok,Wei Chen,Hungary,http://www.pestisracok.hu,pestisracok.hu,
4711765217,Car Magazine (SA),Damian Domanski,South Africa,http://www.carmag.co.za,carmag.co.za,https://www.linkedin.com/company/car-magazine
4604139090,Dread Central,Sander Lammers,United States,http://www.dreadcentral.com,dreadcentral.com,https://www.linkedin.com/company/dread-central-media-llc
4446084929,Defence24,Sander Lammers,Poland,http://www.defence24.pl,defence24.pl,https://www.linkedin.com/company/defence24pl
4453985853,Novinite Group,Rory Hunter,Bulgaria,http://www.novinitegroup.com,novinitegroup.com,
4723391694,NigerianEye,Rory Hunter,Nigeria,http://www.nigerianeye.com,nigerianeye.com,
4446075209,Jackson Hole News & Guide,Rory Hunter,United States,http://www.jhnewsandguide.com,jhnewsandguide.com,https://www.linkedin.com/company/jackson-hole-news&guide
4548502098,Grupovo.bg,Wei Chen,Bulgaria,http://www.grupovo.bg,grupovo.bg,https://www.linkedin.com/company/grupovo-bg
4446072915,Gerçek Fethiye,Wei Chen,Turkey,http://www.gercekfethiye.com,gercekfethiye.com,
4446113366,ZenicaInfo,Wei Chen,Bosnia and Herzegovina,http://www.zenicainfo.ba,zenicainfo.ba,
4695891633,Gript News,Wei Chen,Ireland,http://www.gript.ie,gript.ie,
4446091096,體路 Sportsroad,Wei Chen,Hong Kong,http://www.sportsroad.hk,sportsroad.hk,https://www.linkedin.com/company/sportsroad
4680424864,OnlyAustralia,Wei Chen,Australia,http://www.onlyaustralia.com.au,onlyaustralia.com.au,
4446091099,RacingNews365,Sander Lammers,Netherlands,http://www.racingnews365.nl,racingnews365.nl,https://www.linkedin.com/company/racingnews365
4723491792,234Star,Rory Hunter,Nigeria,http://www.234star.com,234star.com,
4445925283,Digital Life,Rory Hunter,Greece,http://www.digitallife.gr,digitallife.gr,
4694788529,British Malayali,Wei Chen,United Kingdom,http://www.britishmalayali.co.uk,britishmalayali.co.uk,
4446075237,topsport,Rory Hunter,Bulgaria,http://www.topsport.bg,topsport.bg,
4446075238,Neowin,Damian Domanski,United States,http://www.neowin.net,neowin.net,https://www.linkedin.com/company/neowin.net
4446075243,PromoGrad,Wei Chen,Bulgaria,http://www.promograd.bg,promograd.bg,
4446113391,The Enterprise,Rory Hunter,United States,http://www.enterprisenews.com,enterprisenews.com,http://www.linkedin.com/company/2132207
4556503803,Ocean fm,Wei Chen,Ireland,http://www.oceanfm.ie,oceanfm.ie,http://linkedin.com/company/ocean-fm
4491689685,Katadata,Damian Domanski,Indonesia,http://www.katadata.co.id,katadata.co.id,https://www.linkedin.com/company/katadata
4446075247,Éva Magazin,Wei Chen,Hungary,http://www.evamagazin.hu,evamagazin.hu,
4446075253,TechCabal,Sander Lammers,Nigeria,http://www.techcabal.com,techcabal.com,https://www.linkedin.com/company/techcabal
4446072952,InStyle Hungary,Wei Chen,Hungary,http://www.instyle.hu,instyle.hu,
4724331758,Plant-Based on a Budget,Sander Lammers,United States,http://www.plantbasedonabudget.com,plantbasedonabudget.com,https://www.linkedin.com/company/plant-based-on-a-budget
4759044050,Scienmag,Sander Lammers,United Kingdom,http://www.scienmag.com,scienmag.com,
4448884396,The Spinoff,Christian Jørgensen,New Zealand,http://www.thespinoff.co.nz,thespinoff.co.nz,
4446072963,Corfuland,Rory Hunter,Greece,http://www.corfuland.gr,corfuland.gr,
4581723795,BD24Live Media,Rory Hunter,Bangladesh,http://www.bd24live.com,bd24live.com,
4446072967,BIZLife,Wei Chen,Serbia,http://www.bizlife.rs,bizlife.rs,https://www.linkedin.com/company/bizlife-rs
4446133642,Olorisupergal,Wei Chen,Nigeria,http://www.olorisupergal.com,olorisupergal.com,https://www.linkedin.com/company/olorisupergal-media
4551496898,Celtic News Now,Sander Lammers,United Kingdom,http://www.celticnewsnow.com,celticnewsnow.com,
4446133640,Go guide,Hanson Ojo,Bulgaria,http://www.goguide.bg,goguide.bg,
4545569888,OHBaby!,Rory Hunter,New Zealand,http://www.ohbaby.co.nz,ohbaby.co.nz,https://www.linkedin.com/company/ohbaby-ltd
4581718150,Rapid Broadcasting Company,Rory Hunter,United States,http://www.newscenter1.tv,newscenter1.tv,
4446072978,Dartsnieuws.com,Sander Lammers,Netherlands,http://www.dartsnieuws.com,dartsnieuws.com,
4446113425,Mafab,Wei Chen,Hungary,http://www.mafab.hu,mafab.hu,
4582167432,Inside The Games,Wei Chen,United Kingdom,http://www.insidethegames.biz,insidethegames.biz,https://www.linkedin.com/company/insidethegames
4446075293,Feminism In India,Sander Lammers,India,http://www.feminisminindia.com,feminisminindia.com,https://www.linkedin.com/company/feminisminindia
4575219496,Radio Kerry,Rory Hunter,Ireland,http://www.radiokerry.ie,radiokerry.ie,https://www.linkedin.com/company/radio-kerry
4446120867,World Boxing News,Wei Chen,United States,http://www.worldboxingnews.net,worldboxingnews.net,https://www.linkedin.com/company/world-boxing-news
4446133671,OtakuKart,Damian Domanski,India,http://www.otakukart.com,otakukart.com,https://www.linkedin.com/company/otakukartofficial
4702065383,Smart Press SA,Rory Hunter,Greece,http://www.smartpress.gr,smartpress.gr,https://www.linkedin.com/company/smartpress-s.a
4446072998,Savoir Ville,Rory Hunter,Greece,http://www.savoirville.gr,savoirville.gr,https://www.linkedin.com/company/savoir-ville
4446113445,Enternity.gr,Rory Hunter,Greece,http://www.enternity.gr,enternity.gr,https://www.linkedin.com/company/enternity
4446072999,Taxheaven,Sander Lammers,Greece,http://www.taxheaven.gr,taxheaven.gr,
4723468844,Neusroom,Rory Hunter,Nigeria,http://www.neusroom.com,neusroom.com,
4734157444,Riddims World,Sander Lammers,United Kingdom,http://www.riddimsworld.com,riddimsworld.com,
4446113450,AGDAILY,Rory Hunter,United States,http://www.agdaily.com,agdaily.com,
4446120882,WWAY-TV,Damian Domanski,United States,http://www.wwaytv3.com,wwaytv3.com,https://www.linkedin.com/company/wway-news-channel-3
4446133686,IZGAZETE,Sander Lammers,Turkey,http://www.izgazete.net,izgazete.net,
4551098864,Bristol24/7,Rory Hunter,United Kingdom,http://www.bristol247.com,bristol247.com,https://www.linkedin.com/company/bristol24-7
4446090936,Bota Sot,Wei Chen,Serbia,http://www.botasot.info,botasot.info,
4551007225,The Line Of Best Fit,Wei Chen,United Kingdom,http://www.thelineofbestfit.com,thelineofbestfit.com,https://www.linkedin.com/company/the-line-of-best-fit
4446075337,Touchdown Alabama Magazine,Wei Chen,United States,http://www.tdalabamamag.com,tdalabamamag.com,
4712602668,Women On Wheels,Wei Chen,South Africa,http://www.womenonwheels.co.za,womenonwheels.co.za,
4446075338,Pénzcentrum,Wei Chen,Hungary,http://www.penzcentrum.hu,penzcentrum.hu,https://www.linkedin.com/company/penzcentrum
4446090958,Media 247 UK,Sander Lammers,United Kingdom,http://www.bizasialive.com,bizasialive.com,https://www.linkedin.com/company/bizasia
4753258881,Pojoksatu.id,Sander Lammers,Indonesia,http://www.pojoksatu.id,pojoksatu.id,https://www.linkedin.com/company/pojoksatuid
4574668921,Girlboss,Sander Lammers,United States,http://www.girlboss.com,girlboss.com,https://www.linkedin.com/company/girlboss
4696048190,Psychology Now,Sander Lammers,Greece,http://www.psychologynow.gr,psychologynow.gr,https://www.linkedin.com/company/psychologynow-gr
4446133720,Mplaneta,Wei Chen,Poland,http://www.kronikatygodnia.pl,kronikatygodnia.pl,
4446120927,Özgür Kocaeli,Sander Lammers,Turkey,http://www.ozgurkocaeli.com.tr,ozgurkocaeli.com.tr,
4753745541,MilitaryLeak,Sander Lammers,Singapore,http://www.militaryleak.com,militaryleak.com,https://www.linkedin.com/company/militaryleakcom
4446090973,Road to VR,Rory Hunter,United States,http://www.roadtovr.com,roadtovr.com,
4446133724,Agencja Reklamowa Życie Przemyskie,Rory Hunter,Poland,http://www.zycie.pl,zycie.pl,https://www.linkedin.com/company/polisa-zycie-s-a-
4695892228,TheTaste.ie,Wei Chen,Ireland,http://www.thetaste.ie,thetaste.ie,https://www.linkedin.com/company/thetaste-ie
4711967544,Bona Magazine,Damian Domanski,South Africa,http://www.bona.co.za,bona.co.za,https://www.linkedin.com/company/bona-magazine
4753124780,Business Weekly商業周刊,Rory Hunter,Taiwan,http://www.businessweekly.com.tw,businessweekly.com.tw,https://www.linkedin.com/company/businessweeklygroup
4446084068,Burgasinfo.com,Rory Hunter,Bulgaria,http://www.burgasinfo.com,burgasinfo.com,
4446084843,Glamour Magazine,Hanson Ojo,South Africa,http://www.glamour.co.za,glamour.co.za,https://www.linkedin.com/company/glamour-south-africa
4711894325,Slikour On Life,Sander Lammers,South Africa,http://www.slikouronlife.co.za,slikouronlife.co.za,https://www.linkedin.com/company/slikour-on-life
4556421476,Connacht Tribune Group,Rory Hunter,Ireland,http://www.connachttribune.ie,connachttribune.ie,https://www.linkedin.com/company/connacht-tribune
4446871551,The Patriot Post,Rory Hunter,United States,http://www.patriotpost.us,patriotpost.us,http://www.linkedin.com/company/8261925
4446090998,Eleftheria,Wei Chen,Greece,http://www.eleftheria.gr,eleftheria.gr,https://www.linkedin.com/company/eleftherianewspaper
4702081203,SingleparentGr,Sander Lammers,Greece,http://www.singleparent.gr,singleparent.gr,https://www.linkedin.com/company/singleparent
4604251543,Mommypotamus,Sander Lammers,United States,http://www.mommypotamus.com,mommypotamus.com,https://www.linkedin.com/company/mommypotamus
5824559144,AB-ilan.com,Sander Lammers,Turkey,http://www.ab-ilan.com,ab-ilan.com,https://www.linkedin.com/company/ab-ilan.com
5824668463,AB Newswire,Rory Hunter,United States,http://www.abnewswire.com,abnewswire.com,https://www.linkedin.com/company/ab-newswire
5747343509,Ozon Media,Wei Chen,Serbia,http://www.ozon.rs,ozon.rs,https://www.linkedin.com/company/radio-ozon---sremska-mitrovica
5812961660,Blog.bg,Wei Chen,Bulgaria,http://www.blog.bg,blog.bg,
5721987099,Novi Magazin,Rory Hunter,Serbia,http://www.novimagazin.rs,novimagazin.rs,
5794632309,Panathinaikos24,Rory Hunter,Greece,http://www.panathinaikos24.gr,panathinaikos24.gr,
5072615238,Stoppa Pressarna,Rory Hunter,Sweden,http://www.stoppapressarna.se,stoppapressarna.se,
5397930892,Mama24,Rory Hunter,Bulgaria,http://www.mama24.bg,mama24.bg,
5022240364,Rocket Sports Network,Rory Hunter,United Kingdom,http://www.rocketsportsnetwork.com,rocketsportsnetwork.com,
4925180839,COOL 潮流生活網,Rory Hunter,Taiwan,http://www.cool-style.com.tw,cool-style.com.tw,
5659838573,Did You Know,Wei Chen,United States,http://www.didyouknowfacts.com,didyouknowfacts.com,https://www.linkedin.com/company/everhance-llc
5795479128,Papageno Consulting,Wei Chen,Hungary,http://www.papageno.hu,papageno.hu,https://www.linkedin.com/company/papageno-hu
5813178185,indicator.gr,Rory Hunter,Greece,http://www.indicator.gr,indicator.gr,https://www.linkedin.com/company/the-indicator
4848687671,DapurPacu,Rory Hunter,Indonesia,http://www.dapurpacu.id,dapurpacu.id,
5814451117,The Pressroom,Wei Chen,Greece,http://www.thepressroom.gr,thepressroom.gr,
4821588316,Music in Africa,Sander Lammers,South Africa,http://www.musicinafrica.net,musicinafrica.net,https://www.linkedin.com/company/music-in-africa
5551660709,112Twente,Sander Lammers,Netherlands,http://www.112twente.nl,112twente.nl,https://www.linkedin.com/company/112twente
5702768044,Entertainmentcareers.net,Wei Chen,United States,http://www.entertainmentcareers.net,entertainmentcareers.net,https://www.linkedin.com/company/entertainmentcareers.net-inc.
5770162859,PakWheels,Sander Lammers,Pakistan,http://www.pakwheels.com,pakwheels.com,https://www.linkedin.com/company/pakwheels
4814216634,Donegal Now,Rory Hunter,Ireland,http://www.donegalnow.com,donegalnow.com,https://www.linkedin.com/company/rivermedia
5796150579,Parapolitika Editions Societe Anonyme,Rory Hunter,Greece,http://www.parapolitika.gr,parapolitika.gr,https://www.linkedin.com/company/parapolitika
5835096711,PRESSALERT,Rory Hunter,Romania,http://www.pressalert.ro,pressalert.ro,https://www.linkedin.com/company/pressalert
5183456443,MyBroadband,Rory Hunter,South Africa,http://www.mybroadband.co.za,mybroadband.co.za,https://www.linkedin.com/company/mybroadband
5702536107,East County Today,Sander Lammers,United States,http://www.eastcountytoday.net,eastcountytoday.net,
5661819945,Glued To My Crafts,Wei Chen,United States,http://www.gluedtomycraftsblog.com,gluedtomycraftsblog.com,
5710252810,InfoKids,Sander Lammers,Greece,http://www.infokids.gr,infokids.gr,
5812798249,Maculatura Professors Ltd,Sander Lammers,Hungary,http://www.magyarorszagom.hu,magyarorszagom.hu,
5837534369,Protagon,Sander Lammers,Greece,http://www.protagon.gr,protagon.gr,https://www.linkedin.com/company/protagon-gr
5720642222,Informo Media EOOD,Sander Lammers,Bulgaria,http://www.informo.bg,informo.bg,
5593837362,24Media.ae,Rory Hunter,United Arab Emirates,http://www.24.ae,24.ae,
5754888028,Life.ba,Sander Lammers,Bosnia and Herzegovina,http://www.life.ba,life.ba,
5737138094,Covasna Observator,Rory Hunter,Romania,http://www.covasnamedia.ro,covasnamedia.ro,https://www.linkedin.com/company/observatorul-media-group
5795433522,Pandurul,Wei Chen,Romania,http://www.pandurul.ro,pandurul.ro,
5817768865,Tinos Today,Wei Chen,Greece,http://www.tinostoday.gr,tinostoday.gr,
5641917729,Comisarul,Rory Hunter,Romania,http://www.comisarul.ro,comisarul.ro,
4925108452,Pathivu,Wei Chen,India,http://www.pathivu.com,pathivu.com,
5721142890,Nova ekonomija,Rory Hunter,Serbia,http://www.novaekonomija.rs,novaekonomija.rs,https://www.linkedin.com/company/nova-ekonomija
5695026457,The Guam Daily Post,Rory Hunter,United States,http://www.postguam.com,postguam.com,
5721792871,Media Indonesia,Sander Lammers,Indonesia,http://www.mediaindonesia.com,mediaindonesia.com,https://www.linkedin.com/company/pt-citra-media-nusa-purnama---media-indonesia
5397926099,Български Фермер,Rory Hunter,Bulgaria,http://www.bgfermer.bg,bgfermer.bg,
5702458006,Gözlem Agency Rek Bas Hiz San Tic Ltd. Şti.,Wei Chen,Turkey,http://www.habermilas.com,habermilas.com,
5836497299,VOA Pakistan,Rory Hunter,United States,http://www.voadeewanews.com,voadeewanews.com,
5701286058,Nigeria Health Watch,Wei Chen,Nigeria,http://www.nigeriahealthwatch.com,nigeriahealthwatch.com,https://www.linkedin.com/company/nigeria-health-watch
5667428532,Daily Voice,Rory Hunter,United States,http://www.dailyvoice.com,dailyvoice.com,https://www.linkedin.com/company/the-daily-voice
5685082022,Duunitori Oy,Wei Chen,Finland,http://www.duunitori.fi,duunitori.fi,https://www.linkedin.com/company/duunitori.fi
5836476003,VOA Afghanistan,Rory Hunter,United States,http://www.darivoa.com,darivoa.com,
5817382715,Thrakinea,Wei Chen,Greece,http://www.thrakinea.gr,thrakinea.gr,
5683982668,CubsHQ,Rory Hunter,United States,http://www.cubshq.com,cubshq.com,
5837664379,TVXS,Rory Hunter,Greece,http://www.tvxs.gr,tvxs.gr,https://www.linkedin.com/company/tvxs-gr
5397938736,Mila,Rory Hunter,Bulgaria,http://www.mila.bg,mila.bg,
5824614562,Totul despre mame,Rory Hunter,Romania,http://www.totuldespremame.ro,totuldespremame.ro,https://www.linkedin.com/company/totul-despre-mame
5683388752,Active Soft,Sander Lammers,Romania,http://www.activesoft.ro,activesoft.ro,https://www.linkedin.com/company/active-soft-s-r-l-
5657803180,Colorado Springs Independent,Damian Domanski,United States,http://www.csindy.com,csindy.com,https://www.linkedin.com/company/colorado-springs-independent
5835082324,Newsroom PK,Rory Hunter,Pakistan,http://www.newsroompk.com,newsroompk.com,
5837550442,Vogue Taiwan,Wei Chen,Taiwan,http://www.vogue.com.tw,vogue.com.tw,https://www.linkedin.com/company/vogue-taiwan
5702550651,Holy City Sinner,Wei Chen,United States,http://www.holycitysinner.com,holycitysinner.com,
4925102608,The Right Scoop,Hanson Ojo,United States,http://www.therightscoop.com,therightscoop.com,
5701815108,DOC TV,Rory Hunter,Greece,http://www.doctv.gr,doctv.gr,
5824776625,Posna jela,Sander Lammers,Serbia,http://www.posnajela.rs,posnajela.rs,
5747101228,Outlook,Hanson Ojo,India,http://www.outlookindia.com,outlookindia.com,https://www.linkedin.com/company/outlook
5736762195,Killeen Daily Herald,Rory Hunter,United States,http://www.kdhnews.com,kdhnews.com,https://www.linkedin.com/company/killeen-daily-herald
4799509685,EURweb,Rory Hunter,United States,http://www.eurweb.com,eurweb.com,
4865233492,Formula.hu,Rory Hunter,Hungary,http://www.formula.hu,formula.hu,
5837651800,PMPG Polskie Media,Damian Domanski,Poland,http://www.pmpg.pl,pmpg.pl,https://www.linkedin.com/company/point-group
5817374228,Woskar Group,Wei Chen,Poland,http://www.24jgora.pl,24jgora.pl,
4925132065,Borsatek,Rory Hunter,Turkey,http://www.borsatek.com,borsatek.com,https://www.linkedin.com/company/borsatek
5824546971,Tornos News,Wei Chen,Greece,http://www.tornosnews.gr,tornosnews.gr,https://www.linkedin.com/company/tornos-news
5835082876,Presencia PR,Wei Chen,United States,http://www.presenciapr.com,presenciapr.com,
5814491680,07 Haber Magazin,Rory Hunter,Turkey,http://www.07haber.com.tr,07haber.com.tr,
5602439770,Sibiu100%,Wei Chen,Romania,http://www.sibiu100.ro,sibiu100.ro,
5824742554,acasa.ro,Sander Lammers,Romania,http://www.acasa.ro,acasa.ro,https://www.linkedin.com/company/acasa-media
4994445830,REA Group,Sander Lammers,Australia,http://www.rea-group.com,rea-group.com,https://www.linkedin.com/company/rea-group
5770218840,Paladin Studios,Wei Chen,Netherlands,http://www.paladinstudios.com,paladinstudios.com,https://www.linkedin.com/company/paladin-studios
5824293265,Tomislav City,Wei Chen,Bosnia and Herzegovina,http://www.tomislavcity.com,tomislavcity.com,
5279077649,Habari Media,Damian Domanski,South Africa,http://www.habarimedia.com,habarimedia.com,https://www.linkedin.com/company/habari-media-sa
5686584395,El Correo del Golfo,Rory Hunter,United Arab Emirates,http://www.elcorreo.ae,elcorreo.ae,https://www.linkedin.com/company/el-correo-del-golfo
5835542378,Village Pipol Magazine,Wei Chen,Philippines,http://www.villagepipol.com,villagepipol.com,https://www.linkedin.com/company/red-entertainment-inc
5632238861,Hagadone Media Group,Wei Chen,United States,http://www.hagadonemediagroup.com,hagadonemediagroup.com,https://www.linkedin.com/company/hagadone-media-group
5702258721,Northern Sound,Rory Hunter,Ireland,http://www.northernsound.ie,northernsound.ie,https://www.linkedin.com/company/northern-sound-ltd
5835624212,Trikala Newsgroup,Wei Chen,Greece,http://www.trikalanews.gr,trikalanews.gr,
5631059552,OutThere Colorado,Rory Hunter,United States,http://www.outtherecolorado.com,outtherecolorado.com,https://www.linkedin.com/company/outthere-colorado
5661564854,GLOW,Rory Hunter,Greece,http://www.glow.gr,glow.gr,https://www.linkedin.com/company/glow-mag
4764715322,AutoX,Damian Domanski,India,http://www.autox.com,autox.com,https://www.linkedin.com/company/autox
5699959670,NiusNews,Rory Hunter,Taiwan,http://www.niusnews.com,niusnews.com,
5702054156,Gazetecilik Danışmanlık Hizmetleri Ltd. Şti,Wei Chen,Turkey,http://www.haberaydin.com,haberaydin.com,
5737336621,Ogdoo Music Group,Wei Chen,Greece,http://www.ogdoo.gr,ogdoo.gr,
5737227299,Navingo,Sander Lammers,Netherlands,http://www.navingo.com,navingo.com,https://www.linkedin.com/company/navingo-bv
5746509392,Oto Media Filip Sobczak,Wei Chen,Poland,http://www.ototorun.pl,ototorun.pl,
4849955272,One Million by One Million,Wei Chen,United States,http://www.sramanamitra.com,sramanamitra.com,
5795918226,Parallaximag,Rory Hunter,Greece,http://www.parallaximag.gr,parallaximag.gr,https://www.linkedin.com/company/parallaxi-mag
4943266381,Eurogamer,Sander Lammers,United Kingdom,http://www.eurogamer.net,eurogamer.net,https://www.linkedin.com/company/eurogamer
5702536713,Not An Expert,Sander Lammers,Greece,http://www.notanexpert.gr,notanexpert.gr,
5817384786,The Village Reporter,Wei Chen,United States,http://www.thevillagereporter.com,thevillagereporter.com,https://www.linkedin.com/company/village-reporter
4814335258,eHumor,Sander Lammers,Poland,http://www.ehumor.pl,ehumor.pl,
5719721501,Juridice,Wei Chen,Romania,http://www.juridice.ro,juridice.ro,https://www.linkedin.com/company/juridice.ro
5817548851,POLEMI.co.uk,Sander Lammers,United Kingdom,http://www.polemi.co.uk,polemi.co.uk,
5667236670,Daily News Hungary,Wei Chen,Hungary,http://www.dailynewshungary.com,dailynewshungary.com,https://www.linkedin.com/company/dailynewshungary
5837465352,Advance.hr,Rory Hunter,Croatia,http://www.advance.hr,advance.hr,https://www.linkedin.com/company/advance-human-resources-services
5668175654,Debati,Wei Chen,Bulgaria,http://www.debati.bg,debati.bg,https://www.linkedin.com/company/debatibg
4762770460,Tidningen Ridsport,Rory Hunter,Sweden,http://www.tidningenridsport.se,tidningenridsport.se,https://www.linkedin.com/company/tidningen-ridsport
5873044495,Milat Gazetesi,Sander Lammers,Turkey,http://www.milatgazetesi.com,milatgazetesi.com,
5847260289,Twoje Zagłębie,Wei Chen,Poland,http://www.twojezaglebie.pl,twojezaglebie.pl,
5874824493,ΠΟΛΙΤΗΣ ΕΕ,Wei Chen,Greece,http://www.politischios.gr,politischios.gr,
6125796393,Outreach Media Group,Sander Lammers,United States,http://www.outreachmediagroup.com,outreachmediagroup.com,https://www.linkedin.com/company/outreach-media-group
5847015816,Luxury Lifestyle,Sander Lammers,United States,http://www.luxurylifestyle.com,luxurylifestyle.com,https://www.linkedin.com/company/luxurylifestyleinc
5857897017,Aitnews,Rory Hunter,United Arab Emirates,http://www.aitnews.com,aitnews.com,https://www.linkedin.com/company/arabic-it-news-portal
5847744669,Web Cukrászda,Wei Chen,Hungary,http://www.webcukraszda.hu,webcukraszda.hu,
5848328582,ΤΕΚΜΗΡΙΩΣΗ,Wei Chen,Greece,http://www.taxydromos.gr,taxydromos.gr,
6093771556,Daily Nigerian,Sander Lammers,Nigeria,http://www.dailynigerian.com,dailynigerian.com,
5857897018,Ajax Life,Sander Lammers,Netherlands,http://www.ajaxlife.nl,ajaxlife.nl,
6093054521,Katalogsmaków.pl,Sander Lammers,Poland,http://www.katalogsmakow.pl,katalogsmakow.pl,
5857450040,Agro BG,Wei Chen,Bulgaria,http://www.agro.bg,agro.bg,https://www.linkedin.com/company/agro-bg-the-agricultural-website-of-bulgaria
5941093380,Koran Jakarta,Rory Hunter,Indonesia,http://www.koran-jakarta.com,koran-jakarta.com,https://www.linkedin.com/company/koranjakarta
5967444150,Global Health,Sander Lammers,Bulgaria,http://www.lekuva.net,lekuva.net,
6133764227,Taka Gazete,Wei Chen,Turkey,http://www.takagazete.com.tr,takagazete.com.tr,
6266753689,Vera Files,Rory Hunter,Philippines,http://www.verafiles.org,verafiles.org,http://www.linkedin.com/company/vera-files
5865335481,Naszosie,Wei Chen,Poland,http://www.naszosie.pl,naszosie.pl,
5928443518,Kocaeli Fikir Gazetesi,Wei Chen,Turkey,http://www.kocaelifikir.com,kocaelifikir.com,
5909828708,Info Iława,Wei Chen,Poland,http://www.infoilawa.pl,infoilawa.pl,
5847238314,Qbebe,Rory Hunter,Romania,http://www.qbebe.ro,qbebe.ro,
5857853713,Air News,Wei Chen,Greece,http://www.airnews.gr,airnews.gr,
5960032520,Karaman Gündem,Wei Chen,Turkey,http://www.karamangundem.com,karamangundem.com,
6073687887,WapaTV,Damian Domanski,United States,http://www.wapa.tv,wapa.tv,https://www.linkedin.com/company/wapa-televisi-n
5901945733,Hukuki Haber,Sander Lammers,Turkey,http://www.hukukihaber.net,hukukihaber.net,https://www.linkedin.com/company/hukuki-haber
5902024325,Provicom Multimediadiensten,Wei Chen,Netherlands,http://www.hvzeeland.nl,hvzeeland.nl,
5857440622,Agroinform.hu,Sander Lammers,Hungary,http://www.agroinform.hu,agroinform.hu,https://www.linkedin.com/company/agroinform
6113047058,AllAfrica,Rory Hunter,South Africa,http://www.allafrica.com,allafrica.com,https://www.linkedin.com/company/allafrica-global-media
6091725129,Shannonside,Rory Hunter,Ireland,http://www.shannonside.ie,shannonside.ie,https://www.linkedin.com/company/shannonside
5940689216,Kobieta XL,Rory Hunter,Poland,http://www.kobietaxl.pl,kobietaxl.pl,
5886629253,Kompas Blend B.V.,Jean-Luc Germiquet,Netherlands,http://www.startpagina.nl,startpagina.nl,https://www.linkedin.com/company/marechaussee.startpagina.nl
6405958541,Bucs Report,Sander Lammers,United States,http://www.bucsreport.com,bucsreport.com,
6207909731,Thinking Humanity,Rory Hunter,Greece,http://www.thinkinghumanity.com,thinkinghumanity.com,
5857780558,Ajax1.nl,Rory Hunter,Netherlands,http://www.ajax1.nl,ajax1.nl,https://www.linkedin.com/company/ajax1-communications
5928534837,Kashmir News Observer,Rory Hunter,India,http://www.kashmirnewsobserver.com,kashmirnewsobserver.com,
5919792562,Бургас,Wei Chen,Bulgaria,http://www.burgas.bg,burgas.bg,https://www.linkedin.com/company/burgas-municipality
5857489998,Green Box Publishing,Rory Hunter,Greece,http://www.agronews.gr,agronews.gr,https://www.linkedin.com/company/agro-news
5926959401,Simbis Inc,Sander Lammers,Jamaica,http://www.jamaicans.com,jamaicans.com,https://www.linkedin.com/company/jamaicans-com
5886520492,Misyjne,Wei Chen,Poland,http://www.misyjne.pl,misyjne.pl,https://www.linkedin.com/company/misyjne-drogi
5857854293,Indiantelevision.com Group,Wei Chen,India,http://www.indiantelevision.com,indiantelevision.com,https://www.linkedin.com/company/indian-television-dot-com-pvt-ltd
5910417724,Infowoman,Wei Chen,Greece,http://www.infowoman.gr,infowoman.gr,
6093045841,mh24.pl,Sander Lammers,Poland,http://www.mh24.pl,mh24.pl,
5847621386,Webgradnja,Wei Chen,Croatia,http://www.webgradnja.hr,webgradnja.hr,https://www.linkedin.com/company/webgradnja
5874763433,KeralaHomeDesign,Sander Lammers,India,http://www.keralahousedesigns.com,keralahousedesigns.com,
5908992436,Info IASI,Rory Hunter,Romania,http://www.infoiasionline.ro,infoiasionline.ro,
5957463703,KupiMe Doo,Sander Lammers,Serbia,http://www.kupime.com,kupime.com,
5897993486,Happy Tv,Rory Hunter,Greece,http://www.happytv.gr,happytv.gr,
5920386409,Vkusi.me,Wei Chen,Bulgaria,http://www.vkusi.me,vkusi.me,
5874698917,Ioulia Charistou Nutritionist,Wei Chen,Greece,http://www.thessdiet.gr,thessdiet.gr,
5919361375,Kent Medya Grubu,Sander Lammers,Turkey,http://www.kenttv.net,kenttv.net,
5874842790,Patrisnews.com,Rory Hunter,Greece,http://www.patrisnews.com,patrisnews.com,https://www.linkedin.com/company/patrisnews
5868256584,Lesvos Post,Wei Chen,Greece,http://www.lesvospost.com,lesvospost.com,
5874627753,Logia Starata,Wei Chen,Greece,http://www.logiastarata.gr,logiastarata.gr,
5898431004,HelloLadies,Sander Lammers,Hungary,http://www.helloladies.hu,helloladies.hu,
6137297502,Andro,Rory Hunter,Greece,http://www.andro.gr,andro.gr,
6266910492,Novara Media,Sander Lammers,United Kingdom,http://www.novaramedia.com,novaramedia.com,http://www.linkedin.com/company/novara-media
6133348619,Indamedia,Rory Hunter,Hungary,http://www.indamediasales.hu,indamediasales.hu,https://www.linkedin.com/company/indamedia-sales
5940583821,Desavanja u Bijeljini,Wei Chen,Bosnia and Herzegovina,http://www.desavanjaubijeljini.com,desavanjaubijeljini.com,
6101305399,Utrop,Rory Hunter,Norway,http://www.utrop.no,utrop.no,https://www.linkedin.com/company/utrop
6133549579,Yıldırım Haber,Wei Chen,Turkey,http://www.yildirimgazetesi.com,yildirimgazetesi.com,
5848320010,Aftodioikisi.gr,Sander Lammers,Greece,http://www.aftodioikisi.gr,aftodioikisi.gr,
5873460874,AVGI SA,Rory Hunter,Greece,http://www.avgi.gr,avgi.gr,https://www.linkedin.com/company/i-avgi
5858156978,Europa FM,Damian Domanski,Romania,http://www.europafm.ro,europafm.ro,https://www.linkedin.com/company/europafm
5847543848,Užice Oglasna Tabla,Wei Chen,Serbia,http://www.uziceoglasnatabla.com,uziceoglasnatabla.com,
5846961956,Metroplex Social LLC,Wei Chen,United States,http://www.metroplexsocial.com,metroplexsocial.com,
5858134921,Yolo.gr,Wei Chen,Greece,http://www.y-olo.gr,y-olo.gr,
5873469362,Diakopes,Rory Hunter,Greece,http://www.i-diakopes.gr,i-diakopes.gr,
5847128621,Pusula Gazetesi,Wei Chen,Turkey,http://www.pusulagazetesi.com.tr,pusulagazetesi.com.tr,
5951444242,Magazin Salajean,Wei Chen,Romania,http://www.magazinsalajean.ro,magazinsalajean.ro,
5838232913,CMC Media,Rory Hunter,Poland,http://www.cmcmedia.pl,cmcmedia.pl,
6174018476,Samhällsnytt,Wei Chen,Sweden,http://www.samnytt.se,samnytt.se,
6207905705,Liked,Rory Hunter,Hungary,http://www.liked.hu,liked.hu,
6266345775,Telegram.hr,Frederick Crépin,Croatia,http://www.telegram.hr,telegram.hr,https://www.linkedin.com/company/telegramhr
5855377072,World Mobile News Network Pvt Ltd.,Wei Chen,India,http://www.newsmobile.in,newsmobile.in,https://www.linkedin.com/company/news-mobile
5940923818,Agrárágazat,Wei Chen,Hungary,http://www.agraragazat.hu,agraragazat.hu,
5868565627,Zarpa News,Wei Chen,Greece,http://www.zarpanews.gr,zarpanews.gr,
5886500716,Mototriti,Rory Hunter,Greece,http://www.mototriti.gr,mototriti.gr,http://linkedin.com/company/connecting-magazine
5874480022,Dimokratiki.gr,Rory Hunter,Greece,http://www.dimokratiki.gr,dimokratiki.gr,
5855106888,Int'l Wheelchair & Amputee Sports Federation,Wei Chen,United Kingdom,http://www.iwasf.com,iwasf.com,https://www.linkedin.com/company/international-wheelchair-&-amputee-sports-federation-iwas-
6106197826,Mersin Portal,Wei Chen,Turkey,http://www.mersinportal.com,mersinportal.com,https://www.linkedin.com/company/mersin-portal-medya-hizmetleri
6137184376,Anemos Radio,Wei Chen,Greece,http://www.anemosradio.gr,anemosradio.gr,
6133260075,Sakshi,Rory Hunter,India,http://www.sakshi.com,sakshi.com,https://www.linkedin.com/company-beta/8792309/
5846956347,Men's Basketball Hoopscoop,Wei Chen,United States,http://www.mensbasketballhoopscoop.com,mensbasketballhoopscoop.com,
5897797686,Genius Creative Media,Rory Hunter,India,http://www.najarbandi.in,najarbandi.in,
6374599477,Magic FM,Rory Hunter,Romania,http://www.magicfm.ro,magicfm.ro,
6083685214,New Money Press,Wei Chen,Romania,http://www.newmoney.ro,newmoney.ro,https://www.linkedin.com/company/revista-newmoney
5850478971,Agenţia Naţională de Presă AGERPRES,Damian Domanski,Romania,http://www.agerpres.ro,agerpres.ro,https://www.linkedin.com/company/agentia-nationala-de-presa-agerpres
5919679515,Edge of Humanity Magazine,Wei Chen,United States,http://www.edgeofhumanity.com,edgeofhumanity.com,https://www.linkedin.com/company/edge-of-humanity-llc
5848221508,Afyon Haber,Wei Chen,Turkey,http://www.afyonhaber.com,afyonhaber.com,
5929697209,9to5toys,Sander Lammers,United States,http://www.9to5toys.com,9to5toys.com,
5927116176,Infowar,Sander Lammers,Greece,http://www.info-war.gr,info-war.gr,
6133765699,Urfanatik Gazetesi,Wei Chen,Turkey,http://www.urfanatik.com,urfanatik.com,
5948164181,Katerina Tsemperlidou,Wei Chen,Greece,http://www.tsemperlidou.gr,tsemperlidou.gr,
5920300863,CDODev.Com,Sander Lammers,Philippines,http://www.cdodev.com,cdodev.com,
5966675265,Podmaniczky Művészeti Alapítvány,Wei Chen,Hungary,http://www.librarius.hu,librarius.hu,
5837727516,Aek365.com,Sander Lammers,Greece,http://www.aek365.org,aek365.org,
5960152488,Autonomija,Wei Chen,Serbia,http://www.autonomija.info,autonomija.info,
5929320089,Iranian UK,Rory Hunter,United Kingdom,http://www.iranianuk.com,iranianuk.com,
6113060527,Fagpressen,Rory Hunter,Norway,http://www.fagpressen.no,fagpressen.no,http://www.linkedin.com/company/2687354
5919016505,Pollination Publishing AS,Rory Hunter,Norway,http://www.itavisen.no,itavisen.no,
5848291170,NK Mediagroup,Rory Hunter,Greece,http://www.paraskhnio.gr,paraskhnio.gr,https://www.linkedin.com/company/to-
6594990100,Cute Animal Planet,Rory Hunter,Romania,http://www.cuteanimalplanet.com,cuteanimalplanet.com,
6594980114,LegeStart,Wei Chen,Romania,http://www.legestart.ro,legestart.ro,
6586216853,Nereye Dergisi,Sander Lammers,Turkey,http://www.nereye.com.tr,nereye.com.tr,
6616146525,Djole Dog,Rory Hunter,Serbia,http://www.djole.dog,djole.dog,https://www.linkedin.com/company/djoledog
6644844317,Wayne Dupree Show,Rory Hunter,United States,http://www.waynedupree.com,waynedupree.com,
6562012204,Cap Limpede,Rory Hunter,Romania,http://www.caplimpede.ro,caplimpede.ro,
6594970395,SwimSwam,Rory Hunter,United States,http://www.swimswam.com,swimswam.com,https://www.linkedin.com/company/swimswam
6603166363,Biz Brasov,Rory Hunter,Romania,http://www.bizbrasov.ro,bizbrasov.ro,
6630976051,Olagiatingunaika.gr,Rory Hunter,Greece,http://www.olagiatingunaika.gr,olagiatingunaika.gr,
6578492426,Air News Times,Rory Hunter,Turkey,http://www.airnewstimes.com,airnewstimes.com,https://www.linkedin.com/company/airnewstimes
6579612735,DRIVE Magazine,Wei Chen,Greece,http://www.drive.gr,drive.gr,
6431738446,Money & Markets,Wei Chen,United States,http://www.moneyandmarkets.com,moneyandmarkets.com,https://www.linkedin.com/company/money-and-markets
6631118891,Besno Pile,Sander Lammers,Serbia,http://www.besnopile.rs,besnopile.rs,
6570387124,Slidety.com,Wei Chen,Poland,http://www.slidety.com,slidety.com,
6578136834,SfatulParintilor.ro,Rory Hunter,Romania,http://www.sfatulparintilor.ro,sfatulparintilor.ro,
6585693334,SofokleousIn.gr,Rory Hunter,Greece,http://www.sofokleousin.gr,sofokleousin.gr,https://www.linkedin.com/company/1762515
6529026315,JoyNewsBD,Rory Hunter,Bangladesh,http://www.joynewsbd.com,joynewsbd.com,
6543476769,ROmedic,Sander Lammers,Romania,http://www.romedic.ro,romedic.ro,https://www.linkedin.com/company/1246554
6629102854,ekefalonia.gr,Wei Chen,Greece,http://www.ekefalonia.gr,ekefalonia.gr,
6594321700,Ultima Fază,Wei Chen,Romania,http://www.ultimafaza.ro,ultimafaza.ro,
6622422675,Bandwagon,Rory Hunter,Singapore,http://www.bandwagon.asia,bandwagon.asia,https://www.linkedin.com/company/bandwagon-media
6585694113,JuniorsClub.gr,Wei Chen,Greece,http://www.juniorsclub.gr,juniorsclub.gr,
6632217956,grambanglanews24.com,Sander Lammers,Bangladesh,http://www.grambanglanews24.com,grambanglanews24.com,
6594227233,Bucurestii Vechi si Noi,Wei Chen,Romania,http://www.bucurestiivechisinoi.ro,bucurestiivechisinoi.ro,
6594974266,獨立媒體 inmediahk.net,Rory Hunter,Hong Kong,http://www.inmediahk.net,inmediahk.net,
6602059438,National Herald,Rory Hunter,India,http://www.nationalheraldindia.com,nationalheraldindia.com,https://www.linkedin.com/company/national-herald-india
6602476452,Compsmag,Rory Hunter,India,http://www.compsmag.com,compsmag.com,https://www.linkedin.com/company/compsmag
6595110966,Flux24,Wei Chen,Romania,http://www.flux24.ro,flux24.ro,
6652657064,Kentucky Sports Radio,Sander Lammers,United States,http://www.kentuckysportsradio.com,kentuckysportsradio.com,https://www.linkedin.com/company/kentucky-sports-radio
6602064306,Autotriti.gr,Rory Hunter,Greece,http://www.autotriti.gr,autotriti.gr,https://www.linkedin.com/company/autotriti-sa
6567623749,TechGear,Rory Hunter,Greece,http://www.techgear.gr,techgear.gr,
6586270370,Artful Living,Sander Lammers,Turkey,http://www.artfulliving.com.tr,artfulliving.com.tr,https://www.linkedin.com/company/artful-living
6514197877,Motywacja non stop,Sander Lammers,Poland,http://www.motywacjanonstop.pl,motywacjanonstop.pl,
6629104915,Cyclades24.gr,Rory Hunter,Greece,http://www.cyclades24.gr,cyclades24.gr,https://www.linkedin.com/http://cyclades24.gr/%cf%8c%cf%81%ce%bf%ce%b9-%cf%87%cf%81%ce%ae%cf%83%ce%b7%cf%82/%3Fshare=linkedin&nb=1
6577882400,ANM News,Sander Lammers,India,http://www.anmnews.in,anmnews.in,https://www.linkedin.com/company/anmnewssabarage
6628890918,Diorismos.gr,Sander Lammers,Greece,http://www.diorismos.gr,diorismos.gr,
6545687143,Baschet Media,Wei Chen,Romania,http://www.baschet.ro,baschet.ro,
6644664653,North Country Now,Rory Hunter,United States,http://www.northcountrynow.com,northcountrynow.com,https://www.linkedin.com/company/northcountrynow.com
6448910887,Lipjani News Medie SHPK,Sander Lammers,Serbia,http://www.lipjaninews.com,lipjaninews.com,
6615794706,DivaHair,Sander Lammers,Romania,http://www.divahair.ro,divahair.ro,https://www.linkedin.com/company/diva-interactive
6594718037,Sanatatea Press Group,Wei Chen,Romania,http://www.sanatateapress.ro,sanatateapress.ro,https://www.linkedin.com/company/s%C4%83n%C4%83tatea-press-group
6615797523,Psihologia de Azi,Sander Lammers,Romania,http://www.psihologiadeazi.ro,psihologiadeazi.ro,
6515852586,MAXMAG,Rory Hunter,Greece,http://www.maxmag.gr,maxmag.gr,https://www.linkedin.com/company/maxmag
6406998706,Carson Now,Rory Hunter,United States,http://www.carsonnow.org,carsonnow.org,https://www.linkedin.com/company/carson-now
6578504777,PlayTech.ro,Rory Hunter,Romania,http://www.playtech.ro,playtech.ro,https://www.linkedin.com/company/playtehc
6524263862,AlokitoBhola-আলোকিত ভোলা,Rory Hunter,Bangladesh,http://www.alokitobhola.com,alokitobhola.com,
6580579937,Stiri din Bucovina,Wei Chen,Romania,http://www.stiridinbucovina.ro,stiridinbucovina.ro,
6601227308,Cevabun.ro,Wei Chen,Romania,http://www.cevabun.ro,cevabun.ro,
6567796761,Antikleidi,Sander Lammers,Greece,http://www.antikleidi.com,antikleidi.com,
6631045727,BUZAU ONLINE,Sander Lammers,Romania,http://www.buzau.net,buzau.net,
6559670683,Ziare,Rory Hunter,Romania,http://www.ziare.com,ziare.com,https://www.linkedin.com/company/ziare-com
6609007754,Suprabhaatham,Rory Hunter,India,http://www.suprabhaatham.com,suprabhaatham.com,https://www.linkedin.com/company/suprabhaatham-daily
6523820725,Times New Roman Media,Rory Hunter,Romania,http://www.timesnewroman.ro,timesnewroman.ro,
6616237620,Ecosnippets,Rory Hunter,United Kingdom,http://www.ecosnippets.com,ecosnippets.com,
6513356361,My Lomza,Wei Chen,Poland,http://www.mylomza.pl,mylomza.pl,
6594504547,Fractal,Wei Chen,Greece,http://www.fractalart.gr,fractalart.gr,
6595022436,News.gr,Wei Chen,Greece,http://www.news.gr,news.gr,https://www.linkedin.com/company/wine-news-gr
6631146817,STIRI de CLUJ,Rory Hunter,Romania,http://www.stiridecluj.ro,stiridecluj.ro,https://www.linkedin.com/company/stiri-de-cluj
6622427195,Prokal Multimedia,Sander Lammers,Indonesia,http://www.prokal.co,prokal.co,
6640859986,Mesmerizing words,Rory Hunter,India,http://www.mesmerizingwords.com,mesmerizingwords.com,
6524287840,Bollyy,Sander Lammers,India,http://www.bollyy.com,bollyy.com,
6622324794,Baby Chakra,Sander Lammers,India,http://www.babychakra.com,babychakra.com,https://www.linkedin.com/company/babychakra
6608844655,EpirusNow.gr,Rory Hunter,Greece,http://www.epirusnow.gr,epirusnow.gr,
6594666902,Lawnet,Wei Chen,Greece,http://www.lawnet.gr,lawnet.gr,https://www.linkedin.com/company/lawnet
6602362636,Főtér,Wei Chen,Romania,http://www.foter.ro,foter.ro,
6610723968,start-up.ro,Wei Chen,Romania,http://www.start-up.ro,start-up.ro,https://www.linkedin.com/company/startupro
6623135811,Eλληνοφρενεια,Rory Hunter,Greece,http://www.ellinofreneianet.gr,ellinofreneianet.gr,
6602557699,Couponing with Rachel,Wei Chen,United States,http://www.couponingwithrachel.com,couponingwithrachel.com,
6568725004,Nassosblog,Wei Chen,Greece,http://www.nassosblog.gr,nassosblog.gr,
6639777619,Csaladinet.hu,Sander Lammers,Hungary,http://www.csaladinet.hu,csaladinet.hu,https://www.linkedin.com/company/aladin-bt.
6623249494,FXStreet,Sander Lammers,Greece,http://www.fxstreet.com,fxstreet.com,https://www.linkedin.com/company/fxstreet
6434066713,ABC Media Ltd,Wei Chen,United States,http://www.zerohedge.com,zerohedge.com,https://www.linkedin.com/company/zerohedge
6511412101,Realitatea Media,Sander Lammers,Romania,http://www.realitateamedia.ro,realitateamedia.ro,
6577938059,Awesome Gang,Rory Hunter,United States,http://www.awesomegang.com,awesomegang.com,
6613158580,Autónavigátor.hu,Sander Lammers,Hungary,http://www.autonavigator.hu,autonavigator.hu,
6586341641,Diastixo.gr,Rory Hunter,Greece,http://www.diastixo.gr,diastixo.gr,https://www.linkedin.com/company/diastixo-gr
6579034759,Catchy.ro,Rory Hunter,Romania,http://www.catchy.ro,catchy.ro,https://www.linkedin.com/company/www-catchy-ro
6622777626,επιχειρώ,Wei Chen,Greece,http://www.epixeiro.gr,epixeiro.gr,https://www.linkedin.com/company/epixeiro-gr
6408462162,Kosova Sot Online,Sander Lammers,Serbia,http://www.kosova-sot.info,kosova-sot.info,
6578152120,ErgasiaTora.gr,Sander Lammers,Greece,http://www.ergasiatora.gr,ergasiatora.gr,
6610765478,KamuAjans,Rory Hunter,Turkey,http://www.kamuajans.com,kamuajans.com,
6594715555,Filantropikum.com,Wei Chen,Romania,http://www.filantropikum.com,filantropikum.com,
6644888996,John Pavlovitz,Sander Lammers,United States,http://www.johnpavlovitz.com,johnpavlovitz.com,https://www.linkedin.com/in/john-pavlovitz-b7542571/
6578032811,Bartın.info,Wei Chen,Turkey,http://www.bartin.info,bartin.info,
6594728621,Progressive Christianity,Wei Chen,United States,http://www.progressivechristianity.org,progressivechristianity.org,https://www.linkedin.com/company/the-center-for-progressive-christianity-inc
6608992299,Katiousa.gr,Wei Chen,Greece,http://www.katiousa.gr,katiousa.gr,
6608906784,e-dimosio.gr,Sander Lammers,Greece,http://www.e-dimosio.gr,e-dimosio.gr,
6569375837,Alfavita,Sander Lammers,Greece,http://www.alfavita.gr,alfavita.gr,https://www.linkedin.com/company/alfavita-gr
6554078825,Ziarul Metropolis,Wei Chen,Romania,http://www.ziarulmetropolis.ro,ziarulmetropolis.ro,
6632209815,GujjuRocks,Rory Hunter,India,http://www.gujjurocks.in,gujjurocks.in,
6602558801,T客邦,Wei Chen,Taiwan,http://www.techbang.com,techbang.com,http://linkedin.com/company/pchome-publication
6559671074,Sunt Sanatos,Sander Lammers,Romania,http://www.suntsanatos.ro,suntsanatos.ro,
6585316705,Copilul.ro,Rory Hunter,Romania,http://www.copilul.ro,copilul.ro,https://www.linkedin.com/company/copilul.ro
6567810975,Cariere,Wei Chen,Romania,http://www.revistacariere.ro,revistacariere.ro,https://www.linkedin.com/company/editura-cariere
6553101438,Runner Magazine,Rory Hunter,Greece,http://www.runnermagazine.gr,runnermagazine.gr,https://www.linkedin.com/company/runner-publications
6622813222,Bar and Bench,Damian Domanski,India,http://www.barandbench.com,barandbench.com,https://www.linkedin.com/company/barandbench
6616129456,EProperty News,Wei Chen,South Africa,http://www.eprop.co.za,eprop.co.za,https://www.linkedin.com/company/eprop---commercial-property-news-jobs-properties
6553673553,Homo Evolution,Wei Chen,Greece,http://www.homoevolution.com,homoevolution.com,https://www.linkedin.com/company/homo-evolution
6523801900,Beepdo,Wei Chen,Indonesia,http://www.beepdo.com,beepdo.com,
6608879378,Naftika Chronika,Rory Hunter,Greece,http://www.naftikachronika.gr,naftikachronika.gr,https://www.linkedin.com/company/naftika-chronika
6738887840,CekAja.com,Sander Lammers,Indonesia,http://www.cekaja.com,cekaja.com,https://www.linkedin.com/company/cekaja-com
6821785750,Pacific Daily News,Rory Hunter,United States,http://www.guampdn.com,guampdn.com,https://www.linkedin.com/company/pacific-daily-news
6828611595,Spotted Lublin,Sander Lammers,Poland,http://www.spottedlublin.pl,spottedlublin.pl,
6856803749,Indian Autos Blog,Rory Hunter,India,http://www.indianautosblog.com,indianautosblog.com,
6688649909,Bulgarian News Agency,Rory Hunter,Bulgaria,http://www.bta.bg,bta.bg,https://www.linkedin.com/company/bulgarian-news-agency
6745201170,Youth Carnival,Rory Hunter,Bangladesh,http://www.youthcarnival.org,youthcarnival.org,
6764556329,Zee Business,Rory Hunter,India,http://www.zeebiz.com,zeebiz.com,https://www.linkedin.com/company/zeebusiness
6833095766,MCPR Montgomery County Police Reporter,Rory Hunter,United States,http://www.montgomerycountypolicereporter.com,montgomerycountypolicereporter.com,
6731495960,Sabrang,Rory Hunter,India,http://www.sabrangindia.in,sabrangindia.in,
6687270834,Digital Broker Ventures,Wei Chen,Australia,http://www.dbventures.io,dbventures.io,https://www.linkedin.com/company/digital-broker-ventures
6685605717,Lider Media,Rory Hunter,Croatia,http://www.lider.media,lider.media,https://www.linkedin.com/company/lider-press-dd
6700415052,Infobunda,Sander Lammers,Indonesia,http://www.infobunda.com,infobunda.com,
6806683291,TheaterMania,Damian Domanski,United States,http://www.theatermania.com,theatermania.com,https://www.linkedin.com/company/theatermania
6653465248,CGM,Sander Lammers,Poland,http://www.cgm.pl,cgm.pl,
6700737623,Filing,Rory Hunter,Poland,http://www.samequizy.pl,samequizy.pl,
6823145602,World Traveler,Wei Chen,Hungary,http://www.vilagutazo.net,vilagutazo.net,
6672334470,Feyenoordpings,Rory Hunter,Netherlands,http://www.feyenoordpings.nl,feyenoordpings.nl,https://www.linkedin.com/company/feyenoordpings-nl
6771271853,StateCollege.com,Sander Lammers,United States,http://www.statecollege.com,statecollege.com,https://www.linkedin.com/company/lazerpro-digital-media-group-inc
6881982212,History of Royal Women,Sander Lammers,Netherlands,http://www.historyofroyalwomen.com,historyofroyalwomen.com,
6795852586,Maasranga News,Sander Lammers,Bangladesh,http://www.maasranga24.com,maasranga24.com,
6802869040,Tax Scan,Sander Lammers,India,http://www.taxscan.in,taxscan.in,https://www.linkedin.com/company/tax-scan-9aa530129
6681307766,Onno Diganta,Wei Chen,Bangladesh,http://www.onnoekdiganta.com,onnoekdiganta.com,
6766941469,Topnovini.bg,Wei Chen,Bulgaria,http://www.topnovini.bg,topnovini.bg,
6732959772,Greater Jammu,Wei Chen,India,http://www.greaterjammu.com,greaterjammu.com,
6700533815,South Indian Jewellery,Sander Lammers,India,http://www.southjewellery.com,southjewellery.com,
6830202697,World Socialist Web Site,Rory Hunter,United States,http://www.wsws.org,wsws.org,
6830725246,Speedcafe.com,Sander Lammers,Australia,http://www.speedcafe.com,speedcafe.com,https://www.linkedin.com/company/speedcafe
6693044146,SneakerFiles,Sander Lammers,United States,http://www.sneakerfiles.com,sneakerfiles.com,https://www.linkedin.com/company/sneaker-files
6707396246,Globe Media Group,Damian Domanski,Indonesia,http://www.jakartaglobe.id,jakartaglobe.id,https://www.linkedin.com/company/the-jakarta-globe
6880227912,Amerikalı Türkler,Rory Hunter,United States,http://www.amerikaliturk.com,amerikaliturk.com,https://www.linkedin.com/company/amerikali-turkler
6673313953,Final Score Media LTD,Wei Chen,Hungary,http://www.nb1.hu,nb1.hu,
6814550856,Popdiaries,Rory Hunter,India,http://www.popdiaries.com,popdiaries.com,https://www.linkedin.com/company/pop-diaries
6692372609,Reporter Live,Damian Domanski,India,http://www.reporterlive.com,reporterlive.com,https://www.linkedin.com/company/reporter
6692327555,ICC,Damian Domanski,United Arab Emirates,http://www.icc-cricket.com,icc-cricket.com,https://www.linkedin.com/company/international-cricket-council
6660390294,BeautyExchange.com,Rory Hunter,Hong Kong,http://www.beautyexchange.com.hk,beautyexchange.com.hk,https://www.linkedin.com/company/beauty-exchange
6764590937,Padma News,Rory Hunter,Bangladesh,http://www.padmanews24.com,padmanews24.com,
6794411414,Lupa.bg,Wei Chen,Bulgaria,http://www.lupa.bg,lupa.bg,
6693320348,Deshbandhu,Damian Domanski,India,http://www.deshbandhu.co.in,deshbandhu.co.in,https://www.linkedin.com/company/deshbandhu
6732277800,Hindu Post,Sander Lammers,India,http://www.hindupost.in,hindupost.in,
6741747640,State Times,Rory Hunter,India,http://web.statetimes.in,web.statetimes.in,https://www.linkedin.com/company/state-times---india
6863082080,Innovative Media,Damian Domanski,United States,http://www.zenit.org,zenit.org,https://www.linkedin.com/company/zenit-news-agency
6680886083,HotHardware,Sander Lammers,Australia,http://www.hothardware.com,hothardware.com,https://www.linkedin.com/company/hothardware.com
6712876394,Sneaker Bar Detroit,Rory Hunter,United States,http://www.sneakerbardetroit.com,sneakerbardetroit.com,
6718940685,RadioDMS.com,Wei Chen,Indonesia,http://www.radiodms.com,radiodms.com,
6802853634,Spiritualify,Sander Lammers,United States,http://www.spiritualify.org,spiritualify.org,
6700454170,Beauty美人圈,Sander Lammers,Taiwan,http://www.beauty321.com,beauty321.com,
6741461677,St. George News,Rory Hunter,United States,http://www.stgeorgeutah.com,stgeorgeutah.com,https://www.linkedin.com/company-beta/1575835/
6731504313,Punto Central Luzo,Wei Chen,Philippines,http://www.punto.com.ph,punto.com.ph,
6881217956,FreeDomMedia,Sander Lammers,Poland,http://www.warszawskagazeta.pl,warszawskagazeta.pl,
6727103605,VOA Korea,Wei Chen,United States,http://www.voakorea.com,voakorea.com,
6713760175,Mitrovica SOT,Rory Hunter,Serbia,http://www.mitrovicasot.net,mitrovicasot.net,
6673061945,Florida Politics,Wei Chen,United States,http://www.floridapolitics.com,floridapolitics.com,
6687735310,媽媽寶寶,Wei Chen,Taiwan,http://www.mombaby.com.tw,mombaby.com.tw,
6853750811,men's uno HK,Rory Hunter,Hong Kong,http://www.mensuno.hk,mensuno.hk,https://www.linkedin.com/company/mensunohk
6673289304,Bluebonnet News,Wei Chen,United States,http://www.bluebonnetnews.com,bluebonnetnews.com,
6686152732,OILMAN Magazine,Wei Chen,Australia,http://www.oilmanmagazine.com,oilmanmagazine.com,https://www.linkedin.com/company/oilman-magazine
6680009141,KION News Channel 5 46,Damian Domanski,United States,http://www.kion546.com,kion546.com,
6688538934,The Dartmouth,Rory Hunter,Australia,http://www.thedartmouth.com,thedartmouth.com,https://www.linkedin.com/company/the-dartmouth-inc.
6707407703,The Film Stage,Rory Hunter,United States,http://www.thefilmstage.com,thefilmstage.com,https://www.linkedin.com/company/the-film-stage
6769634590,TNI Angkatan Darat,Wei Chen,Indonesia,http://www.tniad.mil.id,tniad.mil.id,
6771486007,Novizivot.net,Sander Lammers,Croatia,http://www.novizivot.net,novizivot.net,
6753267509,Yalansavar,Rory Hunter,Turkey,http://www.yalansavar.org,yalansavar.org,https://www.linkedin.com/company/yalansavar
6773592591,Geology Page,Rory Hunter,United Kingdom,http://www.geologypage.com,geologypage.com,https://www.linkedin.com/company/geology-page
6805023016,好房網News,Wei Chen,Taiwan,http://www.housefun.com.tw,housefun.com.tw,
6831449499,Sakshi Education,Sander Lammers,India,http://www.sakshieducation.com,sakshieducation.com,
6794207808,Gboah.com,Wei Chen,Nigeria,http://www.gboah.com,gboah.com,
6731736968,West Bridgford Wire,Wei Chen,United Kingdom,http://www.westbridgfordwire.com,westbridgfordwire.com,
6880117408,PaRrotlla,Sander Lammers,Serbia,http://www.parrotlla.org,parrotlla.org,
6881445011,News Diary Online,Sander Lammers,Nigeria,http://www.newsdiaryonline.com,newsdiaryonline.com,
6853840701,Inextlive,Rory Hunter,India,http://www.inextlive.com,inextlive.com,
6881947018,Flicks Film Media Network,Sander Lammers,India,http://www.tofler.in,tofler.in,https://www.linkedin.com/company/tofler
6659044946,Epodravina.hr,Wei Chen,Croatia,http://www.epodravina.hr,epodravina.hr,
6660408135,Dhaka Today,Sander Lammers,Bangladesh,http://www.dhakatoday.com,dhakatoday.com,
6855440423,WMN Média,Wei Chen,Hungary,http://www.wmn.hu,wmn.hu,https://www.linkedin.com/company/wmn-hu
6829519791,Jetso Club,Sander Lammers,Hong Kong,http://www.jetsoclub.com,jetsoclub.com,
6794203211,Etbilarabi,Rory Hunter,United Arab Emirates,http://www.etbilarabi.com,etbilarabi.com,
6772069476,Inspiration FM 92.3,Rory Hunter,Nigeria,http://www.ifm923.com,ifm923.com,
6853692227,The Stranger,Damian Domanski,United States,http://www.thestranger.com,thestranger.com,https://www.linkedin.com/company/the-stranger
6752059831,The Business Standard,Wei Chen,Bangladesh,http://www.tbsnews.net,tbsnews.net,https://www.linkedin.com/company/the-business-standard
6738861423,Bella Taiwan 儂儂,Sander Lammers,Taiwan,http://www.bella.tw,bella.tw,
6687823460,Special Coverage News,Rory Hunter,India,http://www.specialcoveragenews.in,specialcoveragenews.in,https://www.linkedin.com/company/special-coverage
6718703793,The Mary Sue,Wei Chen,United States,http://www.themarysue.com,themarysue.com,https://www.linkedin.com/company/the-mary-sue
6827278655,Game Media Asia,Sander Lammers,Indonesia,http://www.gamemediaasia.com,gamemediaasia.com,
6757858050,HMTV Live,Rory Hunter,India,http://www.hmtvlive.com,hmtvlive.com,https://www.linkedin.com/company/hmtv-hydarabad-media-house-
6855389522,Grupa Weszło,Rory Hunter,Poland,http://www.weszlo.com,weszlo.com,
6804997452,New Age,Damian Domanski,Bangladesh,http://www.newagebd.net,newagebd.net,
6806628967,Femina Média,Rory Hunter,Hungary,http://www.femina.hu,femina.hu,https://www.linkedin.com/company/femina.-hu-kft.
6700370829,Catholics Striving for Holiness,Rory Hunter,United States,http://www.catholicsstrivingforholiness.org,catholicsstrivingforholiness.org,
6833462428,Filipino Recipe Portal,Sander Lammers,Philippines,http://www.pinoyrecipe.net,pinoyrecipe.net,
6692978490,Todo-Mail.com,Wei Chen,Malta,http://www.todo-mail.com,todo-mail.com,
6660448291,Electrical Engineering Portal,Sander Lammers,Serbia,http://www.electrical-engineering-portal.com,electrical-engineering-portal.com,https://www.linkedin.com/company/eep---electrical-engineering-portal
6758832646,Royal Bulletin,Rory Hunter,India,http://www.royalbulletin.in,royalbulletin.in,https://www.linkedin.com/company/royal-bulletin
6671697782,UK Defence Journal,Wei Chen,United Kingdom,http://www.ukdefencejournal.org.uk,ukdefencejournal.org.uk,https://www.linkedin.com/company/uk-defence-journal
6671843402,Fossbytes,Sander Lammers,India,http://www.fossbytes.com,fossbytes.com,https://www.linkedin.com/company/fossbytes
6700443789,City 42,Rory Hunter,Pakistan,http://www.city42.tv,city42.tv,https://www.linkedin.com/company/city42
6700422287,Whispers Media,Rory Hunter,Ireland,http://www.waterfordwhispersnews.com,waterfordwhispersnews.com,
6673302331,Nanowerk LLC,Wei Chen,United States,http://www.nanowerk.com,nanowerk.com,https://www.linkedin.com/company/nanowerk
6856054111,Mérce,Sander Lammers,Hungary,http://www.merce.hu,merce.hu,
6821908069,Saigon Broadcasting Television Network,Damian Domanski,United States,http://www.sbtn.tv,sbtn.tv,https://www.linkedin.com/company/saigon-broadcasting-television-network
6773012302,SAGMart,Sander Lammers,India,http://www.sagmart.com,sagmart.com,https://www.linkedin.com/company/sagmart-com
6913336089,Narodowe Centrum Kultury,Rory Hunter,Poland,http://www.nck.pl,nck.pl,https://www.linkedin.com/company/narodowe-centrum-kultury
6920888462,Sinjali,Wei Chen,Serbia,http://www.sinjali.com,sinjali.com,
7053647204,Stack3d,Sander Lammers,New Zealand,http://www.stack3d.com,stack3d.com,
6999273789,Radio Wnet,Wei Chen,Poland,http://www.wnet.fm,wnet.fm,
6886752887,Neuroscience News,Rory Hunter,United States,http://www.neurosciencenews.com,neurosciencenews.com,https://www.linkedin.com/company/neuroscience-news
7001186371,MediaNama,Wei Chen,India,http://www.medianama.com,medianama.com,https://www.linkedin.com/company/medianama
6974940076,RTV Slon,Sander Lammers,Bosnia and Herzegovina,http://www.rtvslon.ba,rtvslon.ba,https://www.linkedin.com/company/tv-slon-extra
6918433101,KNN,Sander Lammers,Serbia,http://www.aab-edu.net,aab-edu.net,https://www.linkedin.com/company/aab-college
6936689766,Racingline.hu,Sander Lammers,Hungary,http://www.racingline.hu,racingline.hu,https://www.linkedin.com/company/racingliniehu
6913261828,Aenaos,Wei Chen,Greece,http://www.aenaos.org,aenaos.org,
6930075401,Portside,Wei Chen,United States,http://www.portside.org,portside.org,
7038591377,RizeninSesi,Wei Chen,Turkey,http://www.rizeninsesi.net,rizeninsesi.net,
6947750914,Radio-Television of Vojvodina,Damian Domanski,Serbia,http://www.rtv.rs,rtv.rs,https://www.linkedin.com/company/radio-televizija-vojvodine
6887192988,Folks Networks & Communication Private,Rory Hunter,India,http://www.panchayattimes.com,panchayattimes.com,
6936288369,SamoProvjereno.com,Rory Hunter,Croatia,http://www.samoprovjereno.com,samoprovjereno.com,
6907601048,Uddoktar khoje,Wei Chen,Bangladesh,http://www.uddoktarkhoje.com,uddoktarkhoje.com,
6984406895,Bolu Gündem Newspaper,Wei Chen,Turkey,http://www.bolugundem.com,bolugundem.com,
6886920283,Hukum Online,Sander Lammers,Indonesia,http://www.hukumonline.com,hukumonline.com,https://www.linkedin.com/company/hukumonline.com
6974872731,Excite Global Media Ltd.,Rory Hunter,United Kingdom,http://www.exciteglobalmedia.co.uk,exciteglobalmedia.co.uk,
6886813782,TechSpot,Sander Lammers,United States,http://www.techspot.com,techspot.com,
6930112829,Maverick Multimedia,Sander Lammers,United States,http://www.spacecoastdaily.com,spacecoastdaily.com,https://www.linkedin.com/company/space-coast-daily
6937603247,Moj USK,Sander Lammers,Bosnia and Herzegovina,http://www.mojusk.ba,mojusk.ba,
6907080350,Netral Kontinental Media,Rory Hunter,Indonesia,http://www.netralnews.com,netralnews.com,https://www.linkedin.com/company/netralnews-english
6901071716,Epilekta,Sander Lammers,Greece,http://www.epilekta.com,epilekta.com,
6907550857,Tagar News,Sander Lammers,Indonesia,http://www.tagar.id,tagar.id,https://www.linkedin.com/company/tagar-creative-boutique-agency
6929944376,Wake World,Wei Chen,United States,http://www.wakeworld.com,wakeworld.com,
6901851994,iNPAOK,Sander Lammers,Greece,http://www.inpaok.com,inpaok.com,
6972362158,Focus-Nunti,Wei Chen,Bulgaria,http://www.focus-news.net,focus-news.net,https://www.linkedin.com/company/1178679
6936696655,Journal.hr,Sander Lammers,Croatia,http://www.journal.hr,journal.hr,https://www.linkedin.com/company/journalhr
6901090409,Bedlam Farm Journal,Wei Chen,United States,http://www.bedlamfarm.com,bedlamfarm.com,
6901192809,Mosaic Media Ventures,Sander Lammers,India,https://www.vccircle.com,vccircle.com,https://www.linkedin.com/company/vccircle
7009951638,News Hook,Wei Chen,India,http://www.newzhook.com,newzhook.com,https://www.linkedin.com/company/newzhook
6897088094,Gazete Manifesto,Sander Lammers,Turkey,http://www.gazetemanifesto.com,gazetemanifesto.com,
6914014556,Latino Review,Wei Chen,United States,http://www.lrmonline.com,lrmonline.com,
6942377867,Trsondakika,Rory Hunter,Turkey,http://www.trsondakika.com,trsondakika.com,https://www.linkedin.com/company/trsondaki%CC%87ka
6919592758,Lowongan Kerja Jawa Tengah (Java Jobs),Wei Chen,Indonesia,http://www.lokersoloraya.com,lokersoloraya.com,
6941987470,Llap.info,Wei Chen,Serbia,http://www.llapi.info,llapi.info,
6968512275,Dheivegam,Sander Lammers,India,http://www.dheivegam.com,dheivegam.com,
6914258773,Yüzde Yüz Haber,Wei Chen,Turkey,http://www.haberyuzdeyuz.com,haberyuzdeyuz.com,
7001273860,Moj Bečej,Wei Chen,Serbia,http://www.mojbecej.rs,mojbecej.rs,
6918188052,Marta Potoczek - Leniwa niedziela,Wei Chen,Poland,http://www.leniwaniedziela.pl,leniwaniedziela.pl,
6965911932,Hoops Rumors,Rory Hunter,United States,http://www.hoopsrumors.com,hoopsrumors.com,
6982567550,Clipboard Media & Content,Wei Chen,Netherlands,http://www.clipboardmedia.nl,clipboardmedia.nl,https://www.linkedin.com/company/clipboard-publishing
6896018265,App Spring Inc,Rory Hunter,United States,http://www.listchallenges.com,listchallenges.com,
6999118719,Tarsus Haber,Rory Hunter,Turkey,http://www.tarsushaber.com,tarsushaber.com,
6958414744,Le Courrier Australien,Rory Hunter,Australia,http://www.lecourrieraustralien.com,lecourrieraustralien.com,https://www.linkedin.com/company/le-courrier-australien
6993355662,Your Therapy Source,Wei Chen,United States,http://www.yourtherapysource.com,yourtherapysource.com,https://www.linkedin.com/company-beta/2951630/
6975431582,Kamenjar,Rory Hunter,Croatia,http://www.kamenjar.com,kamenjar.com,
7013978701,遊戲大亂鬥,Rory Hunter,Taiwan,http://www.league-funny.com,league-funny.com,
6975389848,Kidney Buzz,Rory Hunter,United States,http://www.kidneybuzz.com,kidneybuzz.com,
6914133116,Grupa Farmacja,Wei Chen,Poland,http://www.grupafarmacja.net,grupafarmacja.net,https://www.linkedin.com/company/farmacja-net
6948390477,Cosmopoliti,Rory Hunter,Greece,http://www.cosmopoliti.com,cosmopoliti.com,
6901779981,Din Înţelepciunea Marilor Maeştri,Sander Lammers,Romania,http://www.detoatepentrutotisimaimult.blog,detoatepentrutotisimaimult.blog,
6901438005,Труд медия,Rory Hunter,Bulgaria,http://www.trud.bg,trud.bg,
6912261998,प्राइमरी का मास्टर (Primary Ka Master),Wei Chen,India,http://www.primarykamaster.com,primarykamaster.com,
7020218626,Corporate Magazine,Sander Lammers,Bangladesh,http://www.corporatenews.com.bd,corporatenews.com.bd,https://www.linkedin.com/company/corporate-magazine
6936413701,Demokrata,Rory Hunter,Hungary,http://www.demokrata.hu,demokrata.hu,
6920178191,Stowarzyszenie Dolnośląski Instytut Korfantego,Sander Lammers,Poland,http://www.wdolnymslasku.com,wdolnymslasku.com,
6929468799,Múlt-kor Kulturális Alapítvány,Sander Lammers,Hungary,http://www.mult-kor.hu,mult-kor.hu,
6912270715,Момичетата от града,Wei Chen,Bulgaria,http://www.momichetata.com,momichetata.com,
6901931294,Narodni Lijek,Sander Lammers,Croatia,http://www.narodnilijek.com,narodnilijek.com,
6931761750,Koncomania.pl,Sander Lammers,Poland,http://www.koncertomania.pl,koncertomania.pl,
6997034885,Salina Post,Rory Hunter,United States,http://www.salinapost.com,salinapost.com,https://www.linkedin.com/company/salina-guns-and-hoses
6966371759,Larende Medya,Wei Chen,Turkey,http://www.larende.com,larende.com,
6944090225,Today's Bitcoin News,Wei Chen,United States,http://www.newsbtc.com,newsbtc.com,https://www.linkedin.com/company/newsbtc
6887225881,eTeknix,Damian Domanski,United Kingdom,http://www.eteknix.com,eteknix.com,https://www.linkedin.com/company/eteknix
6955184687,Scuttlebutt Sailing News,Rory Hunter,United States,http://www.sailingscuttlebutt.com,sailingscuttlebutt.com,http://www.linkedin.com/company/1603327
6972438836,Grupa Wydawnicza Słowo,Wei Chen,Poland,http://www.supertydzien.pl,supertydzien.pl,
6908705647,How we made it in Africa,Rory Hunter,South Africa,http://www.howwemadeitinafrica.com,howwemadeitinafrica.com,https://www.linkedin.com/company/how-we-made-it-in-africa
6932189591,CEOtudent,Sander Lammers,Turkey,http://www.ceotudent.com,ceotudent.com,https://www.linkedin.com/company/ceotudent
6914326152,The Tao of Dana,Wei Chen,United States,http://www.fengshuidana.com,fengshuidana.com,
6921283879,Esmi TV,Rory Hunter,Indonesia,http://www.esmitv.com,esmitv.com,https://www.linkedin.com/company/telecorporaci-n-salvadore-a
6928041820,Buxar Khabar,Sander Lammers,India,http://www.buxarkhabar.com,buxarkhabar.com,
6897523373,Police News,Sander Lammers,Greece,http://www.policenews.eu,policenews.eu,
6942482033,السورية نت Alsouria Net,Wei Chen,Turkey,http://www.alsouria.net,alsouria.net,
6985926821,The Chronicle Telegram,Damian Domanski,United States,http://www.chroniclet.com,chroniclet.com,https://www.linkedin.com/company/lorain-county-printing-and-publishing
6974080115,Maha MTB,Rory Hunter,India,http://www.mahamtb.com,mahamtb.com,https://www.linkedin.com/company/mahamtb
7027055642,Soda LIVE,Wei Chen,Bosnia and Herzegovina,http://www.sodalive.ba,sodalive.ba,https://www.linkedin.com/company/sodalive-ba-lukava-ki-info-portal
6972458847,Vxo media,Wei Chen,Sweden,http://www.vxonews.se,vxonews.se,https://www.linkedin.com/company/vxonews
6943946543,Mreža Mira (Peace Network),Wei Chen,Bosnia and Herzegovina,http://www.mreza-mira.net,mreza-mira.net,
6944009006,WKDZ Radio,Rory Hunter,United States,http://www.wkdzradio.com,wkdzradio.com,https://www.linkedin.com/company/wkdz
6973601381,Benchmark Serbia,Wei Chen,Serbia,http://www.benchmark.rs,benchmark.rs,https://www.linkedin.com/company/benchmark-retail-services-ltd
7001212801,Utuado Hoy,Wei Chen,United States,http://www.utuadohoy.com,utuadohoy.com,https://www.linkedin.com/company/utuadohoy
6950871452,On MSFT,Wei Chen,United States,http://www.onmsft.com,onmsft.com,https://www.linkedin.com/company/onmsft
6993578760,Moguldom,Wei Chen,United States,http://www.moguldom.com,moguldom.com,https://www.linkedin.com/company/moguldom-media-group-llc
6902229431,Alhambra Press,Wei Chen,Hungary,http://www.hang.hu,hang.hu,
6954603606,Race Pro Weekly,Wei Chen,United States,http://www.raceproweekly.com,raceproweekly.com,https://www.linkedin.com/company/race-pro-weekly
6941890833,Sve Osim Politike,Wei Chen,Bosnia and Herzegovina,http://www.sop.ba,sop.ba,
6887131479,ND News & Reviews,Sander Lammers,United States,http://www.ndnr.com,ndnr.com,https://www.linkedin.com/company/naturopathic-doctors-news-and-review
6936864942,Technologue ID,Sander Lammers,Indonesia,http://www.technologue.id,technologue.id,https://www.linkedin.com/company/technologue.id
6993409024,Magna Polonia,Wei Chen,Poland,http://www.magnapolonia.org,magnapolonia.org,
6972327241,Hét Nap Lapkiadó,Rory Hunter,Serbia,http://www.hetnap.rs,hetnap.rs,
7038740053,SAFETY4SEA,Rory Hunter,Greece,http://www.safety4sea.com,safety4sea.com,https://www.linkedin.com/company/safety4sea
7022735989,Turizm Günlüğü,Wei Chen,Turkey,http://www.turizmgunlugu.com,turizmgunlugu.com,https://www.linkedin.com/company/turizmgunlugu
6974032192,Sandžačke,Sander Lammers,Serbia,http://www.sandzacke.rs,sandzacke.rs,
6901741966,Fundacja Polska Ziemia,Wei Chen,Poland,http://www.polskaziemia.pl,polskaziemia.pl,
7022125688,EtikHaber,Rory Hunter,Turkey,http://www.etikhaber.com,etikhaber.com,
7001061040,Gefle Dagblad,Rory Hunter,Sweden,http://www.gd.se,gd.se,https://www.linkedin.com/company/grupo-gd-participa%C3%A7%C3%B5es-e-investimentos
7001291444,The Batavian,Wei Chen,United States,http://www.thebatavian.com,thebatavian.com,
6908944177,Gazete Emek,Sander Lammers,Turkey,http://www.gazeteemek.net,gazeteemek.net,
7392614051,Tygodnik Poradnik Rolniczy,Rory Hunter,Poland,http://www.tygodnik-rolniczy.pl,tygodnik-rolniczy.pl,https://www.linkedin.com/company/tygodnik-rolniczy
7383015695,TheBluez.gr,Wei Chen,Greece,http://www.thebluez.gr,thebluez.gr,https://www.linkedin.com/company/thebluez-gr
7309652659,JTV,Damian Domanski,United States,http://www.jtv.tv,jtv.tv,https://www.linkedin.com/company/jtv-inc.
7518775587,Active News,Rory Hunter,Romania,http://www.activenews.ro,activenews.ro,
7392407704,Brakpan Herald,Wei Chen,South Africa,http://www.brakpanherald.co.za,brakpanherald.co.za,https://www.linkedin.com/company/brakpan-herald
7392585382,Bostanistas.gr,Rory Hunter,Greece,http://www.bostanistas.gr,bostanistas.gr,
7157265053,Tech Times,Rory Hunter,United States,http://www.techtimes.com,techtimes.com,https://www.linkedin.com/company/tech-times
7392338840,Land Line Media,Wei Chen,United States,http://www.landlinemag.com,landlinemag.com,https://www.linkedin.com/company/landlinemedia
7392684197,The Swindonian,Wei Chen,United Kingdom,http://www.theswindonian.co.uk,theswindonian.co.uk,
7501829410,Diyanet Haber,Wei Chen,Turkey,http://www.diyanethaber.com.tr,diyanethaber.com.tr,
7392608939,Zile si Nopti,Rory Hunter,Romania,http://www.zilesinopti.ro,zilesinopti.ro,https://www.linkedin.com/company/zile-si-nopti-bucuresti
7392407703,deadpress.co.uk,Rory Hunter,United Kingdom,http://www.deadpress.co.uk,deadpress.co.uk,https://www.linkedin.com/company/dead-press-
7305441659,Soldier Systems Daily,Wei Chen,United States,http://www.soldiersystems.net,soldiersystems.net,
7392407701,Mindanews,Rory Hunter,Philippines,http://www.mindanews.com,mindanews.com,
7392595886,Echo/Ridge Times Newspapers,Wei Chen,South Africa,http://www.ridgetimes.co.za,ridgetimes.co.za,
7427863981,AkademiKadro.Net,Sander Lammers,Turkey,http://www.akademikadro.net,akademikadro.net,
7390862741,RaceFans,Wei Chen,United Kingdom,http://www.racefans.net,racefans.net,
7443458488,Poljoprivreda,Wei Chen,Bosnia and Herzegovina,http://www.poljoprivreda.ba,poljoprivreda.ba,
7304485752,Geraldton Guardian,Rory Hunter,Australia,http://www.geraldtonguardian.com.au,geraldtonguardian.com.au,https://www.linkedin.com/company/geraldton-newspapers-pty-ltd
7374609298,KK24.pl,Wei Chen,Poland,http://www.kk24.pl,kk24.pl,
7053859923,Oxygen Press,Sander Lammers,Serbia,http://www.oxygenpress.info,oxygenpress.info,
7435287563,SDCC Blog,Wei Chen,United States,http://www.sdccblog.com,sdccblog.com,
7355498050,Alpha News,Wei Chen,United States,http://www.alphanews.org,alphanews.org,
7435212805,Hope Media Taiwan,Wei Chen,Taiwan,http://www.hopemedia.tw,hopemedia.tw,
7501764111,Sambad English,Wei Chen,India,http://www.sambadenglish.com,sambadenglish.com,
7359908992,Universul.net,Wei Chen,Romania,http://www.universul.net,universul.net,
7355304792,Miki's Hope,Wei Chen,United Kingdom,http://www.mikishope.com,mikishope.com,
7304022890,JAMnews,Wei Chen,Turkey,http://www.jam-news.net,jam-news.net,https://www.linkedin.com/company/jamnews
7392543380,cinemagazine.gr,Sander Lammers,Greece,http://www.cinemagazine.gr,cinemagazine.gr,
7392408229,Travronden,Wei Chen,Sweden,http://www.travronden.se,travronden.se,
7353319029,Es Gündem 26,Wei Chen,Turkey,http://www.esgundem26.com,esgundem26.com,
7312546463,HT Digital Streams Limited,Wei Chen,India,http://www.healthshots.com,healthshots.com,https://www.linkedin.com/company/health-shots
7305485877,Nacional,Rory Hunter,Croatia,http://www.nacional.hr,nacional.hr,https://www.linkedin.com/company/nacional-news-corporation
7397324967,Shacara,Wei Chen,Nigeria,http://www.shacara.com,shacara.com,
7397374885,TenPoznan,Wei Chen,Poland,http://www.tenpoznan.pl,tenpoznan.pl,
7364453027,everymum.ie,Wei Chen,Ireland,http://www.everymum.ie,everymum.ie,https://www.linkedin.com/company/eumom
7294880662,Οδηγός του Πολίτη,Wei Chen,Greece,http://www.odigostoupoliti.eu,odigostoupoliti.eu,
7520003426,Ships & Ports,Rory Hunter,Nigeria,http://www.shipsandports.com.ng,shipsandports.com.ng,https://www.linkedin.com/company/ships-&-ports
7430807732,shajgoj.com - সাজগোজ,Sander Lammers,Bangladesh,http://www.shajgoj.com,shajgoj.com,https://www.linkedin.com/company/shajgoj-com
7455582781,District8,Wei Chen,Netherlands,http://www.district8.net,district8.net,
7348380829,Ekmek ve Gül,Wei Chen,Turkey,http://www.ekmekvegul.net,ekmekvegul.net,
7348355994,Eurovizyon,Rory Hunter,Turkey,http://www.eurovizyon.co.uk,eurovizyon.co.uk,
7398145936,WOW Japan,Rory Hunter,Indonesia,http://www.wowjapan.asia,wowjapan.asia,
7304441355,Trelleborgs Allehanda,Wei Chen,Sweden,http://www.trelleborgsallehanda.se,trelleborgsallehanda.se,https://www.linkedin.com/company/trelleborgs-allehanda
7382850407,Devnetjobsindia.org,Wei Chen,India,http://www.devnetjobsindia.org,devnetjobsindia.org,https://www.linkedin.com/company/devnetjobsindia.org
7312618922,Botosaneanul,Rory Hunter,Romania,http://www.botosaneanul.ro,botosaneanul.ro,
7304102178,Smålänningen,Rory Hunter,Sweden,http://www.smalanningen.se,smalanningen.se,https://www.linkedin.com/company/sm%C3%A5l%C3%A4nningen
7399425395,Pollstar,Damian Domanski,United States,http://www.pollstar.com,pollstar.com,https://www.linkedin.com/company/pollstar
7420271411,TEOL.hu,Wei Chen,Hungary,http://www.teol.hu,teol.hu,
7398460036,Digit,Sander Lammers,India,http://www.digit.in,digit.in,https://www.linkedin.com/company/digit-co
7392639269,Cool Artisan,Wei Chen,Greece,http://www.coolartisan.gr,coolartisan.gr,
7392644901,Sioux Falls.Business,Wei Chen,United States,http://www.siouxfalls.business,siouxfalls.business,https://www.linkedin.com/company/siouxfalls.business
7392644900,PnG FUN,Wei Chen,Bulgaria,http://www.pia-news.com,pia-news.com,https://www.linkedin.com/company/pia-news
7126798915,Nea Drasis,Wei Chen,Greece,http://www.neadrasis.gr,neadrasis.gr,
7383009411,HospiBuz,Wei Chen,India,http://www.hospibuz.com,hospibuz.com,https://www.linkedin.com/company/hospibuz
7427844395,etransport.pl,Sander Lammers,Poland,http://www.etransport.pl,etransport.pl,https://www.linkedin.com/company/novemedia
7392586292,Federalist Party,Rory Hunter,United States,http://www.noqreport.com,noqreport.com,
7518571953,Marie Claire Taiwan,Rory Hunter,Taiwan,http://www.marieclaire.com.tw,marieclaire.com.tw,
7392527417,SoHum Awareness,Wei Chen,United States,http://www.kymkemp.com,kymkemp.com,
7398585446,Ditori,Wei Chen,Croatia,http://www.ditori.com,ditori.com,
7392527423,North Coast Courier,Rory Hunter,South Africa,http://www.northcoastcourier.co.za,northcoastcourier.co.za,https://www.linkedin.com/company/the-north-coast-courier
7519593875,All About Music,Wei Chen,Poland,http://www.allaboutmusic.pl,allaboutmusic.pl,
7477184527,Newsgarden24.com,Wei Chen,Bangladesh,http://www.newsgarden24.com,newsgarden24.com,
7392625672,Ergasianews,Wei Chen,Greece,http://www.ergasianews.gr,ergasianews.gr,
7398628180,Gaon Connection,Damian Domanski,India,http://www.gaonconnection.com,gaonconnection.com,https://www.linkedin.com/company/gaon-connection
7378993535,Agricultural Research Communication Centre,Rory Hunter,India,http://www.arccjournals.com,arccjournals.com,https://www.linkedin.com/company/arcc-journals
7392533519,Izumitelno,Sander Lammers,Bulgaria,http://www.izumitelno.com,izumitelno.com,
7359708701,Christmas Discount Offers,Wei Chen,United Kingdom,http://www.christmasdiscountoffers.co.uk,christmasdiscountoffers.co.uk,
7359842075,Testbook.com,Wei Chen,India,http://www.testbook.com,testbook.com,https://www.linkedin.com/company/testbook-com
7348394312,eKorinthos.gr,Rory Hunter,Greece,http://www.ekorinthos.gr,ekorinthos.gr,
7397299551,Wheels.PH,Wei Chen,Philippines,http://www.wheels.ph,wheels.ph,
7374347568,CiechanowInaczej Lokalny Portal Informacyjny,Wei Chen,Poland,http://www.ciechanowinaczej.pl,ciechanowinaczej.pl,
7347599689,Cetățeanul.net,Rory Hunter,Romania,http://www.cetateanul.net,cetateanul.net,
7392573979,Digital Age,Rory Hunter,Turkey,http://www.digitalage.com.tr,digitalage.com.tr,https://www.linkedin.com/company/digital-age-dergisi
7392573981,Arkitera.com,Rory Hunter,Turkey,http://www.arkitera.com,arkitera.com,https://www.linkedin.com/company/arkitera-com
7392573983,The Register-Mail,Damian Domanski,United States,http://www.galesburg.com,galesburg.com,https://www.linkedin.com/company/the-register-mail
7295219740,Thailandblog.nl,Wei Chen,Netherlands,http://www.thailandblog.nl,thailandblog.nl,
7392563561,Polokwane Observer,Wei Chen,South Africa,http://www.observer.co.za,observer.co.za,
7295996715,ELLE Serbia,Rory Hunter,Serbia,http://www.elle.rs,elle.rs,
7348162093,Agonas tis Kritis,Wei Chen,Greece,http://www.agonaskritis.gr,agonaskritis.gr,
7392563573,Rijeka Danas,Sander Lammers,Croatia,http://www.rijekadanas.com,rijekadanas.com,
7353401244,Live For Films,Sander Lammers,United Kingdom,http://www.liveforfilm.com,liveforfilm.com,https://www.linkedin.com/company/10397165
7391925839,De Utrechtse Internet Courant (DUIC),Rory Hunter,Netherlands,http://www.duic.nl,duic.nl,https://www.linkedin.com/company/duic
7294761238,دليلك في تركيا,Wei Chen,Turkey,http://www.daleelkinturkey.com,daleelkinturkey.com,https://www.linkedin.com/company/daleelkinturkey
7427867495,Rutherford Source,Rory Hunter,United States,http://www.rutherfordsource.com,rutherfordsource.com,
7324101487,Tarnowska.tv,Rory Hunter,Poland,http://www.tarnowska.tv,tarnowska.tv,https://www.linkedin.com/company/tarnowska-tv
7393114188,80 Level,Sander Lammers,United States,http://www.80.lv,80.lv,https://www.linkedin.com/company/80-lv
7359764553,B Gazete,Wei Chen,Turkey,http://www.bgazete.com.tr,bgazete.com.tr,
7392521796,Kraisthava Ezhuthupura,Rory Hunter,India,http://www.kraisthavaezhuthupura.com,kraisthavaezhuthupura.com,
7430879502,النجاح نت,Rory Hunter,United Arab Emirates,http://www.annajah.net,annajah.net,https://www.linkedin.com/company/%D8%A7%D9%84%D9%86%D8%AC%D8%A7%D8%AD-%D9%86%D8%AA
7392527430,明報財經 mpfinance,Wei Chen,Hong Kong,http://www.mpfinance.com,mpfinance.com,
7305415814,Színház,Wei Chen,Hungary,http://www.szinhaz.org,szinhaz.org,
7348402967,Caught In Southie,Wei Chen,United States,http://www.caughtinsouthie.com,caughtinsouthie.com,
7406906004,Heviz.hu,Wei Chen,Hungary,http://www.heviz.hu,heviz.hu,https://www.linkedin.com/company/heviz-lake
7477432412,Άγιοι Θεόδωροι,Wei Chen,Greece,http://www.agioitheodoroi.com,agioitheodoroi.com,
7443213150,За теб,Wei Chen,Bulgaria,http://www.zatebbg.net,zatebbg.net,
7374682986,tuWroclaw.com,Wei Chen,Poland,http://www.tuwroclaw.com,tuwroclaw.com,
7392655966,Nöjesguiden,Hanson Ojo,Sweden,http://www.ng.se,ng.se,
7392579934,Palo.gr,Sander Lammers,Greece,http://www.palo.gr,palo.gr,
7397221143,Új Szó,Rory Hunter,Hungary,http://www.ujszo.com,ujszo.com,
7542069646,Agrotypos,Rory Hunter,Greece,http://www.agrotypos.gr,agrotypos.gr,
7543352984,العين الإخبارية,Rory Hunter,United Arab Emirates,http://www.al-ain.com,al-ain.com,
7544244902,Pless,Wei Chen,Poland,http://www.pless.pl,pless.pl,
7520547406,Clarksville Online,Wei Chen,United States,http://www.clarksvilleonline.com,clarksvilleonline.com,
7727521940,Info Pult,Wei Chen,Croatia,http://www.infpult.info,infpult.info,
7857226332,91mobiles.com,Wei Chen,India,http://www.91mobiles.com,91mobiles.com,https://www.linkedin.com/company/91mobiles
7542050962,Tuzlanski,Wei Chen,Bosnia and Herzegovina,http://www.tuzlanski.ba,tuzlanski.ba,
7542165908,Epirus Tv News,Wei Chen,Greece,http://www.epirus-tv-news.gr,epirus-tv-news.gr,
7541815195,Sportsioannina,Wei Chen,Greece,http://www.sportsioannina.gr,sportsioannina.gr,
7537163553,eBrcko.net,Rory Hunter,Bosnia and Herzegovina,http://www.ebrcko.net,ebrcko.net,
7638216027,Magyar Kurír,Rory Hunter,Hungary,http://www.magyarkurir.hu,magyarkurir.hu,https://www.linkedin.com/company/magyar-kur%C3%ADr
7542176936,Aktualno,Wei Chen,Croatia,http://www.aktualno.hr,aktualno.hr,
7586275851,The Facts,Wei Chen,United States,http://www.thefacts.com,thefacts.com,https://www.linkedin.com/company/the-facts-newspaper---covering-brazoria-county-where-texas-began-
7534815540,MyTex,Rory Hunter,Romania,http://www.mytex.ro,mytex.ro,
7544214663,Stockton Record,Rory Hunter,United States,http://www.recordnet.com,recordnet.com,http://www.linkedin.com/company/573765
7737490716,My Portal .gr,Rory Hunter,Greece,http://www.myportal.gr,myportal.gr,https://www.linkedin.com/company/myportal.gr
7924886640,Indiaawaj,Wei Chen,India,http://www.indiaawaj.com,indiaawaj.com,
7523054407,TVF Oltenia,Wei Chen,Romania,http://www.tvfoltenia.ro,tvfoltenia.ro,
7542965417,Čapljinski portal,Wei Chen,Croatia,http://www.caportal.net,caportal.net,
7544158363,Style Magazin,Wei Chen,Hungary,http://www.stylemagazin.hu,stylemagazin.hu,
7586308638,Medina Gazette,Rory Hunter,United States,http://www.medina-gazette.com,medina-gazette.com,https://www.linkedin.com/company/medina-gazette
7543015341,ЖЕНАТА ДНЕС,Wei Chen,Serbia,http://www.jenatadnes.com,jenatadnes.com,
7521608552,Boro.gr,Wei Chen,Greece,http://www.boro.gr,boro.gr,
7542054326,Times News Lehighton,Damian Domanski,United States,http://www.tnonline.com,tnonline.com,https://www.linkedin.com/company/times-news
7853952608,ASD Media,Wei Chen,Netherlands,http://www.asdnews.com,asdnews.com,https://www.linkedin.com/company/asd-media-bv
7533905741,Technowize,Damian Domanski,United States,http://www.technowize.com,technowize.com,https://www.linkedin.com/company/technowize
7586291566,Noupe,Damian Domanski,United States,http://www.noupe.com,noupe.com,
7572339487,Releases,Wei Chen,United Kingdom,http://www.releases.com,releases.com,
7584699740,Eordaialive.com,Wei Chen,Greece,http://www.eordaialive.com,eordaialive.com,
7521010714,Doctor's Cafe,Rory Hunter,Bangladesh,http://www.medivoicebd.com,medivoicebd.com,
7521803264,Lavart,Rory Hunter,Greece,http://www.lavart.gr,lavart.gr,https://www.linkedin.com/company/lavart-gr
7584769856,Dziennik Wschodni,Rory Hunter,Poland,http://www.dziennikwschodni.pl,dziennikwschodni.pl,
7769655629,Sheen Magazine,Rory Hunter,United States,http://www.sheenmagazine.com,sheenmagazine.com,https://www.linkedin.com/company/sheen-magazine
7541236262,Freegroup,Sander Lammers,Taiwan,http://www.free.com.tw,free.com.tw,https://www.linkedin.com/company/freegroup
7536885348,The American Spectator,Wei Chen,United States,http://www.spectator.org,spectator.org,https://www.linkedin.com/company/the-american-spectator
7586324337,Curly Tales,Sander Lammers,India,http://www.curlytales.com,curlytales.com,https://www.linkedin.com/company/curly-tales-digital
7537574695,World News Network,Wei Chen,United Kingdom,http://www.wn.com,wn.com,https://www.linkedin.com/company/world-news-inc
7924875583,IMPRI Impact and Policy Research Institute,Wei Chen,India,http://www.impriindia.com,impriindia.com,https://www.linkedin.com/company/impriindia
7925068861,Hauterrfly,Wei Chen,India,http://www.hauterrfly.com,hauterrfly.com,https://www.linkedin.com/company/hauterrfly
7715962508,That Grape Juice,Rory Hunter,United Kingdom,http://www.thatgrapejuice.net,thatgrapejuice.net,
7521056547,Auto Bild,Rory Hunter,Romania,http://www.auto-bild.ro,auto-bild.ro,
7532955027,Law Officer,Wei Chen,United States,http://www.lawofficer.com,lawofficer.com,https://www.linkedin.com/company/law-officer
7531626142,Kimura.se,Wei Chen,Sweden,http://www.kimura.se,kimura.se,
7586370138,Bochnianin.pl,Rory Hunter,Poland,http://www.bochnianin.pl,bochnianin.pl,
7716926337,RMN News,Rory Hunter,Philippines,http://www.rmn.ph,rmn.ph,https://www.linkedin.com/company/radio-mindanao-network-inc-
7855445569,Barendrechts Dagblad,Wei Chen,Netherlands,http://www.barendrechtsdagblad.nl,barendrechtsdagblad.nl,
7522902552,ROSA,Joao Silva,Greece,http://www.rosa.gr,rosa.gr,
7536792900,eduline.hu,Sander Lammers,Hungary,http://www.eduline.hu,eduline.hu,
7533191811,Metrosport,Wei Chen,Greece,http://www.metrosport.gr,metrosport.gr,https://www.linkedin.com/company/metrosport-&-metropolis
7915983697,Peoples Dispatch,Wei Chen,India,http://www.peoplesdispatch.org,peoplesdispatch.org,
7542360326,Yerel Güç,Wei Chen,Turkey,http://www.yerelguc.com,yerelguc.com,
7544230434,Su Hakki!,Wei Chen,Turkey,http://www.suhakki.org,suhakki.org,
7584694173,Biała24,Wei Chen,Poland,http://www.bp24.pl,bp24.pl,
7542095108,Εφημερίδα Μακεδονία,Wei Chen,Greece,http://www.makthes.gr,makthes.gr,
7542449694,Autopro.hu,Rory Hunter,Hungary,http://www.autopro.hu,autopro.hu,https://www.linkedin.com/company/autopro.hu
7932202584,Gaziantep27,Wei Chen,Turkey,http://www.gaziantep27.net,gaziantep27.net,
7542114841,VårtOslo,Wei Chen,Norway,http://www.vartoslo.no,vartoslo.no,https://www.linkedin.com/company/vartoslo
7586283448,newsbucuresti.ro,Wei Chen,Romania,http://www.newsbucuresti.ro,newsbucuresti.ro,
7899166534,VARINDIA IT Magazine,Damian Domanski,India,http://www.varindia.com,varindia.com,https://www.linkedin.com/company/varindiamagazine
7534203012,Știrile Transilvaniei,Rory Hunter,Romania,http://www.stiriletransilvaniei.ro,stiriletransilvaniei.ro,https://www.linkedin.com/company/%C8%99tirile-transilvaniei-ts
7862604595,Absolute India News,Rory Hunter,India,http://www.absoluteindianews.com,absoluteindianews.com,https://www.linkedin.com/company/absolute-india
7542236949,Gazeta de Cluj,Rory Hunter,Romania,http://www.gazetadecluj.ro,gazetadecluj.ro,https://www.linkedin.com/company/gazeta-de-cluj
7730356312,Ziua de Vest,Wei Chen,Romania,http://www.ziuadevest.ro,ziuadevest.ro,
7543008771,Новите родители,Wei Chen,Bulgaria,http://www.noviteroditeli.bg,noviteroditeli.bg,
7855718816,Body Armor News,Wei Chen,Netherlands,http://www.bodyarmornews.com,bodyarmornews.com,
7534152077,Best-TV,Rory Hunter,Greece,http://www.best-tv.gr,best-tv.gr,
7533294490,Türkinfo,Rory Hunter,Hungary,http://www.turkinfo.hu,turkinfo.hu,
7586360752,Kashmir Reader,Rory Hunter,India,http://www.kashmirreader.com,kashmirreader.com,https://www.linkedin.com/company/kashmir-reader
7932182890,NL Times,Rory Hunter,Netherlands,http://www.nltimes.nl,nltimes.nl,https://www.linkedin.com/company/nltimes
7542253102,Radio Banovina,Rory Hunter,Croatia,http://www.radio-banovina.hr,radio-banovina.hr,
7868288601,7dnevno,Rory Hunter,Croatia,http://www.7dnevno.hr,7dnevno.hr,
7542406440,Money & Tourism,Wei Chen,Greece,http://www.money-tourism.gr,money-tourism.gr,
7932271978,Oside News,Wei Chen,United States,http://www.osidenews.com,osidenews.com,
7533896869,Giresun Gazete,Wei Chen,Turkey,http://www.giresungazete.net,giresungazete.net,
7542498364,Pallomeri,Wei Chen,Finland,http://www.pallomeri.net,pallomeri.net,https://www.linkedin.com/company/pallomeri-net
7931397138,Best Media Info,Wei Chen,India,http://www.bestmediainfo.com,bestmediainfo.com,https://www.linkedin.com/company/bestmediainfo
7542123556,Transport-Publiczny,Wei Chen,Poland,http://www.transport-publiczny.pl,transport-publiczny.pl,
7898432890,Statecraft,Wei Chen,India,http://www.statecraft.co.in,statecraft.co.in,https://www.linkedin.com/company/statecraftdaily
7534047657,Almuthaqaf,Wei Chen,Australia,http://www.almothaqaf.com,almothaqaf.com,
7532346957,Yugopapir,Wei Chen,Bosnia and Herzegovina,http://www.yugopapir.com,yugopapir.com,
7931404291,Big News,Damian Domanski,India,http://www.kalakaumudi.com,kalakaumudi.com,https://www.linkedin.com/company/kalakaumudi
7544744055,Toplumsal Haber,Rory Hunter,Turkey,http://www.toplumsal.com.tr,toplumsal.com.tr,https://www.linkedin.com/company/toplumsalhaber
7544744056,Traction,Wei Chen,Greece,http://www.traction.gr,traction.gr,
7898267147,The Sunday Guardian,Wei Chen,India,http://www.sundayguardianlive.com,sundayguardianlive.com,https://www.linkedin.com/company/sunday-guardian
7521585282,Mobile Bulgaria,Wei Chen,Bulgaria,http://www.mobilebulgaria.com,mobilebulgaria.com,
7521449605,BurgasNovinite,Wei Chen,Bulgaria,http://www.burgasnovinite.bg,burgasnovinite.bg,
7916312076,News Bharati,Sander Lammers,India,http://www.newsbharati.com,newsbharati.com,
7730667548,Zöld Ujsag,Rory Hunter,Hungary,http://www.zoldujsag.hu,zoldujsag.hu,
7542362708,Kalavryta News,Rory Hunter,Greece,http://www.kalavrytanews.com,kalavrytanews.com,https://www.linkedin.com/company/kalavryta-news
7924109707,Legal Era - Legal Media Group,Wei Chen,India,http://www.legaleraonline.com,legaleraonline.com,https://www.linkedin.com/company/ara-techno-legal-solutions-pvt.ltd
7932345361,Rijswijks Dagblad,Wei Chen,Netherlands,http://www.rijswijksdagblad.nl,rijswijksdagblad.nl,
7520835758,UCA News,Wei Chen,Hong Kong,http://www.ucanews.com,ucanews.com,https://www.linkedin.com/company/uca-news
7914636629,Social Samosa,Wei Chen,India,http://www.socialsamosa.com,socialsamosa.com,https://www.linkedin.com/company/socialsamosa-com
7932055843,Daily Dastak,Sander Lammers,Netherlands,http://www.dailydastak.com,dailydastak.com,
7521080486,Infostart,Rory Hunter,Hungary,http://www.infostart.hu,infostart.hu,
7542661756,Zvornik Danas,Wei Chen,Bosnia and Herzegovina,http://www.zvornikdanas.com,zvornikdanas.com,
7730149167,Jenite.bg,Rory Hunter,Bulgaria,http://www.jenite.bg,jenite.bg,
7542560610,Tabletowo,Wei Chen,Poland,http://www.tabletowo.pl,tabletowo.pl,https://www.linkedin.com/company/tabletowo
7715471382,Best Classic Bands,Sander Lammers,United States,http://www.bestclassicbands.com,bestclassicbands.com,
7932055857,Ridderkerks Dagblad,Wei Chen,Netherlands,http://www.ridderkerksdagblad.nl,ridderkerksdagblad.nl,
8044689027,Dinar Recaps,Wei Chen,United States,http://www.dinarrecaps.com,dinarrecaps.com,
7974582623,DrydenWire,Wei Chen,United States,http://www.drydenwire.com,drydenwire.com,
7974032708,Alabama Political Reporter,Wei Chen,United States,http://www.alreporter.com,alreporter.com,https://www.linkedin.com/company/alreporter
8031068325,Ajker Bangladesh,Rory Hunter,Bangladesh,http://www.ajkerbangladesh.com.bd,ajkerbangladesh.com.bd,
7990447952,Fresno State,Damian Domanski,United States,http://www.fresnostatenews.com,fresnostatenews.com,https://www.linkedin.com/company/california-state-university-fresno
7974212182,Ameryka Po Polsku,Wei Chen,United States,http://www.amerykapopolsku.com,amerykapopolsku.com,
7980752302,Aylogyros News,Wei Chen,Greece,http://www.aylogyrosnews.gr,aylogyrosnews.gr,
7973043738,ViaDiplomacy,Wei Chen,Greece,http://www.viadiplomacy.gr,viadiplomacy.gr,
7974234989,Antic Shop,Wei Chen,Romania,http://www.antic-shop.ro,antic-shop.ro,
7980579974,Brcko Danas,Wei Chen,Bosnia and Herzegovina,http://www.brckodanas.com,brckodanas.com,
8029447079,Bonner County Daily Bee,Damian Domanski,United States,http://www.bonnercountydailybee.com,bonnercountydailybee.com,https://www.linkedin.com/company/bonner-county-daily-bee
7990944126,Climate Action Network South Asia (CANSA),Wei Chen,Bangladesh,http://www.cansouthasia.net,cansouthasia.net,https://www.linkedin.com/company/can-south-asia
7992153960,Interview,Wei Chen,Bosnia and Herzegovina,http://www.interview.ba,interview.ba,
8031353992,Iredell Free News,Wei Chen,United States,http://www.iredellfreenews.com,iredellfreenews.com,
7974518802,Fast Philly Sports,Wei Chen,United States,http://www.fastphillysports.com,fastphillysports.com,
7973956106,Eye on Annapolis,Wei Chen,United States,http://www.eyeonannapolis.net,eyeonannapolis.net,https://www.linkedin.com/company/eye-on-annapolis
7972757874,3 Quarks Daily,Rory Hunter,United States,http://www.3quarksdaily.com,3quarksdaily.com,
8001199268,Canberra City News,Rory Hunter,Australia,http://www.citynews.com.au,citynews.com.au,https://www.linkedin.com/company/canberra-citynews
8016562332,Sonline,Wei Chen,Hungary,http://www.sonline.hu,sonline.hu,
7973874185,Ms. Career Girl,Wei Chen,United States,http://www.mscareergirl.com,mscareergirl.com,https://www.linkedin.com/company/ms-career-girl
7983125380,Bani si Afaceri,Wei Chen,Romania,http://www.banisiafaceri.ro,banisiafaceri.ro,
7934026933,Business Goa,Rory Hunter,India,http://www.businessgoa.in,businessgoa.in,https://www.linkedin.com/company/business-goa
7987975243,Voucher Ergasia,Wei Chen,Greece,http://www.voucherergasia.gr,voucherergasia.gr,https://www.linkedin.com/company/voucherergasia-gr
7974259481,Akademik Personel,Sander Lammers,Turkey,http://www.akademikpersonel.org,akademikpersonel.org,https://www.linkedin.com/company/akademikpersonel
7972643427,Basilica Press Center,Wei Chen,Romania,http://www.basilica.ro,basilica.ro,
8051973561,The Greek Herald,Rory Hunter,Australia,http://www.greekherald.com.au,greekherald.com.au,https://www.linkedin.com/company/the-greek-herald
8050932102,KBUR,Rory Hunter,United States,http://www.kbur.com,kbur.com,
7972788332,Cover Style,Wei Chen,Croatia,http://www.cover.style,cover.style,
7990530846,Properties 284 Media,Rory Hunter,United Kingdom,http://www.284media.com,284media.com,
8050911364,Magic Mile Media,Wei Chen,United States,http://www.magicmilemedia.com,magicmilemedia.com,https://www.linkedin.com/company/magic-mile-media
7981766554,fmc.hu,Wei Chen,Hungary,http://www.fmc.hu,fmc.hu,
7975039492,GrootSneek,Wei Chen,Netherlands,http://www.grootsneek.nl,grootsneek.nl,
7974549301,Courthouse News,Damian Domanski,United States,http://www.courthousenews.com,courthousenews.com,https://www.linkedin.com/company/courthouse-news-service
7974831679,Emery County Progress,Wei Chen,United States,http://www.etvnews.com,etvnews.com,
7975908363,Konkurent.bg,Wei Chen,Bulgaria,http://www.konkurent.bg,konkurent.bg,
8016358818,Business Magazine BiH,Wei Chen,Bosnia and Herzegovina,http://www.business-magazine.ba,business-magazine.ba,https://www.linkedin.com/company/bus-magzine
8052375707,Crypto Daily,Wei Chen,United Kingdom,http://www.cryptodaily.co.uk,cryptodaily.co.uk,https://www.linkedin.com/company/cryptodaily
7989284418,Ramble Media,Wei Chen,Jamaica,http://www.buzz-caribbean.com,buzz-caribbean.com,
8050912938,Har Gitanepe,Wei Chen,Hungary,http://www.hargitanepe.eu,hargitanepe.eu,
7993031701,Teacher Toolkit,Wei Chen,United Kingdom,http://www.teachertoolkit.co.uk,teachertoolkit.co.uk,https://www.linkedin.com/company/teachertoolkitltd
8016497491,Kisalföld,Wei Chen,Hungary,http://www.kisalfold.hu,kisalfold.hu,
8029412119,Hypebot,Wei Chen,United States,http://www.hypebot.com,hypebot.com,https://www.linkedin.com/company/hypebot
8031659323,DutchReview,Sander Lammers,Netherlands,http://www.dutchreview.com,dutchreview.com,https://www.linkedin.com/company/dutchreview
7980820536,25YL,Wei Chen,United States,http://www.25yearslatersite.com,25yearslatersite.com,https://www.linkedin.com/company/25yearslatersite-com
8001268066,Euractiv.gr,Wei Chen,Greece,http://www.euractiv.gr,euractiv.gr,https://www.linkedin.com/company/euractiv-gr
8052520060,ΑΕΛ,Wei Chen,Greece,http://www.aelole.gr,aelole.gr,
8016946260,Fairbanks Daily News-Miner,Rory Hunter,United States,http://www.newsminer.com,newsminer.com,https://www.linkedin.com/company/fairbanks-daily-news-miner
8031479353,Massive Science Inc.,Wei Chen,United States,http://www.massivesci.com,massivesci.com,https://www.linkedin.com/company/massive-science-inc.
7994648340,Celts Are Here,Rory Hunter,United Kingdom,http://www.celtsarehere.com,celtsarehere.com,
8031869487,InfoBistrița,Wei Chen,Romania,http://www.infobistrita.ro,infobistrita.ro,
8001228412,Eviathema,Rory Hunter,Greece,http://www.eviathema.gr,eviathema.gr,https://www.linkedin.com/company/eviathema-gr
8002548584,Frequent Miler,Wei Chen,United States,http://www.frequentmiler.com,frequentmiler.com,
8016877889,EMEA.gr,Wei Chen,Greece,http://www.emea.gr,emea.gr,https://www.linkedin.com/company/emeagr
8001394802,Cricket World,Rory Hunter,United Kingdom,http://www.cricketworld.com,cricketworld.com,https://www.linkedin.com/company/cricket-world-media-ltd
8000954494,AeginaPortal,Wei Chen,Greece,http://www.aeginaportal.gr,aeginaportal.gr,
8052080751,Energetyka24,Wei Chen,Poland,http://www.energetyka24.com,energetyka24.com,
7980413704,BasketWorld.net,Wei Chen,Greece,http://www.basketworld.net,basketworld.net,
8028590632,Kosnet,Rory Hunter,Greece,http://www.kostoday.com,kostoday.com,
8051365185,NaszTomaszow,Rory Hunter,Poland,http://www.nasztomaszow.pl,nasztomaszow.pl,
8052647752,Galveston Newspapers,Wei Chen,United States,http://www.galvnews.com,galvnews.com,http://www.linkedin.com/company/354929
7980526623,Americus Times-Recorder,Wei Chen,United States,http://www.americustimesrecorder.com,americustimesrecorder.com,
7988802201,Boston Poetry Slam,Wei Chen,United States,http://www.bostonpoetryslam.com,bostonpoetryslam.com,
8052593484,Ojai Valley News,Wei Chen,United States,http://www.ojaivalleynews.com,ojaivalleynews.com,https://www.linkedin.com/company/ojai-valley-news
8015865973,ZGexpress,Wei Chen,Croatia,http://www.zgexpress.net,zgexpress.net,
8031454985,Mindahome House and Pet Sitting,Wei Chen,Australia,http://www.mindahome.com.au,mindahome.com.au,https://www.linkedin.com/company/mindahome
8001287977,Case Practice,Sander Lammers,Romania,http://www.casepractice.ro,casepractice.ro,
7974031500,Autopress.hr,Wei Chen,Croatia,http://www.autopress.hr,autopress.hr,
8051454251,Buro Serbia,Wei Chen,Serbia,http://www.buro247.rs,buro247.rs,
8000862765,Advertising.gr,Wei Chen,Greece,http://www.advertising.gr,advertising.gr,https://www.linkedin.com/company/advertising-gr
8050909713,Genocide Watch,Wei Chen,United States,http://www.genocidewatch.com,genocidewatch.com,https://www.linkedin.com/company/genocide-watch-inc.
7932397087,Margriet,Wei Chen,Netherlands,http://www.margriet.nl,margriet.nl,https://www.linkedin.com/company/margriet
8016562434,Świat OZE,Wei Chen,Poland,http://www.swiatoze.pl,swiatoze.pl,https://www.linkedin.com/company/%C5%9Bwiatoze
7932890630,TravMagazine,Wei Chen,Netherlands,http://www.travmagazine.nl,travmagazine.nl,https://www.linkedin.com/company/travmagazine
8002365738,PrijedorDanas,Wei Chen,Bosnia and Herzegovina,http://www.prijedordanas.com,prijedordanas.com,
8031239522,Geek Native,Wei Chen,United Kingdom,http://www.geeknative.com,geeknative.com,
7974156953,Atlantea,Wei Chen,Greece,http://www.atlantea.news,atlantea.news,
7940320402,Akhil Bharatiya Vidyarthi Parishad (ABVP),Wei Chen,India,http://www.abvp.org,abvp.org,https://www.linkedin.com/company/abvpind
7982221842,Digital Winners,Wei Chen,Greece,http://www.digitalwinners.gr,digitalwinners.gr,
8051068473,Keep Talking Greece,Rory Hunter,Greece,http://www.keeptalkinggreece.com,keeptalkinggreece.com,
8016052520,Zaol,Wei Chen,Hungary,http://www.zaol.hu,zaol.hu,
8030593866,Farce the Music,Wei Chen,United States,http://www.farcethemusic.com,farcethemusic.com,
8016471606,Mirage Magazin,Rory Hunter,Hungary,http://www.miragemagazin.hu,miragemagazin.hu,https://www.linkedin.com/company/mirage-magazin
7973805743,Adgully,Wei Chen,India,http://www.adgully.com,adgully.com,https://www.linkedin.com/company/adgully
8031242586,Downtown Alliance,Wei Chen,United States,http://www.downtownny.com,downtownny.com,https://www.linkedin.com/company/alliance-for-downtown-new-york
7981823528,Farmer.pl,Wei Chen,Poland,http://www.farmer.pl,farmer.pl,https://www.linkedin.com/company/farmer-pl
8050933040,Gercek Haberci,Wei Chen,Turkey,http://www.gercekhaberci.com,gercekhaberci.com,
7973676458,Curiosmos,Rory Hunter,Croatia,http://www.curiosmos.com,curiosmos.com,
8018025240,GR TIMES,Rory Hunter,Greece,http://www.grtimes.gr,grtimes.gr,https://www.linkedin.com/company/grtimes
8001356825,Dublin Gazette Newspapers,Rory Hunter,Ireland,http://www.dublingazette.com,dublingazette.com,https://www.linkedin.com/company/dublin-gazette-newspapers
7980635227,Bihor News,Wei Chen,Romania,http://www.bihornews.ro,bihornews.ro,
8001565467,DestinAsian Indonesia,Christian Jørgensen,Indonesia,http://www.destinasian.co.id,destinasian.co.id,
7979886423,Almopia 24,Wei Chen,Greece,http://www.almopia24.gr,almopia24.gr,
8015819326,BusinessDaily,Wei Chen,Greece,http://www.businessdaily.gr,businessdaily.gr,https://www.linkedin.com/company/businessdaily
7992897429,Autogreeknews,Rory Hunter,Greece,http://www.autogreeknews.gr,autogreeknews.gr,
8030692438,Endtime Ministries,Rory Hunter,United States,http://www.endtime.com,endtime.com,https://www.linkedin.com/company/endtime-ministries
8052016652,City of Larnaka,Wei Chen,Greece,http://www.cityoflarnaka.com,cityoflarnaka.com,
8030537559,Miumag,Wei Chen,Poland,http://www.miumag.pl,miumag.pl,
8051365913,KMA Broadcasting,Rory Hunter,United States,http://www.kmaland.com,kmaland.com,https://www.linkedin.com/company/kma-broadcasting
7932924968,Demokrat Kocaeli Gazetesi,Wei Chen,Turkey,http://www.demokratkocaeli.com,demokratkocaeli.com,
8017078820,GearJunkie,Damian Domanski,United States,http://www.gearjunkie.com,gearjunkie.com,https://www.linkedin.com/company/gearjunkie
8126019928,TalkBasket.net,Wei Chen,United States,http://www.talkbasket.net,talkbasket.net,https://www.linkedin.com/company/talkbasket
8139446821,The Christian Index,Wei Chen,United States,http://www.christianindex.org,christianindex.org,https://www.linkedin.com/company/the-christian-index
8058684754,ProSoundWeb,Wei Chen,United States,http://www.prosoundweb.com,prosoundweb.com,
8131684007,Go Country 105,Sander Lammers,United States,http://www.gocountry105.com,gocountry105.com,https://www.linkedin.com/company/go-country-105---kkgo
8139401780,Patrida Chios,Wei Chen,Greece,http://www.tvpatrida.gr,tvpatrida.gr,
8058808901,Međimurje Press,Wei Chen,Croatia,http://www.medjimurjepress.net,medjimurjepress.net,
8069929236,Nederweert24,Wei Chen,Netherlands,http://www.nederweert24.nl,nederweert24.nl,https://www.linkedin.com/company/nederweert24
8070408990,Kastoriani Estia,Wei Chen,Greece,http://www.kastorianiestia.gr,kastorianiestia.gr,
8058209623,Havre Daily News,Rory Hunter,United States,http://www.havredailynews.com,havredailynews.com,
8075018581,ProBasket,Wei Chen,Poland,http://www.probasket.pl,probasket.pl,
8138839302,Antinews,Rory Hunter,Greece,http://www.antinews.gr,antinews.gr,
8069884445,WHAV 97.9,Damian Domanski,United States,http://www.whav.net,whav.net,https://www.linkedin.com/company/whav
8060511087,New Haven Independent,Rory Hunter,United States,http://www.newhavenindependent.org,newhavenindependent.org,https://www.linkedin.com/company/new-haven-independent
8073043217,Brotnjo,Wei Chen,Bosnia and Herzegovina,http://www.brotnjo.info,brotnjo.info,
8058389874,Evangélikus,Wei Chen,Hungary,http://www.evangelikus.hu,evangelikus.hu,https://www.linkedin.com/company/evang%c3%a9likus-gy%c3%bclekezet
8132279963,Health Data Management,Wei Chen,United States,http://www.healthdatamanagement.com,healthdatamanagement.com,https://www.linkedin.com/company/health-data-management
8115659676,Kingsizemag.se,Wei Chen,Sweden,http://www.kingsizemag.se,kingsizemag.se,
8088203326,Weekly World News,Rory Hunter,United States,http://www.weeklyworldnews.com,weeklyworldnews.com,https://www.linkedin.com/company/weekly-world-news
8139220234,North American Animal Liberation Press Office,Wei Chen,United States,http://www.animalliberationpressoffice.org,animalliberationpressoffice.org,
8059232372,Morski HR,Wei Chen,Hungary,http://www.morski.hr,morski.hr,
8124091656,Baptist news Global,Wei Chen,United States,http://www.baptistnews.com,baptistnews.com,https://www.linkedin.com/company/baptist-news-global
8132519561,African Technology Advisory,Wei Chen,South Africa,http://www.africantechnologyadvisory.com,africantechnologyadvisory.com,
8058319213,LovechToday,Wei Chen,Bulgaria,http://www.lovechtoday.eu,lovechtoday.eu,
8125688597,Telewizja Starachowice,Wei Chen,Poland,http://www.tv.starachowice.pl,tv.starachowice.pl,
8058804500,Mesogeios TV,Rory Hunter,Greece,http://www.mesogeiostv.gr,mesogeiostv.gr,
8070660175,REDI,Wei Chen,Finland,http://www.redi.fi,redi.fi,https://www.linkedin.com/company/redi-by-srv
8124355453,The Boston Pilot,Wei Chen,United States,http://www.thebostonpilot.com,thebostonpilot.com,https://www.linkedin.com/company/the-pilot-archdiocese-of-boston-
8074363649,Epsilon Net SA,Wei Chen,Greece,http://www.e-forologia.gr,e-forologia.gr,https://www.linkedin.com/company/e-forologia
8125688595,Telewizja Sudecka,Wei Chen,Poland,http://www.tvsudecka.pl,tvsudecka.pl,
8071817304,Greenwood Commonwealth,Damian Domanski,United States,http://www.gwcommonwealth.com,gwcommonwealth.com,https://www.linkedin.com/company/greenwood-commonwealth
8070939741,My Edmonds News,Wei Chen,United States,http://www.myedmondsnews.com,myedmondsnews.com,
8133773953,Barrie Today,Wei Chen,United States,http://www.barrietoday.com,barrietoday.com,
8117564812,DEON.pl,Rory Hunter,Poland,http://www.deon.pl,deon.pl,https://www.linkedin.com/company/742635
8074322962,DLXVRSN Media Inc.,Wei Chen,Sweden,http://www.deluxeversionmagazine.com,deluxeversionmagazine.com,
8138889284,Autoagora.gr,Wei Chen,Greece,http://www.autoagora.gr,autoagora.gr,
8069668005,Atitudinea,Wei Chen,Romania,http://www.atitudinea.ro,atitudinea.ro,
8124347743,The College Fix,Wei Chen,United States,http://www.thecollegefix.com,thecollegefix.com,
8117508018,Клуб Z,Wei Chen,Bulgaria,http://www.clubz.bg,clubz.bg,
8136244112,volleynews,Wei Chen,Greece,http://www.volleynews.gr,volleynews.gr,
8133929141,Bašta Balkana - Web Magazin,Wei Chen,Serbia,http://www.bastabalkana.com,bastabalkana.com,
8068751241,My Local News,Rory Hunter,United Kingdom,http://www.mynewsmag.co.uk,mynewsmag.co.uk,https://www.linkedin.com/company/my-local-news
8058886449,Hoeksch Nieuws,Wei Chen,Netherlands,http://www.hoekschnieuws.nl,hoekschnieuws.nl,https://www.linkedin.com/company/hoeksche-waard-nieuws
8139032436,TheMayor.EU,Wei Chen,United Kingdom,http://www.themayor.eu,themayor.eu,
8058263333,Frontline Gaming,Rory Hunter,United States,http://www.frontlinegaming.org,frontlinegaming.org,
8124271699,40Billion,Wei Chen,United States,http://www.40billion.com,40billion.com,https://www.linkedin.com/company/40billion-com
8124363344,Stacja7,Sander Lammers,Poland,http://www.stacja7.pl,stacja7.pl,https://www.linkedin.com/company/stacja7pl
8088002939,Weblog Zwolle,Wei Chen,Netherlands,http://www.weblogzwolle.nl,weblogzwolle.nl,https://www.linkedin.com/company/weblog-zwolle
8124202323,Sesvete Danas,Wei Chen,Hungary,http://www.sesvete-danas.hr,sesvete-danas.hr,
8060561410,Napi Boldogság,Wei Chen,Hungary,http://www.napiboldogsag.com,napiboldogsag.com,
8052867721,Agrofórum,Rory Hunter,Hungary,http://www.agroforum.hu,agroforum.hu,https://www.linkedin.com/company/agroforum.hu
8059045423,Saffarazzi,Wei Chen,South Africa,http://www.saffarazzi.com,saffarazzi.com,
8125827874,The Lifestyle Elite,Rory Hunter,United States,http://www.thelifestyleelite.com,thelifestyleelite.com,https://www.linkedin.com/company/thelifestyleelite-com
8053414258,Autospecialist Magazine,Wei Chen,Greece,http://www.autospecialist.gr,autospecialist.gr,https://www.linkedin.com/company/autospecialist-magazine
8070046587,Telgraf,Wei Chen,Turkey,http://www.telgraf.net,telgraf.net,
8087935133,Zoetermeer Actief,Wei Chen,Netherlands,http://www.zoetermeeractief.nl,zoetermeeractief.nl,https://www.linkedin.com/company/zoetermeer-actief
8052653173,Tenby Observer,Wei Chen,United Kingdom,http://www.tenby-today.co.uk,tenby-today.co.uk,
8139409844,The Fast Mode,Wei Chen,United States,http://www.thefastmode.com,thefastmode.com,https://www.linkedin.com/company/thefastmode
8124247214,Expediters Online,Wei Chen,United States,http://www.expeditersonline.com,expeditersonline.com,https://www.linkedin.com/company/expedited-trucking-inc
8117027650,Twinfinite,Rory Hunter,United States,http://www.twinfinite.net,twinfinite.net,https://www.linkedin.com/company/twinfinite-net
8069837673,Medemblik Actueel,Wei Chen,Netherlands,http://www.medemblikactueel.nl,medemblikactueel.nl,
8133340753,Dorohoi News,Rory Hunter,Romania,http://www.dorohoinews.ro,dorohoinews.ro,
8133458007,Ardin Rixi,Rory Hunter,Greece,http://www.ardin-rixi.gr,ardin-rixi.gr,
8082977623,Sleutelstad,Wei Chen,Netherlands,http://www.sleutelstad.nl,sleutelstad.nl,https://www.linkedin.com/company/sleutelstad
8070868911,APRA,Wei Chen,Poland,http://www.agropolska.pl,agropolska.pl,
8071266468,Property News PL,Wei Chen,Poland,http://www.propertynews.pl,propertynews.pl,https://www.linkedin.com/company/propertynews
8139228048,Aridaia365.gr,Rory Hunter,Greece,http://www.aridaia365.gr,aridaia365.gr,
8132740363,Hull What's On,Wei Chen,United Kingdom,http://www.hullwhatson.com,hullwhatson.com,https://www.linkedin.com/company/hullwhatson
8081104413,Petface,Wei Chen,Serbia,http://www.petface.net,petface.net,
8115737862,U.Today,Wei Chen,United States,http://www.u.today,u.today,
8069785662,Wiadomości Handlowe,Wei Chen,Poland,http://www.wiadomoscihandlowe.pl,wiadomoscihandlowe.pl,https://www.linkedin.com/company/wydawnictwo-gospodarcze-sp-z-o-o-
8116361476,Manolo.se,Wei Chen,Sweden,http://www.manolo.se,manolo.se,
8084946980,Εκδόσεις Ελκυστής,Wei Chen,Greece,http://www.elkistis.gr,elkistis.gr,
8134925347,The Sheridan Press,Damian Domanski,United States,http://www.thesheridanpress.com,thesheridanpress.com,https://www.linkedin.com/company/the-sheridan-press-wy
8081131877,Park Record,Rory Hunter,United States,http://www.parkrecord.com,parkrecord.com,https://www.linkedin.com/company/the-park-record-newspaper
8052925237,Columbia Basin Herald,Rory Hunter,United States,http://www.columbiabasinherald.com,columbiabasinherald.com,https://www.linkedin.com/company/columbia-basin-herald
8058829212,Metal Hangar 18,Wei Chen,Bulgaria,http://www.metalhangar18.com,metalhangar18.com,
8134026269,Media Marketing,Rory Hunter,Bosnia and Herzegovina,http://www.media-marketing.com,media-marketing.com,https://www.linkedin.com/company/mediamarketingcom
8132740718,Iconic Media,Rory Hunter,Ireland,http://www.waterfordlive.ie,waterfordlive.ie,
8074278801,Business Review,Rory Hunter,Romania,http://www.business-review.eu,business-review.eu,https://www.linkedin.com/company/business-review
8115370339,Waatea News,Wei Chen,New Zealand,http://www.waateanews.com,waateanews.com,https://www.linkedin.com/company/waateanews
8086251310,Coal Valley News,Wei Chen,United States,http://www.coalvalleynews.com,coalvalleynews.com,
8061258154,Sync NI,Wei Chen,United Kingdom,http://www.syncni.com,syncni.com,https://www.linkedin.com/company/sync-ni
8068949289,Nowa Konfederacja,Wei Chen,Poland,http://www.nowakonfederacja.pl,nowakonfederacja.pl,
8124369818,The Daily Blog,Wei Chen,New Zealand,http://www.thedailyblog.co.nz,thedailyblog.co.nz,
8115264617,e-Nautilia.gr,Wei Chen,Greece,http://www.e-nautilia.gr,e-nautilia.gr,
8117491208,The Tulane Hullabaloo,Wei Chen,United States,http://www.tulanehullabaloo.com,tulanehullabaloo.com,https://www.linkedin.com/company/the-tulane-hullabaloo
8131719249,WPKY 103.3FM,Wei Chen,United States,http://www.wpkyonline.com,wpkyonline.com,
8132137815,El Sol de la Florida,Wei Chen,United States,http://www.elsoldelaflorida.com,elsoldelaflorida.com,https://www.linkedin.com/company/el-sol-media-corp.
8115512922,Ptolemaida News.gr,Wei Chen,Greece,http://www.ptolemaidanews.gr,ptolemaidanews.gr,
8117915448,Stolica,Wei Chen,Bulgaria,http://www.stolica.bg,stolica.bg,
8068890133,e-ABOUT.gr,Wei Chen,Greece,http://www.e-about.gr,e-about.gr,
8085672986,Kurier Ostrowski,Wei Chen,Poland,http://www.kurierostrowski.pl,kurierostrowski.pl,
8131454534,EV Houston,Wei Chen,United States,http://www.elvenezolanohouston.com,elvenezolanohouston.com,
8132724562,Police Magazine,Rory Hunter,United States,http://www.policemag.com,policemag.com,https://www.linkedin.com/company/magazine-police-dept
8132824110,Więź,Rory Hunter,Poland,http://www.wiez.pl,wiez.pl,
8132824111,Newz Gazeta Warmińska,Wei Chen,Poland,http://www.gwarminska.pl,gwarminska.pl,
8117353254,Udruga ATMA,Rory Hunter,Croatia,http://www.atma.hr,atma.hr,
8060590990,Rooster Magazine,Wei Chen,United States,http://www.therooster.com,therooster.com,
8058471853,Martinsville Bulletin,Wei Chen,United States,http://www.martinsvillebulletin.com,martinsvillebulletin.com,https://www.linkedin.com/company/martinsville-bulletin-inc
8125412272,Sun Community News,Rory Hunter,United States,http://www.suncommunitynews.com,suncommunitynews.com,https://www.linkedin.com/company/sun-community-news
8193401693,NewsBiscuit.com,Wei Chen,United Kingdom,http://www.newsbiscuit.com,newsbiscuit.com,
8161959550,info.elblag.pl,Wei Chen,Poland,http://www.info.elblag.pl,info.elblag.pl,
8162527620,Novosti.hr,Rory Hunter,Hungary,http://www.novosti.hr,novosti.hr,
8141962568,Family First,Sander Lammers,United States,http://www.familyfirst.net,familyfirst.net,https://www.linkedin.com/company/family-first
8190880818,Showbiz.gr,Wei Chen,Greece,http://www.showbiz.gr,showbiz.gr,https://www.linkedin.com/company/showbiz-gr
8162823043,mykonosdaily.gr,Wei Chen,Greece,http://www.mykonosdaily.gr,mykonosdaily.gr,
8194606182,Dlahandlu,Wei Chen,Poland,http://www.dlahandlu.pl,dlahandlu.pl,https://www.linkedin.com/company/dlahandlu
8163247514,Radio1d.gr,Wei Chen,Greece,http://www.radio1d.gr,radio1d.gr,
8157808433,4Media,Wei Chen,Poland,http://www.4media.com,4media.com,https://www.linkedin.com/company/cms4media
8161985905,Vreancea.24,Wei Chen,Romania,http://www.vrancea24.ro,vrancea24.ro,
8206589225,7 Media,Rory Hunter,Romania,http://www.7media.ro,7media.ro,https://www.linkedin.com/company/7mediaro
8207415328,Mobilissimo,Wei Chen,Romania,http://www.mobilissimo.ro,mobilissimo.ro,https://www.linkedin.com/company/mobilissimo-ro
8161950822,Radio Zenit,Rory Hunter,Bosnia and Herzegovina,http://www.zenit.ba,zenit.ba,
8140340521,Buzzbands.la,Wei Chen,United States,http://www.buzzbands.la,buzzbands.la,
8209244501,NCZAS.com,Rory Hunter,Poland,http://www.nczas.com,nczas.com,
8141034274,Radio Nova Gradiška (98.1Mhz),Wei Chen,Croatia,http://www.radiong.hr,radiong.hr,
8146060181,Sheridan Media,Wei Chen,United States,http://www.sheridanmedia.com,sheridanmedia.com,https://www.linkedin.com/company/sheridan-media
8173829139,Yo Free Samples,Wei Chen,United States,http://www.yofreesamples.com,yofreesamples.com,
8157862165,Cruise Industry News,Rory Hunter,United States,http://www.cruiseindustrynews.com,cruiseindustrynews.com,https://www.linkedin.com/company/cruise-industry-news
8192534138,Gadgetreport.ro,Wei Chen,Romania,http://www.gadgetreport.ro,gadgetreport.ro,
8193239926,Eurasia Review,Wei Chen,United States,http://www.eurasiareview.com,eurasiareview.com,https://www.linkedin.com/company/eurasia-review
8161344581,Fox Chattanooga,Wei Chen,United States,http://www.foxchattanooga.com,foxchattanooga.com,
8191304204,Kutyabarát,Sander Lammers,Hungary,http://www.kutyabarat.hu,kutyabarat.hu,
8160835935,Express Elblag,Wei Chen,Poland,http://www.expresselblag.pl,expresselblag.pl,
8209880427,Naxos Press,Rory Hunter,Greece,http://www.naxospress.gr,naxospress.gr,https://www.linkedin.com/company/naxospress
8191997553,It's Possible,Wei Chen,Greece,http://www.itspossible.gr,itspossible.gr,https://www.linkedin.com/company/it%27s-possible
8193250413,iporta.gr,Wei Chen,Greece,http://www.iporta.gr,iporta.gr,
8147849119,ZiarMM.ro,Wei Chen,Romania,http://www.ziarmm.ro,ziarmm.ro,
8161340492,2Eylül Gazetesi,Wei Chen,Turkey,http://www.2eylul.com.tr,2eylul.com.tr,
8157835268,abnews.ro,Rory Hunter,Romania,http://www.abnews.ro,abnews.ro,
8157891333,CyberDefence24,Wei Chen,Poland,http://www.cyberdefence24.pl,cyberdefence24.pl,
8195309632,RTV Doboj,Wei Chen,Bosnia and Herzegovina,http://www.rtvdoboj.org,rtvdoboj.org,
8194675532,Mondo,Wei Chen,Bosnia and Herzegovina,http://www.mondo.ba,mondo.ba,
8141103360,Cloud Academy,Wei Chen,United States,http://www.cloudacademy.com,cloudacademy.com,https://www.linkedin.com/company/cloud-academy-inc
8192599150,Fagersta-Posten,Wei Chen,Sweden,http://www.fagersta-posten.se,fagersta-posten.se,
8175944978,Xanthinea,Rory Hunter,Greece,http://www.xanthinea.gr,xanthinea.gr,https://www.linkedin.com/company/xanthinea-gr
8178307901,Youthopia SG,Damian Domanski,Singapore,http://www.youthopia.sg,youthopia.sg,https://www.linkedin.com/company/youthopiasg
8190784632,Schooltime.gr,Wei Chen,Greece,http://www.schooltime.gr,schooltime.gr,
8178559541,Ocala-News.com,Sander Lammers,United States,http://www.ocala-news.com,ocala-news.com,
8191351920,Kurier Kolejowy,Rory Hunter,Poland,http://www.kurier-kolejowy.pl,kurier-kolejowy.pl,
8209965332,Rynek Lotniczy,Wei Chen,Poland,http://www.rynek-lotniczy.pl,rynek-lotniczy.pl,
8160772669,Valentina VNB,Wei Chen,Romania,http://www.valentinavnb.ro,valentinavnb.ro,
8170587737,Green Agenda,Wei Chen,Greece,http://www.greenagenda.gr,greenagenda.gr,
8176392197,New York Family,Wei Chen,United States,http://www.newyorkfamily.com,newyorkfamily.com,
8160694837,Esküvő Classic Magazin,Wei Chen,Hungary,http://www.eskuvoclassic.hu,eskuvoclassic.hu,
8160850482,Jacana Media,Wei Chen,South Africa,http://www.jacana.co.za,jacana.co.za,https://www.linkedin.com/company/jacana-media
8161104150,Hit Channel,Wei Chen,Greece,http://www.hit-channel.com,hit-channel.com,
8208362279,Philebrity,Damian Domanski,United States,http://www.philebrity.com,philebrity.com,
8207295834,Mesagerul Hunedorean,Wei Chen,Romania,http://www.mesagerulhunedorean.ro,mesagerulhunedorean.ro,
8209883188,Springfield Business Journal,Wei Chen,United States,http://www.sbj.net,sbj.net,https://www.linkedin.com/company/springfield-business-journal
8139883075,Sport Cyclades,Wei Chen,Greece,http://www.sportcyclades.gr,sportcyclades.gr,
8209514812,Rochdale Online,Wei Chen,United Kingdom,http://www.rochdaleonline.co.uk,rochdaleonline.co.uk,https://www.linkedin.com/company/rochdale-online-ltd
8193345074,WIBX,Wei Chen,United States,http://www.wibx950.com,wibx950.com,
8209541667,Muralist,Wei Chen,Croatia,http://www.muralist.hr,muralist.hr,
8190435141,Megeia,Wei Chen,Greece,http://www.megeia.gr,megeia.gr,
8175440178,SEEcult,Wei Chen,Bosnia and Herzegovina,http://www.seecult.org,seecult.org,
8190862410,Curierul National,Rory Hunter,Romania,http://www.curierulnational.ro,curierulnational.ro,https://www.linkedin.com/company/curierulnational
8162805775,Moto Magazine Greece,Rory Hunter,Greece,http://www.motomag.gr,motomag.gr,https://www.linkedin.com/company/motomaggr
8147907630,TVMneamţ.ro,Wei Chen,Romania,http://www.tvmneamt.ro,tvmneamt.ro,
8173586596,Suwalki24.pl,Wei Chen,Poland,http://www.suwalki24.pl,suwalki24.pl,
8191233713,Poslovne Novine,Wei Chen,Bosnia and Herzegovina,http://www.poslovnenovine.ba,poslovnenovine.ba,https://www.linkedin.com/company/poslovnenovine
8173475234,TokyoHive,Rory Hunter,United States,http://www.tokyohive.com,tokyohive.com,https://www.linkedin.com/company/tokyohive.com
8206304172,GIZGUIDE,Sander Lammers,Philippines,http://www.gizguide.com,gizguide.com,
8190429604,Cronica Romana,Wei Chen,Romania,http://www.cronicaromana.net,cronicaromana.net,
8190932650,Dagens Arena,Wei Chen,Sweden,http://www.dagensarena.se,dagensarena.se,
8140630694,Utdanningsnytt,Wei Chen,Norway,http://www.utdanningsnytt.no,utdanningsnytt.no,
8170613407,Intrigi,Wei Chen,Bulgaria,http://www.intrigi.bg,intrigi.bg,
8190540176,Jobs Agent,Wei Chen,Bulgaria,http://www.jobsagents.com,jobsagents.com,https://www.linkedin.com/company/jobsagents
8207104397,The News of Lesvos,Wei Chen,Greece,http://www.nealesvou.gr,nealesvou.gr,
8162193191,VimaOnline.gr,Wei Chen,Greece,http://www.vimaonline.gr,vimaonline.gr,
8190482585,Kalohírek,Wei Chen,Hungary,http://www.kalohirek.hu,kalohirek.hu,
8190389635,Medieval Archives,Wei Chen,United Kingdom,http://www.medievalarchives.com,medievalarchives.com,
8190855047,Boswell Media,Damian Domanski,United States,http://www.boswellmedia.net,boswellmedia.net,
8173048725,Two Sisters Writing and Publishing,Wei Chen,United States,http://www.twosisterswriting.com,twosisterswriting.com,
8173723268,Radio BK,Wei Chen,Bosnia and Herzegovina,http://www.radiobk.ba,radiobk.ba,
8163982880,Koncert.hu,Wei Chen,Hungary,http://www.koncert.hu,koncert.hu,https://www.linkedin.com/company/koncert.hu-kft
8162584121,HamletHub,Wei Chen,United States,http://www.hamlethub.com,hamlethub.com,https://www.linkedin.com/company/hamlethub
8147376477,VelocityNews,Wei Chen,New Zealand,http://www.velocitynews.co.nz,velocitynews.co.nz,
8160813225,Vimmerby Tidning,Wei Chen,Sweden,http://www.vimmerbytidning.se,vimmerbytidning.se,
8147254106,iPress.hr,Wei Chen,Croatia,http://www.ipress.hr,ipress.hr,https://www.linkedin.com/company/rtl-hrvatska
8208467082,MAK Center for Art and Architecture,Wei Chen,United States,http://www.makcenter.org,makcenter.org,https://www.linkedin.com/company/mak-center-for-art-and-architecture
8163367003,Miles to Memories,Wei Chen,United States,http://www.milestomemories.com,milestomemories.com,https://www.linkedin.com/company/miles-to-memories
8191483021,Jurnal De Craiova,Rory Hunter,Romania,http://www.jurnaldecraiova.ro,jurnaldecraiova.ro,https://www.linkedin.com/company/jurnal-de-craiova
8162673988,Vaken.se,Wei Chen,Sweden,http://www.vaken.se,vaken.se,
8148433535,Промоции без край,Wei Chen,Bulgaria,http://www.proomo.info,proomo.info,
8162568276,Financial Intelligence,Wei Chen,Romania,http://www.financialintelligence.ro,financialintelligence.ro,https://www.linkedin.com/company/financialintelligence-ro
8162037931,Mojobreak,Wei Chen,United States,http://www.mojobreak.com,mojobreak.com,
8163415111,Louder Than War,Wei Chen,United Kingdom,http://www.louderthanwar.com,louderthanwar.com,https://www.linkedin.com/company/louder-than-war
8208464276,MyGoNews,Rory Hunter,Taiwan,http://www.mygonews.com,mygonews.com,
8160365747,Radio Fx Net,Wei Chen,Romania,http://www.radiofxnet.ro,radiofxnet.ro,
8146974841,Grad Sarajevo,Wei Chen,Bosnia and Herzegovina,http://www.sarajevo.ba,sarajevo.ba,
8162059421,FotbollDirekt,Wei Chen,Sweden,http://www.fotbolldirekt.se,fotbolldirekt.se,
8195125653,Wccftech,Rory Hunter,United States,http://www.wccftech.com,wccftech.com,https://www.linkedin.com/company/wccftech
8162059418,Gazeta de Bistrita,Wei Chen,Romania,http://www.gazetadebistrita.ro,gazetadebistrita.ro,
8163230844,RadioInfo.com.au,Damian Domanski,Australia,http://www.radioinfo.com.au,radioinfo.com.au,
8211412103,RynekInfrastruktury.pl,Wei Chen,Poland,http://www.rynekinfrastruktury.pl,rynekinfrastruktury.pl,
8178630529,The Ennis News,Rory Hunter,United States,http://www.ennisdailynews.com,ennisdailynews.com,https://www.linkedin.com/company/ennis-daily-news
8162857079,Flag Polgári Magazin,Rory Hunter,Hungary,http://www.flagmagazin.hu,flagmagazin.hu,
8176594595,PORT.hu,Rory Hunter,Hungary,http://www.port.hu,port.hu,https://www.linkedin.com/company/port-data-kft-
8162735991,Now24,Wei Chen,Greece,http://www.now24.gr,now24.gr,
8288853772,AutoStrada.MD,Wei Chen,Romania,http://www.autoblog.md,autoblog.md,
8309314627,Transilvania Business,Rory Hunter,Romania,http://www.transilvaniabusiness.ro,transilvaniabusiness.ro,https://www.linkedin.com/company/transilvania-business
8309400642,Oldhouses.com,Wei Chen,United States,http://www.oldhouses.com,oldhouses.com,https://www.linkedin.com/company/copley-internet-systems
8292110392,Livnovine,Wei Chen,Bosnia and Herzegovina,http://www.livnovine.com,livnovine.com,
8289736211,Rigzone,Sander Lammers,United States,http://www.rigzone.com,rigzone.com,https://www.linkedin.com/company/rigzone
8271881991,e-stargard.pl,Wei Chen,Poland,http://www.e-stargard.pl,e-stargard.pl,
8292089391,Gastronomy Tours,Wei Chen,Greece,http://www.gastronomytours.com,gastronomytours.com,https://www.linkedin.com/company/gastronomy-tours
8291710250,Tripawds,Wei Chen,United States,http://www.tripawds.com,tripawds.com,https://www.linkedin.com/company/tripawds
8289127177,Radio Targujiu,Wei Chen,Romania,http://www.radiotargujiu.ro,radiotargujiu.ro,
8273856821,Elblag.net,Rory Hunter,Poland,http://www.elblag.net,elblag.net,
8288965395,Work Enter,Wei Chen,Greece,http://www.workenter.gr,workenter.gr,https://www.linkedin.com/company/workenter
8225347930,Top Shelf Productions,Wei Chen,United States,http://www.topshelfcomix.com,topshelfcomix.com,https://www.linkedin.com/company/topshelf-productions
8228867422,Equnews.nl,Wei Chen,Netherlands,http://www.equnews.nl,equnews.nl,
8227179597,The Federalist Papers,Hanson Ojo,United States,http://www.thefederalistpapers.org,thefederalistpapers.org,
8228329054,Het Kontakt,Wei Chen,Netherlands,http://www.hetkontakt.nl,hetkontakt.nl,https://www.linkedin.com/company/het-kontakt-edities-b.v.
8272345661,Susanvillestuff.com,Wei Chen,United States,http://www.susanvillestuff.com,susanvillestuff.com,
8277225069,Rethinking The Future,Sander Lammers,India,http://www.re-thinkingthefuture.com,re-thinkingthefuture.com,https://www.linkedin.com/company/rethinkingthefuture
8275940466,Sivil Sayfalar,Wei Chen,Turkey,http://www.sivilsayfalar.org,sivilsayfalar.org,https://www.linkedin.com/company/sivil-sayfalar
8227402329,Mom Among Chaos,Wei Chen,United States,http://www.momamongchaos.com,momamongchaos.com,
8291770119,Germiston City News,Rory Hunter,South Africa,http://www.germistoncitynews.co.za,germistoncitynews.co.za,
8226593128,October Gallery,Wei Chen,United States,http://www.octobergallery.com,octobergallery.com,
8293536279,Sin Comillas,Wei Chen,United States,http://www.sincomillas.com,sincomillas.com,https://www.linkedin.com/company/sin-comillas
8293452061,PolitikYol,Wei Chen,Turkey,http://www.politikyol.com,politikyol.com,
8303484324,PTWP Group,Wei Chen,Poland,http://www.ptwp.pl,ptwp.pl,https://www.linkedin.com/company/grupa-ptwp-s-a-
8227593263,Insider NJ,Wei Chen,United States,http://www.insidernj.com,insidernj.com,https://www.linkedin.com/company/insider-nj
8303420583,thespro.gr,Wei Chen,Greece,http://www.thespro.gr,thespro.gr,
8272134977,My Baba,Wei Chen,United Kingdom,http://www.mybaba.com,mybaba.com,https://www.linkedin.com/company/my-baba
8272563291,OilPrice.com,Sander Lammers,United States,http://www.oilprice.com,oilprice.com,https://www.linkedin.com/company/oilprice-com
8291831669,El Sol Latino Newspaper,Wei Chen,United States,http://www.elsolnewsmedia.com,elsolnewsmedia.com,
8288944223,Car and Driver Greece,Rory Hunter,Greece,http://www.caranddriver.gr,caranddriver.gr,
8226787343,FanGraphs,Wei Chen,United States,http://www.fangraphs.com,fangraphs.com,https://www.linkedin.com/company/ottoneu-inc.
8272402244,Verkkouutiset,Wei Chen,Finland,http://www.verkkouutiset.fi,verkkouutiset.fi,
8275925534,Polityka Zdrowotna,Wei Chen,Poland,http://www.politykazdrowotna.com,politykazdrowotna.com,
8289307970,EnergyPress.net,Wei Chen,Croatia,http://www.energypress.net,energypress.net,
8272622926,Lynn Lyons,Wei Chen,United States,http://www.lynnlyons.com,lynnlyons.com,
8211442223,Saur Energy News,Wei Chen,Bangladesh,http://www.saurenergy.com,saurenergy.com,https://www.linkedin.com/company/saurenergy
8289772923,Bursamuhalif,Wei Chen,Turkey,http://www.bursamuhalif.com,bursamuhalif.com,
8301579696,Voorne Putten,Rory Hunter,Netherlands,http://www.voorne-putten.nl,voorne-putten.nl,https://www.linkedin.com/company/voorne-putten.nl
8303893392,Midrand Reporter,Wei Chen,South Africa,http://www.midrandreporter.co.za,midrandreporter.co.za,https://www.linkedin.com/company/midrand-reporter
8290502213,Crisana,Wei Chen,Romania,http://www.crisana.ro,crisana.ro,
8227904269,Urbanize Media,Wei Chen,United States,http://www.urbanize.la,urbanize.la,https://www.linkedin.com/company/urbanizela
8274307145,League Publications,Wei Chen,United Kingdom,http://www.totalrl.com,totalrl.com,https://www.linkedin.com/company/vasayo
8276355622,Glitch N Dealz,Wei Chen,United States,http://www.glitchndealz.com,glitchndealz.com,
8295199236,Forza Italia,Wei Chen,Greece,http://www.italians.gr,italians.gr,
8289790833,Glas Podravine i Prigorja,Rory Hunter,Croatia,http://www.glaspodravine.hr,glaspodravine.hr,
8292107600,GetRealPhilippines.COM,Sander Lammers,Philippines,http://www.getrealphilippines.com,getrealphilippines.com,
8305657697,InVeria.gr,Wei Chen,Greece,http://www.inveria.gr,inveria.gr,
8272434813,Big Country News,Wei Chen,United States,http://www.bigcountrynewsconnection.com,bigcountrynewsconnection.com,
8227938335,100%NL Magazine,Rory Hunter,Netherlands,http://www.100pmagazine.nl,100pmagazine.nl,https://www.linkedin.com/company/1557096
8289554282,ExtraMediaUK,Wei Chen,United Kingdom,http://www.extramedia1.com,extramedia1.com,https://www.linkedin.com/company/extra-media-uk
8272547938,Verianet.gr,Wei Chen,Greece,http://www.verianet.gr,verianet.gr,https://www.linkedin.com/company/verianet-gr
8270545807,Akhisar Gözde Haber,Wei Chen,Turkey,http://www.akhisargozde.com,akhisargozde.com,
8309348158,KFDI News,Rory Hunter,United States,http://www.kfdi.com,kfdi.com,https://www.linkedin.com/company/kfdi-radio-station-101.3-fm
8228783622,Hebban.nl,Wei Chen,Netherlands,http://www.hebban.nl,hebban.nl,https://www.linkedin.com/company/hebban.nl
8270488715,Listen Money Matters,Wei Chen,United States,http://www.listenmoneymatters.com,listenmoneymatters.com,https://www.linkedin.com/company/listen-money-matters
8224490676,Meloman,Wei Chen,Bulgaria,http://www.meloman.bg,meloman.bg,
8290864046,Discogs,Wei Chen,United States,http://www.discogs.com,discogs.com,https://www.linkedin.com/company/discogs
8272144779,Kanal Frederikshavn,Rory Hunter,Denmark,http://www.kanalfrederikshavn.dk,kanalfrederikshavn.dk,https://www.linkedin.com/company/kanal-frederikshavn
8289418129,Downtown Holiday Market,Wei Chen,United States,http://www.downtownholidaymarket.com,downtownholidaymarket.com,
8272550291,Luxe Wed,Wei Chen,Taiwan,http://www.luxewed.asia,luxewed.asia,
8290063020,Equitours,Wei Chen,United States,http://www.equitours.com,equitours.com,https://www.linkedin.com/company/equitour
8289913487,ILaks,Wei Chen,Norway,http://www.ilaks.no,ilaks.no,https://www.linkedin.com/company/ilaks
8289187202,Dom Idealny,Wei Chen,Poland,http://www.livingroom24.pl,livingroom24.pl,
8273278135,Art Haber,Wei Chen,Turkey,http://www.arthaber.net,arthaber.net,
8289578382,RideApart,Sander Lammers,United States,http://www.rideapart.com,rideapart.com,https://www.linkedin.com/company/rideapart
8303510132,Breaking Travel News,Wei Chen,United States,http://www.breakingtravelnews.com,breakingtravelnews.com,https://www.linkedin.com/company/breaking-travel-news-limited
8301557335,Up in the Sky,Rory Hunter,Netherlands,http://www.upinthesky.nl,upinthesky.nl,https://www.linkedin.com/company/up-in-the-sky
8289759617,Sandzak Danas,Wei Chen,Serbia,http://www.sandzakdanas.rs,sandzakdanas.rs,
8289246095,Poskok online,Wei Chen,Croatia,http://www.poskok.info,poskok.info,
8303818348,Freelance Bulgaria,Wei Chen,Bulgaria,http://www.freelance.bg,freelance.bg,
8224927646,Penniless Parenting,Wei Chen,United States,http://www.pennilessparenting.com,pennilessparenting.com,
8301598066,The Franklin News-Post,Damian Domanski,United States,http://www.thefranklinnewspost.com,thefranklinnewspost.com,
8304467550,IoanninaBars.gr,Sander Lammers,Greece,http://www.ioanninabars.gr,ioanninabars.gr,
8274082185,Tygodnik Idziemy,Wei Chen,Poland,http://www.idziemy.pl,idziemy.pl,https://www.linkedin.com/company/tygodnik-idziemy
8224322963,News Update Times,Wei Chen,Pakistan,http://www.newsupdatetimes.com,newsupdatetimes.com,
8302391415,PowWows.com,Sander Lammers,United States,http://www.powwows.com,powwows.com,https://www.linkedin.com/company/powwows-com
8302088061,Fitness Motivation Hellas,Sander Lammers,Greece,http://www.fmh.gr,fmh.gr,https://www.linkedin.com/company/fitnessmotivationhellas
8301509217,Utrechtfans,Wei Chen,Netherlands,http://www.utrechtfans.nl,utrechtfans.nl,
8224503193,Your Next Shoes,Wei Chen,United States,http://www.yournextshoes.com,yournextshoes.com,https://www.linkedin.com/company/your-next-shoes
8292063376,Gazeta de Dimineata,Wei Chen,Romania,http://www.gddhd.ro,gddhd.ro,
8291604871,Lakeland PBS,Wei Chen,United States,http://www.lptv.org,lptv.org,https://www.linkedin.com/company/lakeland-public-television
8287979699,Epoli.gr,Sander Lammers,Greece,http://www.epoli.gr,epoli.gr,
8292001668,DailyTimes24,Wei Chen,India,http://www.dailytimes24.com,dailytimes24.com,
8302562918,Black Rhino Music,Wei Chen,Romania,http://www.blackrhinoradio.com,blackrhinoradio.com,
8289201577,Enikonomia,Wei Chen,Greece,http://www.enikonomia.gr,enikonomia.gr,
8300570626,Cybermed,Wei Chen,Croatia,http://www.cybermed.hr,cybermed.hr,
8304526138,Encomium,Wei Chen,Nigeria,http://www.encomium.ng,encomium.ng,
8303522364,East Side Boxing,Wei Chen,United States,http://www.boxing247.com,boxing247.com,
8302388996,Lithgow Mercury,Wei Chen,Australia,http://www.lithgowmercury.com.au,lithgowmercury.com.au,https://www.linkedin.com/company/lithgow-mercury
8227095685,Harborough FM,Rory Hunter,United Kingdom,http://www.harboroughfm.co.uk,harboroughfm.co.uk,
8302526209,Wiadomości,Wei Chen,Poland,http://www.wiadomosci.com,wiadomosci.com,
8304243239,Gramofona.com,Wei Chen,Bulgaria,http://www.gramofona.com,gramofona.com,
8275447200,Sveriges Släktforskarförbund,Wei Chen,Sweden,http://www.rotter.se,rotter.se,
8295620496,GreekNews24,Sander Lammers,Greece,http://www.greeknews24.gr,greeknews24.gr,
8301914931,Baptist Press,Rory Hunter,United States,http://www.baptistpress.com,baptistpress.com,
8302544181,THERMISnews,Wei Chen,Greece,http://www.thermisnews.gr,thermisnews.gr,
8303364870,The Watchers,Wei Chen,United States,http://www.watchers.news,watchers.news,
8304022276,INFE Greece,Wei Chen,Greece,http://www.infegreece.gr,infegreece.gr,
8303646235,TechNews.bg,Rory Hunter,Bulgaria,http://www.technews.bg,technews.bg,https://www.linkedin.com/company/technews-bg
8225305010,Olesnica24.com,Wei Chen,Poland,http://www.olesnica24.com,olesnica24.com,
8315729062,Zadarski list,Rory Hunter,Croatia,http://www.zadarskilist.hr,zadarskilist.hr,https://www.linkedin.com/company/zadarski-list
8311466851,Skijumping,Wei Chen,Poland,http://www.skijumping.pl,skijumping.pl,
8333478579,Sim Racer Magazine,Wei Chen,United Kingdom,http://www.simracer-mag.com,simracer-mag.com,
8312620927,Pen City Current,Wei Chen,United States,http://www.pencitycurrent.com,pencitycurrent.com,https://www.linkedin.com/company/68124709
8340799023,Radio Doxa,Wei Chen,Poland,http://www.doxa.fm,doxa.fm,
8322480646,Pretty Hot,Wei Chen,United States,http://www.pretty-hot.com,pretty-hot.com,
8311646306,CenyRolnicze.pl,Wei Chen,Poland,http://www.cenyrolnicze.pl,cenyrolnicze.pl,
8341307426,Szczecin Floating Garden,Wei Chen,Poland,http://www.szczecin.eu,szczecin.eu,
8341559335,Praise Charlotte,Wei Chen,United States,http://www.praisecharlotte.com,praisecharlotte.com,
8311037812,TGN,Wei Chen,Norway,http://www.tgn.no,tgn.no,
8333463470,PWMania.com,Sander Lammers,United States,http://www.pwmania.com,pwmania.com,
8310309749,SC Magazine,Wei Chen,United States,http://www.scmagazine.com,scmagazine.com,https://www.linkedin.com/company/scmediaus
8312492117,Garbo.ro,Wei Chen,Romania,http://www.garbo.ro,garbo.ro,
8311502914,bolaskor.com,Wei Chen,Indonesia,http://www.bolaskor.com,bolaskor.com,
8311521857,Universal Reporters,Rory Hunter,Nigeria,http://www.universalreportersng.com,universalreportersng.com,
8309568100,Triklopodia,Wei Chen,Greece,http://www.triklopodia.gr,triklopodia.gr,
8309571943,TaxiPoint,Wei Chen,United Kingdom,http://www.taxi-point.co.uk,taxi-point.co.uk,https://www.linkedin.com/company/taxipoint
8311474762,Ujpest Media,Wei Chen,Hungary,http://www.ujpestmedia.hu,ujpestmedia.hu,
8341646081,Merahputih,Wei Chen,Indonesia,http://www.merahputih.com,merahputih.com,https://www.linkedin.com/company/pt-merah-putih-media
8341325339,Stiri regionale,Wei Chen,Romania,http://www.zch.ro,zch.ro,
8309672831,Morgan City Daily-Review,Wei Chen,United Kingdom,http://www.stmarynow.com,stmarynow.com,
8321760821,Parapolitika Argolida,Wei Chen,Greece,http://www.parapolitikaargolida.gr,parapolitikaargolida.gr,
8324232209,Lite 98.7 WLZW,Wei Chen,United States,http://www.lite987.com,lite987.com,
8333836423,LitNet.co.za,Wei Chen,South Africa,http://www.litnet.co.za,litnet.co.za,
8340168540,South Asia Journal,Damian Domanski,United States,http://www.southasiajournal.net,southasiajournal.net,
8311175722,Gradbanjaluka.com,Wei Chen,Bosnia and Herzegovina,http://www.gradbanjaluka.com,gradbanjaluka.com,
8324019307,igryfino.pl,Wei Chen,Poland,http://www.igryfino.pl,igryfino.pl,
8309440272,Verken je Geest,Wei Chen,Netherlands,http://www.verkenjegeest.com,verkenjegeest.com,
8320801442,Proshare,Wei Chen,Nigeria,http://www.proshareng.com,proshareng.com,https://www.linkedin.com/company/proshare-nigeria
8310741249,netakias.com,Wei Chen,Greece,http://www.netakias.com,netakias.com,
8341571176,PressHub,Wei Chen,Romania,http://www.presshub.ro,presshub.ro,
8339664970,Receptkirály.hu,Wei Chen,Hungary,http://www.receptkiraly.hu,receptkiraly.hu,
8340270400,Sportmarketing,Wei Chen,Poland,http://www.sportmarketing.pl,sportmarketing.pl,https://www.linkedin.com/company/sportmarketingpl
8309501231,Irablogging,Sander Lammers,India,http://www.irablogging.com,irablogging.com,
8310877492,Lika Club,Rory Hunter,Croatia,http://www.likaclub.eu,likaclub.eu,https://www.linkedin.com/company/lika-club
8322629753,infoDENT24.pl,Wei Chen,Poland,http://www.infodent24.pl,infodent24.pl,
8309635623,Trabzonum,Rory Hunter,Turkey,http://www.trabzonum.tv,trabzonum.tv,
8320870043,MIXER.HR,Wei Chen,Croatia,http://www.mixer.hr,mixer.hr,
8309652007,TV Confidential,Wei Chen,United States,http://www.televisionconfidential.com,televisionconfidential.com,
8342130262,Rising Sun Overport,Wei Chen,South Africa,http://www.risingsunoverport.co.za,risingsunoverport.co.za,
8321477265,Ένωση Αγρινίου,Wei Chen,Greece,http://www.e-ea.gr,e-ea.gr,
8341131589,The Kimberley Echo,Wei Chen,Australia,http://www.kimberleyecho.com.au,kimberleyecho.com.au,https://www.linkedin.com/company/the-kimberley-echo
8341627741,Έμβολος Emvolos,Rory Hunter,Greece,http://www.emvolos.gr,emvolos.gr,
8320676486,Ionian Channel,Rory Hunter,Greece,http://www.ioniantv.gr,ioniantv.gr,https://www.linkedin.com/company/ionian-tv
8341120338,Cluj.com - Ghid Local,Rory Hunter,Romania,http://www.cluj.com,cluj.com,
8340506458,Povijest.hr,Wei Chen,Croatia,http://www.povijest.hr,povijest.hr,
8324056152,LawLex,Wei Chen,United States,http://www.lawlex.org,lawlex.org,https://www.linkedin.com/company/lawlex-org
8334191174,Rate It Green,Wei Chen,United States,http://www.rateitgreen.com,rateitgreen.com,https://www.linkedin.com/company/rate-it-green
8340949935,Los Alamos Daily Post,Wei Chen,United States,http://www.ladailypost.com,ladailypost.com,
8321149559,WPFO FOX23,Wei Chen,United States,http://www.fox23maine.com,fox23maine.com,https://www.linkedin.com/company/wpfo-fox23
8340422573,Proininews.gr,Wei Chen,Greece,http://www.proininews.gr,proininews.gr,
8340608686,speedwaynews.pl,Wei Chen,Poland,http://www.speedwaynews.pl,speedwaynews.pl,
8349007662,Metal Shock Finland,Wei Chen,Finland,http://www.metalshockfinland.com,metalshockfinland.com,
8321149558,onebanglanews.com,Wei Chen,Bangladesh,http://www.onebanglanews.com,onebanglanews.com,
8347826206,NotiFight,Wei Chen,United States,http://www.notifight.com,notifight.com,https://www.linkedin.com/company/notifight
8322668161,Parakato.gr,Wei Chen,Greece,http://www.parakato.gr,parakato.gr,
8347690779,Via Cluj Tv,Wei Chen,Romania,http://www.viacluj.tv,viacluj.tv,
8341155254,Sănătate INFO,Wei Chen,Romania,http://www.sanatateinfo.md,sanatateinfo.md,
8334857067,greekhandball.com,Wei Chen,Greece,http://www.greekhandball.com,greekhandball.com,
8337253200,Pliroforiodotis Imathias,Wei Chen,Greece,http://www.pliroforiodotis.gr,pliroforiodotis.gr,
8341510548,Praise 106.1 Baltimore,Wei Chen,United States,http://www.praisebaltimore.com,praisebaltimore.com,
8321080413,Lanzarote Information,Rory Hunter,United Kingdom,http://www.lanzaroteinformation.co.uk,lanzaroteinformation.co.uk,https://www.linkedin.com/company/lanzarote-information
8334820716,Halkidikifocus,Wei Chen,Greece,http://www.halkidikifocus.gr,halkidikifocus.gr,https://www.linkedin.com/company/halkidikifocus
8320923985,Northwich Guardian,Rory Hunter,United Kingdom,http://www.northwichguardian.co.uk,northwichguardian.co.uk,https://www.linkedin.com/company/northwich-guardian
8340892558,Mid America Live,Wei Chen,United States,http://www.midamericalive.com,midamericalive.com,
8341674650,Ανοικτή Βιβλιοθήκη,Wei Chen,Greece,http://www.openbook.gr,openbook.gr,
8320700763,Forsvarets Forum,Wei Chen,Norway,http://www.forsvaretsforum.no,forsvaretsforum.no,https://www.linkedin.com/company/forsvarets-forum
8334731873,Tarnowskie Góry,Wei Chen,Poland,http://www.tarnogorski.info,tarnogorski.info,
8321090130,North Devon Gazette,Wei Chen,United Kingdom,http://www.northdevongazette.co.uk,northdevongazette.co.uk,
8347374881,World of WP,Wei Chen,United States,http://www.worldofwp.com,worldofwp.com,
8321067861,Northcliff Melville Times,Wei Chen,South Africa,http://www.northcliffmelvilletimes.co.za,northcliffmelvilletimes.co.za,
8321106518,La Voce del Popolo,Wei Chen,Croatia,http://www.lavoce.hr,lavoce.hr,https://www.linkedin.com/company/la-voce-del-polpolo
8321999787,Picks & Parlays,Wei Chen,United States,http://www.picksandparlays.net,picksandparlays.net,
8323581357,ВРАЦА ДНЕС,Wei Chen,Bulgaria,http://www.vratzadnes.com,vratzadnes.com,
8341088147,Telemundo 51 Fresno,Wei Chen,United States,http://www.telemundofresno.com,telemundofresno.com,
8347716396,L'Observateur US,Wei Chen,United States,http://www.lobservateur.com,lobservateur.com,
8311365286,MyNewsLA.com,Rory Hunter,United States,http://www.mynewsla.com,mynewsla.com,
8320954932,North.Wales,Wei Chen,United Kingdom,http://www.north.wales,north.wales,https://www.linkedin.com/company/welsh-labour
8349218923,Dnevni.ba,Wei Chen,Bosnia and Herzegovina,http://www.dnevni.ba,dnevni.ba,
8311515305,News Medical,Rory Hunter,United Kingdom,http://www.news-medical.net,news-medical.net,https://www.linkedin.com/company/news-medical
8347363675,Asomiya Pratidin,Rory Hunter,India,http://www.asomiyapratidin.in,asomiyapratidin.in,https://www.linkedin.com/company/asomiya-pratidin---india
8315869050,www.RunningNews.gr - Τα πάντα για το Τρέξιμο,Wei Chen,Greece,http://www.runningnews.gr,runningnews.gr,
8321160746,onetamilnews.com,Rory Hunter,India,http://www.onetamilnews.com,onetamilnews.com,
8309653663,Techmaniacs,Wei Chen,Greece,http://www.techmaniacs.gr,techmaniacs.gr,
8320928815,NHL Trade Rumors,Rory Hunter,United States,http://www.nhltraderumors.me,nhltraderumors.me,https://www.linkedin.com/company/nhltraderumors
8309413020,Guitar.com,Sander Lammers,United States,http://www.guitar.com,guitar.com,https://www.linkedin.com/company/ultimate-guitar
8334952215,Secrets of the Sambar,Wei Chen,United States,http://www.sambardeer.com,sambardeer.com,
8334969106,Myxalandri.gr,Wei Chen,Greece,http://www.myxalandri.gr,myxalandri.gr,
8310726021,Cyclist Magazine,Rory Hunter,United Kingdom,http://www.cyclist.co.uk,cyclist.co.uk,https://www.linkedin.com/company/cyclist
8320525336,LiveRC,Sander Lammers,United States,http://www.liverc.com,liverc.com,
8309583776,Turizm Güncel,Wei Chen,Turkey,http://www.turizmguncel.com,turizmguncel.com,https://www.linkedin.com/company/turizmg%C3%BCncel
8320488220,Watermark,Wei Chen,United States,http://www.watermarkonline.com,watermarkonline.com,https://www.linkedin.com/company/watermark-inc-
8321285651,Τύπος Ιωαννίνων typos-i.gr,Wei Chen,Greece,http://www.typos-i.gr,typos-i.gr,
8311431560,efimeridakefalonia.gr,Wei Chen,Greece,http://www.efimeridakefalonia.gr,efimeridakefalonia.gr,
8314084479,Zeek玩家誌,Rory Hunter,Taiwan,http://www.zeekmagazine.com,zeekmagazine.com,
8320428319,Vozdovac,Sebastian Huempfer,Serbia,http://www.vozdovacinfo.rs,vozdovacinfo.rs,https://www.linkedin.com/company/vo%C5%BEdovac-info
8311377810,Someseanul,Wei Chen,Romania,http://www.someseanul.ro,someseanul.ro,
8311319199,Natural Health News UK,Wei Chen,United Kingdom,http://www.naturalhealthnews.uk,naturalhealthnews.uk,
8333871936,Auto Motor & Sport Sverige,Wei Chen,Sweden,http://www.mestmotor.se,mestmotor.se,
8320957448,NRMjobs.com.au,Wei Chen,Australia,http://www.nrmjobs.com.au,nrmjobs.com.au,https://www.linkedin.com/company/nrmjobs
8361219420,大大學院,Wei Chen,Taiwan,http://www.smartm.com.tw,smartm.com.tw,https://www.linkedin.com/company/smart-talent-management-consulting-co-ltd-smart-m-
8439499535,ÖT - Österbottens Tidning,Wei Chen,Finland,http://www.osterbottenstidning.fi,osterbottenstidning.fi,
8359278411,Ruby Lane,Wei Chen,United States,http://www.rubylane.com,rubylane.com,https://www.linkedin.com/company/ruby-lane-inc-
8424780330,Δημοτική Ραδιοφωνία Πειραιά,Wei Chen,Greece,http://www.kanaliena.gr,kanaliena.gr,
8734850477,Launceston Examiner,Wei Chen,Australia,http://www.examiner.com.au,examiner.com.au,https://www.linkedin.com/company/the-examiner-newspaper-pty.-ltd.
8360644928,Roodepoort Record / Northsider,Wei Chen,South Africa,http://www.roodepoortrecord.co.za,roodepoortrecord.co.za,
8463046776,Agrozona,Wei Chen,Bulgaria,http://www.agrozona.bg,agrozona.bg,
8734810294,Southern Highland News,Wei Chen,Australia,http://www.southernhighlandnews.com.au,southernhighlandnews.com.au,https://www.linkedin.com/company/southern-highlands
8359294812,Touch Arcade,Damian Domanski,United States,http://www.toucharcade.com,toucharcade.com,https://www.linkedin.com/company/toucharcade.com
8684475265,Vantagemag,Wei Chen,Greece,http://www.vantagemag.com,vantagemag.com,https://www.linkedin.com/company/vantage-magazine
8715363930,Nevşehir-i Dilara,Wei Chen,Turkey,http://www.ndhaber.com.tr,ndhaber.com.tr,
8360594038,San Mateo Daily Journal,Wei Chen,United States,http://www.smdailyjournal.com,smdailyjournal.com,https://www.linkedin.com/company/san-mateo-daily-journal
8734881668,Daily Liberal,Wei Chen,Australia,http://www.dailyliberal.com.au,dailyliberal.com.au,https://www.linkedin.com/company/daily-liberal
8445606467,Vordingborg.in,Wei Chen,Denmark,http://www.vordingborg.in,vordingborg.in,
8734881670,The Border Mail,Wei Chen,Australia,http://www.bordermail.com.au,bordermail.com.au,https://www.linkedin.com/company/border-mail-printing-pty-ltd
8734979471,The Armidale Express,Wei Chen,Australia,http://www.armidaleexpress.com.au,armidaleexpress.com.au,https://www.linkedin.com/company/armidale-express
8359122966,eGryfice,Wei Chen,Poland,http://www.egryfice.pl,egryfice.pl,
8734766218,Farm Weekly,Rory Hunter,Australia,http://www.farmweekly.com.au,farmweekly.com.au,https://www.linkedin.com/company/farm-weekly
8398898358,Travel Weekly,Rory Hunter,Australia,http://www.travelweekly.com.au,travelweekly.com.au,https://www.linkedin.com/company/the-misfits-media-company
8409001754,Kansalainen,Wei Chen,Finland,http://www.kansalainen.fi,kansalainen.fi,
8416093582,TELEPOLIS.PL,Wei Chen,Poland,http://www.telepolis.pl,telepolis.pl,
8549558968,Medyascope,Wei Chen,Turkey,http://www.medyascope.tv,medyascope.tv,https://www.linkedin.com/company/medyascope
8379467354,Auto Expert Magazine Romania,Rory Hunter,Romania,http://www.autoexpert.ro,autoexpert.ro,https://www.linkedin.com/company/autoexpert-media
8360851561,"ProMED-mail, the Program for Monitoring Emerging Diseases",Wei Chen,United States,http://www.promedmail.org,promedmail.org,https://www.linkedin.com/company/promed-mail
8416654495,Οδηγός Εργατικής Νομοθεσίας,Wei Chen,Greece,http://www.oenet.gr,oenet.gr,https://www.linkedin.com/company/oenet-gr
8782935991,NoHo Arts District,Wei Chen,United States,http://www.nohoartsdistrict.com,nohoartsdistrict.com,
8360888175,Griechenland Zeitung,Rory Hunter,Greece,http://www.griechenland.net,griechenland.net,https://www.linkedin.com/company/griechenland-zeitung
8464220599,E-Razgrad,Wei Chen,Bulgaria,http://www.e-razgrad.bg,e-razgrad.bg,
8399104922,Raumnes,Wei Chen,Norway,http://www.raumnes.no,raumnes.no,https://www.linkedin.com/company/raumnes
8781581648,IL GLOBO,Wei Chen,Australia,http://www.ilglobo.com,ilglobo.com,https://www.linkedin.com/company/il-globo
8681314615,Εφημερίδα Κοινωνική,Wei Chen,Greece,http://www.koinoniki.gr,koinoniki.gr,
8360655388,Do It Yourself,Sander Lammers,Romania,http://www.ideipentrucasa.ro,ideipentrucasa.ro,
8504958628,MÉDIAPIAC.COM,Wei Chen,Hungary,http://www.mediapiac.com,mediapiac.com,https://www.linkedin.com/company/mediapiac.com
8706419619,Wrestling-Online,Wei Chen,Malta,http://www.wrestling-online.com,wrestling-online.com,
8360904457,Stiri Prahova,Wei Chen,Romania,http://www.zdp.ro,zdp.ro,
8351435418,Јужна Србија,Wei Chen,Serbia,http://www.juznasrbija.info,juznasrbija.info,
8761306983,Sport365.hu,Sander Lammers,Hungary,http://www.sport365.hu,sport365.hu,
8677550958,CursDeGuvernare.ro,Rory Hunter,Romania,http://www.cursdeguvernare.ro,cursdeguvernare.ro,https://www.linkedin.com/company/cursdeguvernare
8677589871,e-thessalia.gr,Rory Hunter,Greece,http://www.e-thessalia.gr,e-thessalia.gr,
8681505826,Polski Tenis Stołowy,Wei Chen,Poland,http://www.pzts.pl,pzts.pl,https://www.linkedin.com/company/polski-zwi-zek-tenisa-sto-owego---polish-table-tennis-association
8359580956,Love Your Pub,Wei Chen,United Kingdom,http://www.loveyourpub.co.uk,loveyourpub.co.uk,
8677914469,FutbolNews.pl,Wei Chen,Poland,http://www.futbolnews.pl,futbolnews.pl,
8781361203,Great Golf Courses of Australia,Wei Chen,Australia,http://www.greatgolfaustralia.com.au,greatgolfaustralia.com.au,
8737580434,Aparajeo Bangla,Rory Hunter,Bangladesh,http://www.aparajeobangla.com,aparajeobangla.com,
8409034344,Kansan Uutiset,Wei Chen,Finland,http://www.kansanuutiset.fi,kansanuutiset.fi,https://www.linkedin.com/company/kansanuutiset
8675283829,GourdUp,Rory Hunter,South Africa,http://www.groundup.org.za,groundup.org.za,https://www.linkedin.com/company/groundupnews
8359235417,Rousing The Kop,Wei Chen,United Kingdom,http://www.rousingthekop.com,rousingthekop.com,
8463503632,Lifestyle.bg,Rory Hunter,Bulgaria,http://www.lifestyle.bg,lifestyle.bg,
8463470362,Zname,Wei Chen,Bulgaria,http://www.zname.info,zname.info,
8782307608,Luso-Americano Newspaper,Rory Hunter,United States,http://www.lusoamericano.com,lusoamericano.com,
8446590235,Glusi.TV,Wei Chen,Poland,http://www.glusi.tv,glusi.tv,
8440022639,PortalSpozywczy,Wei Chen,Poland,http://www.portalspozywczy.pl,portalspozywczy.pl,https://www.linkedin.com/company/portalspozywczy
8398748699,Roadracing World,Wei Chen,United States,http://www.roadracingworld.com,roadracingworld.com,
8737590345,Temat Szczecinecki,Rory Hunter,Poland,http://www.szczecinek.com,szczecinek.com,https://www.linkedin.com/company/temat-szczecinecki
8726027158,The Cartoon Cowboy,Wei Chen,United States,http://www.thecartooncowboy.com,thecartooncowboy.com,
8737478212,steigan.no,Wei Chen,Norway,http://www.steigan.no,steigan.no,
8370703999,Fakty Białystok,Wei Chen,Poland,http://www.fakty.bialystok.pl,fakty.bialystok.pl,
8734791985,St George & Sutherland Shire Leader,Wei Chen,Australia,http://www.theleader.com.au,theleader.com.au,
8382769458,Avrupa Gazete,Wei Chen,United Kingdom,http://www.avrupagazete.co.uk,avrupagazete.co.uk,
8734774837,Geelong Advertiser,Wei Chen,Australia,http://www.geelongadvertiser.com.au,geelongadvertiser.com.au,https://www.linkedin.com/company/geelong-advertiser
8351364176,V4Stream,Rory Hunter,India,http://www.v4news.com,v4news.com,https://www.linkedin.com/company/v4news
8398989832,Edessa News,Wei Chen,Greece,http://www.edessanews.gr,edessanews.gr,
8735025979,The Daily Advertiser,Wei Chen,Australia,http://www.dailyadvertiser.com.au,dailyadvertiser.com.au,https://www.linkedin.com/company/the-daily-advertiser
8504965454,Midtjyllands Avis,Rory Hunter,Denmark,http://www.midtjyllandsavis.dk,midtjyllandsavis.dk,
8488378192,For Every Mom,Sander Lammers,United States,http://www.foreverymom.com,foreverymom.com,
8734873346,Manning River Times,Wei Chen,Australia,http://www.manningrivertimes.com.au,manningrivertimes.com.au,https://www.linkedin.com/company/manning-river-times
8370112835,Radio Luna,Wei Chen,Serbia,http://www.radioluna.info,radioluna.info,
8359184790,旧金山湾区华人资讯网,Wei Chen,United States,http://www.chineseinsfbay.com,chineseinsfbay.com,
8535180822,WLR FM,Rory Hunter,Ireland,http://www.wlrfm.com,wlrfm.com,https://www.linkedin.com/company/wlrfm
8368817533,Vantaan Sanomat,Wei Chen,Finland,http://www.vantaansanomat.fi,vantaansanomat.fi,
8660946583,Yapi Dergisi,Wei Chen,Turkey,http://www.yapi.com.tr,yapi.com.tr,https://www.linkedin.com/company/yapicomtr
8550986012,HaberVakti,Rory Hunter,Turkey,http://www.habervakti.com,habervakti.com,
8383807247,Naija Live TV,Rory Hunter,Nigeria,http://www.naijalivetv.com,naijalivetv.com,
8438707268,Kayseri Haber Gazetesi,Wei Chen,Turkey,http://www.kayserihaber.com.tr,kayserihaber.com.tr,
8783177272,National Indian Gaming Association,Wei Chen,India,http://www.indiangaming.org,indiangaming.org,https://www.linkedin.com/company/national-indian-gaming-association
8677625735,eduadvisor.gr,Wei Chen,Greece,http://www.eduadvisor.gr,eduadvisor.gr,https://www.linkedin.com/company/eduadvisor-gr
8370105125,BWW Media Group,Wei Chen,United States,http://www.bwwmediagroup.com,bwwmediagroup.com,https://www.linkedin.com/company/bww-media-group
8369748515,Team-BHP.com,Sander Lammers,India,http://www.team-bhp.com,team-bhp.com,
8359497867,World Red Eye,Rory Hunter,United States,http://www.worldredeye.com,worldredeye.com,
8715576756,Noise11,Wei Chen,Australia,http://www.noise11.com,noise11.com,https://www.linkedin.com/company/noise11-com
8370132010,Port Technology International,Wei Chen,United Kingdom,http://www.porttechnology.org,porttechnology.org,https://www.linkedin.com/company/porttechnology
8362488992,Εργασιακά Νέα,Wei Chen,Greece,http://www.ergasiakanea.eu,ergasiakanea.eu,
8448412225,SXM Talks,Wei Chen,Netherlands,http://www.sxm-talks.com,sxm-talks.com,
8398964813,Southern Maryland Online,Damian Domanski,United States,http://www.somd.com,somd.com,https://www.linkedin.com/company/calvert-animal-welfare-l-inc
8360925323,Smirking Chimp,Wei Chen,United States,http://www.smirkingchimp.com,smirkingchimp.com,
8681425829,PécsMa.hu,Wei Chen,Hungary,http://www.pecsma.hu,pecsma.hu,
8737524509,TalkGlitz Media,Wei Chen,Nigeria,http://www.talkglitz.media,talkglitz.media,https://www.linkedin.com/company/talkglitz-media
8379396011,Koinignomi,Wei Chen,Greece,http://www.koinignomi.gr,koinignomi.gr,
8453985085,Kocaeli Bizim Yaka Gazetesi,Wei Chen,Turkey,http://www.bizimyaka.com,bizimyaka.com,
8661470877,Agenziaimpress,Wei Chen,United States,http://www.agenziaimpress.it,agenziaimpress.it,
8679518132,Nova Vest,Rory Hunter,Bulgaria,http://www.novavest.bg,novavest.bg,https://www.linkedin.com/company/novavest
8361395850,Erettsegi.com,Wei Chen,Hungary,http://www.erettsegi.com,erettsegi.com,
8535492652,Muzyczne Radio INFO,Wei Chen,Poland,http://www.muzyczneradio.pl,muzyczneradio.pl,https://www.linkedin.com/company/muzyczne-radio
8382231662,Small Caps,Wei Chen,Australia,http://www.smallcaps.com.au,smallcaps.com.au,https://www.linkedin.com/company/small-caps
8465223777,Vestnik Utro,Rory Hunter,Bulgaria,http://www.utroruse.com,utroruse.com,https://www.linkedin.com/company/%D0%B2%D0%B5%D1%81%D1%82%D0%BD%D0%B8%D0%BA-%D1%83%D1%82%D1%80%D0%BE
8382220397,Ploumistos,Wei Chen,Greece,http://www.ploumistos.com,ploumistos.com,
8464812153,Vestnik Borba,Wei Chen,Bulgaria,http://www.borbabg.com,borbabg.com,
8487968793,Cotidianul Gorjeanul,Rory Hunter,Romania,http://www.gorjeanul.ro,gorjeanul.ro,
8715349133,Itech News,Wei Chen,Greece,http://www.itechnews.gr,itechnews.gr,https://www.linkedin.com/company/itechnews
8737545011,TASTY GUIDE,Wei Chen,Greece,http://www.tasty-guide.gr,tasty-guide.gr,
8993781776,WLS-tv,Rory Hunter,United States,http://www.wlsam.com,wlsam.com,
8817884822,The Educators Domain,Wei Chen,Australia,http://www.educatorsdomain.com.au,educatorsdomain.com.au,
8824902145,VYPE Texas,Damian Domanski,United States,http://www.vype.com,vype.com,https://www.linkedin.com/company/vype-high-school-sports
8993755415,Wtaj-Tv,Damian Domanski,United States,http://www.wearecentralpa.com,wearecentralpa.com,
8920243383,Greendex.hu,Wei Chen,Hungary,http://www.greendex.hu,greendex.hu,https://www.linkedin.com/company/greendex-hu
8979076410,HarlequinJunkie Romance Reviews,Wei Chen,United States,http://www.harlequinjunkie.com,harlequinjunkie.com,
8827753760,The Eagle 100.9,Wei Chen,United States,http://www.okotoksonline.com,okotoksonline.com,https://www.linkedin.com/company/the-eagle-100.9-&-okotoksonline.com
8920828852,MyChesCo,Wei Chen,United States,http://www.mychesco.com,mychesco.com,https://www.linkedin.com/company/mychesco
8813163604,AlesdOnline,Wei Chen,Romania,http://www.alesdonline.ro,alesdonline.ro,
8914778951,Daily Pahenji Akhbar,Sander Lammers,Pakistan,http://www.thetimenews.tv,thetimenews.tv,
8812883537,Healthpharma,Wei Chen,Greece,http://www.healthpharma.gr,healthpharma.gr,
8813001555,Forin.gr,Wei Chen,Greece,http://www.forin.gr,forin.gr,https://www.linkedin.com/company/forin-gr
9015741305,İşte Çanakkale Gazetesi,Wei Chen,Turkey,http://www.istecanakkalegazetesi.com,istecanakkalegazetesi.com,
8816689050,konecki24.pl,Wei Chen,Poland,http://www.konecki24.pl,konecki24.pl,
8826338574,Rythymfm,Wei Chen,Netherlands,http://www.rythymfm.net,rythymfm.net,
8825884172,Tuairisc,Wei Chen,Ireland,http://www.tuairisc.ie,tuairisc.ie,
8817897650,The Maritime Executive,Wei Chen,United States,http://www.maritime-executive.com,maritime-executive.com,https://www.linkedin.com/company/the-maritime-executive
8936576129,Winona Daily News,Damian Domanski,United States,http://www.winonadailynews.com,winonadailynews.com,https://www.linkedin.com/company/winona-daily-news
8826628407,Västgöta-Bladet,Wei Chen,Sweden,http://www.vastgotabladet.se,vastgotabladet.se,
8920257666,Gold Derby,Rory Hunter,United States,http://www.goldderby.com,goldderby.com,https://www.linkedin.com/company/goldderby
8816261965,SportsCafe,Sander Lammers,India,http://www.sportscafe.in,sportscafe.in,https://www.linkedin.com/company/sportscafe
8993508414,ABC7 News,Damian Domanski,United States,http://www.abc7news.com,abc7news.com,https://www.linkedin.com/company/kgo-television-inc
8903922054,dneprnews,Wei Chen,Greece,http://www.dneprnews.info,dneprnews.info,
8919322515,Revive NL,Wei Chen,Netherlands,http://www.revive.nl,revive.nl,
9010556451,Pleasanton Weekly,Wei Chen,United States,http://www.pleasantonweekly.com,pleasantonweekly.com,https://www.linkedin.com/company/pleasanton-weekly
8963895933,Torbalı Güncel,Wei Chen,Turkey,http://www.torbaliguncel.com,torbaliguncel.com,
9010691105,The Assam Tribune,Rory Hunter,India,http://www.assamtribune.com,assamtribune.com,
8993758766,To Vima,Wei Chen,Greece,http://www.tovima.gr,tovima.gr,https://www.linkedin.com/company/1318235
8993781840,Detroit News,Wei Chen,United States,http://www.detroitnews.com,detroitnews.com,https://www.linkedin.com/company/the-detroit-news
8928535914,Juicing for Health,Wei Chen,United States,http://www.juicing-for-health.com,juicing-for-health.com,
8891477683,MarketBeat.com,Wei Chen,United States,http://www.marketbeat.com,marketbeat.com,https://www.linkedin.com/company/american-consumer-news-llc
8826002779,Servantsofgrace,Wei Chen,United States,http://www.servantsofgrace.org,servantsofgrace.org,https://www.linkedin.com/company/servantsofgrace
8812437516,Technology Times Pakistan,Wei Chen,Pakistan,http://www.technologytimes.pk,technologytimes.pk,https://www.linkedin.com/company/technology-times-news-paper-mediaventures-private-limited
8856535478,Buzaumedia,Wei Chen,Romania,http://www.buzaumedia.ro,buzaumedia.ro,
8873631929,Hizmet Gazetesi,Wei Chen,Turkey,http://www.hizmetgazetesi.com.tr,hizmetgazetesi.com.tr,
8857442982,Tύπος Ηπείρου,Wei Chen,Greece,http://www.typosepeirou.gr,typosepeirou.gr,
8891436717,U.S. Environmental Protection Agency,Wei Chen,United States,http://www.epa.gov,epa.gov,https://www.linkedin.com/company/usepa
8993778248,Powergame.gr,Rory Hunter,Greece,http://www.powergame.gr,powergame.gr,https://www.linkedin.com/company/power-game-gr
8881161987,Ray Haber,Rory Hunter,Turkey,http://www.rayhaber.com,rayhaber.com,https://www.linkedin.com/company/rayhaber
8824553890,Evrytania Sport,Wei Chen,Greece,http://www.evrytaniasport.gr,evrytaniasport.gr,
8832799015,Ελεύθερος Κόσμος,Rory Hunter,Greece,http://www.elkosmos.gr,elkosmos.gr,https://www.linkedin.com/company/eleftheros-kosmos
8811602281,Jurnalul National,Wei Chen,Romania,http://www.jurnalulnational.ro,jurnalulnational.ro,
8963460126,CT Haber,Wei Chen,Turkey,http://www.cthaber.com,cthaber.com,
8913990449,Erzurum Haber,Wei Chen,Turkey,http://www.erzurumhaber.com.tr,erzurumhaber.com.tr,https://www.linkedin.com/company/erzurum-haber
8891606431,Karma News,Sander Lammers,India,http://www.thekarmanews.com,thekarmanews.com,
8993801079,Wjactv,Damian Domanski,United States,http://www.wjactv.com,wjactv.com,https://www.linkedin.com/company/wjac-inc.
8972520357,Frontstretch,Wei Chen,United States,http://www.frontstretch.com,frontstretch.com,https://www.linkedin.com/company/frontstretch-com-llc
8864590387,Γαστροτουρισμός Gastrotourismos,Wei Chen,Greece,http://www.gastrotourismos.gr,gastrotourismos.gr,
8963607091,SigortaMedya,Wei Chen,Turkey,http://www.sigortamedya.com.tr,sigortamedya.com.tr,https://www.linkedin.com/company/sigorta-medya
8873899672,Gazete Rize,Wei Chen,Turkey,http://www.gazeterize.com,gazeterize.com,
8875133317,Sakarya'dan son dakika Haberi,Wei Chen,Turkey,http://www.sakaryadanhaber.com,sakaryadanhaber.com,
8993789549,AL.com,Damian Domanski,United States,http://www.al.com,al.com,https://www.linkedin.com/company/al-com
8824675201,The Upcoming,Wei Chen,United Kingdom,http://www.theupcoming.co.uk,theupcoming.co.uk,https://www.linkedin.com/company/the-upcoming
8813428783,Green.hr,Rory Hunter,Bosnia and Herzegovina,http://www.green.hr,green.hr,https://www.linkedin.com/company/green-hrvatska
8881259808,Televiziunea Intermedia,Rory Hunter,Romania,http://www.intermediatv.ro,intermediatv.ro,
8881490717,Haber Şanlıurfa,Wei Chen,Turkey,http://www.habersanliurfa.net,habersanliurfa.net,
8920895037,Prag News,Sander Lammers,India,http://www.pragnews.com,pragnews.com,
8919591202,Düzce Parantez Gazetesi,Rory Hunter,Turkey,http://www.duzceparantez.com,duzceparantez.com,
8902978338,Travel Europe,Wei Chen,Romania,http://www.traveleurope.ro,traveleurope.ro,
8993489542,Kolo TV,Wei Chen,United States,http://www.kolotv.com,kolotv.com,https://www.linkedin.com/company/kolo-television
8820489013,Rapport,Wei Chen,Finland,http://www.rapport.fi,rapport.fi,https://www.linkedin.com/company/rapport-oy
8892431759,Åbo Underrättelser,Wei Chen,Finland,http://www.abounderrattelser.fi,abounderrattelser.fi,https://www.linkedin.com/company/aumedia
8826926508,Signals,Wei Chen,United States,http://www.signalsaz.com,signalsaz.com,https://www.linkedin.com/company/signalsaz
9010588805,Caravan magazine,Rory Hunter,India,http://www.caravanmagazine.in,caravanmagazine.in,https://www.linkedin.com/company/the-caravan-magazine
8857014399,Βεροιώτης,Wei Chen,Greece,http://www.veriotis.gr,veriotis.gr,
8824924826,Pokazivac,Wei Chen,Serbia,http://www.pokazivac.com,pokazivac.com,
8993797257,Hellenic Shipping News,Rory Hunter,Greece,http://www.hellenicshippingnews.com,hellenicshippingnews.com,https://www.linkedin.com/company/hellenicshippingnewsworldwide
8791897232,Ηλιούπολη για όλους,Wei Chen,Greece,http://www.ilioupoligiaolous.gr,ilioupoligiaolous.gr,
8817627915,Korinthostv Peloponnisos,Wei Chen,Greece,http://www.korinthostv.gr,korinthostv.gr,
8826232204,The Wave,Damian Domanski,United States,http://www.rockawave.com,rockawave.com,https://www.linkedin.com/company/the-wave-newspaper
8818135559,Ljubuški portal,Wei Chen,Bosnia and Herzegovina,http://www.ljportal.com,ljportal.com,
8825541033,Przasnysz EPrzasnysz,Rory Hunter,Poland,http://www.eprzasnysz.pl,eprzasnysz.pl,
8993797297,KRCRtv,Wei Chen,United States,http://www.krcrtv.com,krcrtv.com,https://www.linkedin.com/company/krcr-abc-7
8874703449,Mărturie Athonită,Wei Chen,Romania,http://www.marturieathonita.ro,marturieathonita.ro,
8856826701,Travelling,Wei Chen,Greece,http://www.travelling.gr,travelling.gr,https://www.linkedin.com/company/1221627
8784542258,Norrtelje Tidning,Wei Chen,Sweden,http://www.norrteljetidning.se,norrteljetidning.se,https://www.linkedin.com/company/norrtelje-tidning
8993785508,Q13 Fox,Damian Domanski,United States,http://www.q13fox.com,q13fox.com,http://www.linkedin.com/company/1436682
8874796365,Sanj Samachar,Rory Hunter,India,http://www.sanjsamachar.net,sanjsamachar.net,https://www.linkedin.com/company/sanjsamachar
8902852382,The Citizen,Damian Domanski,United States,http://www.thecitizen.com,thecitizen.com,https://www.linkedin.com/company/fayette-publishing
8824760639,Pécs Aktuál,Wei Chen,Hungary,http://www.pecsaktual.hu,pecsaktual.hu,
8789514016,Ravalli Republic,Damian Domanski,United States,http://www.ravallirepublic.com,ravallirepublic.com,https://www.linkedin.com/company/missoulian-ravalli-republic
9015746724,iwanbanaran.com,Sander Lammers,Indonesia,http://www.iwanbanaran.com,iwanbanaran.com,
8903200870,UltimateTube.com,Wei Chen,United States,http://www.ultimatetube.com,ultimatetube.com,https://www.linkedin.com/company/ultimate-tube
8857964336,Glasul Sucevei,Wei Chen,Romania,http://www.glasulsucevei.ro,glasulsucevei.ro,
8920744062,Mak Lambe Turah,Sander Lammers,Indonesia,http://www.beritaterheboh.com,beritaterheboh.com,
8813194880,HealthWeb.gr,Wei Chen,Greece,http://www.healthweb.gr,healthweb.gr,https://www.linkedin.com/company/healthweb
8936546406,Ziarul Bursa,Rory Hunter,Romania,http://www.bursa.ro,bursa.ro,https://www.linkedin.com/company/ziarul-bursa
8903842406,Župan.hr,Wei Chen,Hungary,http://www.zupan.hr,zupan.hr,
8816643156,Lethbridge News Now,Wei Chen,United States,http://www.lethbridgenewsnow.com,lethbridgenewsnow.com,
8890499379,Tur-Info.pl,Wei Chen,Poland,http://www.tur-info.pl,tur-info.pl,
8819123062,"Интернет-газета ""Континент""",Wei Chen,United States,http://www.kontinentusa.com,kontinentusa.com,
8875008290,Λαιμητόμος Ειδησεις,Rory Hunter,Greece,http://www.laimitomos.com,laimitomos.com,
8903894378,Agro TV Srbija,Wei Chen,Serbia,http://www.agrotv.net,agrotv.net,https://www.linkedin.com/company/agro-tv-srbija
8818252102,Explore Liverpool,Wei Chen,United Kingdom,http://www.explore-liverpool.com,explore-liverpool.com,
8832721810,WWL Media Jacek Kubiak,Wei Chen,Poland,http://www.wwl24.pl,wwl24.pl,
8921833251,Öteki Sinema,Wei Chen,Turkey,http://www.otekisinema.com,otekisinema.com,
8832824978,Δρόμος της Αριστεράς,Rory Hunter,Greece,http://www.edromos.gr,edromos.gr,
8948277938,Аюрведа център & БИО магазин,Wei Chen,Bulgaria,http://www.ayurvedabio.com,ayurvedabio.com,
8818088308,The Greek Lawyer,Wei Chen,Greece,http://www.thegreeklawyer.gr,thegreeklawyer.gr,
8873713947,Gazete Memur,Wei Chen,Turkey,http://www.gazetememur.com,gazetememur.com,
9554565244,Wdef,Damian Domanski,United States,http://www.wdef.com,wdef.com,https://www.linkedin.com/company/wdef-tv
9016080230,Kuzey Ekspres Gazetesi,Wei Chen,Turkey,http://www.kuzeyekspres.com.tr,kuzeyekspres.com.tr,
9651627080,VLT AB,Rory Hunter,Sweden,http://www.vlt.se,vlt.se,https://www.linkedin.com/company/vestmanlands-l%c3%a4ns-tidning
9554627969,Capenews.net,Damian Domanski,United States,http://www.capenews.net,capenews.net,https://www.linkedin.com/company/falmouth-publishing-inc-
9128519196,Shields Gazette,Wei Chen,United Kingdom,http://www.shieldsgazette.com,shieldsgazette.com,https://www.linkedin.com/company/shields-gazette
9553980272,Gotlands Allehanda,Wei Chen,Sweden,http://www.helagotland.se,helagotland.se,https://www.linkedin.com/company/gotlands-allehanda
9651587650,THE WEEK INDIA,Wei Chen,India,http://www.theweek.in,theweek.in,https://www.linkedin.com/company/the-week-malayala-manorama
9651593805,The Evening Sun,Damian Domanski,United States,http://www.eveningsun.com,eveningsun.com,https://www.linkedin.com/company/the-evening-sun
9027000582,Thrylos24.gr,Wei Chen,Greece,http://www.thrylos24.gr,thrylos24.gr,
9651617856,The Pueblo Chieftain,Damian Domanski,United States,http://www.chieftain.com,chieftain.com,https://www.linkedin.com/company/the-pueblo-chieftain
9016045929,Bu Sabah Malatya,Wei Chen,Turkey,http://www.busabahmalatya.com,busabahmalatya.com,
9554523496,WTVQ,Damian Domanski,United States,http://www.wtvq.com,wtvq.com,https://www.linkedin.com/company/wtvq
9554613608,Luton Today,Wei Chen,United Kingdom,http://www.lutontoday.co.uk,lutontoday.co.uk,
9016394611,Niğde Günaydın Gazetesi,Sander Lammers,Turkey,http://www.nigdegunaydin.com,nigdegunaydin.com,
9651609183,Daily The Nation,Damian Domanski,Pakistan,http://www.nation.com.pk,nation.com.pk,https://www.linkedin.com/company/daily-the-nation
9651627088,Just the News,Rory Hunter,United States,http://www.justthenews.com,justthenews.com,https://www.linkedin.com/company/just-the-news
9651623530,BanglaVision TV,Rory Hunter,Bangladesh,http://www.bvnews24.com,bvnews24.com,
9553980242,The AV Club,Damian Domanski,United States,http://www.avclub.com,avclub.com,https://www.linkedin.com/company/the-a-v-club
9496552248,Polskie Radio PIK,Rory Hunter,Poland,http://www.radiopik.pl,radiopik.pl,
9554100297,Ksnv-tv,Wei Chen,United States,http://www.news3lv.com,news3lv.com,https://www.linkedin.com/company/kvbc-tv
9651381877,Channel 2,Wei Chen,United States,http://www.idahonews.com,idahonews.com,https://www.linkedin.com/company/idahonews.com
9445898034,Wvva,Wei Chen,United States,http://www.wvva.com,wvva.com,https://www.linkedin.com/company/wvva-tv-inc
9651625598,The Irish Field,Wei Chen,Ireland,http://www.theirishfield.ie,theirishfield.ie,https://www.linkedin.com/company/theirishfield
9651614576,Sheboygan Press,Wei Chen,United States,http://www.sheboyganpress.com,sheboyganpress.com,https://www.linkedin.com/company/sheboygan-press
9651608947,Light Reading,Wei Chen,United States,http://www.lightreading.com,lightreading.com,https://www.linkedin.com/company/37707
9651608703,PoliticsHome,Wei Chen,United Kingdom,http://www.politicshome.com,politicshome.com,https://www.linkedin.com/company/politicshome
9651625328,Financial Planning,Damian Domanski,United States,http://www.financial-planning.com,financial-planning.com,https://www.linkedin.com/company/financialplanning
9445898043,Wlox,Damian Domanski,United States,http://www.wlox.com,wlox.com,https://www.linkedin.com/company/wlox-tv
9501215596,Kent Ravenna Record-Courier,Wei Chen,United States,http://www.record-courier.com,record-courier.com,
9554125370,Music News Ltd,Damian Domanski,United Kingdom,http://www.music-news.com,music-news.com,
9445874503,The 6PR,Damian Domanski,Australia,http://www.6pr.com.au,6pr.com.au,https://www.linkedin.com/company/6pr-perth
9451938850,Siouxland News,Damian Domanski,United States,http://www.siouxlandnews.com,siouxlandnews.com,https://www.linkedin.com/company/kmeg-14-news
9554481979,Wsaw,Damian Domanski,United States,http://www.wsaw.com,wsaw.com,https://www.linkedin.com/company/wsaw-tv
9554445370,Techpoint,Rory Hunter,Nigeria,http://www.techpoint.ng,techpoint.ng,https://www.linkedin.com/company/techpoint-ng
9015880745,Urfa Haber İnternet Gazetesi,Wei Chen,Turkey,http://www.urfahaber.com,urfahaber.com,
9016626470,Kocham Radzyń Podlaski,Wei Chen,Poland,http://www.kochamradzyn.pl,kochamradzyn.pl,
9651619844,De Ondernemer,Wei Chen,Netherlands,http://www.deondernemer.nl,deondernemer.nl,https://www.linkedin.com/company/dpg-media-it
9026447190,My Lefkada,Rory Hunter,Greece,http://www.mylefkada.gr,mylefkada.gr,https://www.linkedin.com/company/my-lefkada
9651387158,Kiplinger,Damian Domanski,United States,http://www.kiplinger.com,kiplinger.com,https://www.linkedin.com/company/kiplinger-washington-editors
9651576597,KATU Channel 2,Damian Domanski,United States,http://www.katu.com,katu.com,https://www.linkedin.com/company/katu-channel-2
9554431534,Fox 29,Damian Domanski,United States,http://www.fox29.com,fox29.com,
9445912402,The KPAX,Wei Chen,United States,http://www.kpax.com,kpax.com,
9554018082,DothanFirst,Wei Chen,United States,http://www.dothanfirst.com,dothanfirst.com,https://www.linkedin.com/company/alabama-house-democratic-caucus-inc
9651593747,Kilkenny People,Wei Chen,Ireland,http://www.kilkennypeople.ie,kilkennypeople.ie,https://www.linkedin.com/company/kilkenny-people
9445912400,Wbko,Wei Chen,United States,http://www.wbko.com,wbko.com,https://www.linkedin.com/company/wbko
9027425869,Η ΓΝΩΜΗ,Wei Chen,Greece,http://www.gnomionline.gr,gnomionline.gr,
9651618071,Business Insider Bangladesh,Rory Hunter,Bangladesh,http://www.businessinsiderbd.com,businessinsiderbd.com,
9512387751,WICS,Damian Domanski,United States,http://www.newschannel20.com,newschannel20.com,
9451959043,Ny1,Damian Domanski,United States,http://www.ny1.com,ny1.com,https://www.linkedin.com/company/ny1
9651549733,Kısa Dalga Medya,Rory Hunter,Turkey,http://www.kisadalga.net,kisadalga.net,
9554100248,Wndu,Damian Domanski,United States,http://www.wndu.com,wndu.com,https://www.linkedin.com/company/wndu-tv
9651617832,KECI-TV,Damian Domanski,United States,http://www.nbcmontana.com,nbcmontana.com,https://www.linkedin.com/company/nbc-montana
9445841518,Wmfe,Wei Chen,United States,http://www.wmfe.org,wmfe.org,https://www.linkedin.com/company/wmfe
9651591733,WJFW Newswatch 12,Rory Hunter,United States,http://www.wjfw.com,wjfw.com,https://www.linkedin.com/company/wjfw
9651598900,Asia Financial,Rory Hunter,United Kingdom,http://www.asiafinancial.com,asiafinancial.com,https://www.linkedin.com/company/asia-financial
9651625275,El Periódico Extremadura,Wei Chen,United States,http://www.elperiodicoextremadura.com,elperiodicoextremadura.com,https://www.linkedin.com/company/el-peri%C3%B3dico-extremadura
9554575887,Droitwich Standard,Wei Chen,United Kingdom,http://www.droitwichstandard.co.uk,droitwichstandard.co.uk,
9651614257,LeicestershireLive,Damian Domanski,United Kingdom,http://www.leicestermercury.co.uk,leicestermercury.co.uk,https://www.linkedin.com/company/leicester-mercury
9026124424,Θέμα Υγείας,Wei Chen,Greece,http://www.themaygeias.gr,themaygeias.gr,
9651608624,Limerick Leader,Wei Chen,Ireland,http://www.limerickleader.ie,limerickleader.ie,https://www.linkedin.com/company/limerick-leader
9445851760,UpNorthLive,Wei Chen,United States,http://www.upnorthlive.com,upnorthlive.com,https://www.linkedin.com/company/wgtu-tv
9554565383,Tok FM,Wei Chen,Poland,http://www.tokfm.pl,tokfm.pl,https://www.linkedin.com/company/radio-tok-fm
9445851769,WITN-7 News,Damian Domanski,United States,http://www.witn.com,witn.com,https://www.linkedin.com/company/gray-tv---witn-nbc
9445841539,Wwmt,Damian Domanski,United States,http://www.wwmt.com,wwmt.com,https://www.linkedin.com/company/wwmt-tv
9460729186,Wtov,Damian Domanski,United States,http://www.wtov9.com,wtov9.com,https://www.linkedin.com/company/wtov9
9445820304,Wear TV,Damian Domanski,United States,http://www.weartv.com,weartv.com,
9459955009,Kjrh,Damian Domanski,United States,http://www.kjrh.com,kjrh.com,https://www.linkedin.com/company/kjrh
9489700408,The WOWT,Damian Domanski,United States,http://www.wowt.com,wowt.com,https://www.linkedin.com/company/wowt
9025359977,Woman & Home S.A,Damian Domanski,South Africa,http://www.womanandhomemagazine.co.za,womanandhomemagazine.co.za,
9445969320,Wcyb,Damian Domanski,United States,http://www.wcyb.com,wcyb.com,https://www.linkedin.com/company/wcyb-wemt-cw4
9512227915,News4SanAntonio,Wei Chen,United States,http://www.news4sanantonio.com,news4sanantonio.com,https://www.linkedin.com/company/woai-tv-news-4
9445969328,ZM Online,Wei Chen,United States,http://www.zmonline.com,zmonline.com,http://www.linkedin.com/company/768817
9445954225,The WLOS,Wei Chen,United States,http://www.wlos.com,wlos.com,
9025219147,Bet3.gr,Wei Chen,Greece,http://www.bet3.gr,bet3.gr,
9445211204,Wifr,Damian Domanski,United States,http://www.wifr.com,wifr.com,https://www.linkedin.com/company/wifr---tv
9459934309,KTVH,Wei Chen,United States,http://www.ktvh.com,ktvh.com,https://www.linkedin.com/company/ktvh
9460146528,Komu,Damian Domanski,United States,http://www.komu.com,komu.com,https://www.linkedin.com/company/komu8
9511905866,Love Ballymena,Rory Hunter,United Kingdom,http://www.loveballymena.online,loveballymena.online,
9445252925,WTVY Studios,Damian Domanski,United States,http://www.wtvy.com,wtvy.com,https://www.linkedin.com/company/wtvy
9651588994,SEN Magazine,Wei Chen,United Kingdom,http://www.senmagazine.co.uk,senmagazine.co.uk,https://www.linkedin.com/company/sen-magazine-ltd
9025751860,Pulaski County - Patriot,Wei Chen,United States,http://www.pcpatriot.com,pcpatriot.com,
9512381493,Kabb,Wei Chen,United States,http://www.foxsanantonio.com,foxsanantonio.com,https://www.linkedin.com/company/fox-29-tv
9651555465,N/A,Damian Domanski,United States,http://www.fox17.com,fox17.com,http://www.linkedin.com/company/1342052
9651607189,Tribuna Ávila,Wei Chen,United States,http://www.tribunaavila.com,tribunaavila.com,https://www.linkedin.com/company/tribuna-%C3%A1vila
9651387285,WYMT,Wei Chen,United States,http://www.wymt.com,wymt.com,https://www.linkedin.com/company/wymt-tv
9451934391,FunX,Damian Domanski,Netherlands,http://www.funx.nl,funx.nl,https://www.linkedin.com/company/funx
9554494882,Daily Trojan,Damian Domanski,United States,http://www.dailytrojan.com,dailytrojan.com,https://www.linkedin.com/company/daily-trojan
9025831206,KarditsaSport.gr,Wei Chen,Greece,http://www.karditsasport.gr,karditsasport.gr,
9554531228,Kezj,Wei Chen,United States,http://www.kezj.com,kezj.com,
9554878305,Banbury Guardian,Wei Chen,United Kingdom,http://www.banburyguardian.co.uk,banburyguardian.co.uk,http://linkedin.com/company/banbury-guardian
9651630506,Dark Reading,Wei Chen,United States,http://www.darkreading.com,darkreading.com,https://www.linkedin.com/company/dark-reading
9436924315,KSHB-TV,Damian Domanski,United States,http://www.kshb.com,kshb.com,https://www.linkedin.com/company/kshb-tv
9651392416,KGAN TV,Wei Chen,United States,http://www.cbs2iowa.com,cbs2iowa.com,https://www.linkedin.com/company/kgan-cbs-2
9651593903,South Coast Business Awards 2018,Damian Domanski,United Kingdom,http://www.dailyecho.co.uk,dailyecho.co.uk,https://www.linkedin.com/company/dailyecho
9651448756,Eco-Business,Rory Hunter,Singapore,http://www.eco-business.com,eco-business.com,https://www.linkedin.com/company/eco-business
9651608758,Beatrice Daily Sun,Damian Domanski,United States,http://www.beatricedailysun.com,beatricedailysun.com,https://www.linkedin.com/company/beatrice-daily-sun
9016005279,čačanski glas,Rory Hunter,Serbia,http://www.caglas.rs,caglas.rs,https://www.linkedin.com/company/cacanski-glas-ad-cacak
9445252866,Wrgb,Damian Domanski,United States,http://www.cbs6albany.com,cbs6albany.com,https://www.linkedin.com/company/cbs6-wrgb
9024208924,ব্যাংকিং নিউজ বাংলাদেশ,Wei Chen,Bangladesh,http://www.bankingnewsbd.com,bankingnewsbd.com,
9554542465,Wcti-tv,Damian Domanski,United States,http://www.wcti12.com,wcti12.com,https://www.linkedin.com/company/wcti-tv-12-and-fox-8-14
9651672138,Global Business Press,Wei Chen,Singapore,http://www.gbp.com.sg,gbp.com.sg,https://www.linkedin.com/company/global-business-press
9651715658,Courier Media Group,Wei Chen,United States,http://www.wcfcourier.com,wcfcourier.com,https://www.linkedin.com/company/waterloo-cedar-falls-courier
9651663433,DualShockers,Wei Chen,United States,http://www.dualshockers.com,dualshockers.com,https://www.linkedin.com/company/dualshockers
9886410561,KNAU Arizona Public Radio,Rory Hunter,United States,http://www.knau.org,knau.org,https://www.linkedin.com/company/knau-fm
9651688013,The Penny Hoarder,Wei Chen,United States,http://www.thepennyhoarder.com,thepennyhoarder.com,https://www.linkedin.com/company/thepennyhoarder
9651667021,HW News Network,Rory Hunter,India,http://www.hwnews.in,hwnews.in,https://www.linkedin.com/company/hw-news-network
9651634754,The Lawrence Times,Rory Hunter,United States,http://www.lawrencekstimes.com,lawrencekstimes.com,https://www.linkedin.com/company/lawrencekstimes
9651696448,TECHx,Damian Domanski,United Arab Emirates,http://www.techxmedia.com,techxmedia.com,https://www.linkedin.com/company/techxmediauae
9886678597,Deep Roots at Home,Sander Lammers,United States,http://www.deeprootsathome.com,deeprootsathome.com,
9651672410,OpenGov Asia,Wei Chen,Singapore,http://www.opengovasia.com,opengovasia.com,https://www.linkedin.com/company/opengovasia
9651673949,NDT.org,Wei Chen,United States,http://www.ndt.org,ndt.org,https://www.linkedin.com/company/ndt.org
9651641680,Peoples Gazette,Rory Hunter,Nigeria,http://www.gazettengr.com,gazettengr.com,
9886617425,Ładnebebe,Wei Chen,Poland,http://www.ladnebebe.pl,ladnebebe.pl,
9651646289,International Business Magazine,Rory Hunter,United Arab Emirates,http://www.intlbm.com,intlbm.com,https://www.linkedin.com/company/international-business-magazine
9651652951,Block Club Chicago,Rory Hunter,United States,http://www.blockclubchicago.org,blockclubchicago.org,https://www.linkedin.com/company/block-club-chicago-nfp
9886747991,NaikMotor,Wei Chen,United States,http://www.naikmotor.com,naikmotor.com,
9886734696,James Spann,Wei Chen,United States,http://www.alabamawx.com,alabamawx.com,https://www.linkedin.com/company/314748
9651644777,Richmond News,Rory Hunter,United States,http://www.richmond-news.com,richmond-news.com,https://www.linkedin.com/company/richmond-news
9886648672,Politica la Iasi,Wei Chen,Romania,http://www.iasitvlife.ro,iasitvlife.ro,
9886316653,Rádió Antritt,Wei Chen,Hungary,http://www.radioantritt.hu,radioantritt.hu,
9886748007,Play-Off Magazine,Rory Hunter,United States,http://www.playoffmagazine.com,playoffmagazine.com,
9651646053,Nevada Appeal,Damian Domanski,United States,http://www.nevadaappeal.com,nevadaappeal.com,https://www.linkedin.com/company/nevada-appeal
9651660158,Nottinghamshire Live,Damian Domanski,United Kingdom,http://www.nottinghampost.com,nottinghampost.com,https://www.linkedin.com/company/the-nottingham-post
9651688317,Arrajol,Rory Hunter,United Arab Emirates,http://www.arrajol.com,arrajol.com,https://www.linkedin.com/company/arrajol
9651695228,Empty,Wei Chen,Turkey,http://www.coinbilgi.net,coinbilgi.net,
9856005195,AGENDA BEŞİKTAŞ,Rory Hunter,Turkey,http://www.gundembesiktas.com,gundembesiktas.com,
9885974786,De Beste Social Media,Sander Lammers,Netherlands,http://www.debestesocialmedia.nl,debestesocialmedia.nl,
9931764664,My Alternative Look,Wei Chen,United States,http://www.unfoldingroma.com,unfoldingroma.com,
9651663373,Reuters Breakingviews,Wei Chen,United States,http://www.breakingviews.com,breakingviews.com,https://www.linkedin.com/company/breakingviews
9886831879,Justia Mexico,Wei Chen,United States,http://www.justia.com,justia.com,https://www.linkedin.com/company/justia
9651718914,Infosecurity Magazine,Rory Hunter,United Kingdom,http://www.infosecurity-magazine.com,infosecurity-magazine.com,https://www.linkedin.com/company/infosecurity-magazine
9651665664,Uttarbanga Sambad,Rory Hunter,India,http://www.uttarbangasambad.com,uttarbangasambad.com,https://www.linkedin.com/company/uttarbangasambad
9886357259,Alföld Televízió,Wei Chen,Hungary,http://www.hajdupress.hu,hajdupress.hu,
9931762356,GB News,Rory Hunter,United Kingdom,http://www.gbnews.uk,gbnews.uk,https://www.linkedin.com/company/gb-news
9931612084,Don't Panic Magazine,Wei Chen,United States,http://www.dnpmag.com,dnpmag.com,
9886617371,Happiness is here,Rory Hunter,Australia,http://www.happinessishereblog.com,happinessishereblog.com,
9931762345,The Mazatlan Post,Wei Chen,United States,http://www.themazatlanpost.com,themazatlanpost.com,
9931769257,PGurus.com,Wei Chen,United States,http://www.pgurus.com,pgurus.com,
9931570599,Selena Thinking Out Loud,Wei Chen,United States,http://www.selenathinkingoutloud.com,selenathinkingoutloud.com,
9886462486,F for Free,Wei Chen,India,http://www.fforfree.net,fforfree.net,
9651694879,Mediehuset Hallandsposten,Wei Chen,Sweden,http://www.hallandsposten.se,hallandsposten.se,https://www.linkedin.com/company/hallandsposten
9931768748,Unity TV,Rory Hunter,Netherlands,http://www.unity.nu,unity.nu,https://www.linkedin.com/company/unity-nu
9651667484,The Yak Magazine,Wei Chen,Indonesia,http://www.theyakmag.com,theyakmag.com,https://www.linkedin.com/company/the-yak-magazine
9651699485,Eastern Daily Press,Damian Domanski,United Kingdom,http://www.edp24.co.uk,edp24.co.uk,http://www.linkedin.com/company/5667523
9886833944,気になるバイクニュース。,Wei Chen,United States,http://www.kininarubikenews.com,kininarubikenews.com,
9651644689,TV6 & FOX UP,Damian Domanski,United States,http://www.uppermichiganssource.com,uppermichiganssource.com,https://www.linkedin.com/company/1813928
9886350619,Big Country Preps,Wei Chen,United States,http://www.bigcountrypreps.com,bigcountrypreps.com,
9651641364,One Media,Wei Chen,Sweden,http://www.thelocal.se,thelocal.se,https://www.linkedin.com/company/the-local-europe-ab
9651717162,Katrineholms-Kuriren,Wei Chen,Sweden,http://www.kkuriren.se,kkuriren.se,https://www.linkedin.com/company/katrineholms-kuriren
9886749995,Awesome Mitten,Sander Lammers,United States,http://www.awesomemitten.com,awesomemitten.com,https://www.linkedin.com/company/awesome-mitten
9931776668,都筑区民ニュース,Rory Hunter,United States,http://www.kumin.news,kumin.news,
9651694638,GhanaWeb,Wei Chen,Netherlands,http://www.ghanaweb.com,ghanaweb.com,https://www.linkedin.com/company/theghanaweb
9886719264,Home Adore,Sander Lammers,United States,http://www.homeadore.com,homeadore.com,
9931775124,รถมือสอง รถบ้านมือสอง รถบ้านเจ้าของขายเอง,Wei Chen,United States,http://www.xn--22caobb7fvah1fc9id1dce1ti4me.net,xn--22caobb7fvah1fc9id1dce1ti4me.net,
9651630906,The NYC Daily Post,Rory Hunter,United States,http://www.nycdailypost.com,nycdailypost.com,
9931572865,Où Sortir Avignon,Wei Chen,United States,http://www.ou-sortir-avignon.com,ou-sortir-avignon.com,
9931775119,Zena a toua,Wei Chen,United States,http://www.zenaatoua.com,zenaatoua.com,
9886289215,Elittleworld,Sander Lammers,Hong Kong,http://www.elittleworld.com,elittleworld.com,
9651667248,HRM Asia,Wei Chen,Singapore,http://www.hrmasia.com,hrmasia.com,https://www.linkedin.com/company/hrmasia
9651715889,VisionPlus,Wei Chen,United Arab Emirates,http://www.visionplusmag.com,visionplusmag.com,https://www.linkedin.com/company/visionplusmag
9931602296,OstrowMaz24.pl,Wei Chen,Poland,http://www.ostrowmaz24.pl,ostrowmaz24.pl,
9931755644,RE/MAX Québec inc.,Wei Chen,United States,http://www.remax-quebec.com,remax-quebec.com,https://www.linkedin.com/company/remax-1er-choix
9931755645,"Old Houses Under $50,000",Sander Lammers,United States,http://www.oldhousesunder50k.com,oldhousesunder50k.com,
9931771263,wattsupwiththat,Wei Chen,United States,http://www.wattsupwiththat.com,wattsupwiththat.com,
9931570556,Lessons From the End of a Marriage,Wei Chen,United States,http://www.lessonsfromtheendofamarriage.com,lessonsfromtheendofamarriage.com,
9931770729,The China Study - Nutrizione Consapevole,Wei Chen,United States,http://www.nutrizioneconsapevole.info,nutrizioneconsapevole.info,
9931766635,幻冬舎ゴールドオンライン,Wei Chen,United States,http://www.gentosha-go.com,gentosha-go.com,
9931770731,Computer tips & tricks,Wei Chen,India,http://www.sachinjindal.co.in,sachinjindal.co.in,
9931771233,Write a letter to God,Rory Hunter,United States,http://www.ilovepsalms.com,ilovepsalms.com,
9809543184,Kayıp Rıhtım,Wei Chen,Turkey,http://www.kayiprihtim.com,kayiprihtim.com,
9931572829,The Washington Standard,Wei Chen,United States,http://www.thewashingtonstandard.com,thewashingtonstandard.com,
9931778641,Adil Medya,Rory Hunter,Turkey,http://www.adilmedya.com,adilmedya.com,
9931572805,LOLO Tour,Wei Chen,Romania,http://www.lolotour.ro,lolotour.ro,
9931778624,SSBCrackExams,Sander Lammers,India,http://www.ssbcrackexams.com,ssbcrackexams.com,https://www.linkedin.com/company/ssbcrackexams
9931771204,디지털데일리,Wei Chen,United States,http://www.delighit.net,delighit.net,
9931778628,Ρωμαίικο Οδοιπορικό,Wei Chen,Greece,http://www.orthodoxia-ellhnismos.gr,orthodoxia-ellhnismos.gr,
9931773498,1688 Media,Rory Hunter,Australia,http://www.1688.com.au,1688.com.au,https://www.linkedin.com/company/1688-media-group-australia
9651667086,epicure,Rory Hunter,Singapore,http://www.epicureasia.com,epicureasia.com,https://www.linkedin.com/company/epicureasia
9931572784,全民學英文,Wei Chen,United States,http://www.englisher.info,englisher.info,
9651672194,Ashland Times Gazette,Damian Domanski,United States,http://www.times-gazette.com,times-gazette.com,https://www.linkedin.com/company/ashland-times-gazette
9931778610,The Holiday NInja,Wei Chen,United States,http://www.theholidayninja.com,theholidayninja.com,
9651658394,WANNABE MAGAZINE,Wei Chen,Serbia,http://www.wannabemagazine.com,wannabemagazine.com,https://www.linkedin.com/company/wannabe-llc
9651717531,Drug Store News,Wei Chen,United States,http://www.drugstorenews.com,drugstorenews.com,https://www.linkedin.com/company/drug-store-news
9886648731,Traffic-Chic,Wei Chen,United States,http://www.traffic-chic.com,traffic-chic.com,https://www.linkedin.com/company/traffic-chic
9886748058,The City Lane,Rory Hunter,United States,http://www.thecitylane.com,thecitylane.com,https://www.linkedin.com/company/mr-felix-pty-ltd
9931778605,El Librero de Gutenberg,Wei Chen,United States,http://www.gutenberg.rocks,gutenberg.rocks,
9886706847,Amaliadanews.gr,Wei Chen,Greece,http://www.ilia.news,ilia.news,
9886831769,Grace Filled Homemaking,Wei Chen,United States,http://www.gracefilledhomemaking.com,gracefilledhomemaking.com,
9931758126,In Memory of Neda Agha-Soltan,Wei Chen,United States,http://www.iranians.global,iranians.global,https://www.linkedin.com/company/iranian-diaspora
9886527638,Winston County Journal,Wei Chen,United States,http://www.redhillsmsnews.com,redhillsmsnews.com,
9886693780,Enjoying Prayer,Sander Lammers,United States,http://www.christconnection.cc,christconnection.cc,https://www.linkedin.com/company/christ-connection
9931758117,Franz Alt - SONNENSEITE.COM,Wei Chen,United States,http://www.sonnenseite.com,sonnenseite.com,
9651694996,NewsBangla24.com,Rory Hunter,Bangladesh,http://www.newsbangla24.com,newsbangla24.com,https://www.linkedin.com/company/newsbangla24
9886919059,TalkDisney,Wei Chen,United States,http://www.talkdisney.com,talkdisney.com,
9886462375,Basketaki.com,Wei Chen,Greece,http://www.basketaki.com,basketaki.com,https://www.linkedin.com/company/basketaki-the-league
9931762459,"NHS Discount Offers - Staff, Friends & Family",Sander Lammers,United Kingdom,http://www.nhsdiscountoffers.co.uk,nhsdiscountoffers.co.uk,
9651657138,AskMen,Wei Chen,United States,http://www.askmen.com,askmen.com,https://www.linkedin.com/company/askmen.com
9651682737,Libertatea,Damian Domanski,Romania,http://www.libertatea.ro,libertatea.ro,https://www.linkedin.com/company/libertatea
9931768836,Kékfény,Wei Chen,Hungary,http://www.kekvillogo.hu,kekvillogo.hu,
9651677877,Know Your Meme,Wei Chen,United States,http://www.knowyourmeme.com,knowyourmeme.com,https://www.linkedin.com/company/know-your-meme
9931781304,Freebies 2 Deals,Sander Lammers,United States,http://www.freebies2deals.com,freebies2deals.com,
9931785401,Sky At Night magazine,Wei Chen,United States,http://www.skyatnightmagazine.com,skyatnightmagazine.com,
9931798713,Budaörs Képekben,Wei Chen,Hungary,http://www.budaorsiinfo.hu,budaorsiinfo.hu,
9931817400,miastoNS.pl,Wei Chen,Poland,http://www.miastons.pl,miastons.pl,
9931785394,ITutorial.ro - Noutăți și tutoriale pentru iPhone,Wei Chen,Romania,http://www.itutorial.ro,itutorial.ro,
9931789493,Health Beyond Belief,Wei Chen,United States,http://www.healthbeyondbelief.com,healthbeyondbelief.com,http://linkedin.com/company/astrologer-dawn
9931791031,Mujer Medicina de la Tierra,Wei Chen,United States,http://www.mujermedicinadelatierra.com,mujermedicinadelatierra.com,
9931799735,Snow Tracks,Wei Chen,United States,http://www.snowtracks.com,snowtracks.com,
9931804584,Rustenburg.biz,Wei Chen,South Africa,http://www.rustenburg.biz,rustenburg.biz,https://www.linkedin.com/company/rustenburg-biz
9931804586,Dziennik Prawny,Wei Chen,Poland,http://www.dziennikprawny.pl,dziennikprawny.pl,
9931822509,Visegrad Live,Wei Chen,Bosnia and Herzegovina,http://www.visegradlive.com,visegradlive.com,
9931795118,Times Today India,Wei Chen,India,http://www.timestodayindia.com,timestodayindia.com,
9931790241,Vecsés Hírek,Wei Chen,Hungary,http://www.vecseshirek.hu,vecseshirek.hu,
9931813024,Информационна Агенция и Вестник Монитор,Wei Chen,Bulgaria,http://www.monitor.bg,monitor.bg,
9931805859,UsabilityGeek - Usability & User Experience Blog,Wei Chen,United States,http://www.usabilitygeek.com,usabilitygeek.com,https://www.linkedin.com/company/usabilitygeek
9931782821,WriteJobs,Wei Chen,United States,http://www.writejobs.info,writejobs.info,
9931814564,Kroger Krazy,Sander Lammers,United States,http://www.krogerkrazy.com,krogerkrazy.com,
9931779224,Il Marghine,Wei Chen,United States,http://www.ilmarghine.net,ilmarghine.net,
9931806874,Price Pony,Wei Chen,Philippines,http://www.pricepony.com.ph,pricepony.com.ph,
9931795103,–°—Ç–∞—ö–µ —Å—Ç–≤–∞—Ä–∏,Wei Chen,United States,http://www.stanjestvari.com,stanjestvari.com,
9931793555,La Voce del Tigullio,Wei Chen,United States,http://www.vocetigullio.com,vocetigullio.com,
9931813011,인도네시아 전문현지여행사 사삭투어,Wei Chen,Indonesia,http://www.sasaktour.co.kr,sasaktour.co.kr,
9931806868,ΝΕΟΣ ΑΓΩΝ,Rory Hunter,Greece,http://www.neosagon.gr,neosagon.gr,https://www.linkedin.com/company/neosagon
9931821460,Senayanpost,Wei Chen,Indonesia,http://www.senayanpost.com,senayanpost.com,
9931793559,Western Armenia,Wei Chen,United States,http://www.westernarmeniatv.com,westernarmeniatv.com,
9931818379,SHOPPING and INFO,Wei Chen,United States,http://www.shoppingandinfo.com,shoppingandinfo.com,https://www.linkedin.com/company/shopping-and-info
9931818380,ljepotaizdravlje.ba,Wei Chen,Bosnia and Herzegovina,http://www.ljepotaizdravlje.ba,ljepotaizdravlje.ba,
9931795087,7giorni,Wei Chen,United States,http://www.7giorni.info,7giorni.info,
9931795073,Transport Journal Newspaper,Wei Chen,United States,http://www.trjournalnews.com,trjournalnews.com,
9931798658,Családdal vagyok,Wei Chen,Hungary,http://www.babafalva.hu,babafalva.hu,
9931810439,Vanilla Radio Smooth Flavors,Wei Chen,United States,http://www.vanillaradio.com,vanillaradio.com,
9931785337,Conservative Firing Line,Wei Chen,United States,http://www.conservativefiringline.com,conservativefiringline.com,
9931823480,Careers In Government,Sander Lammers,United States,http://www.careersingovernment.com,careersingovernment.com,https://www.linkedin.com/company/careers-in-government-inc.
9931793531,–ü—Ä–µ—Å—Å–∞ –£–∫—Ä–∞–∏–Ω—ã,Wei Chen,United States,http://www.uapress.info,uapress.info,
9931817341,VonBeau.com,Wei Chen,United States,http://www.vonbeau.com,vonbeau.com,
9931795068,woohoo.hu,Wei Chen,Hungary,http://www.woohoo.hu,woohoo.hu,
9931778674,Low Carb Mag,Rory Hunter,United States,http://www.lowcarbmag.com,lowcarbmag.com,https://www.linkedin.com/company/low-carb-mag
9931787635,Gospodarka Wyborcza.pl,Wei Chen,United States,http://www.wyborcza.biz,wyborcza.biz,http://linkedin.com/company/gazeta-wyborcza
9931812211,Creative Healthy Family,Rory Hunter,United States,http://www.creativehealthyfamily.com,creativehealthyfamily.com,
9931801193,Fibre2Fashion,Sander Lammers,India,http://www.fibre2fashion.com,fibre2fashion.com,https://www.linkedin.com/company/fibre2fashion
9931778665,Nissaa,Wei Chen,United States,http://www.nissaa.net,nissaa.net,
9931801195,Burgasnews.com,Wei Chen,Bulgaria,http://www.burgasnews.com,burgasnews.com,
9931816556,Boss Hunting,Rory Hunter,Australia,http://www.bosshunting.com.au,bosshunting.com.au,https://www.linkedin.com/company/boss-hunting
9931810415,Nikkis Freebie Jeebies,Wei Chen,United States,http://www.nikkisfreebiejeebies.com,nikkisfreebiejeebies.com,
9931785315,Small Town Woman,Rory Hunter,United States,http://www.smalltownwoman.com,smalltownwoman.com,
9931819364,MotoList - Motociclete Echipamente Moto,Wei Chen,Romania,http://www.motolist.ro,motolist.ro,
9931809112,Jambalaya News Louisiana,Damian Domanski,United States,http://www.jambalayanews.com,jambalayanews.com,https://www.linkedin.com/company/jambalaya-news-louisiana
9931809115,Political Economist,Rory Hunter,Nigeria,http://www.politicaleconomistng.com,politicaleconomistng.com,
9931792479,ΣΕΜΙΝΑΡΙΑ ΨΥΧΟΛΟΓΙΑΣ,Wei Chen,Greece,http://www.seminaria-psychologias.gr,seminaria-psychologias.gr,
9931779158,Monitor de Oriente,Wei Chen,United States,http://www.monitordeoriente.com,monitordeoriente.com,
9931781463,CongoPlanete.com,Wei Chen,United States,http://www.congoplanete.com,congoplanete.com,
9931779147,WakacyjniPiraci,Wei Chen,Poland,http://www.wakacyjnipiraci.pl,wakacyjnipiraci.pl,
9931811149,Agri4all.com,Wei Chen,South Africa,http://www.agri4all.com,agri4all.com,
9931806028,Mamme&Risparmio,Wei Chen,United States,http://www.wordpress.com,wordpress.com,https://www.linkedin.com/company/wordpress
9931788879,Micronus Prime,Wei Chen,United States,http://www.tfw2005.com,tfw2005.com,
9931801155,The Covai Mail,Rory Hunter,India,http://www.covaimail.com,covaimail.com,
9931785285,Persatuan Ibu Mengandung & Menyusu,Wei Chen,United States,http://www.mommyiskandar.com,mommyiskandar.com,
9931800389,Herault.news,Wei Chen,United States,http://www.herault.news,herault.news,
9931821636,JK24x7News,Rory Hunter,India,http://www.jk24x7news.tv,jk24x7news.tv,
9931821639,Golden Homes Midrand,Wei Chen,South Africa,http://www.goldenhomes.co.za,goldenhomes.co.za,https://www.linkedin.com/company/golden-homes-western-cape
9931788870,Beginning and End,Wei Chen,United States,http://www.beginningandend.com,beginningandend.com,
9931798598,9jafanz,Wei Chen,Nigeria,http://www.usa4records.com,usa4records.com,
9931815494,Domodi.pl,Sander Lammers,Poland,http://www.domodi.pl,domodi.pl,https://www.linkedin.com/company/domodi-pl
9931821625,divainbucatarie.ro,Sander Lammers,Romania,http://www.divainbucatarie.ro,divainbucatarie.ro,
9931791675,Migraine Savvy,Wei Chen,Australia,http://www.migrainesavvy.com,migrainesavvy.com,
9931795770,INSANE BLOG,Wei Chen,United States,http://www.insaneblog.net,insaneblog.net,
9931796540,Robo Stiri Vaslui,Wei Chen,Romania,http://www.robo-stiri.ro,robo-stiri.ro,
9931809086,The Motley Fool UK,Wei Chen,United Kingdom,http://www.fool.co.uk,fool.co.uk,
9931823422,Koenig Solutions Pvt. Ltd.,Sander Lammers,India,http://www.koenig-solutions.com,koenig-solutions.com,https://www.linkedin.com/company/koenig-solutions
9931789362,BL!N,Wei Chen,United States,http://www.banjalukain.com,banjalukain.com,
9931819314,Manila Shopper,Wei Chen,Philippines,http://www.manilashopper.com,manilashopper.com,
9931795754,FanHammer,Wei Chen,United States,http://www.fanhammer.org,fanhammer.org,
9931820842,Todoele,Wei Chen,United States,http://www.todoele.net,todoele.net,
9931781420,Telewizja Olsztyn,Wei Chen,Poland,http://www.telewizjaolsztyn.pl,telewizjaolsztyn.pl,https://www.linkedin.com/company/telewizja-olsztyn
9931780911,Emprego XL - Ofertas de Emprego,Wei Chen,United States,http://www.empregoxl.com,empregoxl.com,
9931819296,zinfo,Wei Chen,Poland,http://www.zinfo.pl,zinfo.pl,https://www.linkedin.com/company/dziennik-www.zinfo.pl
9931789604,শিক্ষাবার্তা ডট কম,Wei Chen,Bangladesh,http://www.shikshabarta.com,shikshabarta.com,
9931780903,O cão que fuma,Wei Chen,United States,http://www.caoquefuma.com,caoquefuma.com,
9931799833,Irish Political Ephemera,Wei Chen,United States,http://www.irishelectionliterature.com,irishelectionliterature.com,
9931815449,Find It in Kimberley,Rory Hunter,South Africa,http://www.find-it.co.za,find-it.co.za,https://www.linkedin.com/company/find-it-nuus
9931781401,Deccoria.pl,Sander Lammers,Poland,http://www.deccoria.pl,deccoria.pl,
9931799837,Maja VOLK - Zdravi Stilovi Života.,Wei Chen,United States,http://www.novapoetika.com,novapoetika.com,
9931819293,Kresy24.pl,Wei Chen,Poland,http://www.kresy24.pl,kresy24.pl,
9931815441,Списание Жилища,Wei Chen,Bulgaria,http://www.jilishta.com,jilishta.com,
9931823379,Bookhub.ro,Wei Chen,Romania,http://www.bookhub.ro,bookhub.ro,
9931804690,AsiBiliou,Wei Chen,Greece,http://www.asibiliou.gr,asibiliou.gr,
9931814679,Latest Jobs in Pakistan,Rory Hunter,United States,http://www.vulearning.com,vulearning.com,https://www.linkedin.com/company/vulearningjobs
9931821577,BundelkhandNEWS.Com,Rory Hunter,India,http://www.bundelkhandnews.com,bundelkhandnews.com,https://www.linkedin.com/company/bundelkhand-news
9931797515,Curt Pate Stockmanship,Wei Chen,United States,http://www.curtpatestockmanship.com,curtpatestockmanship.com,
9931799819,Lebanon Gate,Wei Chen,United States,http://www.lebanongate.net,lebanongate.net,
9931792396,Wydawnictwo Zwierciadło,Wei Chen,Poland,http://www.zwierciadlo.pl,zwierciadlo.pl,
9931783424,–î–æ–±—Ä–∏—á,Wei Chen,United States,http://www.dobrichonline.com,dobrichonline.com,
9931792387,Wydawnictwo Fronda,Rory Hunter,Poland,http://www.wydawnictwofronda.pl,wydawnictwofronda.pl,https://www.linkedin.com/company/fronda
9931797507,Reusdigital,Wei Chen,United States,http://www.reusdigital.cat,reusdigital.cat,https://www.linkedin.com/company/reusdigital-cat
9931791109,PortalMorski.pl,Rory Hunter,Poland,http://www.portalmorski.pl,portalmorski.pl,https://www.linkedin.com/company/portal-morski
9931799813,HM4C News,Wei Chen,United States,http://www.hm4christ.com,hm4christ.com,
9931809029,Miglena Kirilova-Artist,Wei Chen,Bulgaria,http://www.studiokirilovi.com,studiokirilovi.com,
9931791620,ÿßŸÑÿÆÿ®ÿ± ÿßŸÑŸäŸÖŸÜŸä,Rory Hunter,United States,http://www.alkhabaralyemeni.net,alkhabaralyemeni.net,
9931815428,Journalist Aakarshan Uppal,Rory Hunter,India,http://www.indiabreaking.com,indiabreaking.com,
9931791622,Conservation Job Board,Rory Hunter,United States,http://www.conservationjobboard.com,conservationjobboard.com,https://www.linkedin.com/company/conservation-job-board
10121760077,PrimeTime Media,Rory Hunter,India,http://www.theprimetime.in,theprimetime.in,https://www.linkedin.com/company/theprimetime
10121578573,ManchesterWorld,Wei Chen,United Kingdom,http://www.manchesterworld.uk,manchesterworld.uk,https://www.linkedin.com/company/manchesterworld
10121783366,YesilOdak,Rory Hunter,Turkey,http://www.yesilodak.com,yesilodak.com,https://www.linkedin.com/company/ye%C5%9Fil-odak
10122082655,Swindon Link,Rory Hunter,United Kingdom,http://www.swindonlink.com,swindonlink.com,https://www.linkedin.com/company/swindon-link-magazine
10122022214,KTTS,Damian Domanski,United States,http://www.ktts.com,ktts.com,https://www.linkedin.com/company/sunteck-transport-group
10121980997,IQads News,Wei Chen,Romania,http://www.iqads.ro,iqads.ro,https://www.linkedin.com/company/iqads-smark
10122022212,Feol Sport,Wei Chen,Hungary,http://www.feol.hu,feol.hu,
10121760087,Nedeljnik Vreme,Rory Hunter,Serbia,http://www.vreme.com,vreme.com,https://www.linkedin.com/company/nedeljnik-vreme
10122090825,Marianas Variety News & Views,Rory Hunter,United States,http://www.mvariety.com,mvariety.com,https://www.linkedin.com/company/mvariety
10122082672,B102.7,Wei Chen,United States,http://www.b1027.com,b1027.com,https://www.linkedin.com/company/9623398
10121824622,Marie Claire Australia,Wei Chen,Australia,http://www.marieclaire.com.au,marieclaire.com.au,https://www.linkedin.com/company/marieclaireau
10121810031,Pelita Banten,Rory Hunter,Indonesia,http://www.pelitabanten.com,pelitabanten.com,
10122082675,The Guillotine,Wei Chen,United States,http://www.theguillotine.com,theguillotine.com,https://www.linkedin.com/company/the-guillotine
10121760107,9AM.ro,Wei Chen,Romania,http://www.9am.ro,9am.ro,https://www.linkedin.com/company/9am-ro
10122074741,The National Law Review,Damian Domanski,United States,http://www.natlawreview.com,natlawreview.com,https://www.linkedin.com/company/the-national-law-review
10122090870,Nursery World Magazine,Wei Chen,United Kingdom,http://www.nurseryworld.co.uk,nurseryworld.co.uk,https://www.linkedin.com/company/nursery-world
10122082679,Nyheder24,Wei Chen,Denmark,http://www.nyheder24.dk,nyheder24.dk,https://www.linkedin.com/company/nyheder24
10121995901,Romanian Tribune Newspaper - Chicago,Wei Chen,United States,http://www.tribuna.us,tribuna.us,https://www.linkedin.com/company/romanian-tribune-news
10121644670,Wangaratta Chronicle,Rory Hunter,Australia,http://www.wangarattachronicle.com.au,wangarattachronicle.com.au,https://www.linkedin.com/company/wangaratta-chronicle
10121810042,Huge Rugby,Rory Hunter,United Kingdom,http://www.hugerugby.news,hugerugby.news,
10122048358,Church POP Español,Wei Chen,United States,http://www.churchpop.com,churchpop.com,https://www.linkedin.com/company/churchpop
10122062438,North Wales Pioneer,Wei Chen,United Kingdom,http://www.northwalespioneer.co.uk,northwalespioneer.co.uk,
10121861242,Vegetarian Times,Wei Chen,United States,http://www.vegetariantimes.com,vegetariantimes.com,https://www.linkedin.com/company/vegetarian-times
10121938533,Lastnewsbd.com,Rory Hunter,Bangladesh,http://www.lastnewsbd.com,lastnewsbd.com,https://www.linkedin.com/company/lastnewsbd-com
10122062440,Cyclingnews,Wei Chen,United Kingdom,http://www.cyclingnews.com,cyclingnews.com,https://www.linkedin.com/company/cyclingnews.com
10121955179,Jackson Hole Buckrail,Damian Domanski,United States,http://www.buckrail.com,buckrail.com,https://www.linkedin.com/company/buckrail
10121760112,Majalah InfoSAWIT,Rory Hunter,Indonesia,http://www.infosawit.com,infosawit.com,https://www.linkedin.com/company/pt-mitra-media-nusantara
10121810035,HeraldLIVE - Port Elizabeth,Wei Chen,South Africa,http://www.heraldlive.co.za,heraldlive.co.za,https://www.linkedin.com/company/herald-live
9931839160,OG Portal,Wei Chen,Croatia,http://www.ogportal.com,ogportal.com,
10121887756,Liberty Nation,Rory Hunter,United States,http://www.libertynation.com,libertynation.com,https://www.linkedin.com/company/liberty-nation
10121824783,TRENDS Magazine,Rory Hunter,United Arab Emirates,http://www.trendsmena.com,trendsmena.com,https://www.linkedin.com/company/trends-mena
10121853705,Yabangee,Rory Hunter,Turkey,http://www.yabangee.com,yabangee.com,https://www.linkedin.com/company/yabangee
10122039316,HáziPatika.com,Wei Chen,Hungary,http://www.hazipatika.com,hazipatika.com,https://www.linkedin.com/company/hazipatika.com
10121980181,ICv2,Wei Chen,United States,http://www.icv2.com,icv2.com,https://www.linkedin.com/company/icv2
10121866506,MyIndMakers,Wei Chen,India,http://www.myind.net,myind.net,https://www.linkedin.com/company/myindmakers
10121853703,Παρατηρητής της Θράκης,Wei Chen,Greece,http://www.paratiritis-news.gr,paratiritis-news.gr,https://www.linkedin.com/company/paratiritis
10121824769,Cape Town Etc,Wei Chen,South Africa,http://www.capetownetc.com,capetownetc.com,https://www.linkedin.com/company/capetownetc
10121853725,Yalla Abu Dhabi,Rory Hunter,United Arab Emirates,http://www.yallaabudhabi.ae,yallaabudhabi.ae,
10121955330,The Boca Raton Tribune,Rory Hunter,United States,http://www.bocaratontribune.com,bocaratontribune.com,https://www.linkedin.com/company/the-boca-raton-tribune
10122005767,97.5 WOKQ,Wei Chen,United States,http://www.wokq.com,wokq.com,https://www.linkedin.com/company/wokq-97.5-fm
10121912331,David Moody,Wei Chen,United States,http://www.davidmoody.net,davidmoody.net,https://www.linkedin.com/company/david-moody-limited
10121956617,Kirkintilloch Herald Series,Wei Chen,United Kingdom,http://www.glasgowworld.com,glasgowworld.com,
9931838629,Sulkysport AB,Wei Chen,Sweden,http://www.sulkysport.se,sulkysport.se,
9931963811,TCW,Wei Chen,United Kingdom,http://www.conservativewoman.co.uk,conservativewoman.co.uk,
9931842214,EnviroForensics,Wei Chen,United States,http://www.enviroforensics.com,enviroforensics.com,https://www.linkedin.com/company/enviroforensics
10121751568,Gorcumse Courant,Wei Chen,Netherlands,http://www.destadgorinchem.nl,destadgorinchem.nl,
10122090767,Times of San Diego,Wei Chen,United States,http://www.timesofsandiego.com,timesofsandiego.com,
10122130190,Benoni City Times,Wei Chen,South Africa,http://www.benonicitytimes.co.za,benonicitytimes.co.za,
10121980978,HuffPost Greece,Wei Chen,Greece,http://www.huffingtonpost.gr,huffingtonpost.gr,
9931852956,Times of Wayne County,Wei Chen,United States,http://www.waynetimes.com,waynetimes.com,
10121853736,Money.bg,Wei Chen,Bulgaria,http://www.money.bg,money.bg,
10121751593,Nownews.gr,Wei Chen,Greece,http://www.nownews.gr,nownews.gr,https://www.linkedin.com/company/nownews-gr
10121800746,Khabar Satta,Rory Hunter,India,http://www.khabarsatta.com,khabarsatta.com,https://www.linkedin.com/company/khabarsatta
10121751588,Moviemeter,Rory Hunter,Netherlands,http://www.moviemeter.nl,moviemeter.nl,https://www.linkedin.com/company/moviemeter
10121815840,Boksburg Advertiser,Wei Chen,South Africa,http://www.boksburgadvertiser.co.za,boksburgadvertiser.co.za,https://www.linkedin.com/company/boksburg-advertister
10121980989,Biznews,Wei Chen,Greece,http://www.biznews.gr,biznews.gr,https://www.linkedin.com/company/biznews-gr
10121887778,Women in Adria,Rory Hunter,Croatia,http://www.womeninadria.com,womeninadria.com,https://www.linkedin.com/company/women-in-adria
9931837066,Climate Change Dispatch,Wei Chen,United States,http://www.climatechangedispatch.com,climatechangedispatch.com,
10122074919,Fenland Citizen,Wei Chen,United Kingdom,http://www.fenlandcitizen.co.uk,fenlandcitizen.co.uk,https://www.linkedin.com/company/fenland-citizen
9931825536,ARENA Constructiilor,Wei Chen,Romania,http://www.arenaconstruct.ro,arenaconstruct.ro,https://www.linkedin.com/company/arenaconstructiilor
10121815856,Black History Month UK,Wei Chen,United Kingdom,http://www.blackhistorymonth.org.uk,blackhistorymonth.org.uk,https://www.linkedin.com/company/black-history-month
10121760050,Startup Magazine South Africa,Rory Hunter,South Africa,http://www.startupmag.co.za,startupmag.co.za,https://www.linkedin.com/company/startup-mag-south-africa
9931825534,AutoMoto Magazine,Rory Hunter,Greece,http://www.automoto.com.gr,automoto.com.gr,
9931833697,Akilanews.com,Rory Hunter,India,http://www.akilanews.com,akilanews.com,https://www.linkedin.com/company/akilanews.com
9931862880,Fox Wilmington,Damian Domanski,United States,http://www.revrocket.us,revrocket.us,https://www.linkedin.com/company/rev-rocket
9931835988,Anziksz Nagyk√°rolyr√≥l,Wei Chen,Romania,http://www.anziksz.com,anziksz.com,
9931839060,PályázatMenedzser.hu,Wei Chen,Hungary,http://www.palyazatmenedzser.hu,palyazatmenedzser.hu,
9931835977,belihape.id,Wei Chen,Indonesia,http://www.belihape.id,belihape.id,https://www.linkedin.com/company/belihape-id
9931826757,ElderConsult Geriatric Medicine,Wei Chen,United States,http://www.elderconsult.com,elderconsult.com,https://www.linkedin.com/company/elderconsult-geriatric-medicine
10121904529,First Verdict Media,Rory Hunter,India,http://www.firstverdict.com,firstverdict.com,https://www.linkedin.com/company/firstverdictmedia
10121644682,Espinof,Wei Chen,United States,http://www.espinof.com,espinof.com,
10121995926,Church Leaders,Wei Chen,United States,http://www.churchleaders.com,churchleaders.com,
10121833866,X101 Always Classic,Wei Chen,United States,http://www.wxhc.com,wxhc.com,https://www.linkedin.com/company/wxhc
10121800580,EVOKE.ie,Wei Chen,Ireland,http://www.evoke.ie,evoke.ie,
9931966262,Sharjah24.ae,Wei Chen,United Arab Emirates,http://www.sharjah24.ae,sharjah24.ae,
9931831861,Latest Daily,Rory Hunter,India,http://www.latestonline.in,latestonline.in,
10121824642,Lake & McHenry County Scanner,Rory Hunter,United States,http://www.lakemchenryscanner.com,lakemchenryscanner.com,https://www.linkedin.com/company/lake-and-mchenry-county-scanner
10121847171,Banks.com.gr,Wei Chen,Greece,http://www.banks.com.gr,banks.com.gr,https://www.linkedin.com/company/banks-com-gr
10121847170,De Orkaan,Wei Chen,Netherlands,http://www.deorkaan.nl,deorkaan.nl,
10121995932,Houston Herald,Wei Chen,United States,http://www.houstonherald.com,houstonherald.com,https://www.linkedin.com/company/houston-herald
10121794716,Ypodomes.com,Rory Hunter,Greece,http://www.ypodomes.com,ypodomes.com,https://www.linkedin.com/company/ypodomes-com
10122031491,iRACE,Rory Hunter,Singapore,http://www.irace.com.sg,irace.com.sg,https://www.linkedin.com/company/irace-media-pte-ltd
10122121345,KNIA KRLS,Rory Hunter,United States,http://www.kniakrls.com,kniakrls.com,https://www.linkedin.com/company/knia-krls-radio
10121945984,The Eagle Online,Rory Hunter,Nigeria,http://www.theeagleonline.com.ng,theeagleonline.com.ng,https://www.linkedin.com/company/the-eagle-online
10121955200,Kungsbacka-Posten,Wei Chen,Sweden,http://www.kungsbackaposten.se,kungsbackaposten.se,https://www.linkedin.com/company/mediehuset-kungsbacka-posten
9931827501,Starting Ingatlan Iroda,Wei Chen,Hungary,http://www.startingingatlan.hu,startingingatlan.hu,https://www.linkedin.com/company/starting-ingatlan-iroda
10121955207,Impartial Reporter,Wei Chen,United Kingdom,http://www.impartialreporter.com,impartialreporter.com,https://www.linkedin.com/company/impartial-reporter
10121644697,Buziness Bytes,Rory Hunter,India,http://www.buzinessbytes.com,buzinessbytes.com,https://www.linkedin.com/company/buziness-bytes
10122074759,Pieszy Miejski Poznań,Rory Hunter,Poland,http://www.epoznan.pl,epoznan.pl,https://www.linkedin.com/company/epoznan-pl
10121767315,Weekblad De Brug,Wei Chen,Netherlands,http://www.weekbladdebrug.nl,weekbladdebrug.nl,https://www.linkedin.com/company/weekblad-de-brug
9931962401,Read The Tarot,Wei Chen,United States,http://www.charissevanhorn.com,charissevanhorn.com,
10121833875,Wormser Zeitung,Wei Chen,United States,http://www.wormser-zeitung.de,wormser-zeitung.de,https://www.linkedin.com/company/wormser-zeitung
9931835929,HW News Marathi,Rory Hunter,India,http://www.hwmarathi.in,hwmarathi.in,
10122055088,Earth.com,Wei Chen,United States,http://www.earth.com,earth.com,https://www.linkedin.com/company/earthdotcom
10121969846,Bo Omroep Van de Bollenstreek,Wei Chen,Netherlands,http://www.bollenstreekomroep.nl,bollenstreekomroep.nl,http://linkedin.com/company/rtv-nens
9931854351,zabalaaldia.com,Wei Chen,United States,http://www.zabalaaldia.com,zabalaaldia.com,
10121833910,Deepal Trivedi,Rory Hunter,India,http://www.vibesofindia.com,vibesofindia.com,https://www.linkedin.com/company/vibes-of-india
10121767347,Nationale Onderwijsgids,Rory Hunter,Netherlands,http://www.nationaleonderwijsgids.nl,nationaleonderwijsgids.nl,https://www.linkedin.com/company/nationale-onderwijsgids.nl
9931839239,Istologio Katihisis,Wei Chen,Greece,http://www.katanixi.gr,katanixi.gr,
10121995948,PropertyCasualty360,Wei Chen,United States,http://www.propertycasualty360.com,propertycasualty360.com,https://www.linkedin.com/company/propertycasualty360
11453894070,News Addaa,Wei Chen,India,http://www.newsaddaa.in,newsaddaa.in,https://www.linkedin.com/company/news-addaa
44049030540,The Hindustan Times,Hanson Ojo,India,http://www.hindustantimes.com,hindustantimes.com,https://www.linkedin.com/company/1052647
42521057147,3minute.net,Rory Hunter,Romania,http://www.3minute.net,3minute.net,
17569606716,KHAMSA,Wei Chen,United Arab Emirates,http://www.khamsa5.com,khamsa5.com,
44049340546,CNN Greece,Damian Domanski,Greece,http://www.cnn.gr,cnn.gr,https://www.linkedin.com/company/cnn-greece
17558098822,Leitrim Observer,Wei Chen,Ireland,http://www.leitrimobserver.ie,leitrimobserver.ie,https://www.linkedin.com/company/leitrim-observer
17490308490,Tekniikan Maailma,Wei Chen,Finland,http://www.tekniikanmaailma.fi,tekniikanmaailma.fi,https://www.linkedin.com/company/tekniikan-maailma
10122149443,TechCentral,Wei Chen,South Africa,http://www.techcentral.co.za,techcentral.co.za,https://www.linkedin.com/company/techcentralza
11453139128,AstroTeam by Enallaktiki Paideia,Wei Chen,Greece,http://www.astroteam.gr,astroteam.gr,
17080664582,The Munsif Daily,Wei Chen,India,http://www.munsifdaily.com,munsifdaily.com,https://www.linkedin.com/company/munsif-daily-urdu-newspapers
17086334587,The Augusta Press,Rory Hunter,United States,http://www.theaugustapress.com,theaugustapress.com,https://www.linkedin.com/company/augustapress
11454340268,KNOP-TV News 2,Wei Chen,United States,http://www.knopnews2.com,knopnews2.com,https://www.linkedin.com/company/knoptv
11454294958,Εν Κινήσει,Wei Chen,Greece,http://www.enkinisi.gr,enkinisi.gr,
43141916776,Ancient Origins,Wei Chen,Ireland,http://www.ancient-origins.net,ancient-origins.net,https://www.linkedin.com/company/ancient-origins
17556414060,"BIKE NATION Magazine FZ,LLC",Rory Hunter,United Arab Emirates,http://www.bikenationmag.com,bikenationmag.com,https://www.linkedin.com/company/bike-nation-magazine-fz-llc
10593571957,1819News,Wei Chen,United States,http://www.1819news.com,1819news.com,https://www.linkedin.com/company/1819-news
17321391216,Ndalo Media,Wei Chen,South Africa,http://www.destinyconnect.com,destinyconnect.com,https://www.linkedin.com/company/destinyconnect
18357227063,Women Blazing Trails,Wei Chen,United States,http://www.womenblazingtrails.com,womenblazingtrails.com,
21065555840,Homegrown,Sander Lammers,India,http://www.homegrown.co.in,homegrown.co.in,https://www.linkedin.com/company/homegrown-media
43907371009,مجلة سيدتي,Christian Jørgensen,United Arab Emirates,http://www.sayidaty.net,sayidaty.net,https://www.linkedin.com/company/sayidaty
16072658211,Tatler Asia Group,Rory Hunter,Singapore,http://www.tatlerasiagroup.com,tatlerasiagroup.com,https://www.linkedin.com/company/edipresse-asia
11454339999,Korinthia.net.gr,Wei Chen,Greece,http://www.korinthia.net.gr,korinthia.net.gr,
11453175429,Business Khabar,Rory Hunter,India,http://www.businesskhabar.com,businesskhabar.com,https://www.linkedin.com/company/business-khabar
17321405509,MOJEH,Rory Hunter,United Arab Emirates,http://www.mojeh.com,mojeh.com,https://www.linkedin.com/company/mojeh
42791144886,DesignAlive,Joao Silva,Poland,http://www.designalive.pl,designalive.pl,https://www.linkedin.com/company/presso-sp-z-o-o
10124002369,Innovazione Sociale,Wei Chen,United States,http://www.innovazionesociale.org,innovazionesociale.org,
16072582970,IBTimes,Wei Chen,Australia,http://www.ibtimes.com.au,ibtimes.com.au,https://www.linkedin.com/company/ibt-media
11453824906,West Onondaga County Journal,Damian Domanski,United States,http://www.auburnpub.com,auburnpub.com,https://www.linkedin.com/company/the-citizen
13512716371,Cincai News group of companies,Wei Chen,United States,http://www.cincainews.com,cincainews.com,
10122149485,Okay.ng,Rory Hunter,Nigeria,http://www.okay.ng,okay.ng,
10122138988,Neuse News,Wei Chen,United States,http://www.neusenews.com,neusenews.com,
17080825381,Etelä-Savon Viestintä Oy,Damian Domanski,Finland,http://www.lansi-savo.fi,lansi-savo.fi,https://www.linkedin.com/company/etel--savon-viestint-oy
17086372647,De Twentsche Courant Tubantia,Damian Domanski,Netherlands,http://www.tubantia.nl,tubantia.nl,https://www.linkedin.com/company/de-twentsche-courant-tubantia-wegener-media
17321298209,Thrifty Traveler,Wei Chen,United States,http://www.thriftytraveler.com,thriftytraveler.com,https://www.linkedin.com/company/thrifty-traveler
17321330727,FooDiva,Wei Chen,United Arab Emirates,http://www.foodiva.net,foodiva.net,https://www.linkedin.com/company/foodiva
10124011837,Newsband,Wei Chen,India,http://www.newsband.in,newsband.in,https://www.linkedin.com/company/newsband
17554349317,World Travel Magazine,Rory Hunter,Singapore,http://www.wtravelmagazine.com,wtravelmagazine.com,https://www.linkedin.com/company/worldtravelmagazine
11056162728,Aller X,Wei Chen,Norway,http://www.allerx.no,allerx.no,
17568969839,MMAjunkie.com,Wei Chen,United States,http://www.mmajunkie.com,mmajunkie.com,https://www.linkedin.com/company/mmajunkie.com
43147096979,Топ Преса,Wei Chen,Bulgaria,http://www.toppresa.com,toppresa.com,
11610803053,Sunshine Coast News,Wei Chen,Australia,http://www.sunshinecoastnews.com.au,sunshinecoastnews.com.au,https://www.linkedin.com/company/sunshine-coast-news
17567673723,HallyuSG,Rory Hunter,Singapore,http://www.hallyusg.net,hallyusg.net,https://www.linkedin.com/company/hallyusg
16072447894,Crawford County Now studios,Wei Chen,United States,http://www.crawfordcountynow.com,crawfordcountynow.com,
10122618420,Terrace Standard,Wei Chen,United States,http://www.terracestandard.com,terracestandard.com,https://www.linkedin.com/company/terrace-standard
10592926222,Мениджър,Wei Chen,Bulgaria,http://www.manager.bg,manager.bg,https://www.linkedin.com/company/managermagazinebulgaria
20718957445,NK News,Rory Hunter,United States,http://www.nknews.org,nknews.org,https://www.linkedin.com/company/nk-news
17080712557,NT Independent,Rory Hunter,Australia,http://www.ntindependent.com.au,ntindependent.com.au,https://www.linkedin.com/company/nt-independent
17085791003,North Wales Chronicle,Wei Chen,United Kingdom,http://www.northwaleschronicle.co.uk,northwaleschronicle.co.uk,https://www.linkedin.com/company/north-wales-chronicle
25760221463,KA-Business.gr,Wei Chen,Greece,http://www.ka-business.gr,ka-business.gr,
17080677277,Katherine Times,Wei Chen,Australia,http://www.katherinetimes.com.au,katherinetimes.com.au,https://www.linkedin.com/company/katherine-times
11556072007,Värnamo Nyheter,Wei Chen,Sweden,http://www.vn.se,vn.se,https://www.linkedin.com/company/homeclick-vn-articles
43907613340,Voice of America,Rory Hunter,United States,http://www.voanews.com,voanews.com,https://www.linkedin.com/company/voice-of-america
43147098714,The Current,Wei Chen,Pakistan,http://www.thecurrent.pk,thecurrent.pk,https://www.linkedin.com/company/thecurrentpk
11454291744,24h au Bénin,Rory Hunter,United States,http://www.24haubenin.bj,24haubenin.bj,
11454291745,BrandSpur Ng,Wei Chen,Nigeria,http://www.brandspurng.com,brandspurng.com,https://www.linkedin.com/company/brandspur-ng
11454291747,Daily Urdu Columns,Wei Chen,United States,http://www.dailyurducolumns.com,dailyurducolumns.com,
11454317346,Great Day St. Louis,Damian Domanski,United States,http://www.kmov.com,kmov.com,https://www.linkedin.com/company/kmov-tv
19009209744,Beat Magazine,Rory Hunter,Australia,http://www.beat.com.au,beat.com.au,https://www.linkedin.com/company/beat-magazine
44049340702,BuzzFeed,Hanson Ojo,United States,http://www.buzzfeed.com,buzzfeed.com,www.linkedin.com/company/buzzfeed/
11453306894,Enepalese,Rory Hunter,United States,http://www.enepalese.com,enepalese.com,
11453577994,WAMW,Rory Hunter,United States,http://www.wamwamfm.com,wamwamfm.com,https://www.linkedin.com/company/dlc-media-inc
19009274532,Forte Magazine,Rory Hunter,Australia,http://www.fortemag.com.au,fortemag.com.au,
11453138693,KOLR10 & Ozarks Local News,Wei Chen,United States,http://www.ozarksfirst.com,ozarksfirst.com,https://www.linkedin.com/company/kolr-&-ksfx
11453138692,Lesvosvoice.gr,Wei Chen,Greece,http://www.lesvosvoice.gr,lesvosvoice.gr,
11453209113,iHeartDogs.com,Wei Chen,United States,http://www.iheartdogs.com,iheartdogs.com,https://www.linkedin.com/company/iheartdogs-com
11453929478,AnaedoOnline,Rory Hunter,Nigeria,http://www.anaedoonline.ng,anaedoonline.ng,https://www.linkedin.com/company/anaedoonline
20580760832,30Seconds,Wei Chen,United States,http://www.30seconds.com,30seconds.com,https://www.linkedin.com/company/30second-mobile
42826183958,FANGORIA,Wei Chen,United States,http://www.fangoria.com,fangoria.com,https://www.linkedin.com/company/fangoria-entertainment-inc.
11454409598,Eastern Mirror,Wei Chen,India,http://www.easternmirrornagaland.com,easternmirrornagaland.com,https://www.linkedin.com/company/eastern-mirror-&-glass
43911911569,Srednja.hr,Wei Chen,Croatia,http://www.srednja.hr,srednja.hr,
11453175151,Commonwealth Union,Wei Chen,United States,http://www.commonwealthunion.com,commonwealthunion.com,https://www.linkedin.com/company/commonwealth-union
17554191245,HighEnd Media,Wei Chen,Singapore,http://www.highend.media,highend.media,https://www.linkedin.com/company/highend-media
20192530771,Middlesboro-Tazewell Newsmedia,Rory Hunter,United States,http://www.claiborneprogress.net,claiborneprogress.net,https://www.linkedin.com/company/claiborne-progress-the
18331599973,Floppy Cats,Sander Lammers,United States,http://www.floppycats.com,floppycats.com,http://www.linkedin.com/company/floppycats-com
17085668777,Coeur D Alene Press,Wei Chen,United States,http://www.cdapress.com,cdapress.com,https://www.linkedin.com/company/coeur-d'alene-press
25143725923,Raging Patriot News,Rory Hunter,United States,http://www.ragingpatriotnews.org,ragingpatriotnews.org,
42791702870,El Culture,Sander Lammers,Greece,http://www.elculture.gr,elculture.gr,https://www.linkedin.com/company/elculture
42928909569,Daily Pakistan,Rory Hunter,Pakistan,http://www.dailypakistan.com.pk,dailypakistan.com.pk,https://www.linkedin.com/company/dailypakistan
11453616766,ilarissa.gr,Wei Chen,Greece,http://www.ilarissa.gr,ilarissa.gr,
17321366436,Farmers Weekly NZ,Wei Chen,New Zealand,http://www.farmersweekly.co.nz,farmersweekly.co.nz,https://www.linkedin.com/company/farmers-weekly-nz
16072527406,Clacton,Damian Domanski,United Kingdom,http://www.clactonandfrintongazette.co.uk,clactonandfrintongazette.co.uk,
11454304879,AlimoshoToday,Wei Chen,Nigeria,http://www.alimoshotoday.com,alimoshotoday.com,
44341397798,24.com,Christian Jørgensen,South Africa,http://www.news24.com,news24.com,https://www.linkedin.com/company/media24
11453894253,Ειδήσεις της Πελοποννήσου,Wei Chen,Greece,http://www.anagnostis.org,anagnostis.org,
18947643782,Static Media,Harry Martin,United States,http://www.static.com,static.com,https://www.linkedin.com/company/static-
44049340508,The Irish Farmers Journal,Rory Hunter,United Kingdom,http://www.farmersjournal.ie,farmersjournal.ie,https://www.linkedin.com/company/farmers-journal
17086352560,Ipswich Press,Wei Chen,United Kingdom,http://www.ipswichstar.co.uk,ipswichstar.co.uk,https://www.linkedin.com/company/ipswich-press
15897019477,Ślązag,Wei Chen,Poland,http://www.slazag.pl,slazag.pl,
17321393547,Simply Recipes Inc.,Damian Domanski,United States,http://www.simplyrecipes.com,simplyrecipes.com,https://www.linkedin.com/company/simply-recipes-inc
43140121778,Harvard University,Wei Chen,United States,http://www.harvard.edu,harvard.edu,https://www.linkedin.com/company/harvard-university
17086352522,Observer Eccentric Newspapers,Wei Chen,United States,http://www.hometownlife.com,hometownlife.com,https://www.linkedin.com/company/observer-eccentric-newspapers
17490044060,Kaupunkilehti Tamperelainen,Wei Chen,Finland,http://www.tamperelainen.fi,tamperelainen.fi,https://www.linkedin.com/company/kaupunkilehti-tamperelainen
11454194003,CsaHaber,Wei Chen,United States,http://www.csahaber.com,csahaber.com,
11453617217,Lehigh Valley Latin Mass,Wei Chen,United States,http://www.lehighvalleylatinmass.org,lehighvalleylatinmass.org,
17556228505,Destinations of the World News,Damian Domanski,United Arab Emirates,http://www.dotwnews.com,dotwnews.com,https://www.linkedin.com/company/destinations-of-the-world-news
10123964308,The Tradin' Post,Wei Chen,United States,http://www.chippewa.com,chippewa.com,https://www.linkedin.com/company/chippewa-valley-newspapers
17085719195,Offaly Express,Wei Chen,Ireland,http://www.offalyexpress.ie,offalyexpress.ie,https://www.linkedin.com/company/offaly-express