Record ID,Company name,Company owner,Country,Website URL,Company Domain Name,LinkedIn Company Page
2969991683,Kaskus,Hanson Ojo,Indonesia,http://www.kaskus.co.id,kaskus.co.id,https://www.linkedin.com/company/kaskus-networks
2970028032,Gazeteport,Rory Hunter,Turkey,http://www.gazeteport.com,gazeteport.com,
2969991438,Bergens Tidende,Jean-Luc Germiquet,Norway,http://www.bt.no,bt.no,https://www.linkedin.com/company/bergens-tidende
2970010383,bold.dk,Hanson Ojo,Denmark,http://www.bold.dk,bold.dk,https://www.linkedin.com/company/bold.dk
2970010634,Legit.ng Naij.com,Wei Chen,Nigeria,http://www.naija.ng,naija.ng,https://www.linkedin.com/company/naij-com
2970003220,Color Press,Rory Hunter,Serbia,http://www.color.rs,color.rs,https://www.linkedin.com/company/color-press-group
2970006811,diken.com.tr,Rory Hunter,Turkey,http://www.diken.com.tr,diken.com.tr,https://www.linkedin.com/company/diken
2969785629,Haber7,Damian Domanski,Turkey,http://www.haber7.com,haber7.com,https://www.linkedin.com/company/haber7-com
2969785885,RugbyLAD,Rory Hunter,Ireland,http://www.rugbylad.ie,rugbylad.ie,
2969985049,Hippson AB,Rory Hunter,Sweden,http://www.hippson.se,hippson.se,https://www.linkedin.com/company/hippson-ab
2970006567,Sözcü,Damian Domanski,Turkey,http://www.sozcu.com.tr,sozcu.com.tr,https://www.linkedin.com/company/s-zc-gazetesi
2969991460,naEKRANIE,Wei Chen,Poland,http://www.naekranie.pl,naekranie.pl,https://www.linkedin.com/company/hatak-media-sp-z-o-o-
2969984805,Telegrafi,Hanson Ojo,Serbia,http://www.telegrafi.com,telegrafi.com,https://www.linkedin.com/company/telegrafi
2969782567,AM730,Sander Lammers,Hong Kong,http://www.am730.com.hk,am730.com.hk,https://www.linkedin.com/company/am730-media
2970010669,Sağlık Haberleri,Rory Hunter,Turkey,http://www.saglikhaberleri.com.tr,saglikhaberleri.com.tr,
2969989428,Woman.bg,Rory Hunter,Bulgaria,http://www.woman.bg,woman.bg,
2969785648,Aydınlık,Sander Lammers,Turkey,http://www.aydinlik.com.tr,aydinlik.com.tr,
2969989682,The Anti-Media,Hanson Ojo,United States,http://www.theantimedia.org,theantimedia.org,
2969782331,Sportal Media Group,Rory Hunter,Bulgaria,http://www.sportal.bg,sportal.bg,https://www.linkedin.com/company/sportal.bg
2970006845,DPG Digital Media Group,Damian Domanski,Greece,http://www.dpgmedia.gr,dpgmedia.gr,https://www.linkedin.com/company/dpgdigitalmedia
2969785663,Svet,Rory Hunter,Serbia,http://www.svet.rs,svet.rs,
2970010680,Coppini Trading (Pty) LTD,Rory Hunter,South Africa,http://www.tennisworldusa.org,tennisworldusa.org,https://www.linkedin.com/company/tennis-world-magazine
2969984838,Onedio,Sander Lammers,Turkey,http://www.onedio.com,onedio.com,https://www.linkedin.com/company/onedio
2969985092,Zougla,Rory Hunter,Greece,http://www.zougla.gr,zougla.gr,
2969782336,Red Bull Company,Wei Chen,United Kingdom,http://www.redbull.com,redbull.com,https://www.linkedin.com/company/red-bull
2969989441,Tipsbladet,Rory Hunter,Denmark,http://www.tipsbladet.dk,tipsbladet.dk,https://www.linkedin.com/company/tips-bladet
2970006337,Document.no,Sander Lammers,Norway,http://www.document.no,document.no,https://www.linkedin.com/company/venneforeningen-document.no
2970006351,Malesbanget.com,Sander Lammers,Indonesia,http://www.malesbanget.com,malesbanget.com,
2970029902,Sportske.net,Rory Hunter,Serbia,http://www.sportske.net,sportske.net,
2969991243,Jatkoaika.com,Rory Hunter,Finland,http://www.jatkoaika.com,jatkoaika.com,https://www.linkedin.com/company/jatkoaika
2969782352,Digital Impact Lab LLC,Wei Chen,United Kingdom,http://www.iranintl.com,iranintl.com,
2970006609,EGM Media,Rory Hunter,United States,http://www.egmnow.com,egmnow.com,http://linkedin.com/company/grindmedia
2970029918,VIVA.co.id,Rory Hunter,Indonesia,http://www.viva.co.id,viva.co.id,https://www.linkedin.com/company/viva-co-id
2970006616,Sønderborg NYT,Rory Hunter,Denmark,http://www.sonderborgnyt.dk,sonderborgnyt.dk,https://www.linkedin.com/company/s%C3%B8nderborgnyt
2969991269,Al-Arab Publishing House,Hanson Ojo,United Kingdom,http://www.alarab.co.uk,alarab.co.uk,https://www.linkedin.com/company/al-arab-publishing-centre
2970029924,Graham Media Group,Hanson Ojo,United States,http://www.grahammedia.com,grahammedia.com,https://www.linkedin.com/company/graham-media-group
2969991264,UCLA,Wei Chen,United States,http://www.ucla.edu,ucla.edu,https://www.linkedin.com/company/ucla
2969785700,EVZ Group,Rory Hunter,Romania,http://www.evz.ro,evz.ro,https://www.linkedin.com/company/1945812
2949772474,GameStar Hungary,Rory Hunter,Hungary,http://www.gamestar.hu,gamestar.hu,
2970025835,Girlscene.nl,Rory Hunter,Netherlands,http://www.girlscene.nl,girlscene.nl,https://www.linkedin.com/company/yourscene
2969785970,Kocaeli Barış Gazetesi,Sander Lammers,Turkey,http://www.kocaelibarisgazetesi.com,kocaelibarisgazetesi.com,
2969991284,Geo News,Sander Lammers,Pakistan,http://www.geo.tv,geo.tv,https://www.linkedin.com/company/geo-tv-network
2969991285,Bianet,Rory Hunter,Turkey,http://www.bianet.org,bianet.org,https://www.linkedin.com/company/bianet
2970029940,A Day Magazine,Rory Hunter,Hong Kong,http://www.adaymag.com,adaymag.com,https://www.linkedin.com/company/a-day-media
2969989747,Economic.bg,Rory Hunter,Bulgaria,http://www.economic.bg,economic.bg,https://www.linkedin.com/company/economic-bg
2969984880,EatTreat,Sander Lammers,India,http://www.eattreat.in,eattreat.in,https://www.linkedin.com/company/eattreat-online
2969984894,إرم نيوز,Hanson Ojo,United Arab Emirates,http://www.eremnews.com,eremnews.com,https://www.linkedin.com/company/eremnews
2969989757,KitGuru,Rory Hunter,United Kingdom,http://www.kitguru.net,kitguru.net,
2969984888,T24,Rory Hunter,Turkey,http://www.t24.com.tr,t24.com.tr,https://www.linkedin.com/company/t24comtr
2969989240,The Grief Toolbox,Rory Hunter,United States,http://www.thegrieftoolbox.com,thegrieftoolbox.com,https://www.linkedin.com/company/the-grief-toolbox
2969989496,Report Look,Rory Hunter,India,http://www.reportlook.com,reportlook.com,https://www.linkedin.com/company/reportlook
2970025863,Alo Media,Damian Domanski,Serbia,http://www.alo.rs,alo.rs,https://www.linkedin.com/company/alo-media-system
2949755219,PCWorld Hungary,Rory Hunter,Hungary,http://www.pcworld.hu,pcworld.hu,
2970029701,Ratpack,Damian Domanski,Greece,http://www.ratpack.gr,ratpack.gr,
2969989765,Vogue Poland,Wei Chen,Poland,http://www.vogue.pl,vogue.pl,
2970025859,巴士的報,Rory Hunter,Hong Kong,http://www.bastillepost.com,bastillepost.com,
2970003087,TechNews.tw,Rory Hunter,Taiwan,http://www.technews.tw,technews.tw,https://www.linkedin.com/company/7958450
2970029708,Lokadata.id,Wei Chen,Indonesia,http://www.lokadata.id,lokadata.id,https://www.linkedin.com/company/beritagar.id
2969782671,Awesome Inventions,Rory Hunter,United Kingdom,http://www.awesomeinventions.com,awesomeinventions.com,https://www.linkedin.com/company/awesome-inventions-limited
2969782673,EGE HABER,Sander Lammers,Turkey,http://www.egehaber.com,egehaber.com,
2969989779,ABC News,Harry Martin,United States,http://www.abcnews.go.com,abcnews.go.com,https://www.linkedin.com/company/3907
2969782420,Manila Standard,Sander Lammers,Philippines,http://www.manilastandard.net,manilastandard.net,https://www.linkedin.com/company/12904878
2969991583,Abante,Rory Hunter,Philippines,http://www.abante.com.ph,abante.com.ph,
2969989786,YugaTech,Rory Hunter,Philippines,http://www.yugatech.com,yugatech.com,
2969985176,AllHipHop,Rory Hunter,United States,http://www.allhiphop.com,allhiphop.com,https://www.linkedin.com/company/all-hip-hop
2970025634,The Manual,Rory Hunter,United States,http://www.themanual.com,themanual.com,https://www.linkedin.com/company/the-manual
2969782692,Gay Times,Rory Hunter,United Kingdom,http://www.gaytimes.co.uk,gaytimes.co.uk,https://www.linkedin.com/company/gay-times-magazine
2949694072,Index.hu Zrt.,Rory Hunter,Hungary,http://www.index.hu,index.hu,https://www.linkedin.com/company/index.hu-zrt
2969785769,Stella Novus,Sander Lammers,Ireland,http://www.stellanovus.com,stellanovus.com,https://www.linkedin.com/company/stella-novus-limited
2970003116,Cosmopolitan Taiwan,Rory Hunter,Taiwan,http://www.cosmopolitan.com.tw,cosmopolitan.com.tw,https://www.linkedin.com/company/cosmo-hair
2969782696,Wisden Cricket,Rory Hunter,United Kingdom,http://www.wisden.com,wisden.com,
2970025898,Kresy,Sander Lammers,Poland,http://www.kresy.pl,kresy.pl,
2969989288,Mother & Baby Indonesia,Rory Hunter,Indonesia,http://www.motherandbaby.co.id,motherandbaby.co.id,https://www.linkedin.com/company/cosmopolitan-magazine
2970025654,Manisa Haberleri,Rory Hunter,Turkey,http://www.manisahaberleri.com,manisahaberleri.com,
2970010802,Yeniemlak,Wei Chen,Turkey,http://www.yeniemlak.com,yeniemlak.com,https://www.linkedin.com/company/yeniemlak
2969785781,OKO Press,Sander Lammers,Poland,http://www.oko.press,oko.press,
2970025648,Bant Mag,Sander Lammers,Turkey,http://www.bantmag.com,bantmag.com,
2970027963,Daily Post Nigeria,Hanson Ojo,Nigeria,http://www.dailypost.ng,dailypost.ng,
2949686288,Népszava,Rory Hunter,Hungary,http://www.nepszava.hu,nepszava.hu,https://www.linkedin.com/company/n-pszabads-g-rt
2969984708,Voetbalprimeur,Rory Hunter,Netherlands,http://www.voetbalprimeur.nl,voetbalprimeur.nl,https://www.linkedin.com/company/voetbalprimeur
2970006464,Deccan Chronicle,Damian Domanski,India,http://www.deccanchronicle.com,deccanchronicle.com,https://www.linkedin.com/company/deccan-chronicle-holdings-ltd
2969991627,Trønder-Avisa,Rory Hunter,Norway,http://www.t-a.no,t-a.no,https://www.linkedin.com/company/tr-nder-avisa
2969786066,Anadolu Türk Haber,Rory Hunter,Turkey,http://www.anadoluturkhaber.com,anadoluturkhaber.com,
2970010581,Londynek.net,Sander Lammers,United Kingdom,http://www.londynek.net,londynek.net,http://linkedin.com/company/jd-blayer-ltd
2970027988,Kultura вестник  Култура,Wei Chen,Bulgaria,http://www.kultura.bg,kultura.bg,
2970003166,Digi24,Damian Domanski,Romania,http://www.digi24.ro,digi24.ro,https://www.linkedin.com/company/digi24/about/
2969989594,Politika Online,Rory Hunter,Serbia,http://www.politika.rs,politika.rs,https://www.linkedin.com/company/politika-novine-i-magazini-d-o-o
2969989339,NOWnews,Sander Lammers,Taiwan,http://www.nownews.com,nownews.com,https://www.linkedin.com/company/14557266
2969984999,Dagbladet,Jean-Luc Germiquet,Norway,http://www.dagbladet.no,dagbladet.no,https://www.linkedin.com/company/dagbladet
2970010599,Condé Nast Britain,Hanson Ojo,United Kingdom,http://www.condenast.co.uk,condenast.co.uk,
2969985006,Coleraine Chronicle,Wei Chen,United Kingdom,http://www.colerainechronicle.co.uk,colerainechronicle.co.uk,
2970002925,Telewizja Superstacja,Rory Hunter,Poland,http://www.superstacja.tv,superstacja.tv,https://www.linkedin.com/company/superstacja-sp-z-o-o-
2970006509,Krstarica,Sander Lammers,Serbia,http://www.krstarica.com,krstarica.com,
2970002922,Ensonhaber,Damian Domanski,Turkey,http://www.ensonhaber.com,ensonhaber.com,https://www.linkedin.com/company/ensonhaber-medya-hizmetleri-a-%C5%9F-
2970025961,ELLE (Bulgaria),Sander Lammers,Bulgaria,http://www.elle.bg,elle.bg,
2969785586,Playtuşu,Wei Chen,Turkey,http://www.playtusu.com,playtusu.com,https://www.linkedin.com/company/play-tu-u
2969786096,Thisday Nigeria,Damian Domanski,Nigeria,http://www.thisdaylive.com,thisdaylive.com,https://www.linkedin.com/company/thisday
2969989619,Group Medya,Wei Chen,Turkey,http://www.groupmedya.com,groupmedya.com,
2970025727,NotJustOk,Sander Lammers,Nigeria,http://www.notjustok.com,notjustok.com,https://www.linkedin.com/company/notjustok-llc
2969782271,Londra Gazete,Rory Hunter,United Kingdom,http://www.londragazete.com,londragazete.com,https://www.linkedin.com/company/londra-gazete
3005703461,UdaipurTimes,Rory Hunter,India,http://www.udaipurtimes.com,udaipurtimes.com,https://www.linkedin.com/company/udaipurtimes.com
2970038787,Confidentials.com,Sander Lammers,United Kingdom,http://www.confidentials.com,confidentials.com,
3005703469,Pakistan Tribe English,Rory Hunter,Pakistan,http://www.pakistantribe.com,pakistantribe.com,https://www.linkedin.com/company/pakistan-tribe
3005703466,Bangla Tribune,Rory Hunter,Bangladesh,http://www.banglatribune.com,banglatribune.com,https://www.linkedin.com/company/bangla-tribune-online
3051919077,RTV Noord,Damian Domanski,Netherlands,http://www.rtvnoord.nl,rtvnoord.nl,https://www.linkedin.com/company/308239
3066964419,ipetgroup,Sander Lammers,Taiwan,http://www.ipetgroup.com,ipetgroup.com,
2970038805,Mozzart Sport,Sander Lammers,Serbia,http://www.mozzartsport.com,mozzartsport.com,
3052516067,GeenStijl,Rory Hunter,Netherlands,http://www.geenstijl.nl,geenstijl.nl,https://www.linkedin.com/company/1348216
3071941133,TRHaberler,Rory Hunter,Turkey,http://www.trhaberler.com,trhaberler.com,
3052544488,Radio Wrocław,Rory Hunter,Poland,http://www.radiowroclaw.pl,radiowroclaw.pl,https://www.linkedin.com/company/radio-wroc%C5%82aw
3051919049,INN,Rory Hunter,Poland,http://www.innpoland.pl,innpoland.pl,https://www.linkedin.com/company/innpoland
3006432534,SUCH TV,Damian Domanski,Pakistan,http://www.suchtv.pk,suchtv.pk,https://www.linkedin.com/company/such-tv
2970038829,Gadgets Pilipinas,Rory Hunter,Philippines,http://www.gadgetpilipinas.net,gadgetpilipinas.net,
2970030124,رأي اليوم,Hanson Ojo,United Kingdom,http://www.raialyoum.com,raialyoum.com,
3053099990,The Poke,Rory Hunter,United Kingdom,http://www.thepoke.co.uk,thepoke.co.uk,
3051919045,polsatnews.pl,Wei Chen,Poland,http://www.polsatnews.pl,polsatnews.pl,https://www.linkedin.com/company/netshare-sp-z-o-o-
3074609010,The Outbound Collective,Wei Chen,United States,http://www.theoutbound.com,theoutbound.com,https://www.linkedin.com/company/the-outbound-collective
3073860100,Mommyish,Wei Chen,United States,http://www.mommyish.com,mommyish.com,
3052530884,WRC News,Wei Chen,Poland,http://www.wrc.net.pl,wrc.net.pl,
3053101763,natemat,Rory Hunter,Poland,http://www.natemat.pl,natemat.pl,https://www.linkedin.com/company/natemat
3053101760,Omroep Venlo,Rory Hunter,Netherlands,http://www.omroepvenlo.nl,omroepvenlo.nl,https://www.linkedin.com/company/omroep-venlo
3053099969,Coast Live,Rory Hunter,Australia,http://www.coastlive.com.au,coastlive.com.au,
3053099974,Unbox,Rory Hunter,Philippines,http://www.unbox.ph,unbox.ph,
3005703450,OZON magazine,Rory Hunter,Greece,http://www.ozonweb.com,ozonweb.com,https://www.linkedin.com/company/ozon-magazine-yorgos-kelefis-contempo-publications
3006460274,Napi,Rory Hunter,Hungary,http://www.napi.hu,napi.hu,https://www.linkedin.com/company/napi-gazdas-g
3053108155,Punablog,Rory Hunter,Netherlands,http://www.puna.nl,puna.nl,https://www.linkedin.com/company/puna.nl-hiphop-vandaag
3006455664,ScoopWhoop,Damian Domanski,India,http://www.scoopwhoop.com,scoopwhoop.com,https://www.linkedin.com/company/scoopwhoop-media-pvt-ltd-
3006455665,Move It Magazine,Rory Hunter,Greece,http://www.moveitmag.gr,moveitmag.gr,https://www.linkedin.com/company/move-it-mag
2970030158,CarGuide.PH,Sander Lammers,Philippines,http://www.carguide.ph,carguide.ph,
2970038862,Tirto,Wei Chen,Indonesia,http://www.tirto.id,tirto.id,https://www.linkedin.com/company/tirto
3006460281,Statesman India,Rory Hunter,India,http://www.thestatesman.com,thestatesman.com,https://www.linkedin.com/company/thestatesman
3053101737,KWEJK.pl,Sander Lammers,Poland,http://www.kwejk.pl,kwejk.pl,https://www.linkedin.com/company/kwejkpl
3053121197,Nadmorski24.pl,Wei Chen,Poland,http://www.nadmorski24.pl,nadmorski24.pl,
3006467947,breakingnews.com.bd,Rory Hunter,Bangladesh,http://www.breakingnews.com.bd,breakingnews.com.bd,
2970045277,Novosti.rs,Rory Hunter,Serbia,http://www.novosti.rs,novosti.rs,https://www.linkedin.com/company/vecernje-novosti
3051693502,Bredavandaag,Rory Hunter,Netherlands,http://www.bredavandaag.nl,bredavandaag.nl,https://www.linkedin.com/company/bredavandaag.nl
2970030185,Alma Media Finland Oy,Jean-Luc Germiquet,Finland,http://www.almamedia.fi,almamedia.fi,https://www.linkedin.com/company/alma-media-corporation
3074615341,FacMedicine,Sander Lammers,United States,http://www.facmedicine.com,facmedicine.com,https://www.linkedin.com/company/facmedicine
3006427714,Flow Magazine GR,Rory Hunter,Greece,http://www.flowmagazine.gr,flowmagazine.gr,https://www.linkedin.com/company/www.flowmagazine.gr
3006437192,Risingbd.com,Rory Hunter,Bangladesh,http://www.risingbd.com,risingbd.com,https://www.linkedin.com/company/risingbd-com
2970038396,DalmacijaNews,Rory Hunter,Croatia,http://www.dalmacijanews.hr,dalmacijanews.hr,https://www.linkedin.com/company/dalmacijanews
3006437193,Allied Newspapers Limited,Luciano Loccisano,Malta,http://www.timesofmalta.com,timesofmalta.com,https://www.linkedin.com/company/times-of-malta
3067466920,Media Matrix [Law & Order],Hanson Ojo,Greece,http://www.lawandorder.gr,lawandorder.gr,https://www.linkedin.com/company/lawandorder
3052617356,SuperMamy,Wei Chen,Poland,http://www.supermamy.pl,supermamy.pl,
2970038919,Toy People,Wei Chen,Taiwan,http://www.toy-people.com,toy-people.com,
3051693412,MonStyle,Wei Chen,Netherlands,http://www.monstyle.nl,monstyle.nl,https://www.linkedin.com/company/monstyle-nl
3053101688,Archimania,Wei Chen,Poland,http://www.archimania.pl,archimania.pl,http://www.linkedin.com/company/2694487
2970038415,The Bridge India,Wei Chen,India,http://www.thebridge.in,thebridge.in,https://www.linkedin.com/company/the-bridge.in
2970038413,RNZ,Damian Domanski,New Zealand,http://www.radionz.co.nz,radionz.co.nz,http://www.linkedin.com/company/30919
2970038687,Uplifers,Wei Chen,Turkey,http://www.uplifers.com,uplifers.com,https://www.linkedin.com/company/uplifers
3074615262,Saving Toward A Better Life,Wei Chen,United States,http://www.savingtowardabetterlife.com,savingtowardabetterlife.com,
3053121114,Vlaardingen24,Rory Hunter,Netherlands,http://www.vlaardingen24.nl,vlaardingen24.nl,https://www.linkedin.com/company/vlaardingen24
3006455699,Ary Digital TV,Rory Hunter,Pakistan,http://www.arydigital.tv,arydigital.tv,https://www.linkedin.com/company/ary-digital
3051693127,Gewoonvoorhem,Sander Lammers,Netherlands,http://www.gewoonvoorhem.nl,gewoonvoorhem.nl,
3006460305,Circle of Cricket India,Rory Hunter,India,http://www.circleofcricket.com,circleofcricket.com,https://www.linkedin.com/company/circle-of-cricket
3006460310,The Ladies Finger,Wei Chen,India,http://www.theladiesfinger.com,theladiesfinger.com,https://www.linkedin.com/company/the-ladies-finger
3052516181,TVS,Wei Chen,Poland,http://www.tvs.pl,tvs.pl,https://www.linkedin.com/company/tvs-sp-z-o-o-
3006455700,NEO TV Network,Rory Hunter,Pakistan,http://www.neonetwork.pk,neonetwork.pk,https://www.linkedin.com/company/neo-tv
3053121116,SILESION,Wei Chen,Poland,http://www.silesion.pl,silesion.pl,https://www.linkedin.com/company/silesion.pl
3051693133,Demotywatory,Rory Hunter,Poland,http://www.demotywatory.pl,demotywatory.pl,
3006490777,Plug Media (PCM),Rory Hunter,Hong Kong,http://www.pcmarket.com.hk,pcmarket.com.hk,https://www.linkedin.com/company/13192948
3006460290,PAOKFC,Frederick Crépin,Greece,http://www.paokfc.gr,paokfc.gr,https://www.linkedin.com/company/fc-paok
3006460295,AmaderShomoy.Com,Wei Chen,Bangladesh,http://www.amadershomoy.com,amadershomoy.com,
2970038705,ABC Gazetesi,Sander Lammers,Turkey,http://www.abcgazetesi.com,abcgazetesi.com,
3006460293,So Delhi,Sander Lammers,India,http://www.so.city,so.city,https://www.linkedin.com/company/so-delhi
3074615290,Cuckoo For Coupon Deals,Sander Lammers,United States,http://www.cuckooforcoupondeals.com,cuckooforcoupondeals.com,https://www.linkedin.com/company/cuckoo-for-coupon-deals
3006455691,DforDelhi,Sander Lammers,India,http://www.dfordelhi.in,dfordelhi.in,https://www.linkedin.com/company/dfordelhi
3006460296,LBB,Sander Lammers,India,http://www.lbb.in,lbb.in,https://www.linkedin.com/company/lbb---little-black-book
3006460297,Siraj Daily,Damian Domanski,India,http://www.sirajlive.com,sirajlive.com,https://www.linkedin.com/company/siraj-daily
3006455694,Rodiaki,Wei Chen,Greece,http://www.rodiaki.gr,rodiaki.gr,
2970045114,Berga Mosera Blog,Rory Hunter,United States,http://www.bergamosera.com,bergamosera.com,
2970038727,MissMalini,Sander Lammers,India,http://www.missmalini.com,missmalini.com,https://www.linkedin.com/company/missmalini-publishing-pvt-ltd
3074609026,Style&Decor Magazine,Wei Chen,Indonesia,http://www.styleanddecormagz.com,styleanddecormagz.com,
3006432496,India TV,Rory Hunter,India,http://www.indiatvnews.com,indiatvnews.com,https://www.linkedin.com/company/india-tv
2984700194,MangoBaaz,Sander Lammers,Pakistan,http://www.mangobaaz.com,mangobaaz.com,https://www.linkedin.com/company/mangobaaz
3051693345,Isle of Wight Radio,Rory Hunter,United Kingdom,http://www.iwradio.co.uk,iwradio.co.uk,
3006432500,POPxo,Sander Lammers,India,http://www.popxo.com,popxo.com,https://www.linkedin.com/company/popxo
3051693347,Rzeszów News,Sander Lammers,Poland,http://www.rzeszow-news.pl,rzeszow-news.pl,
3052516156,Tygodnik Podhalański,Rory Hunter,Poland,http://www.24tp.pl,24tp.pl,https://www.linkedin.com/company/tygodnik-podhala%C5%84ski
3006432508,Desimartini,Hanson Ojo,India,http://www.desimartini.com,desimartini.com,https://www.linkedin.com/company/desimartini-com
3006445538,The Unknown But Not Hidden,Rory Hunter,India,http://www.theunknownbutnothidden.com,theunknownbutnothidden.com,
3006445536,Storypick,Sander Lammers,India,http://www.storypick.com,storypick.com,https://www.linkedin.com/company/storypick
2970038737,MemurlarNet,Sander Lammers,Turkey,http://www.memurlar.net,memurlar.net,
3051693106,Kobiece Inspiracje,Rory Hunter,Poland,http://www.kobieceinspiracje.pl,kobieceinspiracje.pl,
2970038492,Black & White Photography,Rory Hunter,Ireland,http://www.lightandcomposition.com,lightandcomposition.com,https://www.linkedin.com/company/light-and-composition-advertising
2970045404,Antena Zadar,Rory Hunter,Croatia,http://www.antenazadar.hr,antenazadar.hr,https://www.linkedin.com/company/antena-zadar
3051693374,AT5,Damian Domanski,Netherlands,http://www.at5.nl,at5.nl,https://www.linkedin.com/company/at5
3006432494,BollywoodShaadis.com,Rory Hunter,India,http://www.bollywoodshaadis.com,bollywoodshaadis.com,https://www.linkedin.com/company/bollywoodshaadis-com
3074615199,RealClear Media Group,Sander Lammers,United States,http://www.realclearmediagroup.com,realclearmediagroup.com,http://www.linkedin.com/company/10451057
3073860073,Warta Ekonomi,Damian Domanski,Indonesia,http://www.wartaekonomi.co.id,wartaekonomi.co.id,https://www.linkedin.com/company/warta-ekonomi-group
2970030040,Squawka,Wei Chen,United Kingdom,http://www.squawka.com,squawka.com,https://www.linkedin.com/company/squawka
3006445527,YouTube,Wei Chen,Pakistan,http://www.youtube.com,youtube.com,https://www.linkedin.com/company/youtube
3051919104,Bryła,Wei Chen,Poland,http://www.bryla.pl,bryla.pl,
3074615208,DyingScene.com,Rory Hunter,United States,http://www.dyingscene.com,dyingscene.com,
3053121041,Radio Łódź,Rory Hunter,Poland,http://www.radiolodz.pl,radiolodz.pl,
3053121044,NH Nieuws,Damian Domanski,Netherlands,http://www.nhnieuws.nl,nhnieuws.nl,https://www.linkedin.com/company/nh-nieuws-metropool
3006445514,bdnews24,Damian Domanski,Bangladesh,http://www.bdnews24.com,bdnews24.com,https://www.linkedin.com/company/bangladesh-news-24-hours-ltd
3074609083,Bobotoh ID,Sander Lammers,Indonesia,http://www.bobotoh.id,bobotoh.id,
3067547692,B1 TV,Rory Hunter,Romania,http://www.b1.ro,b1.ro,https://www.linkedin.com/company/b1-tv
3051919126,Wiara.pl,Wei Chen,Poland,http://www.wiara.pl,wiara.pl,
3261978991,Pratilipi Malayalam - പ്രതിലിപി മലയാളം,Sander Lammers,India,http://www.pratilipi.com,pratilipi.com,https://www.linkedin.com/company/pratilipi
3074630725,The Animal Rescue Site,Sander Lammers,United States,http://www.theanimalrescuesite.com,theanimalrescuesite.com,https://www.linkedin.com/company/greatergood-com
3262493311,Glossy magazin,Damian Domanski,Serbia,http://www.espreso.rs,espreso.rs,
3262470270,411Mania,Rory Hunter,United States,http://www.411mania.com,411mania.com,
3420245975,Greynium Information Technologies Pvt. Ltd.,Damian Domanski,India,http://www.greynium.com,greynium.com,https://www.linkedin.com/company/greynium-information-technologies
3262493307,DriveSpark,Damian Domanski,India,http://www.drivespark.com,drivespark.com,
3135538934,Fangol PL,Sander Lammers,Poland,http://www.fangol.pl,fangol.pl,
3162364778,Juksy,Sander Lammers,Taiwan,http://www.juksy.com,juksy.com,https://www.linkedin.com/company/juksy
3261978997,Kurir,Damian Domanski,Serbia,http://www.kurir.rs,kurir.rs,
3262470252,Tabloid BINTANG Indonesia,Sander Lammers,Indonesia,http://www.tabloidbintang.com,tabloidbintang.com,https://www.linkedin.com/company/pt-media-bintang-indonesia
3261978993,Kmeta.bg,Rory Hunter,Bulgaria,http://www.kmeta.bg,kmeta.bg,https://www.linkedin.com/company/kmeta-bg
3236349179,Horror Society,Damian Domanski,United States,http://www.horrorsociety.com,horrorsociety.com,https://www.linkedin.com/company/horror-society
3074646108,Pikiran Rakyat,Sander Lammers,Indonesia,http://www.pikiran-rakyat.com,pikiran-rakyat.com,https://www.linkedin.com/company/pikiran-rakyat-medianetwork
3262493269,FilmiBeat,Damian Domanski,India,http://www.filmibeat.com,filmibeat.com,https://www.linkedin.com/company/filmibeat.com
3074646119,Coupon Karma,Wei Chen,United States,http://www.couponkarma.com,couponkarma.com,http://linkedin.com/company/i-love-to-gossip.com
3372588321,Hello Swasthya,Rory Hunter,India,http://www.helloswasthya.com,helloswasthya.com,
3074646117,SELULARonline,Rory Hunter,Indonesia,http://www.selular.id,selular.id,https://www.linkedin.com/company/selular
3074642532,MEDANTODAY.com,Wei Chen,Indonesia,http://www.medantoday.com,medantoday.com,
3074630765,Someecards,Sander Lammers,United States,http://www.someecards.com,someecards.com,https://www.linkedin.com/company/someecards-inc-
3135951320,Kochamy Zwierzaki,Wei Chen,Poland,http://www.kochamyzwierzaki.pl,kochamyzwierzaki.pl,
3206727441,NH Media,Damian Domanski,Netherlands,http://www.nhmedia.nl,nhmedia.nl,https://www.linkedin.com/company/nh-nieuws-metropool
3202719696,Ary News,Rory Hunter,Pakistan,http://www.arynews.tv,arynews.tv,https://www.linkedin.com/company/arynews
3074646133,Humans Are Free,Rory Hunter,United States,http://www.humansarefree.com,humansarefree.com,
3083533565,The Cable,Rory Hunter,Nigeria,http://www.thecable.ng,thecable.ng,https://www.linkedin.com/company/thecable
3074620798,I Creative Ideas,Sander Lammers,United States,http://www.icreativeideas.com,icreativeideas.com,
3074630782,Hope Faith Love,Sander Lammers,United States,http://www.faithhub.net,faithhub.net,
3262454836,Philippine News Agency,Wei Chen,Philippines,http://www.pna.gov.ph,pna.gov.ph,
3136284587,Komicni statusi,Wei Chen,Serbia,http://www.komicnistatusi.rs,komicnistatusi.rs,
3262454833,Urbanislandz,Wei Chen,United States,http://www.urbanislandz.com,urbanislandz.com,
3420403865,OtoSpirit,Sander Lammers,Indonesia,http://www.otospirit.com,otospirit.com,https://www.linkedin.com/company/mobil123
3202709933,Bdmorning.com,Rory Hunter,Bangladesh,http://www.bdmorning.com,bdmorning.com,https://www.linkedin.com/company/bdmorning
3207358309,The Science Times,Wei Chen,United States,http://www.sciencetimes.com,sciencetimes.com,
3420403858,Bleacher Nation,Sander Lammers,United States,http://www.bleachernation.com,bleachernation.com,
3420403856,Dnes.bg,Rory Hunter,Bulgaria,http://www.dnes.bg,dnes.bg,
3262454817,hastakshep.com,Rory Hunter,India,http://www.hastakshep.com,hastakshep.com,https://www.linkedin.com/company/hastakshep-com
3420403847,Zenicablog,Wei Chen,Bosnia and Herzegovina,http://www.zenicablog.com,zenicablog.com,
3211402803,Reformatorisch Dagblad,Rory Hunter,Netherlands,http://www.rd.nl,rd.nl,https://www.linkedin.com/company/reformatorischdagblad
3094111281,Noticia Cristiana,Rory Hunter,United States,http://www.noticiacristiana.com,noticiacristiana.com,https://www.linkedin.com/company/noticiacristiana.com
3155125330,ET Today,Rory Hunter,Taiwan,http://www.ettoday.net,ettoday.net,https://www.linkedin.com/company/ettoday
3262454805,Sağlık Aktüel,Wei Chen,Turkey,http://www.saglikaktuel.com,saglikaktuel.com,https://www.linkedin.com/company/saglikaktuel
3262454800,Gazeta de Sud,Rory Hunter,Romania,http://www.gds.ro,gds.ro,https://www.linkedin.com/company/gazata-de-sud
3262454803,Hayat.ba,Rory Hunter,Bosnia and Herzegovina,http://www.hayat.ba,hayat.ba,https://www.linkedin.com/company/hayat-tv
3153914011,Mobile01,Sander Lammers,Taiwan,http://www.mobile01.com,mobile01.com,
3202021041,Kaler Kantho,Rory Hunter,Bangladesh,http://www.kalerkantho.com,kalerkantho.com,
3262454809,The Summit Express,Rory Hunter,Philippines,http://www.thesummitexpress.com,thesummitexpress.com,
3074634542,Bali Post,Rory Hunter,Indonesia,http://www.balipost.com,balipost.com,
3405350038,Sosialnytt,Hanson Ojo,Norway,http://www.sosialnytt.com,sosialnytt.com,
3206792017,Pacific Media Group,Sander Lammers,United States,http://www.pmghawaii.com,pmghawaii.com,https://www.linkedin.com/company/pacific-media-group
3262454797,Insajderi,Sander Lammers,Serbia,http://www.insajderi.com,insajderi.com,
3210826525,Business Recorder,Rory Hunter,Pakistan,http://www.brecorder.com,brecorder.com,https://www.linkedin.com/company/business-recorder
3262454793,Ruck Rugby Limited,Sander Lammers,United Kingdom,http://www.ruck.co.uk,ruck.co.uk,https://www.linkedin.com/company/ruck.co.uk
3420393820,Danybon,Rory Hunter,Bulgaria,http://www.danybon.com,danybon.com,
3262459635,soapcentral.com,Sander Lammers,United States,http://www.soapcentral.com,soapcentral.com,
3420393817,Informer,Sander Lammers,Serbia,http://www.informer.rs,informer.rs,
3262459644,NajboljaMamaNaSvetu.com,Sander Lammers,Serbia,http://www.najboljamamanasvetu.com,najboljamamanasvetu.com,
3074642633,The Online Citizen,Rory Hunter,Singapore,http://www.theonlinecitizen.com,theonlinecitizen.com,https://www.linkedin.com/company/the-online-citizen
3262459640,Mondo,Damian Domanski,Serbia,http://www.mondo.rs,mondo.rs,https://www.linkedin.com/company/mondoportal
3262459642,Awesome Stuff 365,Sander Lammers,New Zealand,http://www.awesomestuff365.com,awesomestuff365.com,https://www.linkedin.com/company/awesome-stuff-365
3262425316,9to5 Mac Electrek,Wei Chen,United States,http://www.electrek.co,electrek.co,https://www.linkedin.com/company/electrek
3074642641,Curvy Girl Chic,Wei Chen,United States,http://www.curvygirlchic.com,curvygirlchic.com,
3262449127,Turnul Sfatului,Rory Hunter,Romania,http://www.turnulsfatului.ro,turnulsfatului.ro,
3262472673,Timeturk,Wei Chen,Turkey,http://www.timeturk.com,timeturk.com,
3262516451,TEEPR 亮新聞,Wei Chen,Taiwan,http://www.teepr.com,teepr.com,
3262459628,Suara.com,Damian Domanski,Indonesia,http://www.suara.com,suara.com,https://www.linkedin.com/company/suara-com
3222226322,VAVEL.com,Wei Chen,United States,http://www.vavel.com,vavel.com,https://www.linkedin.com/company/vavel-com
3262459627,PS News,Wei Chen,Romania,http://www.psnews.ro,psnews.ro,
3135953781,Ekskluziva,Rory Hunter,Bosnia and Herzegovina,http://www.ekskluziva.ba,ekskluziva.ba,
3262472661,HABER3.com,Rory Hunter,Turkey,http://www.haber3.com,haber3.com,https://www.linkedin.com/company/haber3-yayin-grubu
3262449108,Vijesti.ba,Sander Lammers,Bosnia and Herzegovina,http://www.vijesti.ba,vijesti.ba,
3262449111,Parianostypos,Wei Chen,Greece,http://www.parianostypos.gr,parianostypos.gr,
3262472657,Dhanam Business Magazine,Rory Hunter,India,http://www.dhanamonline.com,dhanamonline.com,https://www.linkedin.com/company/dhanam-publications-pvt-ltd
3236253251,BangShift.com,Rory Hunter,United States,http://www.bangshift.com,bangshift.com,
3262449107,Dunavmost,Rory Hunter,Bulgaria,http://www.dunavmost.com,dunavmost.com,
3135529032,Profit.bg,Rory Hunter,Bulgaria,http://www.profit.bg,profit.bg,
3262425306,Gwida.mt,Wei Chen,Malta,http://www.gwida.mt,gwida.mt,
3420393840,iWoman,Rory Hunter,Bulgaria,http://www.iwoman.bg,iwoman.bg,
3211409114,Eastern Broadcasting Company,Rory Hunter,Taiwan,http://www.ebc.net.tw,ebc.net.tw,https://www.linkedin.com/company/ebcettv
3262422980,Rallypl,Sander Lammers,Poland,http://www.rallypl.com,rallypl.com,
3262472644,GIZBOT,Damian Domanski,India,http://www.gizbot.com,gizbot.com,https://www.linkedin.com/company/gizbot
3262425286,Paratic,Sander Lammers,Turkey,http://www.paratic.com,paratic.com,
3262457536,Szeretem Koncz Zsuzsát,Wei Chen,Hungary,http://www.retromuzsika.hu,retromuzsika.hu,
3262472640,Гласувам за България,Wei Chen,Bulgaria,http://www.bgnow.eu,bgnow.eu,
3262422978,पूर्वांचल न्यूज़,Wei Chen,India,http://www.purvanchalnews.com,purvanchalnews.com,
3262472643,Radio Cluj,Rory Hunter,Romania,http://www.radiocluj.ro,radiocluj.ro,https://www.linkedin.com/company/radio-cluj
3074634490,Vital MTB,Wei Chen,United States,http://www.vitalmtb.com,vitalmtb.com,
3262425291,Sandesh,Rory Hunter,India,http://www.sandesh.com,sandesh.com,https://www.linkedin.com/company/the-sandesh-ltd
3074620814,Mom and More,Wei Chen,United States,http://www.momandmore.com,momandmore.com,
3261979040,Srbija Danas,Rory Hunter,Serbia,http://www.srbijadanas.com,srbijadanas.com,https://www.linkedin.com/company/srbijadanas-com
3262427814,Skykiwi.com,Damian Domanski,New Zealand,http://www.skykiwi.com,skykiwi.com,https://www.linkedin.com/company/skykiwi.com
3074646160,Just Jared,Harry Martin,United States,http://www.justjared.com,justjared.com,https://www.linkedin.com/company/just-jared-inc.
3098450042,International Business Times India,Hanson Ojo,India,http://www.ibtimes.co.in,ibtimes.co.in,https://www.linkedin.com/company/ibt-media-in
3256051654,Hellas Journal,Hanson Ojo,Greece,http://www.hellasjournal.com,hellasjournal.com,
3074646171,The Literacy Site,Sander Lammers,United States,http://www.theliteracysite.com,theliteracysite.com,https://www.linkedin.com/company/greatergood-com
3179251111,Polsat Sport,Wei Chen,Poland,http://www.polsatsport.pl,polsatsport.pl,https://www.linkedin.com/company/polsat-futbol
3407703235,Pressland,Wei Chen,Poland,http://www.press-land.pl,press-land.pl,
3235469375,Rap-Up,Rory Hunter,United States,http://www.rap-up.com,rap-up.com,
3074646189,Healthy Foods and Herbal Medicines,Sander Lammers,United States,http://www.herbs-info.com,herbs-info.com,
3261979011,Lokmat Media,Frederick Crépin,India,http://www.lokmat.com,lokmat.com,https://www.linkedin.com/company/lokmat-newspapers-private-limited
3074620857,Crime Online,Rory Hunter,United States,http://www.crimeonline.com,crimeonline.com,
3074620860,Tripoto,Wei Chen,India,http://www.tripoto.com,tripoto.com,https://www.linkedin.com/company/tripoto
3420427231,The Poached Egg,Wei Chen,United States,http://www.thepoachedegg.net,thepoachedegg.net,https://www.linkedin.com/company/the-poached-egg-apologetics
3420427224,Rimix Radio,Rory Hunter,United States,http://www.rimixradio.com,rimixradio.com,
3420427223,GreaterGood,Sander Lammers,United States,http://www.greatergood.com,greatergood.com,https://www.linkedin.com/company/greatergood-com
3420427221,Albumism,Rory Hunter,United States,http://www.albumism.com,albumism.com,https://www.linkedin.com/company/albumism
3424109852,Ringside News,Rory Hunter,United States,http://www.ringsidenews.com,ringsidenews.com,
3843799056,Madly Odd,Hanson Ojo,United States,http://www.madlyodd.com,madlyodd.com,
3843873040,Dinakaran,Damian Domanski,India,http://www.dinakaran.com,dinakaran.com,https://www.linkedin.com/company/dinakaran-newspaper
3424109848,LiveJournal Inc.,Wei Chen,United States,http://www.livejournal.com,livejournal.com,https://www.linkedin.com/company/livejournal
3420427215,"Ce se intampla, Doctore?",Rory Hunter,Romania,http://www.csid.ro,csid.ro,
3424109835,Eleven Warriors,Rory Hunter,United States,http://www.elevenwarriors.com,elevenwarriors.com,https://www.linkedin.com/company/eleven-warriors
3843863809,Informiran.net,Sander Lammers,Bulgaria,http://www.informiran.net,informiran.net,
3843854140,Autoportal.hr,Wei Chen,Croatia,http://www.autoportal.hr,autoportal.hr,
3843863868,aek-live.gr,Rory Hunter,Greece,http://www.aek-live.gr,aek-live.gr,
3843799098,BanglaNews24.com.bd,Rory Hunter,Bangladesh,http://www.banglanews24.com,banglanews24.com,https://www.linkedin.com/company/banglanews24-com
3843863864,cazin.net,Rory Hunter,Bosnia and Herzegovina,http://www.cazin.net,cazin.net,
3843872826,Radio GLAS Drine (BiH),Rory Hunter,Bosnia and Herzegovina,http://www.rtvglasdrine.com,rtvglasdrine.com,
3843863861,Svet Plus,Wei Chen,Serbia,http://www.svetplus.com,svetplus.com,https://www.linkedin.com/company/svetplus.com
3843863863,Sportski žurnal (zvanična stranica),Wei Chen,Serbia,http://www.zurnal.rs,zurnal.rs,
3843872819,DZRH Manila,Wei Chen,Philippines,http://www.dzrhnews.com.ph,dzrhnews.com.ph,
3843799083,Traveling Media Network,Rory Hunter,Indonesia,http://www.travelingyuk.com,travelingyuk.com,https://www.linkedin.com/company/travelingyuk
3843893549,Masala TV,Sander Lammers,Pakistan,http://www.masala.tv,masala.tv,
3843893550,Healing Effect,Sander Lammers,Greece,http://www.healingeffect.gr,healingeffect.gr,
3843893540,Mariborinfo.com,Wei Chen,Serbia,http://www.mariborinfo.com,mariborinfo.com,
3843893593,GistReel,Rory Hunter,Nigeria,http://www.gistreel.com,gistreel.com,
3426825222,9to5 Mac 9to5Google,Wei Chen,United States,http://www.9to5google.com,9to5google.com,
3843854164,Traffic News,Wei Chen,Bulgaria,http://www.trafficnews.bg,trafficnews.bg,
3843893590,Zvono,Wei Chen,Croatia,http://www.zvono.eu,zvono.eu,
3843863890,Signal.bg,Wei Chen,Bulgaria,http://www.signal.bg,signal.bg,https://www.linkedin.com/company/signal-ltd-
3843799112,SylhetToday24,Sander Lammers,Bangladesh,http://www.sylhettoday24.news,sylhettoday24.news,
3843863872,7car 小七車觀點,Rory Hunter,Taiwan,http://www.7car.tw,7car.tw,
3843893568,Parovi - Reality Show,Rory Hunter,Serbia,http://www.happytv.rs,happytv.rs,https://www.linkedin.com/company/happy-tv
3843872834,Newstrend Network Communication,Rory Hunter,India,http://www.newstrend.news,newstrend.news,
3843863932,QuirkyByte,Sander Lammers,India,http://www.quirkybyte.com,quirkybyte.com,https://www.linkedin.com/company/quirkybyte
3843898237,Hum Network,Damian Domanski,Pakistan,http://www.hum.tv,hum.tv,https://www.linkedin.com/company/eye-television-network-limited
3843863931,Alba24.ro,Sander Lammers,Romania,http://www.alba24.ro,alba24.ro,
3421173889,Catchfence,Wei Chen,United States,http://www.catchfence.com,catchfence.com,http://linkedin.com/company/catchfence.com
3843898226,Dalmacija Danas,Sander Lammers,Croatia,http://www.dalmacijadanas.hr,dalmacijadanas.hr,
3843893869,Sarajevska sehara,Wei Chen,Bosnia and Herzegovina,http://www.sarajevskasehara.com,sarajevskasehara.com,
3843863909,Epirus Post,Rory Hunter,Greece,http://www.epiruspost.gr,epiruspost.gr,
3420403876,SportSport.ba - Fight Club,Sander Lammers,Bosnia and Herzegovina,http://www.sportsport.ba,sportsport.ba,
3843854176,krajina.ba,Sander Lammers,Bosnia and Herzegovina,http://www.krajina.ba,krajina.ba,
3421173867,Atv Banja Luka,Damian Domanski,Bosnia and Herzegovina,http://www.atvbl.com,atvbl.com,
3843854493,Aajkaal,Rory Hunter,India,http://www.aajkaal.in,aajkaal.in,https://www.linkedin.com/company/aajkaal-publishers-pvt-ltd
3843889052,Infosot.com,Rory Hunter,Serbia,http://www.infosot.com,infosot.com,
3843887775,Republic World,Rory Hunter,India,http://www.republicworld.com,republicworld.com,https://www.linkedin.com/company/republic-world
3843854488,Dehir.hu,Rory Hunter,Hungary,http://www.dehir.hu,dehir.hu,
3843854489,Haberler.com,Damian Domanski,Turkey,http://www.haberler.com,haberler.com,https://www.linkedin.com/company/haberler.com
3843889051,Kosovarja Magazine,Sander Lammers,Serbia,http://www.kosovarja-ks.com,kosovarja-ks.com,
3421173869,iSLCollective,Wei Chen,Hungary,http://www.islcollective.com,islcollective.com,
3843887770,Mimi Mefo Info Ltd,Hanson Ojo,United Kingdom,http://www.mimimefoinfos.com,mimimefoinfos.com,
3843887763,The Daily Observer,Rory Hunter,Bangladesh,http://www.observerbd.com,observerbd.com,
3421173861,Wrestling News Source,Rory Hunter,United Kingdom,http://www.wrestlingnewssource.com,wrestlingnewssource.com,
3421173880,RaceSimCentral,Wei Chen,Denmark,http://www.racesimcentral.net,racesimcentral.net,
3843854478,Ajanimo,Sander Lammers,Turkey,http://www.ajanimo.com,ajanimo.com,https://www.linkedin.com/company/ajanimo-petmag
3843854223,Katalozi.net,Sander Lammers,Croatia,http://www.katalozi.net,katalozi.net,
3843898245,The Rainforest Site,Sander Lammers,United States,http://www.therainforestsite.com,therainforestsite.com,https://www.linkedin.com/company/greatergood-com
3421173873,Autoportal India,Sander Lammers,India,http://www.autoportal.com,autoportal.com,https://www.linkedin.com/company/autoportal
3843887807,New Varna,Sander Lammers,Bulgaria,http://www.novavarna.net,novavarna.net,https://www.linkedin.com/company/%D0%BD%D0%BE%D0%B2%D0%B0-%D0%B2%D0%B0%D1%80%D0%BD%D0%B0
3420837696,MyMMANews.com,Sander Lammers,United States,http://www.mymmanews.com,mymmanews.com,
3420850496,OFFNews,Sander Lammers,Bulgaria,http://www.offnews.bg,offnews.bg,
3420850509,Niiinis Kitchenlife,Wei Chen,Sweden,http://www.niiinis.se,niiinis.se,
3426821874,Celeb Dirty Laundry,Rory Hunter,United States,http://www.celebdirtylaundry.com,celebdirtylaundry.com,
3843887776,Al Aan FM,Damian Domanski,United Arab Emirates,http://www.alaan.fm,alaan.fm,
3843887779,Radio ZU,Wei Chen,Romania,http://www.radiozu.ro,radiozu.ro,
3843887778,Elbistan Olay,Wei Chen,Turkey,http://www.elbistanolay.com,elbistanolay.com,
3426831493,Best Little Sites,Rory Hunter,United States,http://www.comicbookmovie.com,comicbookmovie.com,https://www.linkedin.com/company/comicbook-com
3843887834,It's Gone Viral,Wei Chen,United Kingdom,http://www.igvofficial.com,igvofficial.com,
3420837678,Под тепето (www.podtepeto.com),Wei Chen,Bulgaria,http://www.podtepeto.com,podtepeto.com,
3843887830,Divya Bhaskar,Rory Hunter,India,http://www.divyabhaskar.co.in,divyabhaskar.co.in,https://www.linkedin.com/company/dainik-bhaskar-group-%E0%A4%A6%E0%A5%88%E0%A4%A8%E0%A4%BF%E0%A4%95-%E0%A4%AD%E0%A4%BE%E0%A4%B8%E0%A5%8D%E0%A4%95%E0%A4%B0-
3420850475,tutor2u,Wei Chen,United Kingdom,http://www.tutor2u.net,tutor2u.net,https://www.linkedin.com/company/tutor2u
3420837674,Observator,Rory Hunter,Romania,http://www.observator.tv,observator.tv,
3420837684,Düşünce Mektebi,Sander Lammers,Turkey,http://www.dusuncemektebi.com,dusuncemektebi.com,
3843086529,Go4IT,Rory Hunter,Romania,http://www.go4it.ro,go4it.ro,
3420850484,Ebrod,Wei Chen,Croatia,http://www.ebrod.net,ebrod.net,
3420837682,puls.bg,Rory Hunter,Bulgaria,http://www.puls.bg,puls.bg,
3420850494,India TV Paisa,Rory Hunter,India,http://www.indiatv.in,indiatv.in,
3843898309,Bijeljina danas,Rory Hunter,Bosnia and Herzegovina,http://www.bijeljina.org,bijeljina.org,
3420850492,InTheCage.pl,Wei Chen,Poland,http://www.inthecage.pl,inthecage.pl,
3843887808,Brasov Time,Wei Chen,Romania,http://www.brasov.net,brasov.net,
3843887811,Gazeta Dambovitei,Wei Chen,Romania,http://www.gazetadambovitei.ro,gazetadambovitei.ro,
3420837690,GBnews24,Sander Lammers,United Kingdom,http://www.gbnews24.com,gbnews24.com,
3843893502,Radio Televizija BN,Damian Domanski,Bosnia and Herzegovina,http://www.rtvbn.com,rtvbn.com,
3843887866,Flagman.bg,Rory Hunter,Bulgaria,http://www.flagman.bg,flagman.bg,https://www.linkedin.com/company/flagman-bg
3843887861,Daijiworld News,Sander Lammers,India,http://www.daijiworld.com,daijiworld.com,https://www.linkedin.com/company/daijiworld-com
3843888116,Visoko.co.ba,Wei Chen,Bosnia and Herzegovina,http://www.visoko.co.ba,visoko.co.ba,https://www.linkedin.com/company/ha-co-ba
3843863798,Desteptarea de Bacau,Rory Hunter,Romania,http://www.desteptarea.ro,desteptarea.ro,
3843887857,Sadece Haber,Wei Chen,Turkey,http://www.sadecehaber.com,sadecehaber.com,https://www.linkedin.com/company/sadecehaber
3843863794,Healthy Celeb,Rory Hunter,India,http://www.healthyceleb.com,healthyceleb.com,https://www.linkedin.com/company/healthy-celeb
3420425260,Karlovački,Wei Chen,Croatia,http://www.karlovacki.hr,karlovacki.hr,
3420850453,Zagorje.com,Wei Chen,Croatia,http://www.zagorje.com,zagorje.com,
3843799021,Oneindia,Damian Domanski,India,http://www.one.in,one.in,
3420425256,Crossing Broad,Wei Chen,United States,http://www.crossingbroad.com,crossingbroad.com,
3420850462,Strive Middle East,Rory Hunter,United Arab Emirates,http://www.striveme.com,striveme.com,
3420425254,Spitalul de cardiologie Clinicco Brașov,Wei Chen,Romania,http://www.clinicco.ro,clinicco.ro,https://www.linkedin.com/company/clinicco
3843887847,Dnevnik.ba,Rory Hunter,Bosnia and Herzegovina,http://www.dnevnik.ba,dnevnik.ba,
3843887846,Cherno More,Rory Hunter,Bulgaria,http://www.chernomore.bg,chernomore.bg,
3420425250,AIRportal.hu,Rory Hunter,Hungary,http://www.airportal.hu,airportal.hu,https://www.linkedin.com/company/airportal-hu
3420837656,mojnovisad.com,Wei Chen,Serbia,http://www.mojnovisad.com,mojnovisad.com,
3843872737,BekijkDezeVideo,Sander Lammers,Netherlands,http://www.bekijkdezevideo.nl,bekijkdezevideo.nl,
3420850456,Факти,Wei Chen,Bulgaria,http://www.fakti.bg,fakti.bg,https://www.linkedin.com/company/faktibg
4015639640,WTVideo,Sander Lammers,United States,http://www.wtvideo.com,wtvideo.com,
4015659864,Cuget Liber Constanta,Rory Hunter,Romania,http://www.cugetliber.ro,cugetliber.ro,https://www.linkedin.com/company/cuget-liber-sa
3843926046,Promotions.hu,Wei Chen,Hungary,http://www.promotions.hu,promotions.hu,https://www.linkedin.com/company/promotions.hu-online-media
4195206414,Lazca,Wei Chen,Turkey,http://www.lazca.org,lazca.org,
4015659868,Marmara Gazetesi,Rory Hunter,Turkey,http://www.marmaragazetesi.com,marmaragazetesi.com,
4015639633,Germanijak,Wei Chen,Croatia,http://www.germanijak.hr,germanijak.hr,
4015635541,Beebom,Rory Hunter,India,http://www.beebom.com,beebom.com,https://www.linkedin.com/company/beebom
4015646793,sharenews24.com,Sander Lammers,Bangladesh,http://www.sharenews24.com,sharenews24.com,
4195206429,Tamindir,Wei Chen,Turkey,http://www.tamindir.com,tamindir.com,https://www.linkedin.com/company/tamindir
3843926030,Sugbo Media Group,Sander Lammers,Philippines,http://www.sugbo.ph,sugbo.ph,https://www.linkedin.com/company/sugbo-media-group-corporation
4195206425,GadgetMatch,Rory Hunter,Singapore,http://www.gadgetmatch.com,gadgetmatch.com,https://www.linkedin.com/company/gadgetmatch
4015639631,Romania TV,Damian Domanski,Romania,http://www.rtv.net,rtv.net,https://www.linkedin.com/company/romania-tv
4015659852,True Life,Wei Chen,Greece,http://www.truelife.gr,truelife.gr,
4015639630,Niške Vesti,Sander Lammers,Serbia,http://www.niskevesti.rs,niskevesti.rs,
4015663680,Pame Evro,Wei Chen,Greece,http://www.pameevro.gr,pameevro.gr,
3843926022,MojaBanjaluka.info,Wei Chen,Bosnia and Herzegovina,http://www.mojabanjaluka.info,mojabanjaluka.info,https://www.linkedin.com/company/mojabanjaluka.info
4015714886,SamMobile.com,Rory Hunter,United States,http://www.sammobile.com,sammobile.com,https://www.linkedin.com/company/sammobile
4015635524,ODA TV,Sander Lammers,Turkey,http://www.odatv.com,odatv.com,
4195210771,TechJuice,Rory Hunter,Pakistan,http://www.techjuice.pk,techjuice.pk,https://www.linkedin.com/company/techjuice
4015639673,iHunt.gr,Wei Chen,Greece,http://www.ihunt.gr,ihunt.gr,
4195210797,Hip-Hop Lately,Rory Hunter,United States,http://www.hiphoplately.com,hiphoplately.com,https://www.linkedin.com/company/hiphopearly.com
4015659899,Info Kosova,Rory Hunter,Serbia,http://www.infokosova.net,infokosova.net,https://www.linkedin.com/company/infokosova
4015639674,Usay.gr,Wei Chen,Greece,http://www.usay.gr,usay.gr,
3864206203,iQlik Movies,Sander Lammers,India,http://www.iqlikmovies.com,iqlikmovies.com,https://www.linkedin.com/company/iqlik-movies---india
4015625328,PathLegal India,Sander Lammers,India,http://www.pathlegal.in,pathlegal.in,https://www.linkedin.com/company/pathlegal
3843926065,Punjab Spectrum,Rory Hunter,India,http://www.punjabspectrum.com,punjabspectrum.com,
4195210784,Grabien News,Hanson Ojo,United States,http://www.grabien.com,grabien.com,https://www.linkedin.com/company/grabien-inc-
4015659883,Prajavani,Rory Hunter,India,http://www.prajavani.net,prajavani.net,https://www.linkedin.com/company/prajavani
3843926063,Petel,Sander Lammers,Bulgaria,http://www.petel.bg,petel.bg,
4015625326,G4 Media,Rory Hunter,Romania,http://www.g4media.ro,g4media.ro,https://www.linkedin.com/company/g4media-ro
3843926049,Rodosreport,Wei Chen,Greece,http://www.rodosreport.gr,rodosreport.gr,
3864211731,Doxologia Media,Rory Hunter,Romania,http://www.doxologia.ro,doxologia.ro,https://www.linkedin.com/company/centrul-cultural-misionar-doxologia
3843936088,Blueprint Newspapers,Sander Lammers,Nigeria,http://www.blueprint.ng,blueprint.ng,
4015625246,AEK1924.gr,Wei Chen,Greece,http://www.aek1924.gr,aek1924.gr,
4195206471,BG tourism,Rory Hunter,Bulgaria,http://www.bgtourism.bg,bgtourism.bg,https://www.linkedin.com/company/bgtourism-bg
3843936086,Elegant Star,Sander Lammers,Croatia,http://www.elegant.hr,elegant.hr,
4015635477,Daily Comilla News,Sander Lammers,Bangladesh,http://www.dailycomillanews.com,dailycomillanews.com,
4195214941,Haber dnevne vijesti,Rory Hunter,Bosnia and Herzegovina,http://www.haber.ba,haber.ba,
4015635464,Diadrastika,Rory Hunter,Greece,http://www.diadrastika.com,diadrastika.com,
3843926344,Arre,Sander Lammers,India,http://www.arre.co.in,arre.co.in,https://www.linkedin.com/company/arr%C3%A9-u-digital-content-pvt-ltd-
3864211717,Reshareworthy,Rory Hunter,United States,http://www.reshareworthy.com,reshareworthy.com,
4195229014,Ulusal Post,Wei Chen,Turkey,http://www.ulusalpost.com,ulusalpost.com,
3864207886,We Media (India),Wei Chen,India,http://www.youandi.com,youandi.com,
4015714872,Starity,Wei Chen,Hungary,http://www.starity.hu,starity.hu,
4015659838,Makeleio.gr,Sander Lammers,Greece,http://www.makeleio.gr,makeleio.gr,
4195214953,Poporul român.,Wei Chen,Romania,http://www.nationalisti.ro,nationalisti.ro,
4195229035,Samakal,Sander Lammers,Bangladesh,http://www.samakal.com,samakal.com,
4015659826,Dainik Purbokone,Sander Lammers,Bangladesh,http://www.dainikpurbokone.net,dainikpurbokone.net,
4195191654,KavalaNews.GR,Wei Chen,Greece,http://www.kavalanews.gr,kavalanews.gr,
4015635510,Struma.bg,Wei Chen,Bulgaria,http://www.struma.bg,struma.bg,
4195225214,Her Way,Sander Lammers,Bosnia and Herzegovina,http://www.herway.net,herway.net,
4015639592,Francuskie.pl - Dziennik motoryzacji francuskiej,Wei Chen,Poland,http://www.francuskie.pl,francuskie.pl,
4015635500,Egy.hu,Rory Hunter,Hungary,http://www.egy.hu,egy.hu,
4015639585,La Isla Oeste,Sander Lammers,United States,http://www.laislaoeste.com,laislaoeste.com,
4015639584,Risale Haber,Sander Lammers,Turkey,http://www.risalehaber.com,risalehaber.com,
4015639589,Open Greece,Rory Hunter,Greece,http://www.tvopen.gr,tvopen.gr,
4015714855,Mirovina.hr,Wei Chen,Croatia,http://www.mirovina.hr,mirovina.hr,
4129346654,Sportsnaut,Wei Chen,United States,http://www.sportsnaut.com,sportsnaut.com,https://www.linkedin.com/company/sportsnaut
4195191667,The Hawk,Wei Chen,India,http://www.thehawk.in,thehawk.in,https://www.linkedin.com/company/thehawk
3843925908,News.ro,Rory Hunter,Romania,http://www.news.ro,news.ro,https://www.linkedin.com/company/news.ro
4174165830,TNT Portal,Rory Hunter,Bosnia and Herzegovina,http://www.tntportal.ba,tntportal.ba,https://www.linkedin.com/company/tntgroup
4195214977,World War Wings,Wei Chen,United States,http://www.worldwarwings.com,worldwarwings.com,
3843925907,PC Guru,Rory Hunter,Hungary,http://www.pcguru.hu,pcguru.hu,https://www.linkedin.com/company/pc-guru-magazine
4003699501,Styl.fm,Sander Lammers,Poland,http://www.styl.fm,styl.fm,
4196115093,Telegraf.rs,Damian Domanski,Serbia,http://www.telegraf.rs,telegraf.rs,https://www.linkedin.com/company/telegraf-rs
3977405056,Nezavisne Novine,Rory Hunter,Bosnia and Herzegovina,http://www.nezavisne.com,nezavisne.com,https://www.linkedin.com/company/nezavisne-novine
4015663561,Eger Hírek,Wei Chen,Hungary,http://www.egerhirek.hu,egerhirek.hu,
4015663554,Ahewar,Sander Lammers,Denmark,http://www.ahewar.org,ahewar.org,https://www.linkedin.com/company/ahewarorg
4195229078,Jurnal FM,Rory Hunter,Romania,http://www.jurnalfm.ro,jurnalfm.ro,
4015663558,Dobrudja Media Group,Wei Chen,Bulgaria,http://www.dobrudjabg.com,dobrudjabg.com,
4195191696,072info,Rory Hunter,Bosnia and Herzegovina,http://www.072info.com,072info.com,
4195191699,Viata Verde Viu,Rory Hunter,Romania,http://www.viataverdeviu.ro,viataverdeviu.ro,
4195191727,Εναλλακτική Δράση,Wei Chen,Greece,http://www.enallaktikidrasi.com,enallaktikidrasi.com,
4015663603,Foochia,Hanson Ojo,United Arab Emirates,http://www.foochia.com,foochia.com,
4015663604,007 Ladies,Wei Chen,Croatia,http://www.the007world.com,the007world.com,
4195225277,scigacz.pl,Sander Lammers,Poland,http://www.scigacz.pl,scigacz.pl,
3844517010,InfoGlobi,Rory Hunter,Serbia,http://www.infoglobi.com,infoglobi.com,https://www.linkedin.com/company/infoglobi
3843925926,Tiebreaker Times,Wei Chen,Philippines,http://www.tiebreakertimes.com.ph,tiebreakertimes.com.ph,https://www.linkedin.com/company/tiebreakertimes
3843925980,HotSport,Sander Lammers,Serbia,http://www.hotsport.rs,hotsport.rs,
4015659928,Dartfreakz.nl,Wei Chen,Netherlands,http://www.dartfreakz.nl,dartfreakz.nl,https://www.linkedin.com/company/www.dartfreakz.nl
4164415473,Npress,Sander Lammers,Greece,http://www.npress.gr,npress.gr,
3843898586,Pannon RTV,Damian Domanski,Serbia,http://www.pannonrtv.com,pannonrtv.com,https://www.linkedin.com/company/pannon-rtv
4195225289,Indosport.com,Sander Lammers,Indonesia,http://www.indosport.com,indosport.com,https://www.linkedin.com/company/indosport-com
4195221189,Daily Manab Zamin,Rory Hunter,Bangladesh,http://www.mzamin.com,mzamin.com,https://www.linkedin.com/company/the-daily-manabzamin
3843898327,ziuaveche.ro,Rory Hunter,Romania,http://www.ziuaveche.ro,ziuaveche.ro,https://www.linkedin.com/company/ziua-veche
4015714961,Times of Islamabad,Wei Chen,Pakistan,http://www.timesofislamabad.com,timesofislamabad.com,
3843898321,DCNews,Rory Hunter,Romania,http://www.dcnews.ro,dcnews.ro,
4015686806,Boec.bg,Rory Hunter,Bulgaria,http://www.boec.bg,boec.bg,
4015625353,Varaždinske vijesti,Rory Hunter,Croatia,http://www.varazdinske-vijesti.hr,varazdinske-vijesti.hr,
3864209792,Maharashtradesha,Rory Hunter,India,http://www.maharashtradesha.com,maharashtradesha.com,https://www.linkedin.com/company/maharashtra-desha
4015714957,美國之音中文網,Rory Hunter,United States,http://www.voacantonese.com,voacantonese.com,
4015646851,Dnevna doza sporta,Rory Hunter,Serbia,http://www.ddl.rs,ddl.rs,https://www.linkedin.com/company/ddlportal
4195225296,dainikamadershomoy.com,Rory Hunter,Bangladesh,http://www.dainikamadershomoy.com,dainikamadershomoy.com,
3843926013,Malayalivartha,Rory Hunter,India,http://www.malayalivartha.com,malayalivartha.com,
4015663546,Universul Juridic,Wei Chen,Romania,http://www.universuljuridic.ro,universuljuridic.ro,https://www.linkedin.com/company/portalul-universul-juridic
4015663542,Flickering Myth,Rory Hunter,United Kingdom,http://www.flickeringmyth.com,flickeringmyth.com,https://www.linkedin.com/company/flickering-myth
3843926000,Blitz.bg,Sander Lammers,Bulgaria,http://www.blitz.bg,blitz.bg,https://www.linkedin.com/company/blitz.bg
3843926002,Cazin Danas,Sander Lammers,Bosnia and Herzegovina,http://www.cazin-danas.net,cazin-danas.net,
3843925998,ePitesti.ro,Wei Chen,Romania,http://www.epitesti.ro,epitesti.ro,
4195210741,Rugby Addict,Hanson Ojo,United Kingdom,http://www.rugby-addict.com,rugby-addict.com,
4446084865,Ziarul Românesc,Rory Hunter,United Kingdom,http://www.ziarulromanesc.net,ziarulromanesc.net,
4446072863,Polygamia.pl,Sander Lammers,Poland,http://www.polygamia.pl,polygamia.pl,https://www.linkedin.com/company/polygamia-pl
4333559917,Hindustan Media Ventures Ltd,Hanson Ojo,India,http://www.livehindustan.com,livehindustan.com,https://www.linkedin.com/company/hindustan-media-limited-ventures
4333571688,Finder,Sander Lammers,Australia,http://www.finder.com.au,finder.com.au,https://www.linkedin.com/company/findercomau
4333571689,ProMotor,Sander Lammers,Romania,http://www.promotor.ro,promotor.ro,
4425676526,Hello Sehat,Sander Lammers,Indonesia,http://www.hellosehat.com,hellosehat.com,https://www.linkedin.com/company/hello-sehat
4446072872,Χανιώτικα νέα,Rory Hunter,Greece,http://www.haniotika-nea.gr,haniotika-nea.gr,https://www.linkedin.com/company/---haniotika-nea
4446084905,Viata Libera,Wei Chen,Romania,http://www.viata-libera.ro,viata-libera.ro,https://www.linkedin.com/company/trustul-de-presa-dunarea-de-jos-s-a-
4333571681,Expat Woman,Wei Chen,United Arab Emirates,http://www.expatwoman.com,expatwoman.com,https://www.linkedin.com/company/expatwoman-com
4445910224,GL Media Group,Rory Hunter,Bulgaria,http://www.plovdivskinovini.bg,plovdivskinovini.bg,
4333554047,Her,Wei Chen,Ireland,http://www.her.ie,her.ie,https://www.linkedin.com/company/her-ie
4333559924,Fly4Free,Sander Lammers,Poland,http://www.fly4free.pl,fly4free.pl,https://www.linkedin.com/company/fly4free-pl
4201685562,Пловдивчани,Wei Chen,Bulgaria,http://www.plovdiv24.bg,plovdiv24.bg,
4333540102,Jamuna Television Ltd.,Rory Hunter,Bangladesh,http://www.jamuna.tv,jamuna.tv,https://www.linkedin.com/company/jamuna-television-ltd.
4439473872,CMD Media,Rory Hunter,Croatia,http://www.cromoda.com,cromoda.com,https://www.linkedin.com/company/cromoda.com
4333540124,OddNaari,Rory Hunter,India,http://www.oddnaari.in,oddnaari.in,
4445909676,Haskovo,Rory Hunter,Bulgaria,http://www.haskovo.info,haskovo.info,
4333540126,SILKCITYNEWS,Sander Lammers,Bangladesh,http://www.silkcitynews.com,silkcitynews.com,
4446075222,Paragraph 22,Rory Hunter,Bulgaria,http://www.paragraph22.bg,paragraph22.bg,
4333530133,Mundo Now,Rory Hunter,United States,http://www.mundohispanico.com,mundohispanico.com,https://www.linkedin.com/company/mundo-hispanico
4446084955,Jedi News,Rory Hunter,United Kingdom,http://www.jedinews.co.uk,jedinews.co.uk,
4445925280,RMNB,Rory Hunter,United States,http://www.russianmachineneverbreaks.com,russianmachineneverbreaks.com,
4446075244,Mamadu,Rory Hunter,Poland,http://www.mamadu.pl,mamadu.pl,
4446072941,3FM,Rory Hunter,United Kingdom,http://www.three.fm,three.fm,https://www.linkedin.com/company/3fm
4333571646,Batman Çağdaş Gazetesi,Rory Hunter,Turkey,http://www.batmancagdas.com,batmancagdas.com,
4445925257,Női Portál,Sander Lammers,Hungary,http://www.noiportal.hu,noiportal.hu,https://www.linkedin.com/company/n-i-port-l
4446072954,Haber Denizli,Wei Chen,Turkey,http://www.haberdenizli.com,haberdenizli.com,
4304417006,Global Village Space,Rory Hunter,Pakistan,http://www.globalvillagespace.com,globalvillagespace.com,https://www.linkedin.com/company/globalvillagespace
4333540045,Arageek,Rory Hunter,United Arab Emirates,http://www.arageek.com,arageek.com,https://www.linkedin.com/company/arageek-com
4333575372,UFOholic,Wei Chen,United States,http://www.ufoholic.com,ufoholic.com,
4446072960,Algoa FM,Rory Hunter,South Africa,http://www.algoafm.co.za,algoafm.co.za,https://www.linkedin.com/company/algoa-fm
4446075271,Radar Banyumas,Sander Lammers,Indonesia,http://www.radarbanyumas.co.id,radarbanyumas.co.id,
4333575362,Cricfit,Sander Lammers,India,http://www.cricfit.com,cricfit.com,https://www.linkedin.com/company/cricfit
4446085006,Pulse 2.0,Rory Hunter,United States,http://www.pulse2.com,pulse2.com,
4333540034,Politiko,Sander Lammers,Philippines,http://www.politics.com.ph,politics.com.ph,
4333554114,İnegöl Online,Sander Lammers,Turkey,http://www.inegolonline.com,inegolonline.com,
4333540061,Daily Notun Somoy,Sander Lammers,Bangladesh,http://www.notunshomoy.com,notunshomoy.com,
4333575384,Weekendowo,Wei Chen,Poland,http://www.weekendowo.pl,weekendowo.pl,
4333575387,StiriDiaspora,Rory Hunter,Romania,http://www.stiridiaspora.ro,stiridiaspora.ro,
4446075288,csakfoci.hu,Sander Lammers,Hungary,http://www.csakfoci.hu,csakfoci.hu,
4333540052,Meri Saheli,Hanson Ojo,India,http://www.merisaheli.com,merisaheli.com,https://www.linkedin.com/company/meri-saheli-magazine
4333575383,Probashir Diganta,Wei Chen,Bangladesh,http://www.probashirdiganta.com,probashirdiganta.com,https://www.linkedin.com/company/probashir-diganta
4333540076,Këshilla për shtatzënat - Gazeta Shneta,Sander Lammers,Serbia,http://www.gazetashneta.com,gazetashneta.com,
4333556972,Sonali News,Sander Lammers,Bangladesh,http://www.sonalinews.com,sonalinews.com,
4333574126,Dap-News,Wei Chen,India,http://www.dap-news.com,dap-news.com,
4446075299,Animal Zoo,Rory Hunter,Romania,http://www.animalzoo.ro,animalzoo.ro,
4333530089,Catch News,Sander Lammers,India,http://www.catchnews.com,catchnews.com,https://www.linkedin.com/company/catch-news
4333556969,ASoglas,Rory Hunter,Bosnia and Herzegovina,http://www.asinfo.info,asinfo.info,
4333575400,Bangla TV,Sander Lammers,Bangladesh,http://www.banglatv.tv,banglatv.tv,
4333575396,PINK INTERNATIONAL COMPANY D.O.O.,Damian Domanski,Serbia,http://www.rtvpink.com,rtvpink.com,https://www.linkedin.com/company/pink-international-company
4333574117,KUMUDAM PUBLICATIONS PVT LTD,Rory Hunter,India,http://www.kumudam.com,kumudam.com,https://www.linkedin.com/company/kumudam-publications-pvt-ltd
4196115121,NetMag,Rory Hunter,Pakistan,http://www.netmag.pk,netmag.pk,https://www.linkedin.com/company/netmagpakistan
4333554147,Janam TV,Damian Domanski,India,http://www.janamtv.com,janamtv.com,https://www.linkedin.com/company/janamtv
4333530082,HasználtAlma,Rory Hunter,Hungary,http://www.hasznaltalma.hu,hasznaltalma.hu,https://www.linkedin.com/company/hasznaltalma
4333574141,F1Maximaal.nl,Rory Hunter,Netherlands,http://www.f1maximaal.nl,f1maximaal.nl,
4446075315,Haldwani Live,Wei Chen,India,http://www.haldwanilive.com,haldwanilive.com,
4333574132,Dhakatimes,Rory Hunter,Bangladesh,http://www.dhakatimes24.com,dhakatimes24.com,https://www.linkedin.com/company/dhakatimes
4333554164,CNA,Damian Domanski,Taiwan,http://www.cna.com.tw,cna.com.tw,
4333530097,360medical.ro,Wei Chen,Romania,http://www.360medical.ro,360medical.ro,https://www.linkedin.com/company/360medical-ro
4446075325,Erdély.ma,Rory Hunter,Hungary,http://www.erdely.ma,erdely.ma,https://www.linkedin.com/company/erd%C3%A9ly-ma
4333540083,Hotnews.ro,Sander Lammers,Romania,http://www.hotnews.ro,hotnews.ro,
4446090943,Dwarikesh Informatics Limited,Rory Hunter,India,http://www.prabhasakshi.com,prabhasakshi.com,https://www.linkedin.com/company/prabhasakshi-com
4333575308,Barta Bazar,Rory Hunter,Bangladesh,http://www.bartabazar.com,bartabazar.com,https://www.linkedin.com/company/barta-bazar
4439430750,Glas Slavonije,Damian Domanski,Croatia,http://www.glas-slavonije.hr,glas-slavonije.hr,https://www.linkedin.com/company/glas-slavonije
4333571720,Kairali News,Sander Lammers,India,http://www.kairalinewsonline.com,kairalinewsonline.com,https://www.linkedin.com/company/kairali-news
4333554052,Hysteria,Sander Lammers,Greece,http://www.hysteria.gr,hysteria.gr,
4333554049,FanPiece,Rory Hunter,Hong Kong,http://www.fanpiece.com,fanpiece.com,https://www.linkedin.com/company/fanpiece-com
4439426643,AgroKlub,Sander Lammers,Croatia,http://www.agroklub.com,agroklub.com,https://www.linkedin.com/company/agroklub
4333556866,Izaberi zdravo,Sander Lammers,Bosnia and Herzegovina,http://www.dominantni.com,dominantni.com,
4445859888,MediaLand BG,Wei Chen,Bulgaria,http://www.medialand.bg,medialand.bg,
4439432271,Osijek031.com,Sander Lammers,Croatia,http://www.osijek031.com,osijek031.com,
4333571743,Radio Sarajevo,Rory Hunter,Bosnia and Herzegovina,http://www.radiosarajevo.ba,radiosarajevo.ba,https://www.linkedin.com/company/radio-sarajevo
4333559960,Greater Kashmir,Rory Hunter,India,http://www.greaterkashmir.com,greaterkashmir.com,https://www.linkedin.com/company/greaterkashmir
4196115149,IMBOLDN,Wei Chen,United States,http://www.imboldn.com,imboldn.com,
4333575322,Dusty Old Thing,Sander Lammers,United States,http://www.dustyoldthing.com,dustyoldthing.com,
4333554071,Bollywood Bubble,Rory Hunter,India,http://www.bollywoodbubble.com,bollywoodbubble.com,https://www.linkedin.com/company/bollywoodbubble
4349353703,Emerald Green Media,Rory Hunter,United Kingdom,http://www.emeraldgreenmedia.com,emeraldgreenmedia.com,https://www.linkedin.com/company/emerald-green-media
4333575312,Novini.bg,Rory Hunter,Bulgaria,http://www.novini.bg,novini.bg,https://www.linkedin.com/company/novini.bg
4333575314,Cricket Shots,Sander Lammers,India,http://www.cricshots.com,cricshots.com,https://www.linkedin.com/company/cric-shots-pvt-ltd
4333571757,Onlookers Media,Sander Lammers,India,http://www.onlookersmedia.in,onlookersmedia.in,
4333540011,Awami Web,Rory Hunter,Pakistan,http://www.awamiweb.com,awamiweb.com,https://www.linkedin.com/company/awami-web
4333554090,The Wire Hindi,Wei Chen,India,http://www.thewirehindi.com,thewirehindi.com,
4333575339,Mahakaal News Management,Rory Hunter,India,http://www.pardaphash.com,pardaphash.com,https://www.linkedin.com/company/pardaphash-mahakaal-news-management-pvt-ltd-
4333575595,Over60,Sander Lammers,Australia,http://www.oversixty.com.au,oversixty.com.au,https://www.linkedin.com/company/over60
4333556901,Rtv,Wei Chen,Bangladesh,http://www.rtvonline.com,rtvonline.com,
4333574053,Spokesman,Sander Lammers,India,http://www.rozanaspokesman.com,rozanaspokesman.com,https://www.linkedin.com/company/rozana-spokesman---india
4333556896,newsbreak.gr,Sander Lammers,Greece,http://www.newsbreak.gr,newsbreak.gr,
4333556898,Zelfmaak Ideetjes,Wei Chen,Netherlands,http://www.zelfmaak-ideetjes.nl,zelfmaak-ideetjes.nl,
4333574051,Tech Travel Eat,Sander Lammers,India,http://www.techtraveleat.com,techtraveleat.com,
4333554109,যুগান্তর ইপেপার,Rory Hunter,Bangladesh,http://www.ejugantor.com,ejugantor.com,
4333575358,podlaskie24,Wei Chen,Poland,http://www.podlaskie24.pl,podlaskie24.pl,
4333574073,Leadership Media Group,Christian Jørgensen,Nigeria,http://www.leadership.ng,leadership.ng,
4333575354,AutoRepublika,Rory Hunter,Serbia,http://www.autorepublika.com,autorepublika.com,
4333559994,Via Pontika,Rory Hunter,Bulgaria,http://www.viapontika.com,viapontika.com,
4333575349,Bangladesh Post,Sander Lammers,Bangladesh,http://www.bangladeshpost.net,bangladeshpost.net,
4446084859,Magyar Narancs,Rory Hunter,Hungary,http://www.magyarnarancs.hu,magyarnarancs.hu,https://www.linkedin.com/company/magyar-narancs
4333554096,Tippmixtippek,Wei Chen,Hungary,http://www.sportposzt.com,sportposzt.com,
4333559984,Evartha,Sander Lammers,India,http://www.evartha.in,evartha.in,https://www.linkedin.com/company/evartha
4333575346,سائح,Wei Chen,United Arab Emirates,http://www.saaih.com,saaih.com,
4333559986,Ripples Nigeria,Sander Lammers,Nigeria,http://www.ripplesnigeria.com,ripplesnigeria.com,https://www.linkedin.com/company/ripples-nigeria
4791512984,Giatros-in.gr,Sander Lammers,Greece,http://www.giatros-in.gr,giatros-in.gr,
4446133761,TV MIDTVEST,Rory Hunter,Denmark,http://www.tvmidtvest.dk,tvmidtvest.dk,https://www.linkedin.com/company/tvmidtvest
4753628755,Debreceni Nap,Wei Chen,Hungary,http://www.debreceninap.hu,debreceninap.hu,
4446133765,Sondakika24,Sander Lammers,Turkey,http://www.sondakika-24.com,sondakika-24.com,https://www.linkedin.com/company/sondakika-24-com
4615097363,Polska Agencja Prasowa,Rory Hunter,Poland,http://www.pap.pl,pap.pl,http://www.linkedin.com/company/28002
4561124553,Agrios Ltd,Sander Lammers,United Kingdom,http://www.farminguk.com,farminguk.com,https://www.linkedin.com/company/farminguk
4556185741,The Blowick Publishing Company,Wei Chen,United Kingdom,http://www.otsnews.co.uk,otsnews.co.uk,
4723488918,Horror Fuel,Sander Lammers,United States,http://www.horrorfuel.com,horrorfuel.com,
4448870963,Esport1,Wei Chen,Hungary,http://www.esport1.hu,esport1.hu,https://www.linkedin.com/company/esport1
4754563195,Dünya Bizim,Sander Lammers,Turkey,http://www.dunyabizim.com,dunyabizim.com,
4556169359,Cannock Radio Ltd,Rory Hunter,United Kingdom,http://www.cannockchaseradio.co.uk,cannockchaseradio.co.uk,https://www.linkedin.com/company/cannockchaseradiofm
4702720878,Sportsfeed.gr,Rory Hunter,Greece,http://www.sportsfeed.gr,sportsfeed.gr,
4546299609,Chinese Herald,Rory Hunter,New Zealand,http://www.chineseherald.co.nz,chineseherald.co.nz,https://www.linkedin.com/company/chinese-herald
4734168586,Fresh 105.9 FM Ibadan,Sander Lammers,Nigeria,http://www.fresh1059fm.com,fresh1059fm.com,
4446113316,Awful Announcing,Rory Hunter,United States,http://www.awfulannouncing.com,awfulannouncing.com,https://www.linkedin.com/company/awful-announcing
4446120232,Poznanieto.bg,Sander Lammers,Bulgaria,http://www.poznanieto.bg,poznanieto.bg,
4805117762,Cricket Australia,Rory Hunter,Australia,http://www.cricketaustralia.com.au,cricketaustralia.com.au,https://www.linkedin.com/company/cricket-australia
4446091056,Steelers Depot,Sander Lammers,United States,http://www.steelersdepot.com,steelersdepot.com,
4695847381,LaoisToday.ie,Wei Chen,Ireland,http://www.laoistoday.ie,laoistoday.ie,https://www.linkedin.com/company/laoistoday
4711764710,NewsKo,Rory Hunter,Philippines,http://www.newsko.com.ph,newsko.com.ph,
4702018426,Olivemagazine.gr,Wei Chen,Greece,http://www.olivemagazine.gr,olivemagazine.gr,
4694789871,A-Sports,Rory Hunter,Greece,http://www.a-sports.gr,a-sports.gr,
4448836628,Veteranos.gr,Wei Chen,Greece,http://www.veteranos.gr,veteranos.gr,
4446113340,Terazkrosno.Pl,Wei Chen,Poland,http://www.terazkrosno.pl,terazkrosno.pl,
4446091078,Suceava News Online,Wei Chen,Romania,http://www.svnews.ro,svnews.ro,
4446873668,Medical Inspire 醫．思維,Sander Lammers,Hong Kong,http://www.medicalinspire.com,medicalinspire.com,
4446113359,Tarsus Akdeniz,Wei Chen,Turkey,http://www.tarsusakdeniz.com,tarsusakdeniz.com,
4694714014,NUFC Blog,Wei Chen,United Kingdom,http://www.nufcblog.co.uk,nufcblog.co.uk,https://www.linkedin.com/company/nufcblog-co-uk
4548502099,Absolut Delicios,Sander Lammers,Romania,http://www.absolutdelicios.ro,absolutdelicios.ro,
4701878801,Zappit.gr,Rory Hunter,Greece,http://www.zappit.gr,zappit.gr,
4446091092,Kamudan Haber,Wei Chen,Turkey,http://www.kamudanhaber.net,kamudanhaber.net,
4556266182,VIP Magazine Group,Wei Chen,Ireland,http://www.vipmagazine.ie,vipmagazine.ie,
4581476430,The Daily Campus (Bangladesh),Wei Chen,Bangladesh,http://www.thedailycampus.com,thedailycampus.com,
4695855288,Radio Nova,Rory Hunter,Ireland,http://www.nova.ie,nova.ie,https://www.linkedin.com/company/radio-nova-100-dublin
4450100064,TraleeToday.ie,Wei Chen,Ireland,http://www.traleetoday.ie,traleetoday.ie,
4546486171,Golin,Wei Chen,United States,http://www.golin.com,golin.com,https://www.linkedin.com/company/golin
4680425375,Women's Corner,Wei Chen,Bangladesh,http://www.womenscorner.com.bd,womenscorner.com.bd,
4446623841,灼見名家 Master Insight,Wei Chen,Hong Kong,http://www.master-insight.com,master-insight.com,https://www.linkedin.com/company/master-insight-media-limited
4446623840,JETSOguide.com,Wei Chen,Hong Kong,http://www.jetsoguide.com,jetsoguide.com,https://www.linkedin.com/company/jetsoguide
4545584798,Portal Tuzlarije.net,Sander Lammers,Bosnia and Herzegovina,http://www.bhstring.net,bhstring.net,
4663109535,Talking Rugby Union (TRU),Wei Chen,United Kingdom,http://www.talkingrugbyunion.co.uk,talkingrugbyunion.co.uk,https://www.linkedin.com/company/talking-rugby-union
4446120817,The Fandom Post,Rory Hunter,United States,http://www.fandompost.com,fandompost.com,https://www.linkedin.com/company/the-fandom-post
4805268504,Teluga Adda,Sander Lammers,India,http://www.teluguadda.co.in,teluguadda.co.in,
4454246152,FeanOnline,Wei Chen,Netherlands,http://www.feanonline.nl,feanonline.nl,https://www.linkedin.com/company/feanonline
4764195969,england365.gr,Wei Chen,Greece,http://www.england365.gr,england365.gr,
4696018589,NewSide,Rory Hunter,Greece,http://www.newside.gr,newside.gr,
4556185583,Church and State,Rory Hunter,United Kingdom,http://www.churchandstate.org.uk,churchandstate.org.uk,
4446133639,inmedia.ba,Rory Hunter,Bosnia and Herzegovina,http://www.inmedia.ba,inmedia.ba,
4753013448,Denge Gazetesi,Wei Chen,Turkey,http://www.dengegazetesi.com.tr,dengegazetesi.com.tr,
4753744863,KRT TV,Wei Chen,Turkey,http://www.krttv.com.tr,krttv.com.tr,https://www.linkedin.com/company/krt-tv
4446113419,Trishul News,Rory Hunter,India,http://www.trishulnews.com,trishulnews.com,
4446113416,Nationwide 90 FM,Hanson Ojo,Jamaica,http://www.nationwideradiojm.com,nationwideradiojm.com,
4581723290,Earki,Sander Lammers,Bangladesh,http://www.earki.co,earki.co,
4702038733,Voria,Wei Chen,Greece,http://www.voria.gr,voria.gr,
4453992430,clinica.bg,Wei Chen,Bulgaria,http://www.clinica.bg,clinica.bg,
4557404733,ArtistRack,Wei Chen,United Kingdom,http://www.artistrack.com,artistrack.com,
4446133658,Gandul,Sander Lammers,Romania,http://www.gandul.info,gandul.info,
4551229660,ESDlife,Sander Lammers,Hong Kong,http://www.esdlife.com,esdlife.com,https://www.linkedin.com/company/esdlife-services-limited
4446113443,Radio Romania Resita,Wei Chen,Romania,http://www.radioresita.ro,radioresita.ro,https://www.linkedin.com/company/radio-romania-resita
4550945761,Caldecott Music Group,Rory Hunter,Singapore,http://www.caldecottmusic.com,caldecottmusic.com,https://www.linkedin.com/company/bandlab
4688270801,SBB Media,Sander Lammers,Bulgaria,http://www.sbb.bg,sbb.bg,https://www.linkedin.com/company/sbb-group
4448908431,Sun Media,Rory Hunter,New Zealand,http://www.sunlive.co.nz,sunlive.co.nz,
4453992668,Media Group Bulgaria,Rory Hunter,Bulgaria,http://www.mgb.bg,mgb.bg,https://www.linkedin.com/company/vestnikarska-grupa-bulgaria-o-o-d-
4454171094,FR12.nl,Sander Lammers,Netherlands,http://www.fr12.nl,fr12.nl,
4723624737,NaijaNews.com,Sander Lammers,Nigeria,http://www.naijanews.com,naijanews.com,
4764324692,Tolivelugu,Wei Chen,India,http://www.tolivelugu.com,tolivelugu.com,
4695943498,Goss.ie,Wei Chen,Ireland,http://www.goss.ie,goss.ie,
4446120876,Gulte,Rory Hunter,India,http://www.gulte.com,gulte.com,
4719375096,The Herald Nigeria,Rory Hunter,Nigeria,http://www.herald.ng,herald.ng,https://www.linkedin.com/company/the-herald-nigeria
4762678867,TheLiberal.ie,Rory Hunter,Ireland,http://www.theliberal.ie,theliberal.ie,
4446113456,AcheiUSA,Rory Hunter,United States,http://www.acheiusa.com,acheiusa.com,https://www.linkedin.com/company/acheiusa-newspaper
4702081777,Thestival Media,Wei Chen,Greece,http://www.thestival.gr,thestival.gr,
4582715024,Fox 21 News,Damian Domanski,United States,http://www.fox21online.com,fox21online.com,https://www.linkedin.com/company/linkedin
4491713539,Ittefaq Group,Rory Hunter,Bangladesh,http://www.ittefaq.com.bd,ittefaq.com.bd,
4446133433,starozagorci.com,Wei Chen,Bulgaria,http://www.starozagorci.com,starozagorci.com,
4446133689,"Gamezebo, Inc.",Wei Chen,United States,http://www.gamezebo.com,gamezebo.com,https://www.linkedin.com/company/gamezebo
4805025240,Next Element,Rory Hunter,United Kingdom,http://www.nextelement.co.uk,nextelement.co.uk,https://www.linkedin.com/company/next-element-ltd
4446090946,Decoded Magazine,Rory Hunter,United Kingdom,http://www.decodedmagazine.com,decodedmagazine.com,https://www.linkedin.com/company/decoded-magazine
4446120896,Hetedik sor közepe,Sander Lammers,Hungary,http://www.hetediksor.hu,hetediksor.hu,https://www.linkedin.com/company/a-hetedik-bt.
4446133696,BorneoNews,Rory Hunter,Indonesia,http://www.borneonews.co.id,borneonews.co.id,
4551103360,Situation Publishing,Rory Hunter,United Kingdom,http://www.situationpublishing.com,situationpublishing.com,https://www.linkedin.com/company/situation-publishing
4754209174,Yeşil Gazete,Wei Chen,Turkey,http://www.yesilgazete.org,yesilgazete.org,https://www.linkedin.com/company/yesilgazete
4702037896,OPINIONPOST,Rory Hunter,Greece,http://www.dikaiologitika.gr,dikaiologitika.gr,
4551729543,Grantham Matters Media,Wei Chen,United Kingdom,http://www.granthammatters.co.uk,granthammatters.co.uk,
4446133715,Abtak Media,Rory Hunter,India,http://www.abtakmedia.com,abtakmedia.com,https://www.linkedin.com/company/abtak-media
4446120913,Manx Radio,Rory Hunter,United Kingdom,http://www.manxradio.com,manxradio.com,https://www.linkedin.com/company/manx-radio
4446133713,Napidoktor,Wei Chen,Hungary,http://www.napidoktor.hu,napidoktor.hu,
4446090965,Wielerflits,Rory Hunter,Netherlands,http://www.wielerflits.nl,wielerflits.nl,https://www.linkedin.com/company/wielerflits-nl
4545597220,SUBOTICA.com,Rory Hunter,Serbia,http://www.subotica.com,subotica.com,
4446133717,wlkp24.info,Wei Chen,Poland,http://www.wlkp24.info,wlkp24.info,https://www.linkedin.com/company/wlkp24-info-tv-proart
4695992845,Thrakisports.gr,Wei Chen,Greece,http://www.thrakisports.gr,thrakisports.gr,
4711833143,Marie Claire (SA),Wei Chen,South Africa,http://www.marieclaire.co.za,marieclaire.co.za,
4446133740,Bleeding Cool,Sander Lammers,United States,http://www.bleedingcool.com,bleedingcool.com,https://www.linkedin.com/company/bleeding-cool
4551441337,Soccer Publishing Limited,Rory Hunter,United Kingdom,http://www.thisisanfield.com,thisisanfield.com,https://www.linkedin.com/company/this-is-anfield
4446871038,28Hse,Sander Lammers,Hong Kong,http://www.28hse.com,28hse.com,
4719290552,PR Nigeria,Sander Lammers,Nigeria,http://www.prnigeria.com,prnigeria.com,
4723851108,A07 Online Media,Sander Lammers,United States,http://www.a07online.com,a07online.com,https://www.linkedin.com/company/a07onlinemedia
4548420332,ionigeria.com,Sander Lammers,Nigeria,http://www.ionigeria.com,ionigeria.com,
4446133754,How2Play,Rory Hunter,Poland,http://www.how2play.pl,how2play.pl,
4580910065,Press Narayanganj,Rory Hunter,Bangladesh,http://www.pressnarayanganj24.com,pressnarayanganj24.com,
4925186195,Bursa Hakimiyet,Rory Hunter,Turkey,http://www.bursahakimiyet.com.tr,bursahakimiyet.com.tr,
5797506701,Kobiece Porady,Wei Chen,Poland,http://www.kobieceporady.pl,kobieceporady.pl,
5794341207,Kaumudi Cyber Studio (P) Ltd,Rory Hunter,India,http://www.keralakaumudi.com,keralakaumudi.com,https://www.linkedin.com/company/kerala-kaumudi
5745973616,OK Portal,Wei Chen,Serbia,http://www.okradio.rs,okradio.rs,
5069919270,LRF Media,Damian Domanski,Sweden,http://www.lrfmedia.se,lrfmedia.se,https://www.linkedin.com/company/lrf-media-ab
5659247947,Glas Srpske,Damian Domanski,Bosnia and Herzegovina,http://www.glassrpske.com,glassrpske.com,https://www.linkedin.com/company/glas-srpske-a-d-
5709741641,Lynn Group Media,Sander Lammers,Ireland,http://www.hoganstand.com,hoganstand.com,
4925505928,Galatasaray Gazetesi,Rory Hunter,Turkey,http://www.gsgazete.com,gsgazete.com,
5745880679,Mad TV,Rory Hunter,Greece,http://www.mad.tv,mad.tv,https://www.linkedin.com/company/mad-tv
5745832805,ÖğretmenX,Sander Lammers,Turkey,http://www.ogretmenx.com,ogretmenx.com,
5722136846,Tanjug,Rory Hunter,Serbia,http://www.tanjug.rs,tanjug.rs,https://www.linkedin.com/company/na-tanjug
5746396323,Association of Optometrists,Wei Chen,United Kingdom,http://www.aop.org.uk,aop.org.uk,https://www.linkedin.com/company/association-of-optometrists
4871934272,priyoshomoy.com,Rory Hunter,Bangladesh,http://www.priyoshomoy.com,priyoshomoy.com,
5748631948,Pak China News,Sander Lammers,Pakistan,http://www.pakchinanews.pk,pakchinanews.pk,
5795479127,Papamond,Wei Chen,Romania,http://www.papamond.ro,papamond.ro,
4932319942,Glasove,Wei Chen,Bulgaria,http://www.glasove.com,glasove.com,
5711017820,S.B. Multimedia Private Limited,Damian Domanski,India,http://www.ibc24.in,ibc24.in,https://www.linkedin.com/company/zee-24-ghante-chhattisgarh
5756016170,Kareklidis Group,Rory Hunter,Greece,http://www.magnesianews.gr,magnesianews.gr,https://www.linkedin.com/company/magnesianews-gr
5544299574,24 Live News,Rory Hunter,Bangladesh,http://www.24livenewspaper.com,24livenewspaper.com,https://www.linkedin.com/company/24livenewspaper
5683993227,Current Crime,Rory Hunter,India,http://www.currentcrime.com,currentcrime.com,
4806028604,Dom Pelen Pomyslow,Sander Lammers,Poland,http://www.dompelenpomyslow.pl,dompelenpomyslow.pl,
4849013835,Derry Daily,Rory Hunter,United Kingdom,http://www.derrydaily.net,derrydaily.net,
5683372429,Radomska Grupa Mediowa,Rory Hunter,Poland,http://www.cozadzien.pl,cozadzien.pl,
4865249971,43 Haber,Sander Lammers,Turkey,http://www.43haber.com,43haber.com,
5701452162,Gündem Bursa,Sander Lammers,Turkey,http://www.gundembursa.com,gundembursa.com,
5551619760,10 Minute School,Sander Lammers,Bangladesh,http://www.10minuteschool.com,10minuteschool.com,https://www.linkedin.com/company/10ms
5722139209,Np News,Wei Chen,United States,http://www.npkhabar24.com,npkhabar24.com,
4871942973,theJasmineBRAND,Rory Hunter,United States,http://www.thejasminebrand.com,thejasminebrand.com,
5770122126,Pakistan Observer,Rory Hunter,Pakistan,http://www.pakobserver.net,pakobserver.net,https://www.linkedin.com/company/pakobserver
5746092825,Öncü Haber,Sander Lammers,Turkey,http://www.oncurtv.com,oncurtv.com,
4871885829,Truth Media Hong Kong (TMHK),Rory Hunter,Hong Kong,http://www.tmhk.org,tmhk.org,https://www.linkedin.com/company/tmhk---truth-media-hong-kong-
5593853709,24Vesti,Wei Chen,Serbia,http://www.24vesti.com,24vesti.com,
5683410602,Cretapost.gr,Wei Chen,Greece,http://www.cretapost.gr,cretapost.gr,
5667110308,Daily Cox News,Wei Chen,Bangladesh,http://www.dailycoxnews.com,dailycoxnews.com,
5072640053,Piano Street,Wei Chen,Sweden,http://www.pianostreet.com,pianostreet.com,
5703825047,Dete.gr,Rory Hunter,Greece,http://www.dete.gr,dete.gr,
5746628610,Otostil,Sander Lammers,Turkey,http://www.otostil.com,otostil.com,
5657946036,Constanta 100%,Wei Chen,Romania,http://www.ct100.ro,ct100.ro,
5754886028,News24,Damian Domanski,India,http://www.news24online.com,news24online.com,https://www.linkedin.com/company/news24official
4821602792,Antena 3,Damian Domanski,Romania,http://www.antena3.ro,antena3.ro,https://www.linkedin.com/company/antena-3_2
5755261317,Cazin.ba,Wei Chen,Bosnia and Herzegovina,http://www.cazin.ba,cazin.ba,
4925095706,Daily Ekattor,Rory Hunter,Bangladesh,http://www.dailyekattor.com,dailyekattor.com,
5721799583,Nova Tv Mediaş,Wei Chen,Romania,http://www.novatv.ro,novatv.ro,
5702538866,EMY Media,Hanson Ojo,Turkey,http://www.emymedya.com,emymedya.com,https://www.linkedin.com/company/blanche-medya
5702538867,Notia.gr,Wei Chen,Greece,http://www.notia.gr,notia.gr,https://www.linkedin.com/company/notia-gr
5686504809,Gkourou,Wei Chen,Greece,http://www.gkourou.com,gkourou.com,
5737116525,Observatorul Prahovean,Sander Lammers,Romania,http://www.observatorulph.ro,observatorulph.ro,
5747020310,Media Group 31,Rory Hunter,United States,http://www.mediagroup31.com,mediagroup31.com,
4969982104,Science X,Rory Hunter,United Kingdom,http://www.sciencex.com,sciencex.com,https://www.linkedin.com/company/science-x-network
5702708811,Maxlo Media Group,Rory Hunter,United States,http://www.maxlomedia.com,maxlomedia.com,
5746218787,Ripensis Media Trust,Rory Hunter,Romania,http://www.opiniatimisoarei.ro,opiniatimisoarei.ro,
5737215071,Oficial Media,Wei Chen,Romania,http://www.oficialmedia.com,oficialmedia.com,
4865254230,Media 365 j.d.o.o,Wei Chen,Croatia,http://www.fiuman.hr,fiuman.hr,
5746243627,Opinia Buzău,Wei Chen,Romania,http://www.opiniabuzau.ro,opiniabuzau.ro,
5754870952,Religis,Wei Chen,Bosnia and Herzegovina,http://www.religis.com,religis.com,
4871901644,Analyzing America,Rory Hunter,United States,http://www.analyzingamerica.org,analyzingamerica.org,
4931487839,NFL Trade Rumors,Sander Lammers,United States,http://www.nfltraderumors.co,nfltraderumors.co,https://www.linkedin.com/company/nfl-trade-rumors
5686522693,Great News,Rory Hunter,Romania,http://www.greatnews.ro,greatnews.ro,
5720464448,ÎCS REFORMA ART SRL,Rory Hunter,Romania,http://www.jurnaltv.md,jurnaltv.md,https://www.linkedin.com/company/jurnaltv
5667473527,Technology Vista,Sander Lammers,India,http://www.technologyvista.in,technologyvista.in,https://www.linkedin.com/company/technology-vista
5746388283,Orami,Damian Domanski,Indonesia,http://www.orami.co.id,orami.co.id,
4909838108,Standard Publications,Rory Hunter,Malta,http://www.independent.com.mt,independent.com.mt,https://www.linkedin.com/company/standard-publications-limited
5702725973,"Homelife Media, LLC",Rory Hunter,United States,http://www.homelifemedia.com,homelifemedia.com,https://www.linkedin.com/company/homelife-media
4806031305,Mindenszo,Hanson Ojo,Hungary,http://www.mindenszo.hu,mindenszo.hu,
5683686406,CRNA Hronika BiH,Sander Lammers,Bosnia and Herzegovina,http://www.crna-hronika.info,crna-hronika.info,
5683686405,CroExpress,Rory Hunter,Croatia,http://www.croexpress.eu,croexpress.eu,
5701044748,Budget Earth,Wei Chen,United States,http://www.budgetearth.com,budgetearth.com,
5397925755,168Chasa,Rory Hunter,Bulgaria,http://www.168chasa.bg,168chasa.bg,
5737115187,Objektiv,Wei Chen,Serbia,http://www.objektiv.rs,objektiv.rs,
5551646255,112Vandaag,Rory Hunter,Netherlands,http://www.112vdg.nl,112vdg.nl,
5634108186,Comentacii,Sander Lammers,Romania,http://www.comentacii.ro,comentacii.ro,
5701838096,GYŐR + MÉDIA Zrt.,Rory Hunter,Hungary,http://www.gyorplusz.hu,gyorplusz.hu,https://www.linkedin.com/company/gyor-plusz
4909855849,Beacon Media Group,Sander Lammers,Malta,http://www.newsbook.com.mt,newsbook.com.mt,https://www.linkedin.com/company/newsbook-com-mt
5632219237,codziennypoznan,Wei Chen,Poland,http://www.codziennypoznan.pl,codziennypoznan.pl,
5702050573,Haber Dairesi,Sander Lammers,Turkey,http://www.haberdairesi.com,haberdairesi.com,
5797298776,PSB Media,Rory Hunter,India,http://www.peoplesreporter.in,peoplesreporter.in,
5701894411,Gumushane News,Wei Chen,Turkey,http://www.gumushane.gen.tr,gumushane.gen.tr,
5797491032,kozaniLife,Wei Chen,Greece,http://www.kozanilife.gr,kozanilife.gr,
5702315835,Haberiniz Olsun,Rory Hunter,Turkey,http://www.haberiniz.com.tr,haberiniz.com.tr,https://www.linkedin.com/company/haberiniz
5794308997,Moral News 24,Rory Hunter,Bangladesh,http://www.moralnews24.com,moralnews24.com,
5747060055,MAX SPORT,Sander Lammers,Serbia,http://www.maxsport.rs,maxsport.rs,
5551660603,112Groningen,Rory Hunter,Netherlands,http://www.112groningen.nl,112groningen.nl,
5683384093,Co w Krakowie,Sander Lammers,Poland,http://www.cowkrakowie.pl,cowkrakowie.pl,
5685129529,Gazete Duvar,Sander Lammers,Turkey,http://www.gazeteduvar.com.tr,gazeteduvar.com.tr,
5659242935,Glas zapadne Srbije,Wei Chen,Serbia,http://www.glaszapadnesrbije.rs,glaszapadnesrbije.rs,
5684985392,Essex Media Group,Rory Hunter,United States,http://www.essexmediagroup.com,essexmediagroup.com,
5734233120,Kavala Web News,Rory Hunter,Greece,http://www.kavalawebnews.gr,kavalawebnews.gr,
5737018650,Obiectiv - Vocea Brailei,Wei Chen,Romania,http://www.obiectivbr.ro,obiectivbr.ro,
5397929046,24Chasa,Rory Hunter,Bulgaria,http://www.24chasa.bg,24chasa.bg,
5660644493,Crash Online,Wei Chen,Greece,http://www.crashonline.gr,crashonline.gr,
5710173360,"Heritage Media Of Kentucky, Inc",Rory Hunter,United States,http://www.k105.com,k105.com,https://www.linkedin.com/company/k105
4805982619,Radio Gdansk,Rory Hunter,Poland,http://www.radiogdansk.pl,radiogdansk.pl,https://www.linkedin.com/company/radio-gda%C5%84sk-sa
5701464356,Gun Pro Plus,Wei Chen,United States,http://www.gunproplus.com,gunproplus.com,
5745848970,OGÜNhaber,Rory Hunter,Turkey,http://www.ogunhaber.com,ogunhaber.com,
5747112319,Overdope,Sander Lammers,Taiwan,http://www.overdope.com,overdope.com,
5746384758,Orange Magazine,Wei Chen,Philippines,http://www.orangemagazine.ph,orangemagazine.ph,
4814306819,Crowd Media [Poland],Sander Lammers,Poland,http://www.crowdmedia.pl,crowdmedia.pl,
5701766179,Noget i ovnen hos bagenørden,Rory Hunter,Denmark,http://www.nogetiovnen.dk,nogetiovnen.dk,
5661887105,Craiova Forum,Sander Lammers,Romania,http://www.craiovaforum.ro,craiovaforum.ro,https://www.linkedin.com/company/forumnet-srl
5796963960,Patras Events,Sander Lammers,Greece,http://www.patrasevents.gr,patrasevents.gr,http://www.linkedin.com/company/1778502
5847641482,Valioliiga,Wei Chen,Finland,http://www.valioliiga.com,valioliiga.com,
5847646606,Webcafe EAD,Rory Hunter,Bulgaria,http://www.webcafe.bg,webcafe.bg,https://www.linkedin.com/company/webcafebg
5865463455,Newsitamea,Rory Hunter,Greece,http://www.newsitamea.gr,newsitamea.gr,
5847540611,"Block Communications, Inc.",Rory Hunter,United States,http://www.blockcommunications.com,blockcommunications.com,
5824447782,Top Tamil News,Wei Chen,India,http://www.toptamilnews.com,toptamilnews.com,https://www.linkedin.com/company/toptamilnews
5865732499,Radio Iaşi,Wei Chen,Romania,http://www.radioiasi.ro,radioiasi.ro,
5850700200,AĞRI Hürses,Wei Chen,Turkey,http://www.agrihurses.net,agrihurses.net,
5857878078,Fratria Media Group,Sander Lammers,Poland,http://www.fratria.pl,fratria.pl,
5817271205,Kurier Szczecińsk,Wei Chen,Poland,http://www.24kurier.pl,24kurier.pl,https://www.linkedin.com/company/kurier-szczeci%C5%84ski
5824265279,Today Samachar,Rory Hunter,India,http://www.todaysamachar.in,todaysamachar.in,https://www.linkedin.com/company/today-samachar
5825035306,Master Media Group,Rory Hunter,Bulgaria,http://www.bulnews.bg,bulnews.bg,
5824264251,Internetcorp SRL,Sander Lammers,Romania,http://www.internetcorp.ro,internetcorp.ro,https://www.linkedin.com/company/internet-corp
5813069137,Eyap,Wei Chen,Greece,http://www.eyap.gr,eyap.gr,
5797658529,PeristeriNews,Wei Chen,Greece,http://www.peristerinews.gr,peristerinews.gr,
5824950273,Travelgirl,Wei Chen,Greece,http://www.travelgirl.gr,travelgirl.gr,
5824672280,TVL Spółka,Wei Chen,Poland,http://www.lubin.pl,lubin.pl,https://www.linkedin.com/company/tvl-sp-z-o-o-
5824456990,Enjoy! Media,Rory Hunter,Poland,http://www.metropoliabydgoska.pl,metropoliabydgoska.pl,https://www.linkedin.com/company/metropoliabydgoskapl
5817380489,PoBandzie,Wei Chen,Poland,http://www.po-bandzie.com.pl,po-bandzie.com.pl,https://www.linkedin.com/company/pobandzie
5857900831,AKİT TV,Rory Hunter,Turkey,http://www.akittv.com.tr,akittv.com.tr,https://www.linkedin.com/company/akittv
5817387144,74nullanulla.hu,Rory Hunter,Hungary,http://www.74nullanulla.hu,74nullanulla.hu,
5824782099,PortalSM,Sander Lammers,Romania,http://www.portalsm.ro,portalsm.ro,
5857781273,ZdrowePoradniki.pl,Wei Chen,Poland,http://www.zdroweporadniki.pl,zdroweporadniki.pl,
5824671597,Portal Grada Kaštela,Wei Chen,Croatia,http://www.kastela.org,kastela.org,
5857858407,Akos.ba,Sander Lammers,Bosnia and Herzegovina,http://www.akos.ba,akos.ba,
5824644974,Aamoda Publications,Rory Hunter,India,http://www.andhrajyothy.com,andhrajyothy.com,https://www.linkedin.com/company/1803098
5868567426,Radio Szczecin,Sander Lammers,Poland,http://www.radioszczecin.pl,radioszczecin.pl,https://www.linkedin.com/company/polskie-radio-szczecin-sa
5817795980,Napi Ujsag,Sander Lammers,Hungary,http://www.napiujsag.hu,napiujsag.hu,
5824813669,Portal Zrenjaninski,Wei Chen,Serbia,http://www.zrenjaninski.com,zrenjaninski.com,
5836869044,Voetbalflitsen,Wei Chen,Netherlands,http://www.voetbalflitsen.nl,voetbalflitsen.nl,
5871793326,All About Aris,Wei Chen,Greece,http://www.allaboutaris.com,allaboutaris.com,
5867956628,Radio Polis 99.4,Wei Chen,Greece,http://www.radiopolis.gr,radiopolis.gr,
5824735606,Academy of Interactive Arts and Sciences,Wei Chen,United States,http://www.interactive.org,interactive.org,https://www.linkedin.com/company/academy-of-interactive-arts-&-sciences
5868626583,FNews.gr,Sander Lammers,Greece,http://www.fnews.gr,fnews.gr,
5807446136,PhilNews,Rory Hunter,Philippines,http://www.philnews.ph,philnews.ph,
5857041020,wiemy.to,Wei Chen,Poland,http://www.wiemy.to,wiemy.to,
5835110565,Prawy.pl,Rory Hunter,Poland,http://www.prawy.pl,prawy.pl,
5857538899,Radio 90,Rory Hunter,Poland,http://www.radio90.pl,radio90.pl,
5856189566,AgrinioPress,Wei Chen,Greece,http://www.agriniopress.gr,agriniopress.gr,
5868515000,Radio STAR Gjilan,Wei Chen,Bosnia and Herzegovina,http://www.radiostargjilan.com,radiostargjilan.com,
5835094456,News Track Infomedia Pvt. Ltd,Sander Lammers,India,http://www.newstracklive.com,newstracklive.com,https://www.linkedin.com/company/newstracklive
5813128970,Radyo Pilipinas Uno,Sander Lammers,Philippines,http://www.radyopilipinas.ph,radyopilipinas.ph,
5824164186,to10.gr,Wei Chen,Greece,http://www.to10.gr,to10.gr,
5817802821,Tintahijau,Wei Chen,Indonesia,http://www.tintahijau.com,tintahijau.com,
5837748861,Twente Insite,Rory Hunter,Netherlands,http://www.twenteinsite.nl,twenteinsite.nl,https://www.linkedin.com/company/twente-insite
5814392088,034 portal,Wei Chen,Croatia,http://www.034portal.hr,034portal.hr,https://www.linkedin.com/company/034-mediji-d-o-o-
5868251724,kamuilanlari.com,Wei Chen,Turkey,http://www.kamuilanlari.com,kamuilanlari.com,
5847629081,WebCultura.ro,Rory Hunter,Romania,http://www.webcultura.ro,webcultura.ro,
5865412873,Nafpaktia News,Rory Hunter,Greece,http://www.nafpaktianews.gr,nafpaktianews.gr,
5855089256,News Updates 24,Sander Lammers,Bangladesh,http://www.newsupdates24.com,newsupdates24.com,
5850474785,Χώρα Του Αχωρήτου,Wei Chen,Greece,http://www.choratouaxoritou.gr,choratouaxoritou.gr,
5835425864,Pressmania,Rory Hunter,Poland,http://www.pressmania.pl,pressmania.pl,
5835628621,actualdecluj.ro,Wei Chen,Romania,http://www.actualdecluj.ro,actualdecluj.ro,
5813525272,PlanetaGracza.pl,Wei Chen,Poland,http://www.planetagracza.pl,planetagracza.pl,
5824915346,Power 98.7,Wei Chen,South Africa,http://www.msggroupsales.co.za,msggroupsales.co.za,https://www.linkedin.com/company/msg-group-sales
5857890187,Aktarr,Sander Lammers,Sweden,http://www.aktarr.se,aktarr.se,https://www.linkedin.com/company/aktarr
5817491993,Regionalni tjednik doo,Rory Hunter,Croatia,http://www.regionalni.com,regionalni.com,
5824948119,Potret News,Sander Lammers,Indonesia,http://www.potretnews.com,potretnews.com,
5825039770,Neutral Publishing House,Damian Domanski,India,http://www.prabhatkhabar.com,prabhatkhabar.com,https://www.linkedin.com/company/prabhat-khabar-neutral-publishing-house-ltd.-
5824456327,EL Media Group,Rory Hunter,Greece,http://www.elmedia.gr,elmedia.gr,
5835539069,Prijedor24H,Wei Chen,Bosnia and Herzegovina,http://www.prijedor24h.net,prijedor24h.net,
5865726766,Radio Kielce,Rory Hunter,Poland,http://www.radio.kielce.pl,radio.kielce.pl,https://www.linkedin.com/company/kielce-university-of-technology
5824674713,Abnews24bd,Sander Lammers,Bangladesh,http://www.abnews24bd.com,abnews24bd.com,
5814601518,168.hu,Rory Hunter,Hungary,http://www.168.hu,168.hu,
5817797241,Popaganda,Rory Hunter,Greece,http://www.popaganda.gr,popaganda.gr,
5848304939,WB News 24,Rory Hunter,India,http://www.westbengalnews24.com,westbengalnews24.com,https://www.linkedin.com/company/westbengalnews24
5814387503,The News Now,Wei Chen,India,http://www.thenewsnow.co.in,thenewsnow.co.in,
5865487395,The Asian Age,Damian Domanski,India,http://www.asianage.com,asianage.com,
5848421463,Δημοσιογραφικός Οργανισμός Χρόνος,Wei Chen,Greece,http://www.xronos.gr,xronos.gr,
5850468980,Typosthes,Wei Chen,Greece,http://www.typosthes.gr,typosthes.gr,https://www.linkedin.com/company/typosthes
5847616585,Urfa Bilişim Hizmetleri,Wei Chen,Turkey,http://www.urfa.com,urfa.com,
5837675575,Twentefans,Wei Chen,Netherlands,http://www.twentefans.nl,twentefans.nl,https://www.linkedin.com/company/bn-media-nederland
5817691657,PoliceNET of Greece,Sander Lammers,Greece,http://www.policenet.gr,policenet.gr,
5814458717,057info,Wei Chen,Croatia,http://www.057info.hr,057info.hr,
5847245641,UFight.gr,Wei Chen,Greece,http://www.ufight.gr,ufight.gr,
5817821462,PopDaily,Sander Lammers,Taiwan,http://www.popdaily.com.tw,popdaily.com.tw,https://www.linkedin.com/company/popdaily
5847629404,Power 987,Wei Chen,South Africa,http://www.power987.co.za,power987.co.za,https://www.linkedin.com/company/power-98.7
5850611055,agrinio24.gr,Wei Chen,Greece,http://www.agrinio24.gr,agrinio24.gr,
5835446792,PressTV.bg,Wei Chen,Bulgaria,http://www.presstv.bg,presstv.bg,
5797802315,Pernik News,Wei Chen,Bulgaria,http://www.perniknews.com,perniknews.com,
5835025939,Faktor.ba,Wei Chen,Bosnia and Herzegovina,http://www.faktor.ba,faktor.ba,
5835635980,TrikalaVoice,Wei Chen,Greece,http://www.trikalavoice.gr,trikalavoice.gr,
5837860910,aera.gr,Rory Hunter,Greece,http://www.aera.gr,aera.gr,
5855132452,Intermagazin,Sander Lammers,Serbia,http://www.intermagazin.rs,intermagazin.rs,
5850611558,agrinionews.gr,Hanson Ojo,Greece,http://www.agrinionews.gr,agrinionews.gr,
5812745879,Larisanew,Sander Lammers,Greece,http://www.larisanew.gr,larisanew.gr,
5836874757,Provocateur.gr,Rory Hunter,Greece,http://www.provocateur.gr,provocateur.gr,
5817248852,Thessaloniki Arts and Culture,Wei Chen,Greece,http://www.thessalonikiartsandculture.gr,thessalonikiartsandculture.gr,
5847432032,wMeritum.pl,Wei Chen,Poland,http://www.wmeritum.pl,wmeritum.pl,
5848303486,Stormer SA,Rory Hunter,Romania,http://www.weradio.ro,weradio.ro,
5835395131,PRESSARIS,Rory Hunter,Greece,http://www.pressaris.gr,pressaris.gr,https://www.linkedin.com/company/pressaris
5817698604,Timp Online,Wei Chen,Romania,http://www.timponline.ro,timponline.ro,
5865402228,NewsTeam,Wei Chen,Romania,http://www.newsteam.ro,newsteam.ro,
5835550243,Prijedor24.com,Wei Chen,Bosnia and Herzegovina,http://www.prijedor24.com,prijedor24.com,
5855168779,News TR,Damian Domanski,Turkey,http://www.newstr.net,newstr.net,
5835582251,Tribuna Romania,Rory Hunter,Romania,http://www.tribuna.ro,tribuna.ro,
5847842422,Vellinakshatram,Rory Hunter,India,http://www.vellinakshatram.com,vellinakshatram.com,
5837908748,WaCow Media,Wei Chen,United States,http://www.wacowla.com,wacowla.com,https://www.linkedin.com/company/wacow-media
5847256698,Unboxholics,Wei Chen,Greece,http://www.unboxholics.com,unboxholics.com,https://www.linkedin.com/company/unbxoholics
5817689149,Stowarzyszenie Kultury Chrześcijańskiej,Wei Chen,Poland,http://www.piotrskarga.pl,piotrskarga.pl,https://www.linkedin.com/company/piotra-skargi
5865498467,Napoca News,Rory Hunter,Romania,http://www.napocanews.ro,napocanews.ro,
5873259537,GRUPULUI DE PRESĂ MEDIANET SRL,Rory Hunter,Romania,http://www.ziaruldeiasi.ro,ziaruldeiasi.ro,
5929494383,Hit radio Požarevac,Wei Chen,Serbia,http://www.hitradio.rs,hitradio.rs,
5942569015,Anorthosis24,Wei Chen,Greece,http://www.anorthosis24.net,anorthosis24.net,
5941116955,Indeleiderstrui,Rory Hunter,Netherlands,http://www.indeleiderstrui.nl,indeleiderstrui.nl,https://www.linkedin.com/company/in-de-leiderstrui
5873033737,Monopoli,Rory Hunter,Greece,http://www.monopoli.gr,monopoli.gr,https://www.linkedin.com/company/monopoli-gr
5941261101,Vous.hu,Rory Hunter,Hungary,http://www.vous.hu,vous.hu,https://www.linkedin.com/company/vous-magazin
5941256492,Kira9 Edumedia Pvt Ltd.,Sander Lammers,India,http://www.insideiim.com,insideiim.com,https://www.linkedin.com/company/insideiim-com
5874418231,Lorem Ipsum Press,Wei Chen,Greece,http://www.loremipsumpress.com,loremipsumpress.com,https://www.linkedin.com/company/lorem-ipsum-limited
5930274400,iBEAUTYREPORT 美周報,Sander Lammers,Taiwan,http://www.ibeautyreport.com,ibeautyreport.com,
5941079815,Медикъл Нюз (Medical News),Wei Chen,Bulgaria,http://www.medicalnews.bg,medicalnews.bg,https://www.linkedin.com/company/medical-news-ltd-
5939703573,Hindi Tracks,Wei Chen,India,http://www.hinditracks.in,hinditracks.in,
5948116904,Iskra GR,Wei Chen,Greece,http://www.iskra.gr,iskra.gr,
5908967952,Indigo Dergisi,Sander Lammers,Turkey,http://www.indigodergisi.com,indigodergisi.com,
5901160606,Herceg Televizija,Wei Chen,Bosnia and Herzegovina,http://www.herceg.tv,herceg.tv,
5873468722,Rethemnos News,Wei Chen,Greece,http://www.rethemnosnews.gr,rethemnosnews.gr,
5951418515,Magyar Szó,Wei Chen,Serbia,http://www.magyarszo.rs,magyarszo.rs,https://www.linkedin.com/company/magyarszo
5873228066,TNN,Rory Hunter,Pakistan,http://www.tnn.com.pk,tnn.com.pk,https://www.linkedin.com/company/tribalnewsnetwork
5941232659,Info Brcko,Wei Chen,Bosnia and Herzegovina,http://www.infobrcko.com,infobrcko.com,
5939149106,Himachal Dastak Media Group,Sander Lammers,India,http://www.himachaldastak.com,himachaldastak.com,
5908969223,Inevros Media,Wei Chen,Greece,http://www.inevros.gr,inevros.gr,
5941080363,Konyanın Nabzı,Wei Chen,Turkey,http://www.konyaninnabzi.web.tr,konyaninnabzi.web.tr,
5942312458,Хороскопи (Horoskopa),Wei Chen,Bulgaria,http://www.horoskopa.com,horoskopa.com,
5873151824,"Agencija ""New Marketing Solutions - NMS""",Sander Lammers,Bosnia and Herzegovina,http://www.nms.ba,nms.ba,
5919763865,Discoveries Company,Sander Lammers,United States,http://www.discoveries.co,discoveries.co,https://www.linkedin.com/company/civilengineeringdiscoveries
5874763883,"American Football International, LLC",Wei Chen,United States,http://www.americanfootballinternational.com,americanfootballinternational.com,https://www.linkedin.com/company/american-football-international
5919763866,Gazeta Infokus,Wei Chen,Serbia,http://www.gazetainfokus.com,gazetainfokus.com,
5874743149,Ατέχνως,Wei Chen,Greece,http://www.atexnos.gr,atexnos.gr,
5918582656,Kanal V,Wei Chen,Turkey,http://www.kanalv.com.tr,kanalv.com.tr,
5871923894,MS News,Sander Lammers,Singapore,http://www.mustsharenews.com,mustsharenews.com,
5918647948,Kashmir News Service Pvt Ltd,Rory Hunter,India,http://www.knskashmir.com,knskashmir.com,
5918963591,Iswinoujscie.pl,Wei Chen,Poland,http://www.iswinoujscie.pl,iswinoujscie.pl,
5939704389,大家健康雜誌,Wei Chen,Taiwan,http://www.healthforall.com.tw,healthforall.com.tw,
5910418182,Insajder,Sander Lammers,Serbia,http://www.insajder.net,insajder.net,https://www.linkedin.com/company/insajder
5957835852,Lamia Now,Wei Chen,Greece,http://www.lamianow.gr,lamianow.gr,
5918843546,NHL Suomi,Wei Chen,Finland,http://www.nhlsuomi.com,nhlsuomi.com,
5940966475,Про Нюз Добрич (Pro News Dobrich),Rory Hunter,Bulgaria,http://www.pronewsdobrich.bg,pronewsdobrich.bg,
5873047901,Mihrap Haber,Rory Hunter,Turkey,http://www.mihraphaber.com,mihraphaber.com,
5874631026,ŻywiecInfo.pl,Rory Hunter,Poland,http://www.zywiecinfo.pl,zywiecinfo.pl,
5909869845,InfoKG,Wei Chen,Serbia,http://www.infokg.rs,infokg.rs,
5909001070,Indopolitika,Wei Chen,Indonesia,http://www.indopolitika.com,indopolitika.com,
5874742644,Αληθινές Γυναίκες,Wei Chen,Greece,http://www.alithinesgynaikes.gr,alithinesgynaikes.gr,
5874742645,Amader Barisal,Sander Lammers,Bangladesh,http://www.amaderbarisal.com,amaderbarisal.com,https://www.linkedin.com/company/amader-barisal
5918526372,Kaos GL,Sander Lammers,Turkey,http://www.kaosgl.org,kaosgl.org,
5873468278,StoNisi,Wei Chen,Greece,http://www.stonisi.gr,stonisi.gr,
5940673143,Honvédelem,Wei Chen,Hungary,http://www.honvedelem.hu,honvedelem.hu,https://www.linkedin.com/company/honv%c3%a3-delem.hu
5919211436,BlenderNation,Wei Chen,Netherlands,http://www.blendernation.com,blendernation.com,https://www.linkedin.com/company/blendernation
5874529092,THARROS PUBLISHING LTD.,Rory Hunter,Greece,http://www.tharrosnews.gr,tharrosnews.gr,https://www.linkedin.com/company/tharros-news
5918828968,Black Southern Belle,Sander Lammers,United States,http://www.blacksouthernbelle.com,blacksouthernbelle.com,https://www.linkedin.com/company/black-southern-belle
5942294357,Aktif Haber,Sander Lammers,Turkey,http://www.aktifhaber.com,aktifhaber.com,
5941114482,Ilialive,Wei Chen,Greece,http://www.ilialive.gr,ilialive.gr,
5930347786,Emarat News (الإمارات نيوز),Sander Lammers,United Arab Emirates,http://www.emarat-news.ae,emarat-news.ae,https://www.linkedin.com/company/emaratnews
5873461347,ST. MAXIM THE GREEK,Wei Chen,Greece,http://www.stmaximthegreek.org,stmaximthegreek.org,https://www.linkedin.com/company/stmaxim
5958656863,jeta-online,Sander Lammers,Serbia,http://www.jeta-online.info,jeta-online.info,
5871820166,SAFF.ba,Wei Chen,Bosnia and Herzegovina,http://www.saff.ba,saff.ba,
5918593464,Karfitsa,Wei Chen,Greece,http://www.karfitsa.gr,karfitsa.gr,
5941108127,InCar 癮車報,Sander Lammers,Taiwan,http://www.incar.tw,incar.tw,
5871907195,Allfood Recipes,Sander Lammers,United States,http://www.allfood.recipes,allfood.recipes,
5918882369,Istotne.pl,Wei Chen,Poland,http://www.istotne.pl,istotne.pl,
5873318786,NSK PUBLISHING LTD,Rory Hunter,Greece,http://www.alphafreepress.gr,alphafreepress.gr,
5874491316,Ziarul Incomod,Wei Chen,Romania,http://www.ziarulincomod.ro,ziarulincomod.ro,
5874339504,Alterinfo,Rory Hunter,Greece,http://www.alter-info.gr,alter-info.gr,
5874527924,Radio ZOS,Wei Chen,Bosnia and Herzegovina,http://www.zosradio.ba,zosradio.ba,
5897786131,Navodaya Times,Rory Hunter,India,http://www.navodayatimes.in,navodayatimes.in,https://www.linkedin.com/company/navodayatimes
5887230069,Renasterea Banateana,Wei Chen,Romania,http://www.renasterea.ro,renasterea.ro,
5873341576,Sinidisi,Wei Chen,Greece,http://www.sinidisi.gr,sinidisi.gr,
5897773078,My Mind,Wei Chen,Greece,http://www.mymind.gr,mymind.gr,
5908977581,Media Group 24 Ltd,Rory Hunter,Bulgaria,http://www.burgas24.bg,burgas24.bg,
5919017576,Kulturosupa.gr,Wei Chen,Greece,http://www.kulturosupa.gr,kulturosupa.gr,
5919646064,DefenseTalk,Wei Chen,United States,http://www.defencetalk.com,defencetalk.com,
5918924130,ABCPortal.info,Wei Chen,Bosnia and Herzegovina,http://www.abcportal.info,abcportal.info,
5941062324,Скандал (Skandal),Wei Chen,Bulgaria,http://www.skandal.bg,skandal.bg,
5951434003,Kairos Fengxiang News,Sander Lammers,Taiwan,http://www.kairos.news,kairos.news,
5874774915,Ellinikí Aktoploïa,Wei Chen,Greece,http://www.ellinikiaktoploia.net,ellinikiaktoploia.net,
5920346955,СТАТИС,Wei Chen,Bulgaria,http://www.sedemosmi.tv,sedemosmi.tv,
5886609261,Bacau.net,Rory Hunter,Romania,http://www.bacau.net,bacau.net,
5907106222,Hyggestedet,Sander Lammers,Denmark,http://www.hyggestedet.dk,hyggestedet.dk,
5908995724,Kawerna,Wei Chen,Poland,http://www.kawerna.pl,kawerna.pl,
5920359769,Exherald Publishing Incorporated,Sander Lammers,Philippines,http://www.baguioheraldexpressonline.com,baguioheraldexpressonline.com,
5873128878,Agrároldal.hu,Sander Lammers,Hungary,http://www.agraroldal.hu,agraroldal.hu,
5930318521,Kragujevčani,Sander Lammers,Serbia,http://www.kragujevcani.rs,kragujevcani.rs,
5920290595,INFO NEAMȚ,Wei Chen,Romania,http://www.infoneamt.ro,infoneamt.ro,
5898228552,Healthy Living Idea,Rory Hunter,Australia,http://www.healthylivingidea.com,healthylivingidea.com,
5948106305,Ilorin,Wei Chen,Nigeria,http://www.ilorin.info,ilorin.info,
5920519464,High View Art,Rory Hunter,Bulgaria,http://www.highviewart.com,highviewart.com,https://www.linkedin.com/company/highviewart
5920473646,Епицентър.com,Rory Hunter,Bulgaria,http://www.epicenter.bg,epicenter.bg,
5887196971,FWD Affairs,Wei Chen,Hungary,http://www.fwdaffairs.com,fwdaffairs.com,https://www.linkedin.com/company/fwd-affairs
5951434871,Kanal D Romania,Rory Hunter,Romania,http://www.kanald.ro,kanald.ro,https://www.linkedin.com/company/kanal-d
5918793499,Nagpur Today,Rory Hunter,India,http://www.nagpurtoday.in,nagpurtoday.in,https://www.linkedin.com/company/nagpur-today
5919053593,Iszczecinek,Wei Chen,Poland,http://www.iszczecinek.pl,iszczecinek.pl,
5888149281,Ilmkidunya,Sander Lammers,Pakistan,http://www.ilmkidunya.com,ilmkidunya.com,https://www.linkedin.com/company/ilmkidunya.com
5920298550,Informatiata,Wei Chen,Romania,http://www.informatiata.ro,informatiata.ro,https://www.linkedin.com/company/informatiata.ro
5871907875,AllYou.gr,Wei Chen,Greece,http://www.allyou.gr,allyou.gr,
5918535448,Kasaragod Vartha,Sander Lammers,India,http://www.kasargodvartha.com,kasargodvartha.com,https://www.linkedin.com/company/kasaragod-vartha
5898441081,Hello Maharashtr,Rory Hunter,India,http://www.hellomaharashtra.in,hellomaharashtra.in,https://www.linkedin.com/company/hello-maharashtra
5948181094,الصحافة (Alamirkamalfarag),Wei Chen,United Arab Emirates,http://www.alamirkamalfarag.com,alamirkamalfarag.com,
5951459411,Falanga,Wei Chen,Australia,http://www.falanga.com.au,falanga.com.au,
5930290583,Kućni lekar,Sander Lammers,Serbia,http://www.kucnilekar.com,kucnilekar.com,
5887134230,H Θ.Μ. NIKOLAIDIS JOURNALISTIC & ATHLETIC PUBLICATIONS,Sander Lammers,Greece,http://www.fosonline.gr,fosonline.gr,
5920352788,Infoprzasnysz,Wei Chen,Poland,http://www.infoprzasnysz.com,infoprzasnysz.com,
5948243836,Dir.bg,Sander Lammers,Bulgaria,http://www.dir.bg,dir.bg,https://www.linkedin.com/company/dir-bg
6515404632,Moto7 專業汽機車資訊,Sander Lammers,Taiwan,http://www.moto7.net,moto7.net,
5967500466,banjaluka,Rory Hunter,Bosnia and Herzegovina,http://www.banjaluka.com,banjaluka.com,https://www.linkedin.com/company/portal-banjaluka-com
6266241402,Analytics Insight,Wei Chen,India,http://www.analyticsinsight.net,analyticsinsight.net,http://www.linkedin.com/company/analytics-insight
6113057625,Wrestling Headlines,Hanson Ojo,United States,http://www.wrestlingheadlines.com,wrestlingheadlines.com,
5966755757,Light Travel,Rory Hunter,Bangladesh,http://www.lightnewsbd.com,lightnewsbd.com,
6017222831,Madata,Sander Lammers,Greece,http://www.madata.gr,madata.gr,
6133533598,a Gazete,Rory Hunter,Turkey,http://www.agazete.com.tr,agazete.com.tr,
6010086441,Marketnews.gr,Wei Chen,Greece,http://www.marketnews.gr,marketnews.gr,
6249201513,Onlymyhealth,Sander Lammers,India,http://www.onlymyhealth.com,onlymyhealth.com,https://www.linkedin.com/company/onlymyhealth.com
5980990311,Medyabar,Sander Lammers,Turkey,http://www.medyabar.com,medyabar.com,
6017268401,Duna Médiaszolgáltató Zrt,Rory Hunter,Hungary,http://www.dunamsz.hu,dunamsz.hu,
6158443021,Southern Newspapers,Damian Domanski,United States,http://www.sninews.com,sninews.com,
6434165663,MAN-MAN,Sander Lammers,Netherlands,http://www.man-man.nl,man-man.nl,
5966755974,Bio Medicina,Wei Chen,Bosnia and Herzegovina,http://www.biomedicina.eu,biomedicina.eu,
6375737893,Ziarul National,Wei Chen,Romania,http://www.national.ro,national.ro,
6266760099,Nehaber 24,Wei Chen,Turkey,http://www.nehaber24.com,nehaber24.com,
6010086173,Mielen Ihmeet,Sander Lammers,Finland,http://www.mielenihmeet.fi,mielenihmeet.fi,https://www.linkedin.com/company/mielen-ihmeet
6375784749,ATV,Rory Hunter,Hungary,http://www.atv.hu,atv.hu,https://www.linkedin.com/company/atv-hungary
6519921589,Metro Vaartha,Rory Hunter,India,http://www.metrovaartha.com,metrovaartha.com,https://www.linkedin.com/company/metro-vaartha-kerala
6113049964,Teton Media Works,Rory Hunter,United States,http://www.tetonmediaworks.com,tetonmediaworks.com,
6448078951,Lasvanska Dolina,Wei Chen,Croatia,http://www.lasvanskadolina.info,lasvanskadolina.info,
6519970474,Mama Newsa,Wei Chen,Poland,http://www.mamnewsa.pl,mamnewsa.pl,
5960180855,Ἑλληνοϊστορεῖν (Ellinostorin),Rory Hunter,Greece,http://www.ellinoistorin.gr,ellinoistorin.gr,
6411529758,Lawyers Club Bangladesh,Sander Lammers,Bangladesh,http://www.lawyersclubbangladesh.com,lawyersclubbangladesh.com,
5967645578,bbc24news,Rory Hunter,Bangladesh,http://www.bbc24news.com,bbc24news.com,
6514206847,Monitorday,Wei Chen,Indonesia,http://www.monitorday.com,monitorday.com,https://www.linkedin.com/company/monitorday-com
6017046684,Miastopoznaj,Wei Chen,Poland,http://www.miastopoznaj.pl,miastopoznaj.pl,
6186410112,Twój Kurier Olsztyński,Rory Hunter,Poland,http://www.tko.pl,tko.pl,
6010239491,Lesvos News,Wei Chen,Greece,http://www.lesvosnews.net,lesvosnews.net,
6448900956,TeluguStop,Rory Hunter,India,http://www.telugustop.com,telugustop.com,
6010107515,MISCAREA DE REZISTENTA,Wei Chen,Romania,http://www.miscareaderezistenta.ro,miscareaderezistenta.ro,
6044119567,Fűzővel kifelé!,Wei Chen,Hungary,http://www.fuzovelkifele.com,fuzovelkifele.com,
6446084965,Reviewit.pk,Rory Hunter,Pakistan,http://www.reviewit.pk,reviewit.pk,
5960271127,BalkansPress,Sander Lammers,Serbia,http://www.balkanspress.com,balkanspress.com,
5969570949,Kosova Ime,Wei Chen,Serbia,http://www.kosovaime.tv,kosovaime.tv,
6427085378,News Kannada,Sander Lammers,India,http://www.newskannada.in,newskannada.in,
6523808953,TLife,Wei Chen,Greece,http://www.tlife.gr,tlife.gr,
5959923806,Jabuka.tv,Rory Hunter,Bosnia and Herzegovina,http://www.jabuka.tv,jabuka.tv,https://www.linkedin.com/company/jabuka-tv
6523911353,Bidista.com - A TippLista,Sander Lammers,Hungary,http://www.bidista.com,bidista.com,
6514214693,Roze News,Sander Lammers,Pakistan,http://www.rozenews.com.pk,rozenews.com.pk,https://www.linkedin.com/company/rozenews
6075690822,SuomiKiekko,Rory Hunter,Finland,http://www.suomikiekko.com,suomikiekko.com,
6044517669,budapest kornyeke,Sander Lammers,Hungary,http://www.budapestkornyeke.hu,budapestkornyeke.hu,
6137184185,Android.com.pl,Rory Hunter,Poland,http://www.android.com.pl,android.com.pl,https://www.linkedin.com/company/android-com-pl
6446106689,SanDiego Red,Sander Lammers,United States,http://www.sandiegored.com,sandiegored.com,https://www.linkedin.com/company/sandiegored
6408482435,Kakanj-X,Wei Chen,Bosnia and Herzegovina,http://www.kakanj-x.com,kakanj-x.com,
6106117006,Tatlı Tarifleri,Rory Hunter,Turkey,http://www.videoluyemek.com,videoluyemek.com,
6113055010,Hello Health Group,Sander Lammers,Singapore,http://www.hellohealthgroup.com,hellohealthgroup.com,https://www.linkedin.com/company/hello-health-group
6524405345,Dharitri,Rory Hunter,India,http://www.dharitri.com,dharitri.com,https://www.linkedin.com/company/dharitri-oriya-daily
5970330458,Bhadas4media,Wei Chen,India,http://www.bhadas4media.com,bhadas4media.com,
6106197619,Haberdarim,Wei Chen,Turkey,http://www.haberdarim.com,haberdarim.com,
5969677657,Presheva.al,Wei Chen,Serbia,http://www.presheva.al,presheva.al,
6020816467,Maha Sports महा स्पोर्ट्स,Rory Hunter,India,http://www.mahasports.in,mahasports.in,https://www.linkedin.com/company/maha-sports
6133624602,Siyasetcafe.com,Wei Chen,Turkey,http://www.siyasetcafe.com,siyasetcafe.com,
6106163300,Halkweb,Sander Lammers,Turkey,http://www.halkweb.com.tr,halkweb.com.tr,
6519967494,Madridista,Sander Lammers,Denmark,http://www.madridista.dk,madridista.dk,
6523512905,ajkerbangladesh24.com,Wei Chen,Bangladesh,http://www.deshprotikhon.com,deshprotikhon.com,
6521844507,Sarah Palin,Rory Hunter,United States,http://www.sarahpalin.com,sarahpalin.com,
6525211726,E-Braničevo,Rory Hunter,Bosnia and Herzegovina,http://www.ebranicevo.com,ebranicevo.com,https://www.linkedin.com/company/envato
6434117411,News Narayanganj,Wei Chen,Bangladesh,http://www.newsnarayanganj24.net,newsnarayanganj24.net,
6173998682,Statist SE,Sander Lammers,Sweden,http://www.statist.se,statist.se,
6434065963,Rangers FC,Wei Chen,United Kingdom,http://www.rangers.co.uk,rangers.co.uk,https://www.linkedin.com/company/rangers-football-club
5966650381,life4style,Wei Chen,Poland,http://www.life4style.pl,life4style.pl,https://www.linkedin.com/company/life4style-pl
6437464861,Kult Plus,Sander Lammers,Serbia,http://www.kultplus.com,kultplus.com,
6106153540,İleri Haber,Sander Lammers,Turkey,http://www.ilerihaber.org,ilerihaber.org,
6445750914,Natchitoches Parish Journal,Damian Domanski,United States,http://www.natchitochesparishjournal.com,natchitochesparishjournal.com,
6446312073,SET News,Wei Chen,Taiwan,http://www.setn.com,setn.com,
6170816381,Ethnos,Rory Hunter,Greece,http://www.ethnos.gr,ethnos.gr,https://www.linkedin.com/company/ethnos-pegasus-sa
5966756625,Literatura De Azi,Rory Hunter,Romania,http://www.literaturadeazi.ro,literaturadeazi.ro,
6106197825,Kocaeli Zirve,Sander Lammers,Turkey,http://www.kocaelizirve.com,kocaelizirve.com,
5966800415,Ljepota & Zdravlje Hrvatska,Rory Hunter,Croatia,http://www.ljepotaizdravlje.hr,ljepotaizdravlje.hr,
6133770532,Tigris Haber,Wei Chen,Turkey,http://www.tigrishaber.com,tigrishaber.com,
6519929378,Meczyki,Wei Chen,Poland,http://www.meczyki.pl,meczyki.pl,https://www.linkedin.com/company/meczyki-pl
6521844997,Shilo Magazine Шило Магазин,Sander Lammers,Australia,http://www.shilomagazine.com.au,shilomagazine.com.au,
6083685213,Mesagerul lui Hristos,Sander Lammers,Romania,http://www.stiriincurajari.ro,stiriincurajari.ro,
6113094302,Independent Urdu,Wei Chen,India,http://www.independenturdu.com,independenturdu.com,
6524352291,Cinema politics,Rory Hunter,India,http://www.cinemapolitics.com,cinemapolitics.com,
6524346149,Cricketnmore,Rory Hunter,India,http://www.cricketnmore.com,cricketnmore.com,https://www.linkedin.com/company/champ-sports-corporation
6238744348,New Generation Media Corporation,Sander Lammers,India,http://www.puthiyathalaimurai.com,puthiyathalaimurai.com,https://www.linkedin.com/company/puthiya-thalaimurai
6137183748,AM Press News,Rory Hunter,Romania,http://www.ampress.ro,ampress.ro,
6406123807,CapeCod.com,Damian Domanski,United States,http://www.capecod.com,capecod.com,https://www.linkedin.com/company/capecod-com
6434122831,Listelist,Rory Hunter,Turkey,http://www.listelist.com,listelist.com,https://www.linkedin.com/company/listelist
6133227615,Portfolio Csoport,Rory Hunter,Hungary,http://www.portfoliocsoport.hu,portfoliocsoport.hu,https://www.linkedin.com/company/net-m-dia-zrt-
6019718684,Malai Murasu,Rory Hunter,India,http://www.malaimurasu.in,malaimurasu.in,
6101630578,Crisp Network,Rory Hunter,United States,http://www.crisp.network,crisp.network,
5981010594,Menshouse,Wei Chen,Greece,http://www.menshouse.gr,menshouse.gr,
6519969858,Malataya News,Wei Chen,Turkey,http://www.malatyahabermerkezi.com,malatyahabermerkezi.com,
6266891625,MamaPeinao,Sander Lammers,Greece,http://www.mamapeinao.gr,mamapeinao.gr,
5981076637,Merhaba Haber,Rory Hunter,Turkey,http://www.merhabahaber.com,merhabahaber.com,
6435535231,Music Daily,Wei Chen,Hungary,http://www.musicdaily.hu,musicdaily.hu,
6525210372,ΜΗΧΑΝΗ ΤΟΥ ΧΡΟΝΟΥ,Wei Chen,Greece,http://www.mixanitouxronou.gr,mixanitouxronou.gr,https://www.linkedin.com/company/cre8gr
6267064678,OneIndia,Wei Chen,India,http://www.oneindia.com,oneindia.com,https://www.linkedin.com/company/oneindia-careers
6133501563,Duruş Haber,Wei Chen,Turkey,http://www.durushaber.com.tr,durushaber.com.tr,
5966838102,Livno Online,Wei Chen,Bosnia and Herzegovina,http://www.livno-online.com,livno-online.com,
6520004463,Malayalee Vision Media LTD,Rory Hunter,India,http://www.malayaleevision.com,malayaleevision.com,
6101289304,Liverpool FC Supporters Club Norway,Sander Lammers,Norway,http://www.liverpool.no,liverpool.no,https://www.linkedin.com/company/liverpool-fc-supporters%27-club-norway
6101261151,Manchester United Supporters Club Scandinavia,Damian Domanski,Norway,http://www.united.no,united.no,https://www.linkedin.com/company/united-nur
6520006249,Mavi Kocaeli Gazetesi,Rory Hunter,Turkey,http://www.mavikocaeli.com.tr,mavikocaeli.com.tr,https://www.linkedin.com/company/mavi-kocaeli
6051839566,Inda-Labs,Rory Hunter,Hungary,http://www.inda.hu,inda.hu,https://www.linkedin.com/company/indalabs
6519927398,Amber Press Publishing House,Wei Chen,Poland,http://www.miastokolobrzeg.pl,miastokolobrzeg.pl,
5960242104,Aydınpost,Rory Hunter,Turkey,http://www.aydinpost.com,aydinpost.com,
6536587677,Daddy Cool,Sander Lammers,Greece,http://www.daddy-cool.gr,daddy-cool.gr,
6529424428,Kuningan Mass,Wei Chen,Indonesia,http://www.kuninganmass.com,kuninganmass.com,
6560083211,iPaidia News,Sander Lammers,Greece,http://www.ipaidia.gr,ipaidia.gr,
6577826840,Grupul pentru Dialog Social,Sander Lammers,Romania,http://www.gds.ong.ro,gds.ong.ro,https://www.linkedin.com/company/aid-ong
6601123964,Philippine Basketball Association (PBA),Sander Lammers,Philippines,http://www.pba.ph,pba.ph,
6595048976,Bradva.bg,Sander Lammers,Bulgaria,http://www.bradva.bg,bradva.bg,
6578098462,Freepen.gr,Rory Hunter,Greece,http://www.freepen.gr,freepen.gr,https://www.linkedin.com/in/freepen-newspaper-08302988/?trk=nav_responsive_tab_profile
6580495408,Fundatia Mereu Aproape,Sander Lammers,Romania,http://www.fundatiamereuaproape.ro,fundatiamereuaproape.ro,https://www.linkedin.com/company/fundatia-mereu-aproape
6553220759,Alerta de Stiri,Sander Lammers,Romania,http://www.alertadestiri.ro,alertadestiri.ro,
6567811190,Monitorul de Vrancea,Sander Lammers,Romania,http://www.monitoruldevrancea.ro,monitoruldevrancea.ro,
6586202271,Voice News,Wei Chen,Greece,http://www.voicenews.gr,voicenews.gr,
6601078373,Ziarul Puterea,Rory Hunter,Romania,http://www.puterea.ro,puterea.ro,
6579156534,Politic.gr,Sander Lammers,Greece,http://www.politic.gr,politic.gr,
6594305310,CultureNow,Rory Hunter,Greece,http://www.culturenow.gr,culturenow.gr,https://www.linkedin.com/company/culture-now
6580385322,Transilvania 365,Wei Chen,Romania,http://www.transilvania365.ro,transilvania365.ro,
6602338704,Homesthetics,Sander Lammers,Romania,http://www.homesthetics.net,homesthetics.net,
6579147068,Romani Buni,Sander Lammers,Romania,http://www.romani-buni.info,romani-buni.info,
6594670603,Casa Ideas,Sander Lammers,Greece,http://www.casasideas.gr,casasideas.gr,
6586515892,Gazeta de Nord-Vest,Wei Chen,Romania,http://www.gazetanord-vest.ro,gazetanord-vest.ro,https://www.linkedin.com/company/gazeta-de-nord-vest
6601302608,Argeș-Știri.ro,Wei Chen,Romania,http://www.arges-stiri.ro,arges-stiri.ro,
6529049607,Kishoreganjnews,Sander Lammers,Bangladesh,http://www.kishoreganjnews.com,kishoreganjnews.com,
6586270371,Artho Suchak,Rory Hunter,Bangladesh,http://www.arthosuchak.com,arthosuchak.com,
6569902248,013info,Rory Hunter,Serbia,http://www.013info.rs,013info.rs,
6586329763,Channel 24,Rory Hunter,Bangladesh,http://www.channel24bd.tv,channel24bd.tv,https://www.linkedin.com/company/channel-24
6579242260,Obiectiv de Suceava,Wei Chen,Romania,http://www.obiectivdesuceava.ro,obiectivdesuceava.ro,
6528447767,Hakikat Gazetesi,Wei Chen,Turkey,http://www.kibrishakikat.com,kibrishakikat.com,
6594505257,EMaramures,Rory Hunter,Romania,http://www.emaramures.ro,emaramures.ro,https://www.linkedin.com/company/mymester
6567735624,52Bangla TV,Rory Hunter,Bangladesh,http://www.52banglatv.com,52banglatv.com,
6579057179,Republikbobotoh.com,Sander Lammers,Indonesia,http://www.republikbobotoh.com,republikbobotoh.com,
6594720045,OnAlert.gr,Rory Hunter,Greece,http://www.onalert.gr,onalert.gr,
6595054681,Bursasporluyuz.org,Wei Chen,Turkey,http://www.bursasporluyuz.org,bursasporluyuz.org,
6525312432,ASB Today,Rory Hunter,India,http://www.asbtoday.com,asbtoday.com,https://www.linkedin.com/company/asbtoday
6567731506,Candia Doc,Wei Chen,Greece,http://www.candiadoc.gr,candiadoc.gr,
6579082600,CityPatras,Rory Hunter,Greece,http://www.citypatras.gr,citypatras.gr,
6579240555,Satu Mare News,Wei Chen,Romania,http://www.satumarenews.ro,satumarenews.ro,https://www.linkedin.com/company/satumarenews
6594988123,DESCOPERA.ro,Sander Lammers,Romania,http://www.descopera.ro,descopera.ro,
6567447843,Compupress,Rory Hunter,Greece,http://www.compupress.gr,compupress.gr,
6594975054,Szatmar.ro,Wei Chen,Romania,http://www.szatmar.ro,szatmar.ro,
6595018574,Espresso,Rory Hunter,Greece,http://www.espressonews.gr,espressonews.gr,
6594308459,CLUJUST,Rory Hunter,Romania,http://www.clujust.ro,clujust.ro,https://www.linkedin.com/company/clujust
6594716026,Fightsports.gr,Wei Chen,Greece,http://www.fightsports.gr,fightsports.gr,
6601287452,MySalonika.gr,Wei Chen,Greece,http://www.mysalonika.gr,mysalonika.gr,
6595048562,Bollywood.com,Damian Domanski,India,http://www.bollywood.com,bollywood.com,https://www.linkedin.com/company/join-bollywood
6601151513,Basketa.gr,Wei Chen,Greece,http://www.basketa.gr,basketa.gr,
6525321886,তথ্য প্রবাহ,Wei Chen,Bangladesh,http://www.bekarbarta.com,bekarbarta.com,
6579353944,Editia De Dimineata,Rory Hunter,Romania,http://www.editiadedimineata.ro,editiadedimineata.ro,
6567447040,Secretul Sănătății,Sander Lammers,Romania,http://www.secretulsanatatii.net,secretulsanatatii.net,
6577928032,Bangladesh Journal,Rory Hunter,Bangladesh,http://www.bd-journal.com,bd-journal.com,
6601154049,ARQ,Wei Chen,Romania,http://www.arq.ro,arq.ro,
6595022432,Capital.ro,Rory Hunter,Romania,http://www.capital.ro,capital.ro,https://www.linkedin.com/company/capital_2
6577860462,NewsPistol.gr,Wei Chen,Greece,http://www.newspistol.gr,newspistol.gr,
6528993367,Kompasiana,Wei Chen,Indonesia,http://www.kompasiana.com,kompasiana.com,
6528983894,İzmir Gündemi,Wei Chen,Turkey,http://www.izmirgundemi.net,izmirgundemi.net,
6578029975,Ziarul Unirea,Wei Chen,Romania,http://www.ziarulunirea.ro,ziarulunirea.ro,
6594970001,Uh.ro,Wei Chen,Romania,http://www.uh.ro,uh.ro,
6560711302,Dinfo,Rory Hunter,Greece,http://www.dinfo.gr,dinfo.gr,
6586150426,NewsAr.ro,Wei Chen,Romania,http://www.newsar.ro,newsar.ro,
6594972829,風傳媒,Rory Hunter,Taiwan,http://www.storm.mg,storm.mg,
6602337290,RedGoal,Rory Hunter,Greece,http://www.redgoal.gr,redgoal.gr,
6602356490,Khabar Samay,Sander Lammers,India,http://www.khabarsamay.com,khabarsamay.com,https://www.linkedin.com/company/khabar-samay
6577917343,Wawlist,Wei Chen,Romania,http://www.wawlist.com,wawlist.com,
6594252416,Reper24.ro,Wei Chen,Romania,http://www.reper24.ro,reper24.ro,
6594443935,UrduBiz,Wei Chen,Pakistan,http://www.urdubiz.com,urdubiz.com,
6578982576,TalentAbout.gr,Rory Hunter,Greece,http://www.talentabout.gr,talentabout.gr,https://www.linkedin.com/company/talentabout
6586562821,Football League News,Wei Chen,Greece,http://www.footballleaguenews.gr,footballleaguenews.gr,
6594979714,Defense Romania,Wei Chen,Romania,http://www.defenseromania.ro,defenseromania.ro,
6577922693,InfoOradea,Sander Lammers,Romania,http://www.infooradea.ro,infooradea.ro,https://www.linkedin.com/company/infooradea
6586446606,Frizure,Sander Lammers,Croatia,http://www.frizure.hr,frizure.hr,
6594184848,Poimin.gr,Wei Chen,Greece,http://www.poimin.gr,poimin.gr,
6528992434,Gospel Hotspot,Sander Lammers,Nigeria,http://www.gospelhotspot.net,gospelhotspot.net,
6585960208,ObiectivSM,Wei Chen,Romania,http://www.obiectiv-sm.ro,obiectiv-sm.ro,
6594673039,Islamic Gathering,Sander Lammers,United Arab Emirates,http://www.islamicgathering.com,islamicgathering.com,
6594229396,deBanat.ro,Rory Hunter,Romania,http://www.debanat.ro,debanat.ro,
6568410911,Buna Ziua Vaslui,Wei Chen,Romania,http://www.bzv.ro,bzv.ro,
6586223923,ফ্রক্স মিডিয়া লিমিটেড,Wei Chen,Bangladesh,http://www.protidinersangbad.com,protidinersangbad.com,
6569686077,Brasov Romania,Sander Lammers,Romania,http://www.brasovromania.net,brasovromania.net,
6525219139,Covai Post - Thandoraa,Sander Lammers,India,http://www.thandoraa.com,thandoraa.com,
6528975237,K-013,Wei Chen,Bosnia and Herzegovina,http://www.k-013.com,k-013.com,
6578496692,Ankara'nın Sesi,Rory Hunter,Turkey,http://www.ankaraninsesi.com,ankaraninsesi.com,
6602045489,This Is Italy,Rory Hunter,Greece,http://www.this-is-italy.com,this-is-italy.com,
6560090550,Fumara,Sander Lammers,Greece,http://www.fumara.gr,fumara.gr,
6586151461,Superbasket.gr,Wei Chen,Greece,http://www.superbasket.gr,superbasket.gr,
6586153810,Gazeta Express,Rory Hunter,Serbia,http://www.gazetaexpress.com,gazetaexpress.com,https://www.linkedin.com/company/gazetaexpress
6553198428,E-everos,Rory Hunter,Greece,http://www.e-evros.gr,e-evros.gr,https://www.linkedin.com/company/eevrosgr
6542713918,OFF Magazine,Rory Hunter,Greece,http://www.offmagazine.gr,offmagazine.gr,
6586189917,Arunachal24.in,Sander Lammers,India,http://www.arunachal24.in,arunachal24.in,
6525262625,Ereğli Metro Tv,Rory Hunter,Turkey,http://www.ereglimetro.com.tr,ereglimetro.com.tr,
6586575174,Avocatnet.ro,Rory Hunter,Romania,http://www.avocatnet.ro,avocatnet.ro,https://www.linkedin.com/company/avocatnet
6567497127,Stiri Crestine,Wei Chen,Romania,http://www.stiricrestine.ro,stiricrestine.ro,
6601159591,HT Press Online,Wei Chen,Greece,http://www.htpress.gr,htpress.gr,
6559648041,Piraeus Press,Sander Lammers,Greece,http://www.piraeuspress.gr,piraeuspress.gr,
6567825317,Slatina Ta,Wei Chen,Romania,http://www.slatinata.ro,slatinata.ro,
6568428126,Buna Ziua Cluj,Rory Hunter,Romania,http://www.bzc.ro,bzc.ro,
6601124522,ClickTheCity,Damian Domanski,Philippines,http://www.clickthecity.com,clickthecity.com,https://www.linkedin.com/company/clickthecity
6567445398,Red Clover Media,Sander Lammers,Romania,http://www.redclovermedia.ro,redclovermedia.ro,
6601191312,Left.gr,Wei Chen,Greece,http://www.left.gr,left.gr,
6567847572,Skybox 360 Media,Sander Lammers,United States,http://www.skybox360.com,skybox360.com,https://www.linkedin.com/company/skybox-360-media
6586227553,ARTinfo,Wei Chen,Bosnia and Herzegovina,http://www.artinfo.ba,artinfo.ba,
6601165696,Enimerosi,Rory Hunter,Greece,http://www.enimerosi.com,enimerosi.com,
6585931633,Kingsport,Wei Chen,Greece,http://www.kingsport.gr,kingsport.gr,
6602598536,Iminathi,Wei Chen,South Africa,http://www.iminathi.net,iminathi.net,
6616540259,socialpolicy.gr,Rory Hunter,Greece,http://www.socialpolicy.gr,socialpolicy.gr,https://www.linkedin.com/company/socialpolicy-gr
6637813408,Hip-Hop Nigdy Stop,Sander Lammers,Poland,http://www.hhns.pl,hhns.pl,
6622372275,Balkanrock,Wei Chen,Serbia,http://www.balkanrock.com,balkanrock.com,https://www.linkedin.com/company/balkanrock
6631331406,AviationNewsBD.com,Sander Lammers,Bangladesh,http://www.aviationnewsbd.com,aviationnewsbd.com,
6644844316,Jajce Online,Wei Chen,Bosnia and Herzegovina,http://www.jajce-online.com,jajce-online.com,
6603085954,Esos.gr,Wei Chen,Greece,http://www.esos.gr,esos.gr,
6628834826,BriefingNews.gr,Sander Lammers,Greece,http://www.briefingnews.gr,briefingnews.gr,
6632264773,Harmonikum,Sander Lammers,Hungary,http://www.harmonikum.co,harmonikum.co,
6613154616,Investor Media Group,Rory Hunter,Bulgaria,http://www.ibg.bg,ibg.bg,https://www.linkedin.com/company/investor-bg-ad
6639194018,Denizli 24 Haber,Rory Hunter,Turkey,http://www.denizli24haber.com,denizli24haber.com,
6646608948,Dalmatinski portal,Sander Lammers,Croatia,http://www.dalmatinskiportal.hr,dalmatinskiportal.hr,
6602541995,Global News Marathi,Sander Lammers,India,http://www.globalnewsmarathi.com,globalnewsmarathi.com,
6613245708,Azaad Pakistan,Rory Hunter,Pakistan,http://www.azaadpakistan.org,azaadpakistan.org,
6644855353,Jambi Update,Wei Chen,Indonesia,http://www.jambiupdate.co,jambiupdate.co,
6638445444,Ketkes,Sander Lammers,Hungary,http://www.ketkes.com,ketkes.com,
6628866865,INewsgr.com,Rory Hunter,Greece,http://www.inewsgr.com,inewsgr.com,
6639250326,ICookGreek,Rory Hunter,Greece,http://www.icookgreek.com,icookgreek.com,
6610241838,Assen Stad,Wei Chen,Netherlands,http://www.assenstad.nl,assenstad.nl,
6616147049,Donegal Daily,Sander Lammers,Ireland,http://www.donegaldaily.com,donegaldaily.com,
6638488988,TheInfoNG,Rory Hunter,Nigeria,http://www.theinfong.com,theinfong.com,https://www.linkedin.com/company/theinfong-media-services
6628800809,Tennis World Italia,Rory Hunter,South Africa,http://www.tennisworlditalia.com,tennisworlditalia.com,
6639032963,INCREASE SPÓŁKA Z OGRANICZONĄ ODPOWIEDZIALNOŚCIĄ SPÓŁKA KOMANDYTOWA,Rory Hunter,Poland,http://www.cytaty.pl,cytaty.pl,
6616247138,AstroLive,Wei Chen,Greece,http://www.astro-live.gr,astro-live.gr,
6622363264,B4blaze,Rory Hunter,India,http://www.b4blaze.com,b4blaze.com,https://www.linkedin.com/company/b4blaze
6615715689,Renovat.ro,Sander Lammers,Romania,http://www.renovat.ro,renovat.ro,
6646045727,Civilhetes,Wei Chen,Hungary,http://www.civilhetes.net,civilhetes.net,
6610242880,Ebasket.gr,Rory Hunter,Greece,http://www.ebasket.gr,ebasket.gr,https://www.linkedin.com/company/ebasket-gr
6646689385,DEV Community,Sander Lammers,United States,http://www.dev.to,dev.to,https://www.linkedin.com/company/thepracticaldev
6609015460,Enimerotiko.gr,Rory Hunter,Greece,http://www.enimerotiko.gr,enimerotiko.gr,
6612080469,Insaf24.com,Sander Lammers,Bangladesh,http://www.insaf24.com,insaf24.com,
6613244261,Aydın Hedef Gazetesi,Wei Chen,Turkey,http://www.aydinhedef.com.tr,aydinhedef.com.tr,
6629223019,Secretele lui Lovendal,Wei Chen,Romania,http://www.lovendal.ro,lovendal.ro,
6612019030,Ülkücü Medya,Wei Chen,Turkey,http://www.ulkucumedya.com,ulkucumedya.com,
6611973972,LOOKin,Sander Lammers,Taiwan,http://www.look-in.com.tw,look-in.com.tw,
6608866744,Daily ISLAM Karachi,Wei Chen,Pakistan,http://www.dailyislam.pk,dailyislam.pk,
6608959673,Greek Vegans,Sander Lammers,Greece,http://www.greekvegans.gr,greekvegans.gr,
6617379385,Eirinika.gr,Wei Chen,Greece,http://www.eirinika.gr,eirinika.gr,
6631771932,Vartha Bharati,Damian Domanski,India,http://www.varthabharati.in,varthabharati.in,https://www.linkedin.com/company/varthabharati
6608993970,Detinjarije,Sander Lammers,Serbia,http://www.detinjarije.com,detinjarije.com,
6608863370,ObservatorBN,Wei Chen,Romania,http://www.observatorbn.ro,observatorbn.ro,
6616518915,Stiripesurse.ro,Sander Lammers,Romania,http://www.stiripesurse.ro,stiripesurse.ro,
6610721381,Associated Press of Pakistan (APP),Sander Lammers,Pakistan,http://www.app.com.pk,app.com.pk,https://www.linkedin.com/company/associated-press-of-pakistan
6612832066,AutoJosh,Rory Hunter,Nigeria,http://www.autojosh.com,autojosh.com,https://www.linkedin.com/company/autojoshng
6609007753,Larissanet.gr,Wei Chen,Greece,http://www.larissanet.gr,larissanet.gr,
6610768481,TV ASTA,Wei Chen,Poland,http://www.asta24.pl,asta24.pl,
6609876626,MessiniaRadio.gr,Wei Chen,Greece,http://www.messiniaradio.gr,messiniaradio.gr,
6608988550,Times News,Wei Chen,Greece,http://www.timesnews.gr,timesnews.gr,
6610768482,Goba Beauty,Sander Lammers,Hong Kong,http://www.gobahub.com,gobahub.com,
6647619152,Bezuzyteczna.pl,Rory Hunter,Poland,http://www.bezuzyteczna.pl,bezuzyteczna.pl,
6609786773,Avopolis Music Network,Sander Lammers,Greece,http://www.avopolis.gr,avopolis.gr,
6628811892,Εκκλησία Online,Wei Chen,Greece,http://www.ekklisiaonline.gr,ekklisiaonline.gr,https://www.linkedin.com/company/%CE%B5%CE%BA%CE%BA%CE%BB%CE%B7%CF%83%CE%AF%CE%B1-online
6631789094,Janjwar,Rory Hunter,India,http://www.janjwar.com,janjwar.com,https://www.linkedin.com/company/janjwar
6608891013,Kontra Media Group,Sander Lammers,Greece,http://www.kmg.gr,kmg.gr,
6611627621,Šašava Ja,Sander Lammers,Croatia,http://www.sasava-ja.com,sasava-ja.com,
6644705150,Noticias de Puerto Rico,Wei Chen,United States,http://www.noticiapr.com,noticiapr.com,
6616178991,Economica.net,Wei Chen,Romania,http://www.economica.net,economica.net,https://www.linkedin.com/company/economica-net-romania-tv-capital
6617312788,Ekşi Sözlük,Sander Lammers,Turkey,http://www.eksisozluk.com,eksisozluk.com,https://www.linkedin.com/company/ek-i-teknoloji
6609001105,Romfea,Wei Chen,Greece,http://www.romfea.gr,romfea.gr,https://www.linkedin.com/company/romfea.gr
6602447624,Capital Blues,Wei Chen,India,http://www.capitalblues.in,capitalblues.in,
6622667325,PT Visi Siber Banten,Rory Hunter,Indonesia,http://www.bantennews.co.id,bantennews.co.id,https://www.linkedin.com/company/banten-news
6644890000,Kaajcareer,Rory Hunter,India,http://www.kaajcareer.in,kaajcareer.in,
6613633203,AXED,Rory Hunter,Netherlands,http://www.axed.nl,axed.nl,
6644861339,Lekhapora BD,Sander Lammers,Bangladesh,http://www.lekhaporabd.net,lekhaporabd.net,
6629212077,News Moldova,Rory Hunter,Romania,http://www.newsmoldova.ro,newsmoldova.ro,
6639249718,Derventa Cafe,Rory Hunter,Bosnia and Herzegovina,http://www.derventacafe.com,derventacafe.com,
6630766262,Maszol.ro,Sander Lammers,Romania,http://www.maszol.ro,maszol.ro,
6638931001,Balkan Android,Wei Chen,Croatia,http://www.balkanandroid.com,balkanandroid.com,
6639817040,Daily Post Punjabi,Wei Chen,India,http://www.dailypost.in,dailypost.in,
6652565524,Kaldata,Rory Hunter,Bulgaria,http://www.kaldata.com,kaldata.com,https://www.linkedin.com/company/kaldata
6629206454,Infognomon Politics,Wei Chen,Greece,http://www.infognomonpolitics.gr,infognomonpolitics.gr,
6640120914,ANF,Wei Chen,Turkey,http://www.anfenglishmobile.com,anfenglishmobile.com,
6609018481,Zdravlje I Kuhinja,Wei Chen,Bosnia and Herzegovina,http://www.zdravlje-i-kuhinja.live,zdravlje-i-kuhinja.live,
6602359087,Horofriend88,Sander Lammers,Taiwan,http://www.horofriend88.com,horofriend88.com,
6646253193,Denizli Ekspres,Rory Hunter,Turkey,http://www.denizliekspres.com.tr,denizliekspres.com.tr,
6644864162,Jagannathpur24,Wei Chen,Bangladesh,http://www.jagannathpur24.com,jagannathpur24.com,
6602390588,Best Knitting Ideas,Sander Lammers,Turkey,http://www.knittingidea.info,knittingidea.info,
6639634039,Daily Nai Baat,Damian Domanski,Pakistan,http://www.naibaat.pk,naibaat.pk,
6644897446,Bursasporum.com,Rory Hunter,Turkey,http://www.bursasporum.com,bursasporum.com,
6608878930,Daily Bangladesh Media,Wei Chen,Bangladesh,http://www.bangladesh-media.com,bangladesh-media.com,
6646239388,ArabObserver,Rory Hunter,United Kingdom,http://www.arabobserver.com,arabobserver.com,
6602366537,TheCaller.gr,Hanson Ojo,Greece,http://www.thecaller.gr,thecaller.gr,
6602529098,Botosani News,Rory Hunter,Romania,http://www.botosaninews.ro,botosaninews.ro,
6640273162,Cinema Daddy,Rory Hunter,India,http://www.cinemadaddy.com,cinemadaddy.com,
6639816459,Polskie Wydawnictwo Rolnicze,Damian Domanski,Poland,http://www.pwr.agro.pl,pwr.agro.pl,https://www.linkedin.com/company/polskie-wydawnictwo-rolnicze-sp-z-o-o-
6622324341,BabyHome,Rory Hunter,Taiwan,http://www.babyhome.com.tw,babyhome.com.tw,
6615835290,Dimosio.gr,Wei Chen,Greece,http://www.dimosio.gr,dimosio.gr,
6631309198,YamNews 蕃新聞,Rory Hunter,Taiwan,http://www.yam.com,yam.com,
6609114175,BLOKO,Wei Chen,Greece,http://www.bloko.gr,bloko.gr,
6616958645,Banat Media,Wei Chen,Romania,http://www.btv.ro,btv.ro,
6610085423,LaTaifas,Sander Lammers,Romania,http://www.lataifas.ro,lataifas.ro,
6623283482,Georgians.gr,Sander Lammers,Greece,http://www.georgians.gr,georgians.gr,
6602475350,Cluj Capitala,Sander Lammers,Romania,http://www.clujcapitala.ro,clujcapitala.ro,
6615833524,Mobile Magazine,Wei Chen,Hong Kong,http://www.mobilemagazinehk.com,mobilemagazinehk.com,
6637407357,Hockey Magasinet,Wei Chen,Denmark,http://www.hockeymagasinet.dk,hockeymagasinet.dk,
6622745685,Banja Luka,Rory Hunter,Bosnia and Herzegovina,http://www.banjaluka.net,banjaluka.net,https://www.linkedin.com/company/banjaluka.net
6609775893,Antena24.ro,Rory Hunter,Romania,http://www.antena24.ro,antena24.ro,https://www.linkedin.com/company/antena24-ro
6632153504,Furkan Haber,Rory Hunter,Turkey,http://www.furkanhaber.net,furkanhaber.net,
6615829413,Tennisnews.gr,Sander Lammers,Greece,http://www.tennisnews.gr,tennisnews.gr,
6623188543,Inspector-Gadget.gr,Wei Chen,Greece,http://www.inspector-gadget.gr,inspector-gadget.gr,
6681078331,Kinowar.com,Sander Lammers,Australia,http://www.kinowar.com,kinowar.com,
6700397397,Binodon69,Wei Chen,Bangladesh,http://www.binodon69.com,binodon69.com,
6671845792,Nashville Noticias,Sander Lammers,United States,http://www.nashvillenoticias.com,nashvillenoticias.com,
6680884517,EYT Media Group,Wei Chen,United States,http://www.eyt.media,eyt.media,
6680913445,Jammu Links News,Sander Lammers,India,http://www.jammulinksnews.com,jammulinksnews.com,
6652765340,True Scoop,Wei Chen,India,http://www.truescoopnews.com,truescoopnews.com,
6698565467,JagoronNews.com,Sander Lammers,Bangladesh,http://www.jagoronnews.com,jagoronnews.com,
6681195041,Kelly’s Thoughts On Things,Rory Hunter,Australia,http://www.kellysthoughtsonthings.com,kellysthoughtsonthings.com,
6665850480,Talk of Naija,Rory Hunter,Nigeria,http://www.talkofnaija.com,talkofnaija.com,
6700117615,Business Next Media Group,Damian Domanski,Taiwan,http://www.bnext.com.tw,bnext.com.tw,https://www.linkedin.com/company/business-next-media-corp.-%E5%B7%A8%E6%80%9D%E5%AA%92%E9%AB%94%E9%9B%86%E5%9C%98-
6679361321,Hoću.ba,Wei Chen,Bosnia and Herzegovina,http://www.hocu.ba,hocu.ba,
6680996622,GameReactor EU,Sander Lammers,Denmark,http://www.gamereactor.eu,gamereactor.eu,
6652810935,Dynamite News,Sander Lammers,India,http://www.dynamitenews.com,dynamitenews.com,https://www.linkedin.com/company/dynamitenews1
6698395519,Telugu Desk,Sander Lammers,India,http://www.telugudesk.net,telugudesk.net,
6659725491,Gnezdoto,Sander Lammers,Bulgaria,http://www.gnezdoto.net,gnezdoto.net,
6693040045,PinkVilla,Sander Lammers,India,http://www.pinkvilla.com,pinkvilla.com,https://www.linkedin.com/company/pinkvilla
6658405526,Bbarta24.net,Sander Lammers,Bangladesh,http://www.bbarta24.net,bbarta24.net,
6681363830,Famoza.net,Wei Chen,Serbia,http://www.famoza.net,famoza.net,
6665822749,Uplifting Today,Rory Hunter,United States,http://www.upliftingtoday.com,upliftingtoday.com,
6665883934,Катера,Wei Chen,Serbia,http://www.katera.news,katera.news,
6693301923,Warszawa w Pigułce,Wei Chen,Poland,http://www.warszawawpigulce.pl,warszawawpigulce.pl,
6693258400,Voetbal International,Wei Chen,Netherlands,http://www.vi.nl,vi.nl,https://www.linkedin.com/company/voetbal-international
6699723526,TheCitizen.in,Rory Hunter,India,http://www.thecitizen.in,thecitizen.in,https://www.linkedin.com/company/thecitizenin
6693373606,CiciMici.com,Sander Lammers,Serbia,http://www.cicimici.com,cicimici.com,
6699154200,Public TV,Rory Hunter,India,http://www.publictv.in,publictv.in,https://www.linkedin.com/company/public-tv---india
6660294315,Cineulagam,Sander Lammers,India,http://www.cineulagam.com,cineulagam.com,https://www.linkedin.com/company/cineulagam
6700556034,Bignewslive,Rory Hunter,India,http://www.bignewslive.com,bignewslive.com,https://www.linkedin.com/company/bignews-live
6679349372,RTV Rijnmond,Damian Domanski,Netherlands,http://www.rijnmond.nl,rijnmond.nl,https://www.linkedin.com/company/rtv-rijnmond
6707705773,The Rising News,Wei Chen,India,http://www.therisingnews.com,therisingnews.com,https://www.linkedin.com/company/therisingnews
6707394990,Noroem Invest AS - Sportsbibelen,Jean-Luc Germiquet,Norway,http://www.sportsbibelen.no,sportsbibelen.no,
6679061364,Secret Flying,Rory Hunter,United States,http://www.secretflying.com,secretflying.com,
6658420393,Daily Songbad,Sander Lammers,Bangladesh,http://www.dailysongbad.com,dailysongbad.com,
6692796317,PCBToday,Sander Lammers,India,http://www.pcbtoday.in,pcbtoday.in,
6707398834,Berita Manado,Sander Lammers,Indonesia,http://www.beritamanado.com,beritamanado.com,
6700533017,Pozitivan stav,Wei Chen,Bosnia and Herzegovina,http://www.pozitivanstav.com,pozitivanstav.com,
6665821482,La Perla del Sur,Sander Lammers,United States,http://www.periodicolaperla.com,periodicolaperla.com,
6692445595,India Forums,Sander Lammers,India,http://www.indiaforums.com,indiaforums.com,https://www.linkedin.com/company/indiaforums
6694643317,Womantalk,Wei Chen,Indonesia,http://www.womantalk.com,womantalk.com,
6700421660,Ceknricek.com,Damian Domanski,Indonesia,http://www.ceknricek.com,ceknricek.com,
6708666463,Lex Bird Media,Rory Hunter,Netherlands,http://www.lexbirdmedia.nl,lexbirdmedia.nl,https://www.linkedin.com/company/lex-bird-media
6652786186,Killarney Today,Rory Hunter,Ireland,http://www.killarneytoday.com,killarneytoday.com,
6695130762,България,Wei Chen,Bulgaria,http://www.istinskiistorii.com,istinskiistorii.com,
6673022005,Bangladesh News24,Rory Hunter,Bangladesh,http://www.bdnews24us.com,bdnews24us.com,
6671634470,The Voice Of Bihar - VOB,Rory Hunter,Indonesia,http://www.voiceofbihar.in,voiceofbihar.in,https://www.linkedin.com/company/vobonlinenews
6694762119,Strefa-Beki.pl,Sander Lammers,Poland,http://www.strefa-beki.pl,strefa-beki.pl,
6686708766,Tracara.com,Wei Chen,Serbia,http://www.tracara.com,tracara.com,https://www.linkedin.com/company-beta/4844048
6707280473,Jurnas,Rory Hunter,Indonesia,http://www.jurnas.com,jurnas.com,https://www.linkedin.com/company/pt-media-nusa-pradana
6707280472,Digital Vision Publishing,Wei Chen,Indonesia,http://www.digitalvisionpublishing.com,digitalvisionpublishing.com,https://www.linkedin.com/company/digital-vision-publishing
6692788338,Glamsham.com,Rory Hunter,India,http://www.glamsham.com,glamsham.com,https://www.linkedin.com/company/glamsham
6681307047,Odisha Reporter,Rory Hunter,India,http://www.odishareporter.in,odishareporter.in,https://www.linkedin.com/company/odisha-reporter
6653690125,Seithi Punal,Rory Hunter,India,http://www.seithipunal.com,seithipunal.com,
6692376388,Mad World News,Rory Hunter,United States,http://www.madworldnews.com,madworldnews.com,
6693914204,The Daily Janakantha,Wei Chen,Bangladesh,http://www.dailyjanakantha.com,dailyjanakantha.com,
6659574868,Webniusy,Wei Chen,Poland,http://www.webniusy.com,webniusy.com,
6672037386,Deshvani,Rory Hunter,Indonesia,http://www.deshvani.in,deshvani.in,
6708286333,Omofon,Sander Lammers,Romania,http://www.omofon.com,omofon.com,
6658390394,Daily Projonmo,Wei Chen,Bangladesh,http://www.dailyprojonmo.com,dailyprojonmo.com,
6708286332,অজানা বাংলাদেশ,Wei Chen,Bangladesh,http://www.ajanabangladesh.com,ajanabangladesh.com,
6692460097,PTC Punjabi,Rory Hunter,India,http://www.ptcpunjabi.co.in,ptcpunjabi.co.in,
6660286280,Popular Magazine Indonesia,Rory Hunter,Indonesia,http://www.popular-world.com,popular-world.com,https://www.linkedin.com/company/pt-papillon-publisher
6692768862,Pride East Entertainments,Rory Hunter,India,http://www.prideeast.com,prideeast.com,
6673018881,CaVa,Rory Hunter,Taiwan,http://www.cava.tw,cava.tw,
6673719927,Rozana Spokesman,Rory Hunter,India,http://www.rozanaspokesman.in,rozanaspokesman.in,https://www.linkedin.com/company/rozana-spokesman
6698395520,Nemkutya.com,Sander Lammers,Hungary,http://www.nemkutya.com,nemkutya.com,
6658376990,Bounding Into Comics,Sander Lammers,United States,http://www.boundingintocomics.com,boundingintocomics.com,https://www.linkedin.com/company/bounding-into-comics
6653071183,Leblebi TV,Rory Hunter,Turkey,http://www.leblebi.tv,leblebi.tv,
6674174219,Tenth Code Media,Wei Chen,Nigeria,http://www.tenthcodemedia.com,tenthcodemedia.com,https://www.linkedin.com/company/tenth-code-media-limited
6698655875,Kannada Prabha,Damian Domanski,India,http://www.kannadaprabha.com,kannadaprabha.com,https://www.linkedin.com/company/kannada-prabha
6674418200,Siasat Press,Rory Hunter,India,http://www.siasat.com,siasat.com,https://www.linkedin.com/company/the-siasat-daily
6685631412,Gematsu,Wei Chen,Australia,http://www.gematsu.com,gematsu.com,https://www.linkedin.com/company/gematsu
6692793639,Kpopn,Rory Hunter,Taiwan,http://www.kpopn.com,kpopn.com,
6708289046,Freddo News,Wei Chen,Greece,http://www.freddonews.eu,freddonews.eu,
6672239714,myMMA,Wei Chen,Poland,http://www.mymma.pl,mymma.pl,
6693549607,熱血台中,Wei Chen,Taiwan,http://www.taiwan17go.com,taiwan17go.com,
6700370828,Şifa Bul,Sander Lammers,Turkey,http://www.sifabulun.com,sifabulun.com,
6685598379,Greek Web TV,Wei Chen,Greece,http://www.greek-web-tv.com,greek-web-tv.com,
6665746841,Walo Radio,Wei Chen,United States,http://www.waloradio.com,waloradio.com,
6652781908,Khaleej Urdu,Rory Hunter,United Arab Emirates,http://www.khaleejurdu.com,khaleejurdu.com,
6698463135,Independent24x7,Wei Chen,India,http://www.independent24x7.com,independent24x7.com,https://www.linkedin.com/company/independent24x7
6660302627,Channel I Online,Rory Hunter,Bangladesh,http://www.channelionline.com,channelionline.com,https://www.linkedin.com/company/channeli
6660302623,MotocrossPlanet,Rory Hunter,Netherlands,http://www.motocrossplanet.nl,motocrossplanet.nl,https://www.linkedin.com/company/motocrossplanet
6674652468,iChowk,Rory Hunter,Indonesia,http://www.ichowk.in,ichowk.in,
6707819572,Metro Journal Online,Rory Hunter,India,http://www.metrojournalonline.com,metrojournalonline.com,
6658531845,EiBarta.com,Rory Hunter,Croatia,http://www.eibarta.com,eibarta.com,
6698432421,Femina (Serbia),Sander Lammers,Serbia,http://www.uspesnazena.com,uspesnazena.com,
6658965761,Findance,Rory Hunter,Finland,http://www.findance.com,findance.com,
6672199767,BFBS,Damian Domanski,United Kingdom,http://about.bfbs.com,about.bfbs.com,https://www.linkedin.com/company/bfbs
6659050752,Mactrast,Wei Chen,United States,http://www.mactrast.com,mactrast.com,
6707429920,The Zimbabwean,Wei Chen,United Kingdom,http://www.thezimbabwean.co,thezimbabwean.co,
6672196699,Joyistik.com,Wei Chen,Turkey,http://www.joyistik.com,joyistik.com,
6653178211,Daily Indian Herald,Rory Hunter,India,http://www.dailyindianherald.com,dailyindianherald.com,
6685587090,Global Multimedia,Wei Chen,Bangladesh,http://www.globaltvbd.com,globaltvbd.com,
6665672352,The True Picture,Wei Chen,India,http://www.thetruepicture.org,thetruepicture.org,
6659925767,Diriliş Postası,Sander Lammers,Turkey,http://www.dirilispostasi.com,dirilispostasi.com,
6658507027,Edukacija.Info,Sander Lammers,Croatia,http://www.edukacija.info,edukacija.info,
6653090937,La pas prin Brasov,Wei Chen,Romania,http://www.lapasprinbrasov.ro,lapasprinbrasov.ro,
6688034907,Lowcy Gier,Sander Lammers,Poland,http://www.lowcygier.pl,lowcygier.pl,
6652776563,Khabarchhe,Sander Lammers,India,http://www.khabarchhe.com,khabarchhe.com,
6673671730,América TeVe,Rory Hunter,United States,http://www.americateve.com,americateve.com,https://www.linkedin.com/company/americateve
6693323790,MP Breaking News,Rory Hunter,India,http://www.mpbreakingnews.in,mpbreakingnews.in,https://www.linkedin.com/company/mp-breaking-news
6767457631,Dirty RealniIstorii.com,Wei Chen,Bulgaria,http://www.realniistorii.com,realniistorii.com,
6772442024,Hrvatska Danas,Wei Chen,Croatia,http://www.hrvatska-danas.com,hrvatska-danas.com,
6772591279,Sabari News,Wei Chen,India,http://www.sabarinews.com,sabarinews.com,
6744927502,Serial Gossip,Rory Hunter,India,http://www.serialgossip.com,serialgossip.com,
6764204346,The Cricket Lounge,Rory Hunter,India,http://www.thecricketlounge.com,thecricketlounge.com,
6745377839,Telugumirchi,Rory Hunter,India,http://www.telugumirchi.com,telugumirchi.com,
6796159026,NeGibi,Wei Chen,Turkey,http://www.negibi.com,negibi.com,
6718959955,"Daily Balochistan Express, Quetta",Wei Chen,Pakistan,http://www.bexpress.com.pk,bexpress.com.pk,
6790150801,UkhiyaNews.Com,Wei Chen,Bangladesh,http://www.ukhiyanews.com,ukhiyanews.com,
6745024546,Színház Online,Wei Chen,Hungary,http://www.szinhaz.online,szinhaz.online,
6773494935,GoNews24,Rory Hunter,Bangladesh,http://www.gonews24.com,gonews24.com,
6772197768,Cafrande.org,Sander Lammers,Turkey,http://www.cafrande.org,cafrande.org,
6795431227,Arena Gempak,Sander Lammers,Indonesia,http://www.arenagempak.com,arenagempak.com,
6753273012,Mana Telangana,Sander Lammers,India,http://www.manatelangana.news,manatelangana.news,https://www.linkedin.com/company/mana-telangana
6772853635,NU Online,Sander Lammers,Indonesia,http://www.nu.or.id,nu.or.id,
6785748815,Aranżujemy.pl,Sander Lammers,Poland,http://www.aranzujemy.pl,aranzujemy.pl,
6751300944,Thanthi TV,Rory Hunter,India,http://www.thanthitv.com,thanthitv.com,https://www.linkedin.com/company/metronation-chennai-television-limited
6770791849,Javed Chaudhry,Sander Lammers,Pakistan,http://www.javedch.com,javedch.com,
6731763204,Jagoroniya,Rory Hunter,Bangladesh,http://www.jagoroniya.com,jagoroniya.com,
6771795355,NewsPatrolling,Sander Lammers,India,http://www.newspatrolling.com,newspatrolling.com,https://www.linkedin.com/company/newspatrolling-com
6773087368,VisionSansar,Wei Chen,United Kingdom,http://www.visionsansar.com,visionsansar.com,
6751752017,সময়ের কণ্ঠস্বর,Rory Hunter,Bangladesh,http://www.somoyerkonthosor.com,somoyerkonthosor.com,
6731881984,News Wing,Wei Chen,India,http://www.newswing.com,newswing.com,
6745469516,Без Рак,Wei Chen,Bulgaria,http://www.bezrak.com,bezrak.com,
6758083474,KTVB,Damian Domanski,United States,http://www.ktvb.com,ktvb.com,https://www.linkedin.com/company/ktvb-news-group
6741744017,Marokko,Sander Lammers,Netherlands,http://nieuws.marokko.nl,nieuws.marokko.nl,https://www.linkedin.com/company/handels--en-investeringscentrum-hic-marokko
6752034100,Radio Isla - Puerto Rico,Sander Lammers,United States,http://www.radioisla.tv,radioisla.tv,
6712931154,Prudent Media,Wei Chen,India,http://www.prudentmedia.in,prudentmedia.in,
6732329994,Prameya News 7,Damian Domanski,India,http://www.prameyanews7.com,prameyanews7.com,https://www.linkedin.com/company/summa-real-media-private-limited
6712801873,Peekaas.nl,Wei Chen,Netherlands,http://www.peekaas.nl,peekaas.nl,
6758321026,Texts From Last Night,Rory Hunter,United States,http://www.tfln.co,tfln.co,
6767860532,WebPress,Wei Chen,Serbia,http://www.webpress.rs,webpress.rs,
6751035958,Latest Laws,Sander Lammers,India,http://www.latestlaws.com,latestlaws.com,https://www.linkedin.com/company/latestlaws
6783376640,Biscani.net,Sander Lammers,Croatia,http://www.biscani.net,biscani.net,
6751262015,Nogometne Vijesti,Sander Lammers,Croatia,http://www.nogometne-vijesti.hr,nogometne-vijesti.hr,
6783845647,The Sentinel,Damian Domanski,India,http://www.sentinelassam.com,sentinelassam.com,
6796094018,Saint Therese,Wei Chen,United States,http://www.sainttherse.com,sainttherse.com,
6713080443,Napjainkban Blog,Sander Lammers,Hungary,http://www.napjainkbanblog.eu,napjainkbanblog.eu,
6727000469,Racesport.nl,Rory Hunter,Netherlands,http://www.racesport.nl,racesport.nl,https://www.linkedin.com/company/racesport-nl
6745507188,Sorozatjunkie,Wei Chen,Hungary,http://www.sorozatjunkie.hu,sorozatjunkie.hu,
6758114999,ÉlményOrszág,Wei Chen,Hungary,http://www.elmenyorszag.com,elmenyorszag.com,
6759550605,Pal Pal News.in,Rory Hunter,India,http://www.palpalnews.in,palpalnews.in,
6764213062,Business Today,Rory Hunter,Taiwan,http://www.businesstoday.com.tw,businesstoday.com.tw,
6766930748,Fakty.nl,Sander Lammers,Netherlands,http://www.fakty.nl,fakty.nl,
6768116486,Yemek,Wei Chen,Turkey,http://www.yemek.com,yemek.com,
6712636524,Lublin112.pl,Rory Hunter,Poland,http://www.lublin112.pl,lublin112.pl,
6745405557,Bulletin.bg,Wei Chen,Bulgaria,http://www.bulletin.bg,bulletin.bg,
6745405556,Rollernews.com,Wei Chen,United States,http://www.rollernews.com,rollernews.com,
6759520411,Malayalam Daily News,Wei Chen,India,http://www.malayalamdailynews.com,malayalamdailynews.com,
6766447408,Siasat.pk,Rory Hunter,Pakistan,http://www.siasat.pk,siasat.pk,https://www.linkedin.com/company/siasat-pk
6731949119,Telemundo Nebraska,Damian Domanski,United States,http://www.telemundonebraska.com,telemundonebraska.com,
6725555295,PAOK24,Rory Hunter,Greece,http://www.paok24.com,paok24.com,
6745428620,thetimes.gr,Wei Chen,Greece,http://www.thetimes.gr,thetimes.gr,
6773026615,Princip News,Rory Hunter,Bosnia and Herzegovina,http://www.princip.news,princip.news,
6713256097,Technopat,Rory Hunter,Turkey,http://www.technopat.net,technopat.net,https://www.linkedin.com/company/technopat
6753276675,The Sofia Times,Wei Chen,Bulgaria,http://www.thesofiatimes.com,thesofiatimes.com,
6773283389,Portal Silistra,Wei Chen,Bulgaria,http://www.portal-silistra.eu,portal-silistra.eu,
6795917716,RelayHero,Rory Hunter,Singapore,http://www.relayhero.com,relayhero.com,https://www.linkedin.com/company/relayhero
6725605476,Sport DC,Wei Chen,Bosnia and Herzegovina,http://www.sportdc.net,sportdc.net,
6753277455,Vijesti Srpske,Rory Hunter,Bosnia and Herzegovina,http://www.vijestisrpske.com,vijestisrpske.com,
6791037006,Info Media,Sander Lammers,Bosnia and Herzegovina,http://www.cafe.ba,cafe.ba,
6724037699,Shape.pl,Sander Lammers,Poland,http://www.shape.pl,shape.pl,
6764680376,理財寶,Wei Chen,Taiwan,http://www.cmoney.tw,cmoney.tw,https://www.linkedin.com/company/cmoney%e5%85%a8%e6%9b%9c%e8%b2%a1%e7%b6%93%e8%b3%87%e8%a8%8a%e8%82%a1%e4%bb%bd%e6%9c%89%e9%99%90%e5%85%ac%e5%8f%b8
6796146586,The Daily Inqilab,Rory Hunter,Bangladesh,http://www.dailyinqilab.com,dailyinqilab.com,https://www.linkedin.com/company/daily-inqilab
6744287853,Popbela.com,Sander Lammers,Indonesia,http://www.popbela.com,popbela.com,
6745174686,Liftable Media,Rory Hunter,United States,http://www.liftablemedia.com,liftablemedia.com,https://www.linkedin.com/company/liftable-media-inc
6726062449,The Hans India,Wei Chen,India,http://www.thehansindia.com,thehansindia.com,https://www.linkedin.com/company/hansindia
6772724535,Fortune Insight,Sander Lammers,Hong Kong,http://www.fortuneinsight.com,fortuneinsight.com,https://www.linkedin.com/company/fortuneinsight
6769634589,Best Hindi News,Sander Lammers,India,http://www.besthindinews.com,besthindinews.com,
6764632725,女生集合 #Tagsis,Wei Chen,Hong Kong,http://www.tagsis.com,tagsis.com,
6727141720,Telly Express,Rory Hunter,India,http://www.tellyexpress.com,tellyexpress.com,
6731462041,First State Update,Sander Lammers,United States,http://www.firststateupdate.com,firststateupdate.com,
6738917128,GoRiau,Hanson Ojo,Indonesia,http://www.goriau.com,goriau.com,https://www.linkedin.com/pub/goriau-com/61/243/755
6738953231,MotorPlus Online,Sander Lammers,Indonesia,http://www.motorplus-online.com,motorplus-online.com,
6745278888,Leadership A Yau,Rory Hunter,Nigeria,http://hausa.leadership.ng,hausa.leadership.ng,
6794624594,Pakistani Drama Celebrities,Sander Lammers,Pakistan,http://www.fashionuniverse.net,fashionuniverse.net,https://www.linkedin.com/company/fashion-universe-inc
6753346614,Szerelmeszene.hu,Wei Chen,Hungary,http://www.szerelmeszene.hu,szerelmeszene.hu,
6796219557,RLS Media Solutions Broadcasting,Rory Hunter,United States,http://www.rlsmedia.com,rlsmedia.com,
6759040354,Bangladesh Today,Rory Hunter,Bangladesh,http://www.bangladeshtoday.com,bangladeshtoday.com,
6744838072,TKW Media,Wei Chen,India,http://www.thekashmirwalla.com,thekashmirwalla.com,https://www.linkedin.com/company/the-kashmir-walla
6771756129,Tamil News,Rory Hunter,India,http://www.globaltamilnews.net,globaltamilnews.net,
6758691101,Nawaiwaqt Group,Damian Domanski,Pakistan,http://www.waqtnews.tv,waqtnews.tv,https://www.linkedin.com/company/waqt-television
6772030827,Nursing World Nigeria,Rory Hunter,Nigeria,http://www.nursingworldnigeria.com,nursingworldnigeria.com,
6772327014,ИСКРА CO,Wei Chen,Poland,http://www.iskra.co,iskra.co,
6784062605,Tatar Sukabumi,Wei Chen,Indonesia,http://www.tatarsukabumi.id,tatarsukabumi.id,
6720425281,Noticias en Línea Puerto Rico,Rory Hunter,United States,http://www.nelpr.com,nelpr.com,
6726485818,Just News BD,Rory Hunter,Bangladesh,http://www.justnewsbd.com,justnewsbd.com,
6772750459,Womany,Rory Hunter,Taiwan,http://www.womany.net,womany.net,https://www.linkedin.com/company/womany
6758794755,News7Tamil,Damian Domanski,India,http://www.news7tamil.live,news7tamil.live,https://www.linkedin.com/company/news7tamil
6742403901,Bulgar Online,Sander Lammers,Philippines,http://www.bulgaronline.com,bulgaronline.com,
6759382335,Prothombarta.com,Sander Lammers,Bangladesh,http://www.prothombarta.news,prothombarta.news,
6769504414,Prajaa TV,Rory Hunter,India,http://www.prajaatvkannada.com,prajaatvkannada.com,https://www.linkedin.com/company/instagram
6757150759,PeepingMoon,Sander Lammers,India,http://www.peepingmoon.com,peepingmoon.com,https://www.linkedin.com/company/peeping-moon
6719131274,MetroNews - The Voice of West Virginia,Rory Hunter,United States,http://www.wvmetronews.com,wvmetronews.com,https://www.linkedin.com/company/wv-metronews
6758014776,Sun TV Network,Rory Hunter,India,http://www.suntv.in,suntv.in,https://www.linkedin.com/company/sun-tv-network-limited
6771458155,KoiMoi.com,Sander Lammers,India,http://www.koimoi.com,koimoi.com,https://www.linkedin.com/company/koimoi-com
6758239012,Initium Media 端傳媒,Sander Lammers,Singapore,http://www.theinitium.com,theinitium.com,https://www.linkedin.com/company/initium-media-technology-ltd
6783155380,NaiDunia,Rory Hunter,India,http://www.naidunia.com,naidunia.com,https://www.linkedin.com/company/naidunia-media-pvt.-ltd.
6784020903,WOI-TV,Rory Hunter,United States,http://www.weareiowa.com,weareiowa.com,https://www.linkedin.com/company/we-are-iowa-local-5-news-woi-tv-
6738928213,ComillarBarta.com,Rory Hunter,Bangladesh,http://www.comillarbarta.com,comillarbarta.com,
6805355680,islam&ihsan,Sander Lammers,Turkey,http://www.islamveihsan.com,islamveihsan.com,
6854911127,Mini Magazin,Sander Lammers,Bosnia and Herzegovina,http://www.minimagazin.info,minimagazin.info,
6880295452,EA,Sander Lammers,United States,http://www.ea.com,ea.com,https://www.linkedin.com/company/electronic-arts
6828738831,聚財網,Wei Chen,Taiwan,http://www.wearn.com,wearn.com,
6855214226,Mutluluğun Şifresi,Sander Lammers,Turkey,http://www.mutlulugunsifresi.com,mutlulugunsifresi.com,
6855479957,知識家,Wei Chen,Taiwan,http://www.knowledger.info,knowledger.info,
6822808742,King of Computer,Sander Lammers,Taiwan,http://www.kocpc.com.tw,kocpc.com.tw,
6828369934,Kalkulatory Budowlane,Sander Lammers,Poland,http://www.kb.pl,kb.pl,https://www.linkedin.com/company/grupa-kb-pl
6855776684,ma.hu,Rory Hunter,Hungary,http://www.ma.hu,ma.hu,https://www.linkedin.com/company/mahunet-kft
6805313715,Mesaje Urari Felicitari,Sander Lammers,Romania,http://www.mesajeurarifelicitari.com,mesajeurarifelicitari.com,
6833323359,The Ring of Fire Broadcasting,Wei Chen,United States,http://www.trofire.com,trofire.com,
6886797934,Go News Group,Rory Hunter,Indonesia,http://www.gonews.co,gonews.co,
6862420767,Periskopi,Rory Hunter,Serbia,http://www.periskopi.com,periskopi.com,https://www.linkedin.com/company/periskopi
6855776692,Teknolojioku,Rory Hunter,Turkey,http://www.teknolojioku.com,teknolojioku.com,https://www.linkedin.com/company/teknolojioku
6805169027,Zaki Book,Rory Hunter,United Arab Emirates,http://www.zakibook.com,zakibook.com,https://www.linkedin.com/company/zakibook
6901967998,Green Press Hírügynökség,Rory Hunter,Hungary,http://www.eletszepitok.hu,eletszepitok.hu,
6830874936,Joemonster.org,Rory Hunter,Poland,http://www.joemonster.org,joemonster.org,
6830742785,Stargogo,Sander Lammers,Taiwan,http://www.stargogo.com,stargogo.com,
6900998515,Waterkant,Wei Chen,Netherlands,http://www.waterkant.net,waterkant.net,
6806502548,Wij Ti,Wei Chen,Bulgaria,http://www.vijti.com,vijti.com,
6895946529,Foci Club,Sander Lammers,Hungary,http://www.fociclub.hu,fociclub.hu,
6887245226,Tips van Oma,Wei Chen,Netherlands,http://www.tipsvanoma.com,tipsvanoma.com,
6796241982,DesignWant,Sander Lammers,Taiwan,http://www.designwant.com,designwant.com,
6863905078,Global NRI - NRT News Portal,Sander Lammers,India,http://www.tnilive.com,tnilive.com,
6901973064,Telewizja Republika,Rory Hunter,Poland,http://www.tvrepublika.pl,tvrepublika.pl,
6804149411,UNewsTV,Rory Hunter,Pakistan,http://www.unewstv.com,unewstv.com,
6814380804,Zespolmi.pl,Wei Chen,Poland,http://www.zespolmi.pl,zespolmi.pl,
6864966656,Kifőztük gasztromagazin,Sander Lammers,Hungary,http://www.kifoztuk.hu,kifoztuk.hu,
6887140526,Hot Arena,Sander Lammers,Bulgaria,http://www.hotarena.net,hotarena.net,
6830733076,ദുബായ് വാർത്ത - Dubai Vartha,Wei Chen,United Arab Emirates,http://www.dubaivartha.com,dubaivartha.com,
6863022882,Ferencvárosi Torna Club,Sander Lammers,Hungary,http://www.fradi.hu,fradi.hu,https://www.linkedin.com/company/ferencv-rosi-torna-club
6895975229,Zarata,Wei Chen,Bulgaria,http://www.zarata.info,zarata.info,
6852920640,理財周刊,Rory Hunter,Taiwan,http://www.moneyweekly.com.tw,moneyweekly.com.tw,
6886877770,Brave India News,Sander Lammers,India,http://www.braveindianews.com,braveindianews.com,
6880659496,Antep Medya Yayıncılık,Sander Lammers,Turkey,http://www.megahaber27.com,megahaber27.com,
6856640905,壹電視 Next TV,Damian Domanski,Taiwan,http://www.nexttv.com.tw,nexttv.com.tw,
6901851995,NoorderNieuws,Rory Hunter,Netherlands,http://www.noordernieuws.nl,noordernieuws.nl,https://www.linkedin.com/company/noordernieuwsnl
6900854126,Parbatta News,Rory Hunter,Bangladesh,http://www.parbattanews.com,parbattanews.com,
6902247003,Hürriyet Gazetecilik ve Matbaacılık,Damian Domanski,Turkey,http://www.hurriyetkurumsal.com,hurriyetkurumsal.com,https://www.linkedin.com/company/hurriyet
6802794555,Press Trust of Kashmir - PTK,Sander Lammers,India,http://www.presstrustofkashmir.com,presstrustofkashmir.com,
6833233410,Beşiktaş Medya Grup,Sander Lammers,Turkey,http://www.besiktas.com.tr,besiktas.com.tr,
6901900586,Negaam News,Rory Hunter,Turkey,http://www.negaam.news,negaam.news,
6900500998,Parent Tune,Sander Lammers,India,http://www.parentune.com,parentune.com,https://www.linkedin.com/company/parentune-com
6896031811,Dappei,Sander Lammers,Taiwan,http://www.dappei.com,dappei.com,https://www.linkedin.com/company/dappei-com
6900825375,New Mobile Life,Hanson Ojo,Taiwan,http://www.newmobilelife.com,newmobilelife.com,
6901451543,Denk Positief,Wei Chen,Netherlands,http://www.denkpositief.com,denkpositief.com,
6816255767,Wishnote Taiwan,Sander Lammers,Taiwan,http://www.wishnote.tw,wishnote.tw,
6882228580,Fall River Reporter,Wei Chen,United States,http://www.fallriverreporter.com,fallriverreporter.com,
6830917234,Kaka,Rory Hunter,Taiwan,http://www.gamme.com.tw,gamme.com.tw,
6895904848,Dinamo1948,Sander Lammers,Romania,http://www.dinamo1948.club,dinamo1948.club,
6902231856,MSPoweruser.com,Rory Hunter,United Kingdom,http://www.mspoweruser.com,mspoweruser.com,https://www.linkedin.com/company/mspoweruser
6882038890,Zdravlje i Priroda,Wei Chen,Bosnia and Herzegovina,http://www.zdravljeipriroda.com,zdravljeipriroda.com,
6895784540,Hobi Sayfasi,Sander Lammers,Turkey,http://www.elisihobiler.com,elisihobiler.com,
6901510657,Lamode,Wei Chen,Poland,http://www.lamode.info,lamode.info,
6902807084,Share Info,Wei Chen,Poland,http://www.shareinfo.pl,shareinfo.pl,
6900423469,Emlak 365,Sander Lammers,Turkey,http://www.emlak365.com,emlak365.com,
6901179698,DIGI Távközlési és Szolgáltató,Sander Lammers,Hungary,http://www.digi.hu,digi.hu,https://www.linkedin.com/company/digi
6882079570,Lekuvai,Wei Chen,Bulgaria,http://www.lekuvai.bg,lekuvai.bg,
6828247702,The Green Classroom,Wei Chen,Serbia,http://www.zelenaucionica.com,zelenaucionica.com,
6900759841,Calatorul,Sander Lammers,Romania,http://www.calatorul.net,calatorul.net,
6814924608,MaaGulf,Wei Chen,United Arab Emirates,http://www.maagulf.com,maagulf.com,
6814522964,Sports Mockery,Rory Hunter,United States,http://www.sportsmockery.com,sportsmockery.com,https://www.linkedin.com/company/sports-mockery-inc-
6902017565,Living Sports,Sander Lammers,Taiwan,http://www.sportz.im,sportz.im,
6882056011,Daily Cooking Recipes,Sander Lammers,Romania,http://www.lovecookingdaily.com,lovecookingdaily.com,
6816096312,CBook,Wei Chen,Taiwan,http://www.cbook.tw,cbook.tw,
6796594279,Ctgtimes.com - ‡¶∏‡¶ø‡¶ü‡¶ø‡¶ú‡¶ø ‡¶ü‡¶æ‡¶á‡¶Æ‡¶∏,Sander Lammers,Bangladesh,http://www.ctgtimes.com,ctgtimes.com,
6833393457,Neverstill Media,Sander Lammers,United States,http://www.neverstill.com,neverstill.com,
6896754792,9 999 999 Views,Sander Lammers,Bulgaria,http://www.9999999views.com,9999999views.com,
6837527823,Thodkyaat | थोडक्यात,Rory Hunter,India,http://www.thodkyaat.com,thodkyaat.com,https://www.linkedin.com/company/thodkyaat
6803901967,Football Tactics,Wei Chen,Bosnia and Herzegovina,http://www.football-tactics.com,football-tactics.com,
6828188003,Do-It-Yourself Creative Ideas,Wei Chen,Croatia,http://www.fazon.info,fazon.info,
6814610829,華視全球資訊網,Damian Domanski,Taiwan,http://www.cts.com.tw,cts.com.tw,https://www.linkedin.com/company/10424380
6895852197,Sylhetview 24,Sander Lammers,Bangladesh,http://www.sylhetview24.news,sylhetview24.news,
6881992342,Trendir,Wei Chen,Romania,http://www.trendir.com,trendir.com,
6881538432,TopNaija,Wei Chen,Nigeria,http://www.topnaija.ng,topnaija.ng,https://www.linkedin.com/company/topnaija
6887145773,Bljesak.info,Rory Hunter,Bosnia and Herzegovina,http://www.bljesak.info,bljesak.info,
6853628976,Online Dhaka Guide,Sander Lammers,Bangladesh,http://www.online-dhaka.com,online-dhaka.com,
6814969217,Domashni Hitrini,Sander Lammers,Bulgaria,http://www.hitrinibg.com,hitrinibg.com,
6827117908,EaseMedia,Sander Lammers,Poland,http://www.samouczek.info,samouczek.info,
6805658141,爆料公社,Wei Chen,Taiwan,http://www.bc3ts.com,bc3ts.com,
6803654202,Vaseljenska TV,Wei Chen,Serbia,http://www.vaseljenska.net,vaseljenska.net,
6888068914,Turbo and Stance,Rory Hunter,United States,http://www.turboandstance.net,turboandstance.net,
6805252185,Kolkata Gossip,Wei Chen,India,http://www.kolkatagossip.com,kolkatagossip.com,
6901240734,Sunny Tours,Sander Lammers,Bulgaria,http://www.visit.bg,visit.bg,https://www.linkedin.com/company/visitbg
6887414604,PEN Group Online,Sander Lammers,United States,http://www.pengrouponline.com,pengrouponline.com,https://www.linkedin.com/company/pen-group-inc
6833429894,Stackumbrella,Rory Hunter,India,http://www.stackumbrella.com,stackumbrella.com,https://www.linkedin.com/company/stack-umbrella
6802708147,Turk Press,Wei Chen,Turkey,http://www.turkpress.co,turkpress.co,
6902382499,Pogled.ba,Rory Hunter,Bosnia and Herzegovina,http://www.pogled.ba,pogled.ba,
6901880750,Budnaera,Sander Lammers,Bulgaria,http://www.budnaera.com,budnaera.com,
6833395587,阿榮福利味,Wei Chen,Taiwan,http://www.azofreeware.com,azofreeware.com,https://www.linkedin.com/in/freeware
6816266646,Fab Art DIY,Rory Hunter,United States,http://www.fabartdiy.com,fabartdiy.com,
6816208787,GujaratSamachar,Rory Hunter,India,http://www.gujaratsamachar.com,gujaratsamachar.com,https://www.linkedin.com/company/gujaratsamachar
6886634660,Mogu ja to sama,Sander Lammers,Serbia,http://www.mogujatosama.rs,mogujatosama.rs,https://www.linkedin.com/company/mjts-llc
6901302200,The Foundation for Independent Journalism,Rory Hunter,India,http://www.thewireurdu.com,thewireurdu.com,
6802618263,Delhir Hírportál,Wei Chen,Hungary,http://www.delhir.info,delhir.info,
6821826681,The Clemson Insider,Damian Domanski,United States,http://www.theclemsoninsider.com,theclemsoninsider.com,
6803005588,Skymet Weather Services,Damian Domanski,India,http://www.skymetweather.com,skymetweather.com,https://www.linkedin.com/company/skymet-weather-services
6901445298,Uttor Bangla,Rory Hunter,Bangladesh,http://www.uttorbangla.com,uttorbangla.com,
6823565634,Magazin,Sander Lammers,Bosnia and Herzegovina,http://www.magazin.ba,magazin.ba,
6802430336,Megarock Radio Worldwide,Rory Hunter,United States,http://www.megarockradio.net,megarockradio.net,https://www.linkedin.com/company/megarock-radio
6914155036,Tabletop Gaming News,Rory Hunter,United States,http://www.tabletopgamingnews.com,tabletopgamingnews.com,https://www.linkedin.com/company/tabletop-gaming-news
6920192381,放言 Fount Media,Wei Chen,Taiwan,http://www.fountmedia.io,fountmedia.io,
6936325734,PPE,Wei Chen,Poland,http://www.ppe.pl,ppe.pl,
6947765780,Tenniskafe,Wei Chen,Bulgaria,http://www.tenniskafe.com,tenniskafe.com,
6914974501,我是賀禎禎 - 攝影教學 & 自助旅行 & 數位生活,Wei Chen,Taiwan,http://www.hojenjen.com,hojenjen.com,
6936698747,Chandauli Samachar,Sander Lammers,India,http://www.chandaulisamachar.com,chandaulisamachar.com,
6929220883,Interlink Multi Media,Sander Lammers,Pakistan,http://www.immcorporate.com,immcorporate.com,https://www.linkedin.com/company/interlink-multi-media
6907864494,Padma Times 24,Sander Lammers,Bangladesh,http://www.padmatimes24.com,padmatimes24.com,
6914240518,Papua News ID,Wei Chen,Indonesia,http://www.papuanews.id,papuanews.id,
6936516975,Nayaindia Digital,Rory Hunter,India,http://www.nayaindia.com,nayaindia.com,https://www.linkedin.com/company/naya-india
6947767043,True Achievements,Wei Chen,United Kingdom,http://www.trueachievements.com,trueachievements.com,https://www.linkedin.com/company/truegaming-network
6912835349,Mirchi9,Wei Chen,India,http://www.mirchi9.com,mirchi9.com,
6948468534,TechEBlog,Rory Hunter,United States,http://www.techeblog.com,techeblog.com,
6947982911,New Life Newspaper,Rory Hunter,Bulgaria,http://www.novjivot.info,novjivot.info,
6907818136,Stacksocial,Wei Chen,United States,http://www.stacksocial.com,stacksocial.com,https://www.linkedin.com/company/stackcommerceinc
6937458599,Pless Intermedia,Sander Lammers,Poland,http://www.pless-intermedia.pl,pless-intermedia.pl,
6913164582,ABC Online Media,Wei Chen,Netherlands,http://www.abconlinemedia.com,abconlinemedia.com,
6907574422,Beşiktaşlı Taraftarlar Topluluğu,Sander Lammers,Turkey,http://www.duhuliye.com,duhuliye.com,
6912722751,Decorating HQ,Sander Lammers,United States,http://www.decorating-hq.com,decorating-hq.com,
6914119969,Ali Imran Junior-Page,Rory Hunter,Pakistan,http://www.imranjunior.com,imranjunior.com,
6948037661,Haskovo.net,Wei Chen,Bulgaria,http://www.haskovo.net,haskovo.net,
6902863920,Lemesos Blog,Wei Chen,Greece,http://www.lemesosblog.com,lemesosblog.com,
6936746805,Başlat Tuşu,Sander Lammers,Turkey,http://www.baslattusu.com,baslattusu.com,https://www.linkedin.com/company/ba-lat-tu-u
6909285786,Channel Hindustan,Rory Hunter,India,http://www.channelhindustan.com,channelhindustan.com,
6913354072,Newtalk新聞,Rory Hunter,Taiwan,http://www.newtalk.tw,newtalk.tw,https://www.linkedin.com/company/newtalk
6942465927,Sektörel Haber Merkezi,Rory Hunter,Turkey,http://www.sektorelhabermerkezi.com,sektorelhabermerkezi.com,https://www.linkedin.com/company/sektorelhabermerkezi
6912222541,民報,Rory Hunter,Taiwan,http://www.peoplenews.tw,peoplenews.tw,
6914079055,আগামী নিউজ (Agami News),Wei Chen,Bangladesh,http://www.agaminews.com,agaminews.com,
6908680863,Tom and Lorenzo,Wei Chen,United States,http://www.tomandlorenzo.com,tomandlorenzo.com,
6928046244,新唐人亞太電視台,Wei Chen,Taiwan,http://www.ntdtv.com.tw,ntdtv.com.tw,
6941927824,Time Touch News,Wei Chen,Bangladesh,http://www.timetouchnews.com,timetouchnews.com,
6928135334,iThome,Rory Hunter,Taiwan,http://www.ithome.com.tw,ithome.com.tw,
6913845057,বাংলাদেশের আইন কানুন । (Barishal Times),Wei Chen,Bangladesh,http://www.barishaltimes.com,barishaltimes.com,
6914061636,Malatya Sanal Haber,Wei Chen,Turkey,http://www.malatyasanalhaber.com,malatyasanalhaber.com,
6912629593,民視FTV,Wei Chen,Taiwan,http://www.ftv.com.tw,ftv.com.tw,
6936768535,Ben Haber - Aegean and İzmir News,Rory Hunter,Turkey,http://www.kanalben.com,kanalben.com,https://www.linkedin.com/company/ben-tv
6911562389,The Beeroness,Wei Chen,United States,http://www.thebeeroness.com,thebeeroness.com,
6942176173,eWrestlingNews,Sander Lammers,United States,http://www.ewrestlingnews.com,ewrestlingnews.com,
6929688941,Express Kerala,Rory Hunter,India,http://www.expresskerala.com,expresskerala.com,
6943560121,SOGI 手機王,Sander Lammers,Taiwan,http://www.sogi.com.tw,sogi.com.tw,
6936236294,Daily Aaj,Sander Lammers,Pakistan,http://www.dailyaaj.com.pk,dailyaaj.com.pk,
6918466869,النرويج بالعربية (Norway in Arabic),Wei Chen,Norway,http://www.norgepaarabisk.com,norgepaarabisk.com,
6947809650,Options Media Pvt. Ltd,Sander Lammers,India,http://www.optionsmediagroup.in,optionsmediagroup.in,https://www.linkedin.com/company/options-media-pvt-ltd.-
6942479266,Rytmy.pl,Sander Lammers,Poland,http://www.rytmy.pl,rytmy.pl,
6932387392,Bilgili Web,Sander Lammers,Turkey,http://www.bilgili.web.tr,bilgili.web.tr,
6948011351,R Media,Rory Hunter,Serbia,http://www.reporteri.net,reporteri.net,https://www.linkedin.com/company/reporteri
6928134790,Media Haluan Lampung,Rory Hunter,Indonesia,http://www.haluanlampung.com,haluanlampung.com,
6930399586,Time To Live Media,Rory Hunter,United Kingdom,http://www.overclock3d.net,overclock3d.net,
6944808071,Jenata V Chas,Wei Chen,Bulgaria,http://www.jenata-vchas.net,jenata-vchas.net,
6912088454,芋傳媒 TaroNews,Wei Chen,Taiwan,http://www.taronews.tw,taronews.tw,
6944805262,Wsieci24,Wei Chen,Poland,http://www.wsieci24.pl,wsieci24.pl,
6908977741,Faktor.bg,Rory Hunter,Bulgaria,http://www.faktor.bg,faktor.bg,
6921134602,Daily Ausaf,Rory Hunter,Pakistan,http://www.dailyausaf.com,dailyausaf.com,
6937576966,Berita Madura,Wei Chen,Indonesia,http://www.portalmadura.com,portalmadura.com,
6930372753,Teraz Muzyka,Sander Lammers,Poland,http://www.terazmuzyka.pl,terazmuzyka.pl,
6914563237,Lacznik,Wei Chen,Poland,http://www.tugazeta.pl,tugazeta.pl,
6930364319,Reprezentacija.ba,Sander Lammers,Bosnia and Herzegovina,http://www.reprezentacija.ba,reprezentacija.ba,https://www.linkedin.com/company/reprezentacijaba
6913304708,Orducu,Wei Chen,Turkey,http://www.orducu.com,orducu.com,
6908899419,Razgrad News,Wei Chen,Bulgaria,http://www.razgradnews.net,razgradnews.net,
6914134923,Turkrus,Wei Chen,Turkey,http://www.turkrus.com,turkrus.com,
6929503645,INSTALKI.pl,Sander Lammers,Poland,http://www.instalki.pl,instalki.pl,
6908634452,Online Indus,Wei Chen,Pakistan,http://www.onlineindus.com,onlineindus.com,https://www.linkedin.com/company/onlineindusnews
6942929481,Warmo Media Grup,Rory Hunter,Indonesia,http://www.wartabromo.com,wartabromo.com,
6943508033,Daleel,Sander Lammers,Pakistan,http://www.daleel.pk,daleel.pk,
6912082784,Artist Magazine,Wei Chen,Taiwan,http://www.artist-magazine.com,artist-magazine.com,
6907595804,Bayanno TV,Wei Chen,Bangladesh,http://www.bayanno.com,bayanno.com,
6942016367,Uttarakhand Post,Wei Chen,India,http://www.uttarakhandpost.com,uttarakhandpost.com,
6914156214,R Bloggers,Sander Lammers,United States,http://www.r-bloggers.com,r-bloggers.com,
6942193507,TV Malisheva,Wei Chen,Serbia,http://www.malisheva.tv,malisheva.tv,
6921150756,Steven Aitchison,Rory Hunter,United Kingdom,http://www.stevenaitchison.co.uk,stevenaitchison.co.uk,http://linkedin.com/company/steven-aitchison
6907565846,RevivaL TV,Rory Hunter,Indonesia,http://www.revivaltv.id,revivaltv.id,https://www.linkedin.com/company/revivaltv
6921331236,Suara Surabaya Media,Rory Hunter,Indonesia,http://www.suarasurabaya.net,suarasurabaya.net,https://www.linkedin.com/company/suara-surabaya-media
6942501216,The Knitting Space,Wei Chen,Philippines,http://www.theknittingspace.com,theknittingspace.com,
6914725523,Dnes Plus,Wei Chen,Bulgaria,http://www.dnesplus.bg,dnesplus.bg,
6942439288,Radio Maryja,Sander Lammers,Poland,http://www.radiomaryja.pl,radiomaryja.pl,https://www.linkedin.com/company/radio-maryja
6914177707,新加坡华人网 (Foodies),Wei Chen,Singapore,http://www.foodiesg.com,foodiesg.com,
6908662385,Great American Outdoors,Sander Lammers,United States,http://www.greatamericanoutdoors.com,greatamericanoutdoors.com,
6908525691,Chattogram Tribune,Wei Chen,Bangladesh,http://www.chattogramtribune.com,chattogramtribune.com,
6942482034,KPSS CAFE,Sander Lammers,Turkey,http://www.kpsscafe.com.tr,kpsscafe.com.tr,
6941996549,Pop Culture Media,Wei Chen,Greece,http://www.popculturemedia.gr,popculturemedia.gr,https://www.linkedin.com/company/pop-culture-media
6928110389,Wingzero,Wei Chen,Taiwan,http://www.wingzero.tw,wingzero.tw,
6936452535,Gate Drop,Rory Hunter,United Kingdom,http://www.gatedrop.com,gatedrop.com,
6944261152,HBŽ Vijesti,Wei Chen,Croatia,http://www.hbz-vijesti.com,hbz-vijesti.com,
6921213762,FHM Pakistan,Sander Lammers,Pakistan,http://www.fhmpakistan.com,fhmpakistan.com,
6936428450,Herzegovina.info,Sander Lammers,Bosnia and Herzegovina,http://www.hercegovina.info,hercegovina.info,
6942520854,Ne Oldu,Rory Hunter,Turkey,http://www.neoldu.com,neoldu.com,https://www.linkedin.com/company/neoldu-medya-grubu
6936228276,Shrirang Prakashan,Damian Domanski,India,http://www.deshdoot.com,deshdoot.com,https://www.linkedin.com/company/deshdoot
6908676885,電影神搜 Agent Movie,Rory Hunter,Taiwan,http://www.agentm.tw,agentm.tw,
6937441374,HNGN Headlines & Global News,Sander Lammers,United States,http://www.hngn.com,hngn.com,
6909009195,Haber Ankara,Rory Hunter,Turkey,http://www.haberankara.com,haberankara.com,https://www.linkedin.com/company/haberankara
6941822244,Karditsa Live,Wei Chen,Greece,http://www.karditsalive.net,karditsalive.net,
6943810059,யாழ்ப்பாண நாயகன் (King of Jaffna),Wei Chen,India,http://www.vampan.net,vampan.net,
6942431781,SayDigi點子生活,Sander Lammers,Taiwan,http://www.saydigi.com,saydigi.com,
6908117290,財訊,Damian Domanski,Taiwan,http://www.wealth.com.tw,wealth.com.tw,
6906607174,Moja kuća i vrt,Wei Chen,Bosnia and Herzegovina,http://www.mojakucaivrt.com,mojakucaivrt.com,
6928044318,Kanal10,Sander Lammers,Serbia,http://www.kanal10.live,kanal10.live,
6928150017,Sandzaklive,Sander Lammers,Serbia,http://www.sandzaklive.rs,sandzaklive.rs,
6908038708,Glas News,Wei Chen,Bulgaria,http://www.glasnews.bg,glasnews.bg,
6937519742,Letter Media,Rory Hunter,Taiwan,http://www.cmmedia.com.tw,cmmedia.com.tw,
6942198069,Tangerang News,Wei Chen,Indonesia,http://www.tangerangnews.com,tangerangnews.com,
7036613738,Média Alternatíva,Wei Chen,Turkey,http://www.nyugdijasok.hu,nyugdijasok.hu,
6954898824,News Corner ID,Rory Hunter,Indonesia,http://www.newscorner.id,newscorner.id,
7020162669,Face TV Sarajevo,Rory Hunter,Bosnia and Herzegovina,http://www.face.ba,face.ba,https://www.linkedin.com/company/face-tv-sarajevo
6955275924,TSNA,Wei Chen,Taiwan,http://www.tsna.com.tw,tsna.com.tw,
6948984888,ŠibenikIN,Sander Lammers,Croatia,http://www.sibenik.in,sibenik.in,https://www.linkedin.com/company/podi-sibenik-ltd
6954747011,CobaQQ,Sander Lammers,Indonesia,http://www.programyrekomendowane.pl,programyrekomendowane.pl,
7022051456,Daily Bonik Barta,Damian Domanski,Bangladesh,http://www.bonikbarta.net,bonikbarta.net,https://www.linkedin.com/company/the-daily-bonik-barta
7038545033,Sofia Live,Rory Hunter,Bulgaria,http://www.sofialive.bg,sofialive.bg,https://www.linkedin.com/company/sofia-live
6972113028,The Guild,Rory Hunter,Nigeria,http://www.theguildng.com,theguildng.com,
6968128078,Health Beauty Wellness Tips,Sander Lammers,India,http://www.myupchar.com,myupchar.com,https://www.linkedin.com/company/myupchar.com
6981324032,News BGNES,Rory Hunter,Bulgaria,http://www.bgnes.bg,bgnes.bg,
7022071460,Gameapps.HK,Sander Lammers,Hong Kong,http://www.gameapps.hk,gameapps.hk,
7305417031,Stefczyk.info,Rory Hunter,Poland,http://www.stefczyk.info,stefczyk.info,
7013483812,Ekushey TV,Damian Domanski,Bangladesh,http://www.ekushey-tv.com,ekushey-tv.com,https://www.linkedin.com/company/ekushey-television-ltd.-etv-
6965992216,Timpul,Rory Hunter,Romania,http://www.timpul.md,timpul.md,
7022638520,Egészségtér,Sander Lammers,Hungary,http://www.egeszsegter.hu,egeszsegter.hu,
6973153166,Bursa Haber Newspaper,Rory Hunter,Turkey,http://www.bursahaber.com,bursahaber.com,
7038716837,Podravski List,Wei Chen,Croatia,http://www.podravski.hr,podravski.hr,
6950875774,Malatya Güncel Haber,Wei Chen,Turkey,http://www.malatyaguncel.com,malatyaguncel.com,
6972212128,Spektri,Wei Chen,Serbia,http://www.spektri.tv,spektri.tv,
7304745558,Kefalonitis,Wei Chen,Greece,http://www.kefalonitis.com,kefalonitis.com,
7020392262,Donald,Sander Lammers,Poland,http://www.donald.pl,donald.pl,https://www.linkedin.com/company/donald-pl
6966122766,Agency E-zdravey,Wei Chen,Bulgaria,http://www.e-zdravey.com,e-zdravey.com,
6974855299,Рецептите на баба,Wei Chen,Bulgaria,http://www.receptitenababa.com,receptitenababa.com,
6986832457,Ege'de Birgün,Wei Chen,Turkey,http://www.egedebirgun.com,egedebirgun.com,
6950558835,Top Actualno,Wei Chen,Bulgaria,http://www.topactualno.com,topactualno.com,
6974909568,GlamRap,Sander Lammers,Poland,http://www.glamrap.pl,glamrap.pl,
7038636983,Story Srbija,Rory Hunter,Serbia,http://www.story.rs,story.rs,
6950892815,Morty's TV,Wei Chen,United States,http://www.mortystv.com,mortystv.com,
6965981302,Borobudur Media Group,Rory Hunter,Indonesia,http://www.borobudurnews.com,borobudurnews.com,
7037501490,Daily Thanthi Group,Rory Hunter,India,http://www.dtnext.in,dtnext.in,https://www.linkedin.com/company/dt-next
6949056374,Narod.hr,Sander Lammers,Croatia,http://www.narod.hr,narod.hr,
7263292836,Presa Satu Mare,Sander Lammers,Romania,http://www.presasm.ro,presasm.ro,
7304598827,Corren,Wei Chen,Sweden,http://www.corren.se,corren.se,
7020411705,Daily Manobkantha,Rory Hunter,Bangladesh,http://www.manobkantha.com.bd,manobkantha.com.bd,
6982315361,Cold-Case Christianity,Wei Chen,United States,http://www.coldcasechristianity.com,coldcasechristianity.com,
6993516428,Radar Pekalongan Group,Rory Hunter,Indonesia,http://www.radarpekalongan.co.id,radarpekalongan.co.id,https://www.linkedin.com/company/radarpekalongan
6986871589,Handmade Crafts,Wei Chen,India,http://www.thehandmadecrafts.com,thehandmadecrafts.com,https://www.linkedin.com/company/the-handmade-craft
7026980744,Telugu Global,Rory Hunter,India,http://www.teluguglobal.in,teluguglobal.in,
6965965162,Voice Bangla,Wei Chen,Bangladesh,http://www.voicebanglabd24.com,voicebanglabd24.com,
6980170322,Bengkulu Ekspress,Wei Chen,Indonesia,http://www.bengkuluekspress.com,bengkuluekspress.com,
7053904658,Vadhajtások,Wei Chen,Hungary,http://www.vadhajtasok.hu,vadhajtasok.hu,
7000875309,Pod Uckun,Wei Chen,Croatia,http://www.poduckun.net,poduckun.net,
7262957441,SakaryaRehberim.com,Wei Chen,Turkey,http://www.sakaryarehberim.com,sakaryarehberim.com,
7262915464,BattingwithBimal,Sander Lammers,Pakistan,http://www.battingwithbimal.com,battingwithbimal.com,
7013245040,Dkhlak,Rory Hunter,United States,http://www.dkhlak.com,dkhlak.com,
7001196345,HBOLD,Wei Chen,Denmark,http://www.hbold.dk,hbold.dk,https://www.linkedin.com/company/k-benhavn-h-ndbold-a-s
7054457358,Stowarzyszenie Fanatycy Widzewa,Sander Lammers,Poland,http://www.widzewtomy.net,widzewtomy.net,
7001187895,Prompt News Online,Wei Chen,Nigeria,http://www.promptnewsonline.com,promptnewsonline.com,
6981541792,Pogled.info,Sander Lammers,Bulgaria,http://www.pogled.info,pogled.info,
6966085814,Klina,Wei Chen,Serbia,http://www.klina.info,klina.info,
7027000405,Zagorje International,Wei Chen,Croatia,http://www.zagorje-international.hr,zagorje-international.hr,
7022031361,Diabetika,Sander Lammers,Hungary,http://www.diabetika.hu,diabetika.hu,
7299381917,ARY Digital Network,Rory Hunter,United Arab Emirates,http://www.arydigitalnetwork.tv,arydigitalnetwork.tv,
7292994855,Beste Essen,Sander Lammers,Bosnia and Herzegovina,http://www.beste-essen.com,beste-essen.com,
6972235271,Haskovo Live,Rory Hunter,Bulgaria,http://www.haskovo.live,haskovo.live,https://www.linkedin.com/company/haskovolive
6965916580,Mymensingh Pratidin,Wei Chen,Bangladesh,http://www.mymensinghpratidin.com,mymensinghpratidin.com,
6957800993,Promenad24,Rory Hunter,Hungary,http://www.promenad24.hu,promenad24.hu,
7105612062,Film Companion,Sander Lammers,India,http://www.filmcompanion.in,filmcompanion.in,https://www.linkedin.com/company/filmcompanion
6999320237,桃園電子報,Rory Hunter,Taiwan,http://www.tyenews.com,tyenews.com,
7009907789,World Journal,Rory Hunter,United States,http://www.worldjournal.com,worldjournal.com,https://www.linkedin.com/company/world-journal
6965933997,Nieuws,Rory Hunter,Netherlands,http://www.nieuws.nl,nieuws.nl,https://www.linkedin.com/company/nieuws-nl
6972004915,更生日報,Damian Domanski,Taiwan,http://www.ksnews.com.tw,ksnews.com.tw,
7038051107,Ege Meclisi,Rory Hunter,Turkey,http://www.egemeclisi.com,egemeclisi.com,https://www.linkedin.com/company/ege-meclisi
6973701128,Beritajatim.com,Rory Hunter,Indonesia,http://www.beritajatim.com,beritajatim.com,
7012166492,FashionGuide,Sander Lammers,Taiwan,http://www.fashionguide.com.tw,fashionguide.com.tw,
6965769113,Metal Temple,Wei Chen,United Kingdom,http://www.metal-temple.com,metal-temple.com,
6999371934,Loon.ro,Sander Lammers,Romania,http://www.loon.ro,loon.ro,
7026976871,Esport Now,Wei Chen,Poland,http://www.esportnow.pl,esportnow.pl,
6974174467,BiznisInfo,Rory Hunter,Bosnia and Herzegovina,http://www.biznisinfo.ba,biznisinfo.ba,
7038154038,Trend Basket,Wei Chen,Turkey,http://www.trendbasket.net,trendbasket.net,
6974615822,Grupo Média Nacional,Wei Chen,Indonesia,http://www.gmntv.tl,gmntv.tl,
6954597437,E79 News,Wei Chen,Bulgaria,http://www.e-79.com,e-79.com,
6999108496,Haber16,Sander Lammers,Turkey,http://www.haber16.com,haber16.com,
6972352084,Media Ndërtimi,Wei Chen,Serbia,http://www.ndertimi.info,ndertimi.info,
6973685611,Bolu'da Bolu,Wei Chen,Turkey,http://www.boludabolu.com,boludabolu.com,
6972015446,PodkarpacieLIVE,Wei Chen,Poland,http://www.podkarpacielive.pl,podkarpacielive.pl,
6974643824,Inforex News,Wei Chen,Indonesia,http://www.inforexnews.com,inforexnews.com,
6955214683,Tek Indonesia,Sander Lammers,Indonesia,http://www.tek.id,tek.id,https://www.linkedin.com/company/tek-id
7038182734,Direktno,Rory Hunter,Serbia,http://www.direktno.rs,direktno.rs,https://www.linkedin.com/company/direktno-digital-news-d-o-o
6990813565,Transport Online,Rory Hunter,Netherlands,http://www.transport-online.nl,transport-online.nl,https://www.linkedin.com/company/transport-online-2021
7028749094,BFB Media Group,Rory Hunter,Serbia,http://www.gazetaere.com,gazetaere.com,https://www.linkedin.com/company/gazetaere
7022843215,Denizli Haber,Rory Hunter,Turkey,http://www.denizlihaber.com,denizlihaber.com,
6985134977,Racunalo.com,Rory Hunter,Croatia,http://www.racunalo.com,racunalo.com,https://www.linkedin.com/company/portal-ra-unalo
6993480709,True Vision News,Rory Hunter,India,http://www.truevisionnews.com,truevisionnews.com,
6985134982,Hrvatska katolička mreža - Croatian Catholic Network,Wei Chen,Croatia,http://www.hkm.hr,hkm.hr,
6974198096,To się Dzieje,Rory Hunter,Poland,http://www.tosiedzieje.pl,tosiedzieje.pl,
6954602596,Go Nintendo,Rory Hunter,United States,http://www.gonintendo.com,gonintendo.com,
7305452182,FR-Fans.nl,Rory Hunter,Netherlands,http://www.fr-fans.nl,fr-fans.nl,
6990744645,Yantra Today,Rory Hunter,Bulgaria,http://www.dnesbg.com,dnesbg.com,
6974953554,State Review,Sander Lammers,India,http://www.rajyasameeksha.com,rajyasameeksha.com,
7000835751,HCL.hr Gaming Portal,Sander Lammers,Croatia,http://www.hcl.hr,hcl.hr,https://www.linkedin.com/company/hclgaming
6972427879,Flood Communications,Damian Domanski,United States,http://www.floodcomm.com,floodcomm.com,https://www.linkedin.com/company/flood-communications
7022796391,Denizli Güncel,Sander Lammers,Turkey,http://www.denizliguncel.com,denizliguncel.com,
6974307142,RedaksiManado.Com (RMC),Wei Chen,Indonesia,http://www.redaksimanado.com,redaksimanado.com,
7294883387,FHM Nederland,Rory Hunter,Netherlands,http://www.fhm.nl,fhm.nl,https://www.linkedin.com/company/stijl&inhoud-media-b-v-
7045668876,KutakNet,Wei Chen,Serbia,http://www.kutaknet.com,kutaknet.com,
7022796397,F1VILÁG,Rory Hunter,Hungary,http://www.f1vilag.hu,f1vilag.hu,https://www.linkedin.com/company/f1vil%C3%A1g
7022409580,eVarazdin,Sander Lammers,Croatia,http://www.evarazdin.hr,evarazdin.hr,https://www.linkedin.com/company/evarazdin-www.evarazdin.hr-
6973200734,Beograd.in,Rory Hunter,Serbia,http://www.beograd.in,beograd.in,
7392317853,Geopolitika,Wei Chen,Croatia,http://www.geopolitika.news,geopolitika.news,
7355192933,Podlasie24,Wei Chen,Poland,http://www.podlasie24.pl,podlasie24.pl,
7392407706,Romanians in UK,Rory Hunter,United Kingdom,http://www.romani.co.uk,romani.co.uk,
7392338841,Turism Istoric,Rory Hunter,Romania,http://www.turismistoric.ro,turismistoric.ro,
7392317851,Petronews Płock,Wei Chen,Poland,http://www.petronews.pl,petronews.pl,
7392338837,UnGeek,Rory Hunter,Philippines,http://www.ungeek.ph,ungeek.ph,
7392515247,Çankırı Haber18,Wei Chen,Turkey,http://www.haber18.com,haber18.com,
7376099255,OldambtNu.nl,Rory Hunter,Netherlands,http://www.oldambtnu.nl,oldambtnu.nl,https://www.linkedin.com/company/oldambtnu-nl
7374698880,Poznan.travel,Wei Chen,Poland,http://www.poznan.travel,poznan.travel,https://www.linkedin.com/company/poznanconventionbureau
7392515250,Bp-i Autósok Közössége,Sander Lammers,Hungary,http://www.bpiautosok.hu,bpiautosok.hu,
7337300291,Narsingdi Times,Rory Hunter,Bangladesh,http://www.narsingditimes.com,narsingditimes.com,
7324197018,StockWatch.pl,Wei Chen,Poland,http://www.stockwatch.pl,stockwatch.pl,https://www.linkedin.com/company/stockwatch-pl
7392534197,Fagarasul Tau,Wei Chen,Romania,http://www.fagarasultau.ro,fagarasultau.ro,
7375525253,PalEconomic,Wei Chen,Pakistan,http://www.smartindex.ps,smartindex.ps,
7359671473,T2BLive.com,Wei Chen,India,http://www.t2blive.com,t2blive.com,
7374360725,DOBA.PL,Rory Hunter,Poland,http://www.doba.pl,doba.pl,https://www.linkedin.com/company/doba.pl
7353262958,FashionUnited,Wei Chen,United Kingdom,http://www.fashionunited.uk,fashionunited.uk,https://www.linkedin.com/company/fashionunited
7376989082,Nigerian Lawyers,Wei Chen,Nigeria,http://www.nigeriabar.com,nigeriabar.com,
7373596334,ArcadiaPortal.gr,Wei Chen,Greece,http://www.arcadiaportal.gr,arcadiaportal.gr,
7382795810,Beregi Hírek,Rory Hunter,Hungary,http://www.beregihirek.hu,beregihirek.hu,
7382854461,Cult Faction,Wei Chen,United Kingdom,http://www.cultfaction.com,cultfaction.com,
7305470018,Hosa Digantha,Wei Chen,India,http://www.hosadigantha.com,hosadigantha.com,
7374364857,BiałystokOnline.pl,Rory Hunter,Poland,http://www.bialystokonline.pl,bialystokonline.pl,
7309705605,Catological,Wei Chen,United States,http://www.catological.com,catological.com,
7392408230,leszno24.pl,Wei Chen,Poland,http://www.leszno24.pl,leszno24.pl,
7359894930,aktual24.ro,Wei Chen,Romania,http://www.aktual24.ro,aktual24.ro,
7392614046,MissBloom.bg,Sander Lammers,Bulgaria,http://www.missbloom.bg,missbloom.bg,
7392556958,Kırcaali Haber Gazetesi,Wei Chen,Bulgaria,http://www.kircaalihaber.com,kircaalihaber.com,
7347655345,apithano.gr,Wei Chen,Greece,http://www.apithano.gr,apithano.gr,
7379625881,881903.com 商業電台,Wei Chen,Taiwan,http://www.881903.com,881903.com,
7345830046,Kranosgr,Wei Chen,Greece,http://www.kranosgr.com,kranosgr.com,
7305479457,Pudhari,Damian Domanski,India,http://www.pudhari.news,pudhari.news,https://www.linkedin.com/company/pudhari
7383230786,RTV Santos,Wei Chen,Serbia,http://www.rtvsantos.com,rtvsantos.com,
7382913885,BorsaNasilOynanir.co,Wei Chen,Turkey,http://www.borsanasiloynanir.co,borsanasiloynanir.co,
7383213381,Muktinews24,Rory Hunter,Bangladesh,http://www.muktinews24.com,muktinews24.com,
7348353695,"Вестник ""Екип 7""",Rory Hunter,Bulgaria,http://www.ekip7.bg,ekip7.bg,
7379562676,Bollywood Galiyara,Wei Chen,India,http://www.bollywoodgaliyara.com,bollywoodgaliyara.com,https://www.linkedin.com/company/boll-wood-gali-ara
7337212197,Space Network,Wei Chen,Nigeria,http://www.thespacefm.com,thespacefm.com,
7348257678,EDM Identity,Wei Chen,United States,http://www.edmidentity.com,edmidentity.com,https://www.linkedin.com/company/edmidentity
7305511427,Tarun Bharat,Wei Chen,India,http://www.tarunbharat.com,tarunbharat.com,https://www.linkedin.com/company/tarun-bharat-daily-pvt-ltd
7348290948,AllStar Basket,Wei Chen,Greece,http://www.allstarbasket.gr,allstarbasket.gr,
7348524160,VoetbalRotterdam.nl,Rory Hunter,Netherlands,http://www.voetbalrotterdam.nl,voetbalrotterdam.nl,https://www.linkedin.com/company/voetbalrotterdam
7392218653,卡優新聞網,Wei Chen,Taiwan,http://www.cardu.com.tw,cardu.com.tw,
7392218655,Brownwood News,Rory Hunter,United States,http://www.brownwoodnews.com,brownwoodnews.com,https://www.linkedin.com/company/brownwoodnews
7392619808,Pi≈Çka rƒôczna Polski-sport.pl,Sander Lammers,Poland,http://www.polski-sport.pl,polski-sport.pl,
7316531101,Obiectiv.info,Rory Hunter,Romania,http://www.obiectiv.info,obiectiv.info,
7383006347,Redpen.gr,Wei Chen,Greece,http://www.redpen.gr,redpen.gr,
7392573989,iSanok.pl,Wei Chen,Poland,http://www.isanok.pl,isanok.pl,
7345876048,Sarangberita.com,Wei Chen,Indonesia,http://www.sarangberita.com,sarangberita.com,
7316564113,Bogordaily.net,Rory Hunter,Indonesia,http://www.bogordaily.net,bogordaily.net,
7392526634,Bucurestiul,Rory Hunter,Romania,http://www.bucurestiul.ro,bucurestiul.ro,
7390706698,Radio 999 BG,Rory Hunter,Bulgaria,http://www.radio999bg.com,radio999bg.com,
7392550961,GelreNieuws,Sander Lammers,Netherlands,http://www.gelrenieuws.nl,gelrenieuws.nl,
7375141380,Struma,Sander Lammers,Bulgaria,http://www.struma.com,struma.com,https://www.linkedin.com/company/struma
7392562742,Diva Dirt,Rory Hunter,United States,http://www.diva-dirt.com,diva-dirt.com,
7392619069,BalraMagyar,Wei Chen,Hungary,http://www.balramagyar.hu,balramagyar.hu,
7382899600,deWeekend,Wei Chen,Romania,http://www.de-weekend.ro,de-weekend.ro,
7382926502,Elle Croatia,Rory Hunter,Croatia,http://www.elle.hr,elle.hr,
7359809286,ÜNYE KENT Gazetesi,Wei Chen,Turkey,http://www.unyekent.com,unyekent.com,
7359934981,Action-News - новини oт България и света,Wei Chen,Bulgaria,http://www.action-newsbg.eu,action-newsbg.eu,
7348322383,limnosreport.gr,Wei Chen,Greece,http://www.limnosreport.gr,limnosreport.gr,
7379545965,SA Music Magazine,Rory Hunter,South Africa,http://www.samusicmag.co.za,samusicmag.co.za,
7392337957,ANMO Sugoi,Wei Chen,United States,http://www.anmosugoi.com,anmosugoi.com,
7382785462,Game Channel,Wei Chen,Hungary,http://www.gamechannel.hu,gamechannel.hu,
7392337956,Alternativ Energia,Wei Chen,Hungary,http://www.alternativenergia.hu,alternativenergia.hu,https://www.linkedin.com/company/alternativenergia
7348251203,Kamubulteni.com,Wei Chen,Turkey,http://www.kamubulteni.com,kamubulteni.com,
7305474992,Gonewsindia,Rory Hunter,India,http://www.gonewsindia.com,gonewsindia.com,https://www.linkedin.com/company/gonewsindia
7374293578,Jammu-Kashmir Now,Sander Lammers,India,http://www.jammukashmirnow.com,jammukashmirnow.com,
7345175052,Mai Vilag,Wei Chen,Hungary,http://www.maivilag.com,maivilag.com,
7392296031,serresLife.gr,Wei Chen,Greece,http://www.serreslife.gr,serreslife.gr,
7391091022,Sporten.com,Wei Chen,Poland,http://www.sporten.com,sporten.com,https://www.linkedin.com/company/sporten-com
7347317547,Niedziela.NL,Sander Lammers,Netherlands,http://www.niedziela.nl,niedziela.nl,
7392563559,Great Deals Singapore,Sander Lammers,Singapore,http://www.greatdeals.com.sg,greatdeals.com.sg,https://www.linkedin.com/company/great-deals-singapore
7353299103,Evenimentul Neamt,Rory Hunter,Romania,http://www.ziarulevenimentul.ro,ziarulevenimentul.ro,https://www.linkedin.com/company/ziarul-evenimentul
7364403238,Piekielni,Rory Hunter,Poland,http://www.piekielni.pl,piekielni.pl,
7364444195,Gosu Gamers,Sander Lammers,Singapore,http://www.gosugamers.net,gosugamers.net,https://www.linkedin.com/company/gosugamers
7373951827,Giladiskon,Sander Lammers,Indonesia,http://www.giladiskon.com,giladiskon.com,https://www.linkedin.com/company/giladiskon
7392273476,citynews.ro,Rory Hunter,Romania,http://www.citynews.ro,citynews.ro,
7323958352,Plovdiv Now,Wei Chen,Bulgaria,http://www.plovdivnow.bg,plovdivnow.bg,
7364474926,Rawicz24,Wei Chen,Poland,http://www.rawicz24.pl,rawicz24.pl,
7376880495,Yipee,Rory Hunter,Taiwan,http://www.yipee.cc,yipee.cc,
7379005198,Buna Vestire,Wei Chen,Romania,http://www.buna-vestire.net,buna-vestire.net,
7376470603,Varnentzi,Wei Chen,Bulgaria,http://www.varna24.bg,varna24.bg,
7348197141,Alkmaar Centraal,Rory Hunter,Netherlands,http://www.alkmaarcentraal.nl,alkmaarcentraal.nl,https://www.linkedin.com/company/digitaal-centraal
7364119300,ZHZ Actueel,Wei Chen,Netherlands,http://www.zhzactueel.nl,zhzactueel.nl,https://www.linkedin.com/company/zhzactueel
7392318578,Family,Wei Chen,Serbia,http://www.family.rs,family.rs,
7355185302,News 24 Romania,Wei Chen,Romania,http://www.news24.ro,news24.ro,
7392626515,tsantiri.gr,Rory Hunter,Greece,http://www.tribune.gr,tribune.gr,https://www.linkedin.com/company/tribune-greece
7345819434,Empisteutiko.gr,Wei Chen,Greece,http://www.empisteutiko.gr,empisteutiko.gr,
7347586305,Bug.ba,Wei Chen,Bosnia and Herzegovina,http://www.bug.ba,bug.ba,
7392232299,KoszalinInfo.pl,Wei Chen,Poland,http://www.koszalininfo.pl,koszalininfo.pl,
7324190839,ummah24.com,Wei Chen,Bangladesh,http://www.ummah24.com,ummah24.com,
7364139028,Gniezno24.com,Wei Chen,Poland,http://www.gniezno24.com,gniezno24.com,
7374682987,Sądeczanin,Wei Chen,Poland,http://www.sadeczanin.info,sadeczanin.info,
7392579930,Herkkusuu.fi,Sander Lammers,Finland,http://www.herkkusuu.fi,herkkusuu.fi,
7374336375,Życie Siedleckie,Rory Hunter,Poland,http://www.zyciesiedleckie.pl,zyciesiedleckie.pl,https://www.linkedin.com/company/%C5%BCycie-siedleckie
7392245088,Rock Rooster,Wei Chen,Greece,http://www.rockrooster.gr,rockrooster.gr,
7392296033,Polski Obserwator,Sander Lammers,United Kingdom,http://www.polskiobserwator.de,polskiobserwator.de,
7392579933,Leva Obala Beograda Info,Wei Chen,Serbia,http://www.lobi-info.rs,lobi-info.rs,
7374617968,Nasza Mława,Wei Chen,Poland,http://www.naszamlawa.pl,naszamlawa.pl,
7501835047,Klikaj.hr,Wei Chen,Croatia,http://www.klikaj.hr,klikaj.hr,
7392684199,EmlakWebTv,Rory Hunter,Turkey,http://www.emlakwebtv.com,emlakwebtv.com,https://www.linkedin.com/company/emlakwebtv
7518611232,Razi cu Lacrimi,Wei Chen,Romania,http://www.raziculacrimi.ro,raziculacrimi.ro,
7452738865,Spotted: Starachowice,Wei Chen,Poland,http://www.spottedstarachowice.pl,spottedstarachowice.pl,
7523463783,Vasarnap,Wei Chen,Hungary,http://www.vasarnap.hu,vasarnap.hu,
7399459842,Reality TV World,Damian Domanski,United States,http://www.realitytvworld.com,realitytvworld.com,
7392684201,THE ILLEST,Wei Chen,Poland,http://www.theillest.pl,theillest.pl,https://www.linkedin.com/company/theillestmag
7521962327,Special Arad,Wei Chen,Romania,http://www.specialarad.ro,specialarad.ro,
7501743416,Slavonski.hr,Wei Chen,Croatia,http://www.slavonski.hr,slavonski.hr,
7453597022,Concursoman,Wei Chen,Romania,http://www.concursoman.ro,concursoman.ro,
7427807128,aviation24.pl,Rory Hunter,Poland,http://www.aviation24.pl,aviation24.pl,
7435606033,Dokuz Eylül Akademi,Wei Chen,Turkey,http://www.dokuzeylul.com,dokuzeylul.com,
7521084009,VoiceBd24,Wei Chen,Bangladesh,http://www.voicebd24.com,voicebd24.com,
7521773943,The Cover,Wei Chen,Greece,http://www.thecover.gr,thecover.gr,
7452143369,Fresh: Hip-Hop & R&B,Wei Chen,United States,http://www.freshhiphoprnb.com,freshhiphoprnb.com,https://www.linkedin.com/company/fresh-hip-hop-&-r&b
7501762826,Drava Info,Rory Hunter,Croatia,http://www.drava.info,drava.info,
7452066565,Miruh Bosne,Wei Chen,Bosnia and Herzegovina,http://www.miruhbosne.com,miruhbosne.com,
7520941927,Daily Sokaler Somoy,Rory Hunter,Bangladesh,http://www.dailysokalersomoy.com,dailysokalersomoy.com,
7518769680,ClickMe,Sander Lammers,Taiwan,http://www.clickme.net,clickme.net,
7428069511,Dej24.ro,Wei Chen,Romania,http://www.dej24.ro,dej24.ro,
7477466761,Părinți de Nota 10,Wei Chen,Romania,http://www.parintidenota10.ro,parintidenota10.ro,
7521580650,Goneis,Sander Lammers,Greece,http://www.goneis.info,goneis.info,
7406962503,Orissa Post,Rory Hunter,India,http://www.orissapost.com,orissapost.com,
7427822470,Clare FM,Rory Hunter,Ireland,http://www.clare.fm,clare.fm,https://www.linkedin.com/company/clare-fm
7466674481,kawaly.tja.pl,Rory Hunter,Poland,http://www.tja.pl,tja.pl,
7398845246,Fanport,Rory Hunter,India,http://www.fanport.in,fanport.in,https://www.linkedin.com/company/fanport
7520907534,DainikShiksha,Wei Chen,Bangladesh,http://www.dainikshiksha.com,dainikshiksha.com,
7521776924,Glas Istre,Wei Chen,Croatia,http://www.glasistre.hr,glasistre.hr,
7430825638,Dubai OFW,Sander Lammers,United Arab Emirates,http://www.dubaiofw.com,dubaiofw.com,
7520040565,Awareness Act,Rory Hunter,United States,http://www.awarenessact.com,awarenessact.com,
7435554660,Esgazete,Rory Hunter,Turkey,http://www.esgazete.com,esgazete.com,https://www.linkedin.com/company/esgazete
7435167869,Free Media Group,Wei Chen,Bulgaria,http://www.freemediagroup.bg,freemediagroup.bg,
7518572914,Totally Rad Choppers,Rory Hunter,United States,http://www.totallyradchoppers.com,totallyradchoppers.com,
7435642731,Bizim Sakarya,Wei Chen,Turkey,http://www.bizimsakarya.com.tr,bizimsakarya.com.tr,
7398475430,Dool News,Sander Lammers,India,http://www.doolnews.com,doolnews.com,https://www.linkedin.com/company/doolnews
7452132209,Lex.bg,Wei Chen,Bulgaria,http://www.lex.bg,lex.bg,
7519947367,Bucataria Romaneasca,Wei Chen,Romania,http://www.bucataria-romaneasca.ro,bucataria-romaneasca.ro,
7521562674,Klubrádió,Rory Hunter,Hungary,http://www.klubradio.hu,klubradio.hu,
7521985085,Cineramen,Rory Hunter,Greece,http://www.cineramen.gr,cineramen.gr,
7406781206,Urbanplayer.hu,Wei Chen,Hungary,http://www.urbanplayer.hu,urbanplayer.hu,https://www.linkedin.com/company/urbanplayer-hu
7398417546,Boka News,Rory Hunter,Croatia,http://www.bokanews.me,bokanews.me,
7466594681,Gramerkagoj,Rory Hunter,Bangladesh,http://www.gramerkagoj.com,gramerkagoj.com,
7398521225,Békéscsaba Media Center,Wei Chen,Hungary,http://www.behir.hu,behir.hu,
7522009893,Turgutlu Tivi,Wei Chen,Turkey,http://www.turgutlutivi.com,turgutlutivi.com,
7522009892,Rybnik,Wei Chen,Poland,http://www.rybnik.com.pl,rybnik.com.pl,
7523491091,Informator Brzeski,Wei Chen,Poland,http://www.informatorbrzeski.pl,informatorbrzeski.pl,
7392644899,medyagazete.com,Wei Chen,Turkey,http://www.medyagazete.com,medyagazete.com,
7531570018,Telemedia,Wei Chen,Bulgaria,http://www.telemedia.bg,telemedia.bg,
7392639272,Crossville News First,Rory Hunter,United States,http://www.crossvillenews1st.com,crossvillenews1st.com,
7518697132,Zajenata,Rory Hunter,Bulgaria,http://www.zajenata.bg,zajenata.bg,
7430062929,Dzień Dobry Włocławek,Rory Hunter,Poland,http://www.ddwloclawek.pl,ddwloclawek.pl,https://www.linkedin.com/company/ddwloclawek.pl
7398862223,Forrás Rádió,Wei Chen,Hungary,http://www.forrasradio.hu,forrasradio.hu,
7397319539,sportstv,Rory Hunter,Turkey,http://www.sportstv.com.tr,sportstv.com.tr,https://www.linkedin.com/company/sportstv
7477440045,aDupaRosnie.pl,Wei Chen,Poland,http://www.aduparosnie.pl,aduparosnie.pl,
7392684288,TKN24.pl,Wei Chen,Poland,http://www.tkn24.pl,tkn24.pl,
7501654656,Sportalo,Wei Chen,Croatia,http://www.sportalo.hr,sportalo.hr,
7398558801,Dinamani,Rory Hunter,India,http://www.dinamani.com,dinamani.com,https://www.linkedin.com/company/dinamani
7435561117,Shfleto.info,Sander Lammers,Serbia,http://www.shfleto.info,shfleto.info,
7416318626,Grodzisk News,Wei Chen,Poland,http://www.grodzisknews.pl,grodzisknews.pl,
7392631063,Singersroom.com,Wei Chen,United States,http://www.singersroom.com,singersroom.com,https://www.linkedin.com/company/latinaroom.com
7427676174,SPANIA I DAG,Wei Chen,Norway,http://www.spaniaidag.no,spaniaidag.no,https://www.linkedin.com/company/spania-i-dag
7435591557,CNEWS,Wei Chen,Taiwan,http://www.cnews.com.tw,cnews.com.tw,
7392644891,Huawei Central,Wei Chen,India,http://www.huaweicentral.com,huaweicentral.com,
7443453715,Noticias Ya,Rory Hunter,United States,http://www.politicaya.com,politicaya.com,
7392631068,LNG World News,Wei Chen,Netherlands,http://www.lngworldnews.com,lngworldnews.com,
7522858404,F5.pl,Sander Lammers,Poland,http://www.f5.pl,f5.pl,https://www.linkedin.com/company/f5-konsulting-sp.-z-o.o.
7397285418,Astrolog Mira Markovic,Wei Chen,Serbia,http://www.astrologmira.com,astrologmira.com,
7522032027,Behindwoods,Rory Hunter,India,http://www.behindwoods.com,behindwoods.com,https://www.linkedin.com/company/behindwoods.com
7392667238,Skook News,Rory Hunter,United States,http://www.skooknews.com,skooknews.com,
7522025373,Bihon.ro,Sander Lammers,Romania,http://www.bihon.ro,bihon.ro,
7428041594,Njuškalo,Rory Hunter,Croatia,http://www.njuskalo.hr,njuskalo.hr,https://www.linkedin.com/company/njuskalo-hr
7392655973,LeadersNG,Rory Hunter,United Kingdom,http://www.leaders.ng,leaders.ng,https://www.linkedin.com/company/leaders-ng-limited
7522456214,Brodportal,Rory Hunter,Croatia,http://www.brodportal.hr,brodportal.hr,
7393123681,Smart-Money.co,Wei Chen,Indonesia,http://www.smart-money.co,smart-money.co,
7398607916,Influsser,Wei Chen,India,http://www.influsser.com,influsser.com,https://www.linkedin.com/company/influsser-india
7521087899,Prigorski,Wei Chen,Croatia,http://www.prigorski.hr,prigorski.hr,
7428053866,365Bristol.com,Rory Hunter,United Kingdom,http://www.365bristol.com,365bristol.com,https://www.linkedin.com/company/365-the-world-limited
7398584361,Dinamalar Tamil News Paper Nellai and Nagercoil Ed,Sander Lammers,India,http://www.dinamalarnellai.com,dinamalarnellai.com,
7521924993,Ommcom News,Sander Lammers,India,http://www.ommcomnews.com,ommcomnews.com,https://www.linkedin.com/company/ommcom-news
7397425972,Football Counter,Wei Chen,India,http://www.footballcounter.com,footballcounter.com,https://www.linkedin.com/company/football-counter
7398458661,Dainik Tribune,Wei Chen,India,http://www.dainiktribuneonline.com,dainiktribuneonline.com,
7393114184,InfoCañuelas,Rory Hunter,United States,http://www.infocanuelas.com,infocanuelas.com,
7393114185,Covering Katy News,Wei Chen,United States,http://www.coveringkaty.com,coveringkaty.com,https://www.linkedin.com/company/covering-katy-llc
7521065897,Scioto Post,Sander Lammers,United States,http://www.sciotopost.com,sciotopost.com,
7393113675,Smolyan Today!,Wei Chen,Bulgaria,http://www.smolyandnes.com,smolyandnes.com,
7427638109,Ponos Bosanski,Wei Chen,Bosnia and Herzegovina,http://www.bosanskadijaspora.com,bosanskadijaspora.com,
7430054715,eOstroleka.pl,Rory Hunter,Poland,http://www.eostroleka.pl,eostroleka.pl,
7393113665,DhiIslam,Wei Chen,United States,http://www.dhiislam.com,dhiislam.com,
7393113666,Gi-Media,Wei Chen,United Kingdom,http://www.gi-media.co.uk,gi-media.co.uk,
7522436277,Mesara,Wei Chen,Greece,http://www.e-mesara.gr,e-mesara.gr,
7520387247,Pontos News,Wei Chen,Greece,http://www.pontosnews.gr,pontosnews.gr,
7392655959,LiteNews.hk,Rory Hunter,Hong Kong,http://www.litenews.hk,litenews.hk,
7523706247,Dubrovnik Insider,Wei Chen,Croatia,http://www.dubrovnikinsider.hr,dubrovnikinsider.hr,
7392626517,U-CAR,Wei Chen,Taiwan,http://www.u-car.com.tw,u-car.com.tw,
7477420871,Freebie Mom,Sander Lammers,United States,http://www.freebiemom.com,freebiemom.com,
7392655963,KCI Kutno - Kutnowskie Centrum Informacyjne,Rory Hunter,Poland,http://www.kutno.net.pl,kutno.net.pl,
7522899359,OPolskie Ratownictwo,Wei Chen,Poland,http://www.ratownictwo.opole.pl,ratownictwo.opole.pl,
7393113681,SMnoticias,Rory Hunter,United States,http://www.smnoticias.com,smnoticias.com,https://www.linkedin.com/company/smnoticias
7393113682,Haber Oku,Rory Hunter,Turkey,http://www.birhaberoku.com,birhaberoku.com,
7392667231,Manisa Kulis Haber,Sander Lammers,Turkey,http://www.manisakulishaber.com,manisakulishaber.com,
7536105772,Bloomberg TV,Rory Hunter,Bulgaria,http://www.bloombergtv.bg,bloombergtv.bg,https://www.linkedin.com/company/bloomberg-tv-bulgaria
7541851778,Sify,Wei Chen,India,http://www.sify.com,sify.com,
7533896458,Trebinje,Wei Chen,Bosnia and Herzegovina,http://www.etrebinje.com,etrebinje.com,
7586314537,BEBAC,Rory Hunter,Serbia,http://www.bebac.com,bebac.com,
7585461033,The Guwahati Times,Wei Chen,India,http://www.theguwahatitimes.info,theguwahatitimes.info,
7585355794,Cars.ro,Sander Lammers,Romania,http://www.cars.ro,cars.ro,https://www.linkedin.com/company/carsro
7585386510,Kalem Gazetesi,Rory Hunter,Turkey,http://www.canakkalekalem.com,canakkalekalem.com,https://www.linkedin.com/company/kalemgazetesi
7542618502,Qirim Haber,Wei Chen,Turkey,http://www.qha.com.tr,qha.com.tr,
7533766939,Welingelichte Kringen,Rory Hunter,Netherlands,http://www.welingelichtekringen.nl,welingelichtekringen.nl,https://www.linkedin.com/company/www.welingelichtekringen.nl
7541598100,Moja Ostrołęka,Wei Chen,Poland,http://www.moja-ostroleka.pl,moja-ostroleka.pl,
7542137244,Χαϊδάρι Σήμερα,Wei Chen,Greece,http://www.xaidarisimera.gr,xaidarisimera.gr,
7571343954,Novinska agencija Patria,Wei Chen,Bosnia and Herzegovina,http://www.nap.ba,nap.ba,
7533544212,Minap,Wei Chen,Hungary,http://www.minap.hu,minap.hu,
7535108412,Proseuxi,Wei Chen,Greece,http://www.proseuxi.gr,proseuxi.gr,
7584701450,Wałbrzych24.com,Wei Chen,Poland,http://www.Walbrzych24.com,walbrzych24.com,
7536589865,Kültür Servisi,Wei Chen,Turkey,http://www.kulturservisi.com,kulturservisi.com,
7542565809,The Clown,Wei Chen,Greece,http://www.o-klooun.com,o-klooun.com,
7543902596,TL+,Wei Chen,Romania,http://www.tlplus.ro,tlplus.ro,
7584610871,Türkgün Gazetesi,Wei Chen,Turkey,http://www.turkgun.com,turkgun.com,
7571362158,HIT Televizija,Wei Chen,Bosnia and Herzegovina,http://www.rtvhit.com,rtvhit.com,
7533532718,IThardware.pl,Wei Chen,Poland,http://www.ithardware.pl,ithardware.pl,https://www.linkedin.com/company/ithardware-pl
7541914286,Swidnica24,Wei Chen,Poland,http://www.swidnica24.pl,swidnica24.pl,
7584497468,GM Turizm & Yönetim Dergisi,Wei Chen,Turkey,http://www.gmdergi.com,gmdergi.com,
7541195085,sgCarMart,Sander Lammers,Singapore,http://www.sgcarmart.com,sgcarmart.com,https://www.linkedin.com/company/sphmedia
7541598387,Portal Płock,Wei Chen,Poland,http://www.portalplock.pl,portalplock.pl,
7536765453,Otisak,Rory Hunter,Croatia,http://www.otisak.ba,otisak.ba,https://www.linkedin.com/company/otisak.ba
7536484725,Juzne vesti,Rory Hunter,Serbia,http://www.juznevesti.com,juznevesti.com,https://www.linkedin.com/company/juzne-vesti-simplicity
7614329500,Спомени от Народната република,Wei Chen,Bulgaria,http://www.socbg.com,socbg.com,https://www.linkedin.com/company/socbg-com
7534867541,9vremparinti,Wei Chen,Romania,http://www.9vremparinti.ro,9vremparinti.ro,
7533614658,Fouit,Wei Chen,Greece,http://www.fouit.gr,fouit.gr,
7716802212,Topvesti.bg,Wei Chen,Bulgaria,http://www.topvesti.bg,topvesti.bg,
7536975727,Genialne,Sander Lammers,Poland,http://www.genialne.pl,genialne.pl,
7584235097,mygazete.com,Wei Chen,Turkey,http://www.mygazete.com,mygazete.com,
7585480567,Star Kentrikis Elladas,Rory Hunter,Greece,http://www.tvstar.gr,tvstar.gr,
7533146717,Radio Evros,Rory Hunter,Greece,http://www.radioevros.gr,radioevros.gr,
7536891743,Newsnext Bangladesh,Rory Hunter,Bangladesh,http://www.newsnextbd.com,newsnextbd.com,
7537003089,bigportal.ba,Rory Hunter,Bosnia and Herzegovina,http://www.bigportal.ba,bigportal.ba,https://www.linkedin.com/company/big-radio-bl
7572270118,Gegonota24.gr,Wei Chen,Greece,http://www.gegonota24.gr,gegonota24.gr,
7716778630,The Windows Club,Wei Chen,India,http://www.thewindowsclub.com,thewindowsclub.com,https://www.linkedin.com/groups/1946790/profile
7534125929,NineForNews.nl,Hanson Ojo,Netherlands,http://www.ninefornews.nl,ninefornews.nl,https://www.linkedin.com/company/ninefornews
7532692865,Aixmi News,Hanson Ojo,Greece,http://www.aixmi-news.gr,aixmi-news.gr,
7533079167,VGdanas,Wei Chen,Hungary,http://www.vgdanas.hr,vgdanas.hr,
7534823321,Teknoblog,Wei Chen,Turkey,http://www.teknoblog.com,teknoblog.com,https://www.linkedin.com/company/teknoblog
7542183432,MojaOlesnica,Wei Chen,Poland,http://www.mojaolesnica.pl,mojaolesnica.pl,
7542360327,Partener TV,Rory Hunter,Romania,http://www.tvpartener.ro,tvpartener.ro,
7542481180,RTV Kontakt,Rory Hunter,Bosnia and Herzegovina,http://www.mojkontakt.com,mojkontakt.com,https://www.linkedin.com/company/rtv-kontakt
7532415867,Ziar de Cluj,Rory Hunter,Romania,http://www.ziardecluj.ro,ziardecluj.ro,
7543007765,Niezalezna.pl,Wei Chen,Poland,http://www.niezalezna.pl,niezalezna.pl,
7542426114,Footroll,Sander Lammers,Poland,http://www.footroll.pl,footroll.pl,
7584749699,EduPedu,Wei Chen,Romania,http://www.edupedu.ro,edupedu.ro,https://www.linkedin.com/company/edupedu
7533545372,Maleviziotis.gr,Rory Hunter,Greece,http://www.maleviziotis.gr,maleviziotis.gr,https://www.linkedin.com/company/maleviziotis-gr
7541620503,KaposPont,Wei Chen,Hungary,http://www.kapos.hu,kapos.hu,
7542380059,Top News Bulgaria,Rory Hunter,Bulgaria,http://www.topnewsbg.com,topnewsbg.com,
7531614588,Heklanje,Wei Chen,Croatia,http://www.heklanje.net,heklanje.net,
7534283139,DramaQueen電視迷,Sander Lammers,Taiwan,http://www.dramaqueen.com.tw,dramaqueen.com.tw,
7532878694,Krknews,Wei Chen,Poland,http://www.krknews.pl,krknews.pl,
7541476634,Prasinforos,Wei Chen,Greece,http://www.prasinoforos.gr,prasinoforos.gr,
7544172849,Telekom Sport,Wei Chen,Romania,http://www.telekomsport.ro,telekomsport.ro,
7533195417,Tekirdağ Yeni Haber,Wei Chen,Turkey,http://www.tekirdagyenihaber.com,tekirdagyenihaber.com,
7543084032,"Ești femeie, ești minunată",Wei Chen,Romania,http://www.estiminunata.ro,estiminunata.ro,
7716944746,Iatropedia,Wei Chen,Greece,http://www.iatropedia.gr,iatropedia.gr,
7542088983,Tomislav News,Wei Chen,Croatia,http://www.tomislavnews.com,tomislavnews.com,
7537138079,Csepel.info,Wei Chen,Hungary,http://www.csepel.info,csepel.info,
7542171691,SNN,Rory Hunter,United States,http://www.snntv.com,snntv.com,https://www.linkedin.com/company/the-suncoast-news-network
7536424861,Iskam da Znam,Wei Chen,Bulgaria,http://www.iskamdaznam.com,iskamdaznam.com,
7541574698,Haber Gazetesi,Wei Chen,Turkey,http://www.habergazetesi.com.tr,habergazetesi.com.tr,
7531765061,KÁRPÁTALJA,Wei Chen,Hungary,http://www.karpatalja.ma,karpatalja.ma,
7542112032,Giortazo,Sander Lammers,Greece,http://www.giortazo.gr,giortazo.gr,
7541858602,Slobodna Bosna,Rory Hunter,Bosnia and Herzegovina,http://www.slobodna-bosna.ba,slobodna-bosna.ba,
7543208498,Damboviteanul,Wei Chen,Romania,http://www.damboviteanul.com,damboviteanul.com,
7531791965,Kozani,Wei Chen,Greece,http://www.kozani.tv,kozani.tv,
7532339010,Dytikés Matiés,Rory Hunter,Greece,http://www.dytikesmaties.gr,dytikesmaties.gr,
7537088647,Drents Nieuws,Wei Chen,Netherlands,http://www.drentsnieuws.nl,drentsnieuws.nl,
7541597755,Moja Kuhinja,Wei Chen,Croatia,http://www.domacikolaci.net,domacikolaci.net,
7542124851,Evros News,Wei Chen,Greece,http://www.evros-news.gr,evros-news.gr,
7533971380,Radio 5,Wei Chen,Poland,http://www.radio5.com.pl,radio5.com.pl,
7532408904,Székely Hírmondó,Wei Chen,Romania,http://www.hirmondo.ro,hirmondo.ro,
7542993489,Bulgaria on Air,Rory Hunter,Bulgaria,http://www.bgonair.bg,bgonair.bg,https://www.linkedin.com/company/bulgaria-on-air-media-group
7542835036,Bistriteanul.ro,Wei Chen,Romania,http://www.bistriteanul.ro,bistriteanul.ro,
7541817674,Shariful Rukon,Wei Chen,Bangladesh,http://www.ekusheypatrika.com,ekusheypatrika.com,
7543449681,Gaste24,Sander Lammers,Turkey,http://www.gaste24.com,gaste24.com,
7531608895,Haromzsek,Wei Chen,Romania,http://www.3szek.ro,3szek.ro,
7543315529,Dobojski Info,Wei Chen,Bosnia and Herzegovina,http://www.dobojski.info,dobojski.info,
7542349396,Torpedo Media,Rory Hunter,Croatia,http://www.torpedo.media,torpedo.media,
7532477989,Kocaeli Denge,Wei Chen,Turkey,http://www.kocaelidenge.com,kocaelidenge.com,
7716392496,tfipost.in,Wei Chen,India,http://www.tfipost.in,tfipost.in,https://www.linkedin.com/company/tfipost
7542516336,Sister2Sister,Rory Hunter,United States,http://www.sis2sis.com,sis2sis.com,
7544760656,Turkiye Egitim,Wei Chen,Turkey,http://www.turkiyeegitim.com,turkiyeegitim.com,
7691037065,Youfly,Wei Chen,Greece,http://www.youfly.com,youfly.com,https://www.linkedin.com/company/youfly-com
7571480492,Trebinje Danas,Wei Chen,Bosnia and Herzegovina,http://www.trebinjedanas.com,trebinjedanas.com,
7542206314,Olympio Bima,Wei Chen,Greece,http://www.olympiobima.gr,olympiobima.gr,https://www.linkedin.com/company/olympio-bhma---tharros-newspaper
7541614442,Gazetemizmir,Wei Chen,Turkey,http://www.gazetemizmir.com,gazetemizmir.com,
7541187734,Republica,Wei Chen,Romania,http://www.republica.ro,republica.ro,https://www.linkedin.com/company/republica-ro
7541628526,Larisa City News,Rory Hunter,Greece,http://www.larisacitynews.gr,larisacitynews.gr,
7542410362,Piekno umyslu,Wei Chen,Poland,http://www.pieknoumyslu.com,pieknoumyslu.com,
7624135043,rama-prozor.info,Wei Chen,Croatia,http://www.rama-prozor.info,rama-prozor.info,
7532736783,The Bosnia TIMES,Wei Chen,Bosnia and Herzegovina,http://www.thebosniatimes.ba,thebosniatimes.ba,
7541162375,Transfery,Wei Chen,Poland,http://www.transfery.info,transfery.info,https://www.linkedin.com/company/transfery-info
7541796217,Showbiz Chika,Rory Hunter,Philippines,http://www.showbizchika.net,showbizchika.net,https://www.linkedin.com/company/showbiz-avenue
7542556525,DuList,Rory Hunter,Croatia,http://www.dulist.hr,dulist.hr,
7924439892,JK MEDIA,Sander Lammers,India,http://www.jkmedia.net,jkmedia.net,https://www.linkedin.com/company/jk-media-private-limited
7980609197,OTPOR.Media,Wei Chen,Croatia,http://www.otpor.media,otpor.media,
7980528299,KiKiNote,Sander Lammers,Taiwan,http://www.kikinote.net,kikinote.net,
7751362831,"Вестник ""Посредник""",Wei Chen,Bulgaria,http://www.posredniknews.com,posredniknews.com,https://www.linkedin.com/company/fortuna-press-ltd-
7940079187,Entertainment Corner,Rory Hunter,India,http://www.entertainmentcorner.in,entertainmentcorner.in,
7871029811,94.9 Power FM,Rory Hunter,Australia,http://www.949powerfm.com.au,949powerfm.com.au,https://www.linkedin.com/company/949powerfm
7925519986,HamaraGhaziabad,Wei Chen,India,http://www.hamaraghaziabad.com,hamaraghaziabad.com,https://www.linkedin.com/company/hamara-ghaziabad
7729692326,Jobs in Nigeria Today,Sander Lammers,Nigeria,http://www.jobstoday.com.ng,jobstoday.com.ng,https://www.linkedin.com/company/jobstodayng
7980566963,Bolja Tuzla,Wei Chen,Bosnia and Herzegovina,http://www.boljatuzla.ba,boljatuzla.ba,
7979873416,BB1.hu,Wei Chen,Hungary,http://www.bball1.hu,bball1.hu,
7924442745,Kashmir Glory,Wei Chen,India,http://www.thekashmirglory.com,thekashmirglory.com,
7862319246,Aapkarajasthan,Rory Hunter,India,http://www.aapkarajasthan.com,aapkarajasthan.com,
7974550654,HealthMag,Wei Chen,Greece,http://www.healthmag.gr,healthmag.gr,
7980557186,Alon.hu,Wei Chen,Hungary,http://www.alon.hu,alon.hu,https://www.linkedin.com/company/alon.hu
7974261628,Autovehicule Românești,Wei Chen,Romania,http://www.soferidinromania.ro,soferidinromania.ro,
7972955662,Maine Stay Media,Wei Chen,United States,http://www.mainestaymedia.com,mainestaymedia.com,
7923893876,inkhel.com,Rory Hunter,India,http://www.inkhel.com,inkhel.com,
7974507375,almyrosinfo.gr,Wei Chen,Greece,http://www.almyrosinfo.gr,almyrosinfo.gr,
7923679240,Kashmir Observer,Wei Chen,India,http://www.kashmirobserver.net,kashmirobserver.net,https://www.linkedin.com/company/kashmir-observer
7973901065,Daily Ajit,Wei Chen,India,http://www.ajitjalandhar.com,ajitjalandhar.com,https://www.linkedin.com/company/ajit-newspaper---india
7916034710,Kvartha World News,Rory Hunter,India,http://www.kvartha.com,kvartha.com,https://www.linkedin.com/company/kvartha
7924673819,Indulge,Wei Chen,India,http://www.indulgexpress.com,indulgexpress.com,https://www.linkedin.com/company/indulge-express-the-new-indian-express
7932378503,Bazaar Times,Sander Lammers,Turkey,http://www.bazaartimes.com,bazaartimes.com,https://www.linkedin.com/company/bazaartimes
7916034712,News Karnataka,Rory Hunter,India,http://www.newskarnataka.com,newskarnataka.com,https://www.linkedin.com/company/newskarnataka
7972733307,DEFY Wrestling,Wei Chen,United States,http://www.defywrestling.com,defywrestling.com,
7898228362,Yo Vizag,Wei Chen,India,http://www.yovizag.com,yovizag.com,https://www.linkedin.com/company/yo-vizag
7900687801,Thattukada,Wei Chen,India,http://www.thattukada.org,thattukada.org,
7932272030,Afyon Türkeli Gazetesi,Wei Chen,Turkey,http://www.afyonturkeligazetesi.com,afyonturkeligazetesi.com,
7981780889,Calcutta News,Rory Hunter,Bangladesh,http://www.calcuttanews.tv,calcuttanews.tv,https://www.linkedin.com/company/calcutta-news
7771554404,Kingbet,Wei Chen,Greece,http://www.kingbet.net,kingbet.net,
7973919785,The Richmond Observer,Wei Chen,United States,http://www.richmondobserver.com,richmondobserver.com,
7932213160,De Schiedammer Online,Wei Chen,Netherlands,http://www.deschiedammeronline.nl,deschiedammeronline.nl,https://www.linkedin.com/company/de-schiedammer-online
7769808511,Dsport.bg,Wei Chen,Bulgaria,http://www.dsport.bg,dsport.bg,
7730165415,kalamatatimes.gr,Rory Hunter,Greece,http://www.kalamatatimes.gr,kalamatatimes.gr,
7974278954,Argo Nafplia,Rory Hunter,Greece,http://www.argonafplia.gr,argonafplia.gr,
7925542656,Free Press Journal,Rory Hunter,India,http://www.freepressjournal.in,freepressjournal.in,https://www.linkedin.com/company/the-free-press-journal-newspaper
7975180599,Kiss Binghamton,Wei Chen,United States,http://www.kissbinghamton.com,kissbinghamton.com,
7974226723,Ajker Sylhet,Wei Chen,United Kingdom,http://www.ajkersylhet.com,ajkersylhet.com,
7870447980,7 IASI,Rory Hunter,Romania,http://www.7iasi.ro,7iasi.ro,
7973277774,Teleskop,Wei Chen,Croatia,http://www.teleskop.hr,teleskop.hr,
7924618283,India Herald Group of Publshers P Limited,Damian Domanski,India,http://www.indiaherald.com,indiaherald.com,
7975181353,Lipscomb Bisons,Wei Chen,United States,http://www.lipscombsports.com,lipscombsports.com,
7737479750,Plovdiv Press,Wei Chen,Bulgaria,http://www.plovdiv-press.bg,plovdiv-press.bg,
7926001173,Aviation & Defence Universe,Wei Chen,India,http://www.aviation-defence-universe.com,aviation-defence-universe.com,https://www.linkedin.com/company/aviation-defence-universe
7982356657,EBS Radio,Wei Chen,Romania,http://www.ebsradio.ro,ebsradio.ro,https://www.linkedin.com/company/ebs-radio
7815712932,Novinarnik,Sander Lammers,Bulgaria,http://www.novinarnik.bg,novinarnik.bg,
7729918270,TreloKouneli,Rory Hunter,Greece,http://www.trelokouneli.gr,trelokouneli.gr,
7934265192,Dakshin Bharat Rashtramat | The Hindi Daily,Damian Domanski,India,http://www.dakshinbharat.com,dakshinbharat.com,https://www.linkedin.com/company/dakshin-bharat-hindi-daily-new-media-co-
7730679617,Wyspa,Wei Chen,Poland,http://www.wyspa.fm,wyspa.fm,
7915216449,Rewa Riyasat,Rory Hunter,India,http://www.rewariyasat.com,rewariyasat.com,
7981832520,Békés Mátrix,Wei Chen,Hungary,http://www.bekesmatrix.hu,bekesmatrix.hu,
7771274660,Vima Orthodoxias,Wei Chen,Greece,http://www.vimaorthodoxias.gr,vimaorthodoxias.gr,
7914828369,Swadesh,Wei Chen,India,http://www.swadeshnews.in,swadeshnews.in,
7730364758,Calisia,Rory Hunter,Poland,http://www.calisia.pl,calisia.pl,https://www.linkedin.com/company/agencja.calisia.pl
7934520189,Dastak Times,Wei Chen,India,http://www.dastaktimes.org,dastaktimes.org,
7737474981,Movies Room,Wei Chen,Poland,http://www.moviesroom.pl,moviesroom.pl,
7726881555,Tennis.bg,Wei Chen,Bulgaria,http://www.tennis.bg,tennis.bg,
7730112349,Just for Jokes and Fun,Rory Hunter,United States,http://www.justfun247.com,justfun247.com,
7931391523,Biplabi Sabyasachi News,Wei Chen,India,http://www.biplabisabyasachi.com,biplabisabyasachi.com,https://www.linkedin.com/company/biplabi-sabyasachi
7972825513,Danica.hr,Rory Hunter,Croatia,http://www.danica.hr,danica.hr,https://www.linkedin.com/company/danica-hr
7737673874,Proinos Typos,Wei Chen,Greece,http://www.proinos-typos.gr,proinos-typos.gr,https://www.linkedin.com/company/proinos-typos-dramas
7981700639,Sparkles to Sprinkles,Sander Lammers,United States,http://www.sparklestosprinkles.com,sparklestosprinkles.com,
7847251481,620 CKRM,Wei Chen,United States,http://www.620ckrm.com,620ckrm.com,https://www.linkedin.com/company/620-ckrm
7729772574,СВОБОДНО СЛОВО,Wei Chen,Bulgaria,http://www.svobodnoslovo.eu,svobodnoslovo.eu,
7916184691,照護線上,Wei Chen,Taiwan,http://www.careonline.com.tw,careonline.com.tw,
7981696025,Europost.gr,Wei Chen,Greece,http://www.europost.gr,europost.gr,
7730004502,Ízes élet,Wei Chen,Hungary,http://www.izeselet.hu,izeselet.hu,
7932182883,Progressive Railroading,Damian Domanski,United States,http://www.progressiverailroading.com,progressiverailroading.com,https://www.linkedin.com/company/progressive-railroading-mgzn
7981765227,Bună Ziua Făgăraș,Wei Chen,Romania,http://www.bunaziuafagaras.ro,bunaziuafagaras.ro,
7932263014,Manisa Denge Gazetesi,Wei Chen,Turkey,http://www.manisadenge.com,manisadenge.com,https://www.linkedin.com/company/manisa-denge-gazetesi
7917265482,Millennium Post,Rory Hunter,India,http://www.millenniumpost.in,millenniumpost.in,https://www.linkedin.com/company/the-millenium-post
7899412837,The North-Eastern Chronicle,Rory Hunter,India,http://www.northeasternchronicle.in,northeasternchronicle.in,https://www.linkedin.com/company/north-eastern-chronicle
7932905059,Deepika,Damian Domanski,India,http://www.deepika.com,deepika.com,https://www.linkedin.com/company/rashtra-deepika-ltd
7981728006,eTV,Wei Chen,Bulgaria,http://www.etv.bg,etv.bg,
7932397071,ABC Medya,Wei Chen,Turkey,http://www.fotospor.com,fotospor.com,
7973968013,The Celtic Star,Wei Chen,United Kingdom,http://www.thecelticstar.com,thecelticstar.com,
7730438402,Ziarul Rasunetul,Wei Chen,Romania,http://www.rasunetul.ro,rasunetul.ro,
7916872487,News Bengaluru Media,Wei Chen,India,http://www.newsbengaluru.com,newsbengaluru.com,
7980678761,DayNight.gr,Rory Hunter,Greece,http://www.daynight.gr,daynight.gr,
7730378253,Zi de Zi,Rory Hunter,Romania,http://www.zi-de-zi.ro,zi-de-zi.ro,
7974359430,Aktuelno.ba,Wei Chen,Bosnia and Herzegovina,http://www.aktuelno.ba,aktuelno.ba,
7974148992,Arad24,Rory Hunter,Romania,http://www.arad24.net,arad24.net,https://www.linkedin.com/company/arad24-net
7932924956,Gündem Gazetesidir,Wei Chen,Turkey,http://www.gundemgazetesi.com,gundemgazetesi.com,
7974148993,Catholica Ro,Wei Chen,Romania,http://www.catholica.ro,catholica.ro,
7980467576,BetaNews,Damian Domanski,United States,http://www.betanews.com,betanews.com,https://www.linkedin.com/company/betanews-inc.
7932191516,KCRG,Damian Domanski,United States,http://www.kcrg.com,kcrg.com,
7974589572,Newsdakota.com,Wei Chen,United States,http://www.newsdakota.com,newsdakota.com,https://www.linkedin.com/company/7064556
7728935287,TrebinjeLive,Wei Chen,Serbia,http://www.trebinjelive.info,trebinjelive.info,
7932285204,Bakan Soyer,Sander Lammers,Turkey,http://www.egedesonsoz.com,egedesonsoz.com,https://www.linkedin.com/company/www-egedesonsoz-com
7932924938,Takvim,Wei Chen,Turkey,http://www.takvim.com.tr,takvim.com.tr,https://www.linkedin.com/company/turkuvaz-media-digital-sabah-atv-fotoma-takvim-yeni-as-r-
7974258065,Notos Press,Wei Chen,Greece,http://www.notospress.gr,notospress.gr,
7980598857,Bevezetem,Wei Chen,Hungary,http://www.bevezetem.eu,bevezetem.eu,
7974015137,Daily Amar Sangbad,Wei Chen,Bangladesh,http://www.amarsangbad.com,amarsangbad.com,
7899770935,TechGenyz,Wei Chen,India,http://www.techgenyz.com,techgenyz.com,https://www.linkedin.com/company/techgenyz
7933290288,Brighter Kashmir,Wei Chen,India,http://www.brighterkashmir.com,brighterkashmir.com,
7980518751,Alfahir,Wei Chen,Hungary,http://www.alfahir.hu,alfahir.hu,
7931385927,Khabar Times,Rory Hunter,India,http://www.khabartimes24.com,khabartimes24.com,
7915692082,Ntv Telugu,Wei Chen,India,http://www.ntvtelugu.com,ntvtelugu.com,https://www.linkedin.com/company/ntv-telugu
7973896373,Akta.ba,Wei Chen,Bosnia and Herzegovina,http://www.akta.ba,akta.ba,https://www.linkedin.com/company/ekapija-ba
7982292532,Diarios Cambios Florida,Wei Chen,United States,http://www.diariocambios.com,diariocambios.com,
7991585623,bd24entertainment,Wei Chen,Bangladesh,http://www.bd24report.com,bd24report.com,
8031920558,IstraIN,Wei Chen,Croatia,http://www.istrain.hr,istrain.hr,
8030706058,Travel to Transylvania,Wei Chen,Hungary,http://www.traveltotransylvania.hu,traveltotransylvania.hu,
8003783477,Adafruit,Sander Lammers,United States,http://www.adafruit.com,adafruit.com,https://www.linkedin.com/company/ada-industries
7994795702,cnanews24.com,Wei Chen,Bangladesh,http://www.cnanews24.com,cnanews24.com,
7990411121,Economies.com,Wei Chen,United States,http://www.economies.com,economies.com,https://www.linkedin.com/company/economies-com
8030525082,Enjoy the Black Hills,Wei Chen,United States,http://www.howtoenjoytheblackhills.com,howtoenjoytheblackhills.com,
8014050713,GMinfo.rs,Wei Chen,Serbia,http://www.gminfo.rs,gminfo.rs,
8013493650,Gargalianoionline,Wei Chen,Greece,http://www.gargalianoionline.gr,gargalianoionline.gr,
7990434052,103.7 The Loon,Wei Chen,United States,http://www.1037theloon.com,1037theloon.com,
7992614694,Konflikty.pl,Wei Chen,Poland,http://www.konflikty.pl,konflikty.pl,
7993764146,The Romania Journal,Wei Chen,Romania,http://www.romaniajournal.ro,romaniajournal.ro,https://www.linkedin.com/company/the-romania-journal
8001488809,Peloponnisos Newspaper,Rory Hunter,Greece,http://www.pelop.gr,pelop.gr,https://www.linkedin.com/company/peloponnisos-newspaper
7984173986,Drukčiji Radio,Wei Chen,Bosnia and Herzegovina,http://www.drukciji.ba,drukciji.ba,
7989441139,Diktyo TV,Wei Chen,Greece,http://www.diktyotv.gr,diktyotv.gr,
8018054816,Jumper News,Wei Chen,United States,http://www.jumpernews.com,jumpernews.com,https://www.linkedin.com/company/jumpernews
8017211280,Punked.gr,Wei Chen,Greece,http://www.punked.gr,punked.gr,https://www.linkedin.com/company/punkedgr
8015408272,Grenda,Wei Chen,Norway,http://www.grenda.no,grenda.no,
8007809817,Cashless.pl,Wei Chen,Poland,http://www.cashless.pl,cashless.pl,https://www.linkedin.com/company/cashless.pl
7989094518,Wadowice24,Wei Chen,Poland,http://www.wadowice24.pl,wadowice24.pl,
7982536361,Ghost Cult Magazine,Wei Chen,United Arab Emirates,http://www.ghostcultmag.com,ghostcultmag.com,https://www.linkedin.com/company/ghostcultmag
7989168724,Codziennik Mlawski,Wei Chen,Poland,http://www.codziennikmlawski.pl,codziennikmlawski.pl,
8051186319,Panhandle Post,Wei Chen,United States,http://www.panhandlepost.com,panhandlepost.com,
8051443336,KPSVR,Wei Chen,Hungary,http://www.kpsvr.hu,kpsvr.hu,
7994113554,Blagoevgrad-NEWS,Wei Chen,Bulgaria,http://www.blagoevgrad-news.com,blagoevgrad-news.com,
7989328706,Agrárszektor.hu,Wei Chen,Hungary,http://www.agrarszektor.hu,agrarszektor.hu,https://www.linkedin.com/company/agrarszektor-hu
7989224516,Cretan Magazine,Rory Hunter,Greece,http://www.cretanmagazine.gr,cretanmagazine.gr,
8050984853,KCHI,Wei Chen,United States,http://www.kchi.com,kchi.com,https://www.linkedin.com/company/kchi
8001111699,Blue Arena,Wei Chen,Greece,http://www.bluearena.gr,bluearena.gr,
7989260613,DrenicaOnline,Wei Chen,Serbia,http://www.drenicaonline.com,drenicaonline.com,
7989818700,Biker Spirit Magazine,Wei Chen,Greece,http://www.bikerspirit.net,bikerspirit.net,
7989277770,Carzine.gr,Wei Chen,Greece,http://www.carzine.gr,carzine.gr,
7989277768,CAAN Design,Wei Chen,United States,http://www.caandesign.com,caandesign.com,https://www.linkedin.com/company/caandesign
7994136065,BlackSportsOnline,Rory Hunter,United States,http://www.blacksportsonline.com,blacksportsonline.com,
8016040887,Frog News,Wei Chen,Bulgaria,http://www.frognews.bg,frognews.bg,
7988482724,Shumen Television,Rory Hunter,Bulgaria,http://www.tvshumen.bg,tvshumen.bg,
8051070051,Tygodnik Solidarność,Rory Hunter,Poland,http://www.tysol.pl,tysol.pl,https://www.linkedin.com/company/tygodnik-solidarno%C5%9B%C4%87
8016679772,HELLÓ Nyíregyháza,Wei Chen,Hungary,http://www.hellonyiregyhaza.hu,hellonyiregyhaza.hu,
8030681634,Katharine McPhee News,Wei Chen,United States,http://www.katharinemcphee.net,katharinemcphee.net,https://www.linkedin.com/company/katharine-mcphee
8001249378,Care of Media,Wei Chen,India,http://www.careofmedia.com,careofmedia.com,
8014694437,Vlachopoulos Greveniotis,Wei Chen,Greece,http://www.greveniotis.gr,greveniotis.gr,
7996041227,Galway Daily,Rory Hunter,Ireland,http://www.galwaydaily.com,galwaydaily.com,https://www.linkedin.com/company/galway-daily
8032035629,BHRT,Damian Domanski,Bosnia and Herzegovina,http://www.bhrt.ba,bhrt.ba,https://www.linkedin.com/company/bhrt-radiotelevision-of-bosnia-and-herzegovina-
8016656193,CretaDrive,Wei Chen,Greece,http://www.cretadrive.gr,cretadrive.gr,
8004696202,TeamPilipinas,Wei Chen,Philippines,http://www.teampilipinas.info,teampilipinas.info,
8015469140,Goalpost.gr,Wei Chen,Greece,http://www.goalpost.gr,goalpost.gr,
8015955039,zaPernik.com,Wei Chen,Bulgaria,http://www.zapernik.com,zapernik.com,
8031872554,MediaFokus,Wei Chen,Serbia,http://www.mediafokus.info,mediafokus.info,
8001379443,Fashion PULIS,Wei Chen,Philippines,http://www.fashionpulis.com,fashionpulis.com,
8017011777,Geek Girl Authority,Wei Chen,United States,http://www.geekgirlauthority.com,geekgirlauthority.com,https://www.linkedin.com/company/geek-girl-authority
8000744828,Androgeek,Wei Chen,Hungary,http://www.androgeek.hu,androgeek.hu,https://www.linkedin.com/company/androgeek
7989236398,Agiaparaskevi Guide,Wei Chen,Greece,http://www.agiaparaskevi-guide.gr,agiaparaskevi-guide.gr,
7989453483,Radio Romania Oltenia-Craiova,Wei Chen,Romania,http://www.radiooltenia.ro,radiooltenia.ro,
8014670867,Digitaal Dagblad,Wei Chen,Netherlands,http://www.digitaaldagblad.nl,digitaaldagblad.nl,https://www.linkedin.com/company/digitaal-dagblad
8051411778,James Cameron Online,Wei Chen,United States,http://www.jamescamerononline.com,jamescamerononline.com,
8001455179,CKSport.pl,Wei Chen,Poland,http://www.cksport.pl,cksport.pl,https://www.linkedin.com/company/cksportpl
8029419312,Kosnews24.gr,Wei Chen,Greece,http://www.kosnews24.gr,kosnews24.gr,
8001455178,Cityportal.hr,Wei Chen,Croatia,http://www.cityportal.hr,cityportal.hr,https://www.linkedin.com/company/city-radio-tv-88-6
7989051782,"Viva 88,3 FM",Rory Hunter,Greece,http://www.viva883.gr,viva883.gr,
7989882771,e-krajna,Wei Chen,Poland,http://www.e-krajna.pl,e-krajna.pl,
8029406265,Iapopsi,Wei Chen,Greece,http://www.iapopsi.gr,iapopsi.gr,
7989871498,BG Independent Media,Wei Chen,United States,http://www.bgindependentmedia.org,bgindependentmedia.org,
8029438503,iCook,Wei Chen,Taiwan,http://www.icook.tw,icook.tw,
7989782921,Eagle Country 99.3,Rory Hunter,United States,http://www.eaglecountryonline.com,eaglecountryonline.com,http://linkedin.com/company/wsch---eagle-99.3
8016633441,Dhaka Post,Rory Hunter,Bangladesh,http://www.thedhakapost.com,thedhakapost.com,https://www.linkedin.com/company/the-dhaka-post
8051477328,Radio Trebinje,Wei Chen,Bosnia and Herzegovina,http://www.radiotrebinje.com,radiotrebinje.com,
8031395340,E Communications,Wei Chen,United States,http://www.ecommnewsnetwork.com,ecommnewsnetwork.com,
8002305348,Ferata,Wei Chen,Croatia,http://www.ferata.hr,ferata.hr,
8030739223,Detroit Sports Nation,Rory Hunter,United States,http://www.detroitsportsnation.com,detroitsportsnation.com,https://www.linkedin.com/company/detroit-sports-nation-llc-
8002401605,Festhome,Rory Hunter,United Kingdom,http://www.festhome.com,festhome.com,https://www.linkedin.com/company/festhome-ltd
8002329657,Argument,Wei Chen,Romania,http://www.argument.ro,argument.ro,
7990884232,Antyweb,Wei Chen,Poland,http://www.antyweb.pl,antyweb.pl,https://www.linkedin.com/company/antyweb-sp-z-o-o
8016950046,iFitnessbook.com,Wei Chen,Greece,http://www.ifitnessbook.com,ifitnessbook.com,
8030833770,Gentikoule.gr,Wei Chen,Greece,http://www.gentikoule.gr,gentikoule.gr,
8001423933,Crimesite,Rory Hunter,Netherlands,http://www.crimesite.nl,crimesite.nl,
8031310180,Inspired By Maps,Wei Chen,United States,http://www.inspiredbymaps.com,inspiredbymaps.com,
7990482838,Catholic.net,Rory Hunter,Bangladesh,http://www.catholic.net,catholic.net,https://www.linkedin.com/company/catholic-net-inc-
8030947194,Verbum publicum,Wei Chen,Croatia,http://www.dubrovnikpress.hr,dubrovnikpress.hr,
8016486408,Global Rubber Market,Wei Chen,United States,http://www.globalrubbermarkets.com,globalrubbermarkets.com,
8016745740,ELF Voetbal,Wei Chen,Netherlands,http://www.elfvoetbal.nl,elfvoetbal.nl,
8016637708,TVNovini.bg,Rory Hunter,Bulgaria,http://www.tvnovini.bg,tvnovini.bg,https://www.linkedin.com/company/tvnovini
8016745741,DitisRoden.nl,Wei Chen,Netherlands,http://www.ditisroden.nl,ditisroden.nl,
8051068474,Topiasi,Wei Chen,Romania,http://www.topiasi.ro,topiasi.ro,
8030629237,Just A Pinch Recipes,Sander Lammers,United States,http://www.justapinch.com,justapinch.com,https://www.linkedin.com/company/just-a-pinch-recipes
8015666970,GrevenaMedia,Wei Chen,Greece,http://www.grevenamedia.gr,grevenamedia.gr,
7983370758,Manhattan Broadcasting Company,Wei Chen,United States,http://www.manhattanbroadcasting.com,manhattanbroadcasting.com,https://www.linkedin.com/company/manhattan-broadcasting-company-inc.
8001339956,Uniquenews24.com,Wei Chen,India,http://www.uniquenews24.com,uniquenews24.com,
8017142842,DailyPost.gr,Wei Chen,Greece,http://www.dailypost.gr,dailypost.gr,
8031568217,Marosvásárhelyi Rádió,Wei Chen,Romania,http://www.marosvasarhelyiradio.ro,marosvasarhelyiradio.ro,
8051247365,Gerçek İzmir,Wei Chen,Turkey,http://www.gercekizmir.com,gercekizmir.com,
8016052521,Булевард България Boulevard Bulgaria,Wei Chen,Bulgaria,http://www.boulevardbulgaria.bg,boulevardbulgaria.bg,
8016704817,Hip-HopVibe.com,Wei Chen,United States,http://www.hip-hopvibe.com,hip-hopvibe.com,
8018050305,Distinctly Montana,Rory Hunter,United States,http://www.distinctlymontana.com,distinctlymontana.com,https://www.linkedin.com/company/distinctly-montana-magazine
8002429457,The Newspaper Greece,Wei Chen,Greece,http://www.thenewspaper.gr,thenewspaper.gr,
8017153840,LamiaReport.gr,Rory Hunter,Greece,http://www.lamiareport.gr,lamiareport.gr,
8028667000,Kozan.gr,Wei Chen,Greece,http://www.kozan.gr,kozan.gr,
8051357714,harga.web.id,Wei Chen,Indonesia,http://www.harga.web.id,harga.web.id,
8001141009,vreslarisa.gr,Wei Chen,Greece,http://www.vreslarisa.gr,vreslarisa.gr,
8000661533,Haber54,Wei Chen,Turkey,http://www.haber54.com.tr,haber54.com.tr,
8051175711,Japan Elite,Wei Chen,Poland,http://www.japanelite.pl,japanelite.pl,
8060491123,QuizPost,Wei Chen,United States,http://www.quizpost.me,quizpost.me,
8058432085,Oakland County Times,Wei Chen,United States,http://www.oaklandcounty115.com,oaklandcounty115.com,
8087328270,Studio Alphen,Damian Domanski,Netherlands,http://www.studioalphen.nl,studioalphen.nl,https://www.linkedin.com/company/alphen-stad-fm-tv
8086767125,Pireasnews.gr,Wei Chen,Greece,http://www.pireasnews.gr,pireasnews.gr,
8060731747,eduguide.gr,Sander Lammers,Greece,http://www.eduguide.gr,eduguide.gr,https://www.linkedin.com/company/eduguide-gr
8070514193,oraiokastro24.gr,Wei Chen,Greece,http://www.oraiokastro24.gr,oraiokastro24.gr,
8115458471,Daily Driven,Wei Chen,Romania,http://www.dailydriven.ro,dailydriven.ro,https://www.linkedin.com/company/dailydriven
8060997459,Skala Times,Wei Chen,Greece,http://www.skalatimes.com,skalatimes.com,
8073229081,Punctul,Wei Chen,Romania,http://www.punctul.ro,punctul.ro,
8058428287,Palakkad News,Wei Chen,India,http://www.palakkadnews.in,palakkadnews.in,
8070491960,BD Sylhet News,Wei Chen,Bangladesh,http://www.bdsylhetnews.net,bdsylhetnews.net,
8087360825,Turkinfo Hollanda Türk haber,Wei Chen,Netherlands,http://www.turkinfo.nl,turkinfo.nl,
8059082851,Monitorul de Neamț și Roman,Wei Chen,Romania,http://www.monitorulneamt.ro,monitorulneamt.ro,
8070281790,Argolikes Eideseis,Wei Chen,Greece,http://www.argolikeseidhseis.gr,argolikeseidhseis.gr,
8115359630,PTTL,Rory Hunter,Greece,http://www.pttl.gr,pttl.gr,
8070293574,Karatzova,Wei Chen,Greece,http://www.karatzova.com,karatzova.com,
8070293573,Maistros Newspaper,Wei Chen,Greece,http://www.e-maistros.gr,e-maistros.gr,
8074635786,depart.gr,Wei Chen,Greece,http://www.depart.gr,depart.gr,https://www.linkedin.com/company/depart-gr
8070083137,Ozark Radio News,Wei Chen,United States,http://www.ozarkradionews.com,ozarkradionews.com,https://www.linkedin.com/company/729655
8070350914,Ora de Mediaș,Rory Hunter,Romania,http://www.orademedias.ro,orademedias.ro,
8082886528,Phoronix,Wei Chen,United States,http://www.phoronix.com,phoronix.com,
8051852452,Kárpátalja hetilap,Wei Chen,Hungary,http://www.karpataljalap.net,karpataljalap.net,
8060505404,River Country News,Wei Chen,United States,http://www.rivercountrynews.com,rivercountrynews.com,
8085372065,Korso Kolbuszowskie,Wei Chen,Poland,http://www.korsokolbuszowskie.pl,korsokolbuszowskie.pl,
8083674783,The Billfold,Wei Chen,United States,http://www.thebillfold.com,thebillfold.com,https://www.linkedin.com/company/the-billfold
8082701963,Peel en Maas Venray,Wei Chen,Netherlands,http://www.peelenmaasvenray.nl,peelenmaasvenray.nl,https://www.linkedin.com/company/peel-en-maas
8070669634,Beograduzivo,Wei Chen,Serbia,http://www.beograduzivo.rs,beograduzivo.rs,
8060656675,Arion Radio,Wei Chen,Greece,http://www.arionradio.com,arionradio.com,
8069754792,iAfrica,Damian Domanski,South Africa,http://www.iafrica.com,iafrica.com,https://www.linkedin.com/company/iafrica-com
8059607864,Mostarski.ba,Rory Hunter,Bosnia and Herzegovina,http://www.mostarski.ba,mostarski.ba,
8082759583,Pi kanal,Wei Chen,Serbia,http://www.pikanal.rs,pikanal.rs,https://www.linkedin.com/company/pi-kanal
8069706142,Yellow Brick Cinema,Wei Chen,United States,http://www.yellowbrickcinema.com,yellowbrickcinema.com,
8052532373,Express de Banat,Rory Hunter,Romania,http://www.expressdebanat.ro,expressdebanat.ro,
8059144510,Recept.se,Wei Chen,Sweden,http://www.recept.se,recept.se,
8116266915,Millet Gazetesi,Wei Chen,Greece,http://www.milletgazetesi.gr,milletgazetesi.gr,
8051638156,deal.com.mt,Wei Chen,Malta,http://www.deal.com.mt,deal.com.mt,https://www.linkedin.com/company/dealmalta
8058027821,LNGIndustry,Wei Chen,United Kingdom,http://www.lngindustry.com,lngindustry.com,https://www.linkedin.com/company/lngindustry
8052496029,Filmtekercs,Rory Hunter,Hungary,http://www.filmtekercs.hu,filmtekercs.hu,https://www.linkedin.com/company/filmtekercs
8058866230,KampenOnline,Wei Chen,Netherlands,http://www.kampenonline.nl,kampenonline.nl,https://www.linkedin.com/company/kampenonline
8070443133,Opinia Transilvana,Wei Chen,Romania,http://www.opiniatransilvana.ro,opiniatransilvana.ro,
8086199938,Bolec.Info,Wei Chen,Poland,http://www.bolec.info,bolec.info,https://www.linkedin.com/company/bolec.info
8059697689,Allrounder,Sander Lammers,Bangladesh,http://www.allrounderbd.com,allrounderbd.com,
8087952744,Preveza TODAY,Wei Chen,Greece,http://www.prevezatoday.gr,prevezatoday.gr,
8052981377,Olawa24,Wei Chen,Poland,http://www.olawa24.pl,olawa24.pl,
8084960623,Εργατική Αλληλεγγύη,Wei Chen,Greece,http://www.ergatiki.gr,ergatiki.gr,
8087289217,Portal na Plus,Wei Chen,Poland,http://www.portalnaplus.pl,portalnaplus.pl,
8069674615,NOIZZ.hu,Wei Chen,Hungary,http://www.noizz.hu,noizz.hu,
8070272649,Palmos News,Wei Chen,Greece,http://www.palmosnews.gr,palmosnews.gr,https://www.linkedin.com/company/palmosnews
8052019555,Layout.gr,Wei Chen,Greece,http://www.lay-out.gr,lay-out.gr,
8087381656,Westerwolde Actueel,Wei Chen,Netherlands,http://www.westerwoldeactueel.nl,westerwoldeactueel.nl,http://linkedin.com/company/radio-westerwolde
8087393432,Texelse Courant,Rory Hunter,Netherlands,http://www.texelsecourant.nl,texelsecourant.nl,https://www.linkedin.com/company/texelse-courant
8115955757,Economic Confidential,Rory Hunter,Nigeria,http://www.economicconfidential.com,economicconfidential.com,https://www.linkedin.com/company/economic-confidential
8069801323,TV Zona Plus,Wei Chen,Serbia,http://www.tvzonaplus.rs,tvzonaplus.rs,
8085198717,Kids&Go Wyjazdy z dziećmi,Wei Chen,Poland,http://www.kidsandgo.pl,kidsandgo.pl,
8052426604,Worthy Talk BD,Wei Chen,Bangladesh,http://www.worthytalkbd.com,worthytalkbd.com,
8069641313,West Wales Chronicle,Wei Chen,United Kingdom,http://www.westwaleschronicle.co.uk,westwaleschronicle.co.uk,https://www.linkedin.com/company/the-west-wales-chronicle
8074007710,bilgoraj.com.pl,Rory Hunter,Poland,http://www.bilgoraj.com.pl,bilgoraj.com.pl,
8084516479,JobAlert.ie,Wei Chen,Ireland,http://www.jobalert.ie,jobalert.ie,https://www.linkedin.com/company/jobalert
8082970987,Timisoara Bulletin,Wei Chen,Romania,http://www.buletindetimisoara.ro,buletindetimisoara.ro,
8068888403,twojradom.pl,Wei Chen,Poland,http://www.twojradom.pl,twojradom.pl,
8053048664,Comic Watch,Wei Chen,United States,http://www.comic-watch.com,comic-watch.com,https://www.linkedin.com/company/comicwatch
8115546898,Real Radio: KMMO,Wei Chen,United States,http://www.kmmo.com,kmmo.com,https://www.linkedin.com/company/kmmo-radio
8070262700,Gnomip.gr,Wei Chen,Greece,http://www.gnomip.gr,gnomip.gr,
8082957159,RTV EEN,Wei Chen,Netherlands,http://www.rtveen.nl,rtveen.nl,https://www.linkedin.com/company/rtv-1
8082866536,Scholarship Opportunities,Wei Chen,Netherlands,http://www.studyopportunities.online,studyopportunities.online,
8071088802,Aquafeed24,Wei Chen,Greece,http://www.aquafeed24.com,aquafeed24.com,
8068818754,WeRock.bg,Wei Chen,Bulgaria,http://www.werock.bg,werock.bg,
8082667121,KnowTechie,Wei Chen,United States,http://www.knowtechie.com,knowtechie.com,https://www.linkedin.com/company/knowtechie
8070274738,Katerini Sport,Wei Chen,Greece,http://www.katerinisport.gr,katerinisport.gr,https://www.linkedin.com/company/katerini-sport
8052447054,Advocates Philippines,Wei Chen,Philippines,http://www.advocatesomi.com,advocatesomi.com,
8068841288,Augusta Free Press,Rory Hunter,United States,http://www.augustafreepress.com,augustafreepress.com,
8069694023,Tyna.info.pl,Wei Chen,Poland,http://www.tyna.info.pl,tyna.info.pl,
8115563268,Romania24,Rory Hunter,Romania,http://www.romania24.ro,romania24.ro,
8087000761,Biljke Za,Sander Lammers,Bosnia and Herzegovina,http://www.biljkeza.com,biljkeza.com,
8087419315,UK in Arabic,Wei Chen,United Kingdom,http://www.ukinarabic.co.uk,ukinarabic.co.uk,
8052714564,AgrinioVOICE.gr,Rory Hunter,Greece,http://www.agriniovoice.gr,agriniovoice.gr,
8052876867,Carrie,Rory Hunter,Hungary,http://www.carrie.hu,carrie.hu,
8068838960,westcity.gr,Wei Chen,Greece,http://www.westcity.gr,westcity.gr,https://www.linkedin.com/company/westcity
8074230658,Eldfesten,Wei Chen,Sweden,http://www.eldfesten.se,eldfesten.se,
8115349620,Fansportu,Wei Chen,Poland,http://www.fansportu.pl,fansportu.pl,
8082818560,SIRIS Asten Someren,Wei Chen,Netherlands,http://www.siris.nl,siris.nl,https://www.linkedin.com/company/siris-asten-someren
8115763823,Retete Prajituri si Mancaruri,Wei Chen,Romania,http://www.top24news.ro,top24news.ro,
8060686764,Smag 31,Sander Lammers,Ireland,http://www.smag31.com,smag31.com,
8081106291,Concursi Online,Wei Chen,Romania,http://www.concursuri.biz,concursuri.biz,
8082785822,Élő Bolygónk,Wei Chen,Hungary,http://www.elobolygonk.hu,elobolygonk.hu,
8051686192,Groot Nissewaard,Wei Chen,Netherlands,http://www.grootnissewaard.nl,grootnissewaard.nl,
8052750886,AgrinioTimes.gr,Wei Chen,Greece,http://www.agriniotimes.gr,agriniotimes.gr,
8069714210,Nakolei.pl,Wei Chen,Poland,http://www.nakolei.pl,nakolei.pl,https://www.linkedin.com/company/nakoleipl
8061063588,ŚwiatWyścigów.pl,Wei Chen,Poland,http://www.swiatwyscigow.pl,swiatwyscigow.pl,
8082721569,Kliknieuws,Wei Chen,Netherlands,http://www.kliknieuws.nl,kliknieuws.nl,https://www.linkedin.com/company/kliknieuws
8051907082,TV Zagora,Wei Chen,Bulgaria,http://www.zagoranews.bg,zagoranews.bg,
8061094558,Świat Ciast,Wei Chen,Poland,http://www.swiatciast.pl,swiatciast.pl,
8069719571,Tychy News,Wei Chen,Poland,http://www.tychynews.pl,tychynews.pl,
8116311848,Midlands 103,Rory Hunter,Ireland,http://www.midlands103.com,midlands103.com,https://www.linkedin.com/company/midlands-103
8082587699,Patragoal,Wei Chen,Greece,http://www.patragoal.gr,patragoal.gr,
8068828162,TWM+,Wei Chen,United States,http://www.twm.news,twm.news,
8082631990,Rijswijk.tv,Wei Chen,Netherlands,http://www.rijswijk.tv,rijswijk.tv,
8115348800,RTV Lukavac,Wei Chen,Bosnia and Herzegovina,http://www.rtvlukavac.ba,rtvlukavac.ba,
8082829117,PanoramaKutna.pl,Wei Chen,Poland,http://www.panoramakutna.pl,panoramakutna.pl,
8082829116,Aradean Guide,Wei Chen,Romania,http://www.ghidularadean.ro,ghidularadean.ro,
8139446822,Irish Boxing,Wei Chen,Ireland,http://www.irish-boxing.com,irish-boxing.com,
8141565259,toftiaxa.gr,Wei Chen,Greece,http://www.toftiaxa.gr,toftiaxa.gr,
8139883811,zulawyimierzeja24.pl,Wei Chen,Poland,http://www.zulawyimierzeja24.pl,zulawyimierzeja24.pl,
8160688507,Enoplos,Wei Chen,Greece,http://www.enoplos.gr,enoplos.gr,
8132725412,powrotroberta.pl,Sander Lammers,Poland,http://www.powrotroberta.pl,powrotroberta.pl,https://www.linkedin.com/company/powrotroberta
8147122560,The Sen Times,Wei Chen,India,http://www.tkbsen.in,tkbsen.in,https://www.linkedin.com/company/the-sen-times
8142320206,GRYOnline.pl,Wei Chen,Poland,http://www.gry-online.pl,gry-online.pl,https://www.linkedin.com/company/gry-online-sa
8125005165,Glasul Cetatii,Wei Chen,Romania,http://www.glasulcetatii.ro,glasulcetatii.ro,
8141327460,PLBOLD.DK,Wei Chen,Denmark,http://www.plbold.dk,plbold.dk,
8147661450,Czytaj Rzeszów,Wei Chen,Poland,http://www.czytajrzeszow.pl,czytajrzeszow.pl,
8147261110,Serialowa,Wei Chen,Poland,http://www.serialowa.pl,serialowa.pl,
8124210192,Fulton County Expositor,Wei Chen,United States,http://www.fcnews.org,fcnews.org,https://www.linkedin.com/company/fulton-county-expositor
8160689220,Explore Jefferson,Rory Hunter,United States,http://www.explorejeffersonpa.com,explorejeffersonpa.com,
8147898010,Drawskie Strony Internetowe,Wei Chen,Poland,http://www.dsi.net.pl,dsi.net.pl,
8125688596,Telewizja Limanowska,Wei Chen,Poland,http://www.tv28.pl,tv28.pl,
8117644187,radiomax.gr,Wei Chen,Greece,http://www.radiomax.gr,radiomax.gr,
8133531785,Hit Rádió.hu,Rory Hunter,Hungary,http://www.hitradio.hu,hitradio.hu,https://www.linkedin.com/company/hit-radio-mediaszervezet
8134780315,serraikanea.gr,Wei Chen,Greece,http://www.serraikanea.gr,serraikanea.gr,
8139370080,01Portal,Wei Chen,Croatia,http://www.01portal.hr,01portal.hr,
8139238766,Asociaţia Română de Nutriţie şi Dietetică (ARoND),Wei Chen,Romania,http://www.nutritiedietetica.ro,nutritiedietetica.ro,
8141499669,medjugorje-info.com,Wei Chen,Croatia,http://www.medjugorje-info.com,medjugorje-info.com,
8140661355,Bosloker.com,Wei Chen,Indonesia,http://www.bosloker.com,bosloker.com,
8139052146,Money Inc,Wei Chen,United States,http://www.moneyinc.com,moneyinc.com,
8134656904,Lowiczanin.info,Wei Chen,Poland,http://www.lowiczanin.info,lowiczanin.info,
8124147048,Fagersta Nyheter,Wei Chen,Sweden,http://www.fagerstanyheter.com,fagerstanyheter.com,
8140347244,Bucovina Media,Wei Chen,Romania,http://www.bucovinamedia.ro,bucovinamedia.ro,
8124272478,4malayalees.com,Wei Chen,India,http://www.4malayalees.com,4malayalees.com,
8160677898,Ευρυτανικά ΝΕΑ,Wei Chen,Greece,http://www.evrytanika.gr,evrytanika.gr,
8125636664,Telewizja Walbrzych,Wei Chen,Poland,http://www.tvwalbrzych.pl,tvwalbrzych.pl,
8125651512,TV Fagaras,Wei Chen,Romania,http://www.tvfagaras.ro,tvfagaras.ro,
8126232375,Epirusgate,Rory Hunter,Greece,http://www.epirusgate.gr,epirusgate.gr,
8134943114,Thessalianews.gr,Rory Hunter,Greece,http://www.thessalianews.gr,thessalianews.gr,https://www.linkedin.com/company/agl-gr
8124463404,"The Book, The Film, The T-Shirt",Wei Chen,United Kingdom,http://www.thebookthefilmthetshirt.co.uk,thebookthefilmthetshirt.co.uk,https://www.linkedin.com/company/the-book-the-film-the-t-shirt
8138915696,The Paper,Rory Hunter,Greece,http://www.thepaper.gr,thepaper.gr,
8138865006,Idoma Voice,Rory Hunter,Nigeria,http://www.idomavoice.com,idomavoice.com,
8139242577,Atlanta's Frugal Mom,Wei Chen,United States,http://www.atlantasfrugalmom.com,atlantasfrugalmom.com,
8117103779,Framingham Source,Wei Chen,United Kingdom,http://www.framinghamsource.com,framinghamsource.com,
8139242576,Art of Mathematics,Sander Lammers,United States,http://www.mathematicsart.com,mathematicsart.com,
8141307707,epiotrkow.pl,Wei Chen,Poland,http://www.epiotrkow.pl,epiotrkow.pl,
8141390648,LionhearTV,Rory Hunter,Philippines,http://www.lionheartv.net,lionheartv.net,
8139476571,Roditel.bg,Sander Lammers,Bulgaria,http://www.roditel.bg,roditel.bg,https://www.linkedin.com/company/roditel-media
8140451144,Bucuresti TV,Wei Chen,Romania,http://www.bucurestitv.net,bucurestitv.net,
8133361590,Balkani News English,Wei Chen,India,http://www.balkaninews.com,balkaninews.com,https://www.linkedin.com/company/balkaninewsdotcom
8125931817,ZanteTimes.GR,Wei Chen,Greece,http://www.zantetimes.gr,zantetimes.gr,https://www.linkedin.com/company/zantetimesgr
8117451348,TVOvermind,Rory Hunter,United States,http://www.tvovermind.com,tvovermind.com,https://www.linkedin.com/company/tvovermind
8148375340,Ekalampaka,Wei Chen,Greece,http://www.ekalampaka.gr,ekalampaka.gr,
8147887395,Euosmos,Wei Chen,Greece,http://www.euosmos.gr,euosmos.gr,
8146966035,Svouranews.gr,Wei Chen,Greece,http://www.svouranews.gr,svouranews.gr,
8140625844,Stord24,Wei Chen,Norway,http://www.stord24.no,stord24.no,
8147640109,Dunaszerdahelyi,Wei Chen,Hungary,http://www.dunaszerdahelyi.sk,dunaszerdahelyi.sk,
8138895499,Theprp.com,Wei Chen,United States,http://www.theprp.com,theprp.com,https://www.linkedin.com/company/blast-beat-network
8140949669,Anatolh Online,Rory Hunter,Greece,http://www.anatolh.com,anatolh.com,
8131608629,Regional Media,Wei Chen,United States,http://www.regionalmedia.info,regionalmedia.info,https://www.linkedin.com/company/regional-media
8133477713,Lipički Compas,Rory Hunter,Croatia,http://www.compas.com.hr,compas.com.hr,
8139421060,The Black Detour,Wei Chen,United States,http://www.theblackdetour.com,theblackdetour.com,
8133635181,Hollywood Outbreak,Sander Lammers,United States,http://www.hollywoodoutbreak.com,hollywoodoutbreak.com,
8117757567,Kujawska Media Group,Rory Hunter,Poland,http://www.mojakruszwica.pl,mojakruszwica.pl,
8147205435,Sydöstran,Rory Hunter,Sweden,http://www.sydostran.se,sydostran.se,
8147357753,Kerkyrasimera,Wei Chen,Greece,http://www.kerkyrasimera.gr,kerkyrasimera.gr,
8140562833,Evia Zoom,Wei Chen,Greece,http://www.eviazoom.gr,eviazoom.gr,
8132800361,Utánpótlássport.hu 62 sportág friss hírei egy helyen,Wei Chen,Hungary,http://www.utanpotlassport.hu,utanpotlassport.hu,https://www.linkedin.com/company/utanpotlassport-hu
8140498073,Carture,Wei Chen,Taiwan,http://www.carture.com.tw,carture.com.tw,
8133605759,Unghiul,Wei Chen,Romania,http://www.unghiul.com,unghiul.com,
8133799546,Football Transfers,Rory Hunter,United Kingdom,http://www.footballtransfers.com,footballtransfers.com,
8133473136,IDP connect,Wei Chen,India,http://www.idp-connect.com,idp-connect.com,https://www.linkedin.com/company/idp-connect
8147241249,Cooktop Cove,Wei Chen,United States,http://www.cooktopcove.com,cooktopcove.com,
8138959265,Uskvijesti.ba,Wei Chen,Bosnia and Herzegovina,http://www.uskvijesti.ba,uskvijesti.ba,
8133368072,Dot Daily Dose,Wei Chen,Philippines,http://www.dotdailydose.net,dotdailydose.net,
8133725451,Biskotto,Wei Chen,United States,http://www.biskotto.gr,biskotto.gr,
8141268106,Фронтал,Rory Hunter,Serbia,http://www.frontal.ba,frontal.ba,
8117717520,Inside The Iggles,Wei Chen,United States,http://www.insidetheiggles.com,insidetheiggles.com,
8133721348,Banks News,Wei Chen,Greece,http://www.banksnews.gr,banksnews.gr,
8125712537,SuomiF1,Wei Chen,Finland,http://www.suomif1.com,suomif1.com,
8116326922,Quraan College,Wei Chen,Pakistan,http://www.quraancollege.com,quraancollege.com,
8143286446,Info Pápa,Wei Chen,Hungary,http://www.infopapa.hu,infopapa.hu,
8160717220,Glasul Aradului,Rory Hunter,Romania,http://www.glsa.ro,glsa.ro,
8133050389,The Eurasian Times,Wei Chen,India,http://www.eurasiantimes.com,eurasiantimes.com,https://www.linkedin.com/company/eurasian-times
8157944208,ACMilan24.com,Wei Chen,Poland,http://www.acmilan24.com,acmilan24.com,
8117052419,TV2 Bornholm,Rory Hunter,Denmark,http://www.tv2bornholm.dk,tv2bornholm.dk,https://www.linkedin.com/company/41443
8133660184,Pet Sitting,Wei Chen,Greece,http://www.pet-sitting.gr,pet-sitting.gr,
8148044401,EIvanec,Wei Chen,Croatia,http://www.eivanec.com,eivanec.com,
8157929373,10 Missions Media,Damian Domanski,United States,http://www.10missions.com,10missions.com,https://www.linkedin.com/company/10-missions-media
8132869406,Unite Asia,Wei Chen,Singapore,http://www.uniteasia.org,uniteasia.org,
8147936325,Notibomba (NB),Rory Hunter,United States,http://www.notibomba.com,notibomba.com,
8141832111,Chojna24,Wei Chen,Poland,http://www.chojna24.pl,chojna24.pl,
8125408935,Stirea Zilei,Rory Hunter,Romania,http://www.stireazilei.com,stireazilei.com,
8133459490,Feel the words,Wei Chen,India,http://www.feelthewords.com,feelthewords.com,
8141237673,BDC Televizija,Wei Chen,Bosnia and Herzegovina,http://www.brcko.tv,brcko.tv,
8147667531,Periodista,Wei Chen,Greece,http://www.periodista.gr,periodista.gr,
8148432707,Kaposvár Most,Wei Chen,Hungary,http://www.kaposvarmost.hu,kaposvarmost.hu,
8147954248,Expert,Wei Chen,Bulgaria,http://www.expert.bg,expert.bg,https://www.linkedin.com/company/expert-bg-ltd
8117552940,Pro Media Foundation,Wei Chen,Hungary,http://www.ma7.sk,ma7.sk,
8125543333,Sun Signs,Wei Chen,United States,http://www.sunsigns.org,sunsigns.org,
8116586046,Schools that Rock SA,Wei Chen,South Africa,http://www.schoolsthatrock.co.za,schoolsthatrock.co.za,
8148260698,BusinessFocus,Rory Hunter,Hong Kong,http://www.businessfocus.io,businessfocus.io,https://www.linkedin.com/company/business-media-limited-hk
8160716188,e Lubin,Wei Chen,Poland,http://www.elubin.pl,elubin.pl,
8141159097,Zinapost.gr,Wei Chen,Greece,http://www.zinapost.gr,zinapost.gr,
8134272811,TheTrends.ro,Wei Chen,Romania,http://www.thetrends.ro,thetrends.ro,
8147205216,Online Nytt,Rory Hunter,Norway,http://www.onlinenytt.com,onlinenytt.com,
8147747672,Defend the Catholic Faith,Wei Chen,Philippines,http://www.dcfvanguards.com,dcfvanguards.com,
8160846444,DND Pakistan,Wei Chen,Pakistan,http://www.dnd.com.pk,dnd.com.pk,https://www.linkedin.com/company/dndpk
8171744274,Reč Naroda Požarevac,Wei Chen,Serbia,http://www.recnaroda.co.rs,recnaroda.co.rs,
8178019442,US Malayali,Wei Chen,United States,http://www.usmalayali.com,usmalayali.com,https://www.linkedin.com/company/us-malayali
8190540853,Jago Sylhet,Wei Chen,Bangladesh,http://www.jagosylhet.news,jagosylhet.news,
8190358568,Cronica Vaii Jiului,Wei Chen,Romania,http://www.cronicavj.ro,cronicavj.ro,
8162758022,FOX 24 Charleston,Wei Chen,United States,http://www.foxcharleston.com,foxcharleston.com,https://www.linkedin.com/company/wtat-tv-fox-24
8172956213,Tusochaczew,Wei Chen,Poland,http://www.tusochaczew.pl,tusochaczew.pl,
8162289041,Gostyn24.pl,Rory Hunter,Poland,http://www.gostyn24.pl,gostyn24.pl,https://www.linkedin.com/company/gostyn24.pl
8176538191,Ti Nea Larissa,Wei Chen,Greece,http://www.tinealarissa.gr,tinealarissa.gr,
8178594153,SibenikNews,Wei Chen,Hungary,http://www.mok.hr,mok.hr,
8163319430,Radiomures,Rory Hunter,Romania,http://www.radiomures.ro,radiomures.ro,
8176112194,Sözmedia,Wei Chen,Romania,http://www.sozmedia.ro,sozmedia.ro,
8161137255,Het Nieuws Vandaag,Wei Chen,Netherlands,http://www.hetnieuwsvandaag.be,hetnieuwsvandaag.be,https://www.linkedin.com/company/het-nieuws
8191224106,Scena,Rory Hunter,Croatia,http://www.scena.hr,scena.hr,
8177347443,PravasiExpress,Rory Hunter,Singapore,http://www.pravasiexpress.com,pravasiexpress.com,https://www.linkedin.com/company/pravasiexpress
8190893611,ModaHayat,Wei Chen,Turkey,http://www.modahayat.com,modahayat.com,https://www.linkedin.com/company/moda-hayat
8161025359,Lefkada Press,Wei Chen,Greece,http://www.lefkadapress.gr,lefkadapress.gr,
8175943281,RDN Nowy Sacz,Rory Hunter,Poland,http://www.rdn.pl,rdn.pl,https://www.linkedin.com/company/rdn-ma%c5%82opolska
8190202126,Guident,Wei Chen,India,http://www.guident.net,guident.net,
8191376412,gsmManiaK,Wei Chen,Poland,http://www.gsmmaniak.pl,gsmmaniak.pl,
8170590505,Athletic Media Group,Wei Chen,Greece,http://www.athleticmediagroup.com,athleticmediagroup.com,
8190432024,Rock Overdose,Rory Hunter,Greece,http://www.rockoverdose.gr,rockoverdose.gr,
8163985591,Víctor Báez,Wei Chen,United States,http://www.vicbaez.com,vicbaez.com,
8191175441,AEK Passion,Wei Chen,Greece,http://www.aekpassion.gr,aekpassion.gr,
8163463352,Radio Radom,Wei Chen,Poland,http://www.radioradom.pl,radioradom.pl,https://www.linkedin.com/company/radio-radom
8162020175,MessolonghiNews,Wei Chen,Greece,http://www.messolonghinews.gr,messolonghinews.gr,
8162565046,Manset Haber,Sander Lammers,Turkey,http://www.mansethaber.at,mansethaber.at,
8163538085,Radio Unirea FM,Wei Chen,Romania,http://www.radiounirea.ro,radiounirea.ro,
8163433377,epiloges.tv,Rory Hunter,Greece,http://www.epiloges.tv,epiloges.tv,
8175024240,Xryso Skoufaki,Wei Chen,Greece,http://www.xrysoskoufaki.gr,xrysoskoufaki.gr,
8162055496,Sarkarnama,Wei Chen,India,http://www.sarkarnama.in,sarkarnama.in,
8175999588,eSanok.pl,Wei Chen,Poland,http://www.esanok.pl,esanok.pl,
8161802051,Faktopedia,Rory Hunter,Poland,http://www.faktopedia.pl,faktopedia.pl,
8176375907,Trikalaidees,Wei Chen,Greece,http://www.trikalaidees.gr,trikalaidees.gr,
8160737111,Bulgarian Military,Wei Chen,Bulgaria,http://www.bulgarianmilitary.com,bulgarianmilitary.com,https://www.linkedin.com/company/bgmilitary
8161005650,Exquis,Wei Chen,Romania,http://www.exquis.ro,exquis.ro,
8171751983,Replica - Info HD,Rory Hunter,Romania,http://www.replicahd.ro,replicahd.ro,
8172163110,Tygodnik Zamojski,Wei Chen,Poland,http://www.tygodnikzamojski.pl,tygodnikzamojski.pl,
8175028229,Voice of Rodopi online,Wei Chen,Greece,http://www.fonirodopis.gr,fonirodopis.gr,
8161315120,mother-father,Wei Chen,Hungary,http://www.anyasapas.hu,anyasapas.hu,
8178235698,Gs Press,Wei Chen,Croatia,http://www.gspress.net,gspress.net,
8176161307,polnocna.tv,Wei Chen,Poland,http://www.polnocna.tv,polnocna.tv,
8191191926,Gazeta de Botosani,Wei Chen,Romania,http://www.gazetabt.ro,gazetabt.ro,
8176373270,Teslić Danas,Wei Chen,Bosnia and Herzegovina,http://www.teslicdanas.net,teslicdanas.net,
8176319766,Viorel Balan,Wei Chen,Romania,http://www.batranete.com,batranete.com,
8171953479,Kanal 6,Wei Chen,Bulgaria,http://www.kanal6.tv,kanal6.tv,
8171907393,WithGuitars,Wei Chen,United States,http://www.withguitars.com,withguitars.com,
8175362589,BBALL.bg,Wei Chen,Bulgaria,http://www.bball.bg,bball.bg,https://www.linkedin.com/company/bballbg-media
8174371171,RailAdvent,Wei Chen,United Kingdom,http://www.railadvent.co.uk,railadvent.co.uk,https://www.linkedin.com/company/railadvent
8172426823,Tygodnik Ostrołęcki,Wei Chen,Poland,http://www.to.com.pl,to.com.pl,
8175033636,Timisoara Stiri,Wei Chen,Romania,http://www.timisoarastiri.ro,timisoarastiri.ro,
8190769238,Ki24,Rory Hunter,Poland,http://www.ki24.info,ki24.info,
8160790542,GreekPress.gr,Wei Chen,Greece,http://www.greekpress.gr,greekpress.gr,
8191145565,Lca.pl,Wei Chen,Poland,http://www.lca.pl,lca.pl,https://www.linkedin.com/company/legnicka-biblioteka-publiczna
8174855467,Imero Dromos,Rory Hunter,Greece,http://www.imerodromos.gr,imerodromos.gr,
8190626138,Kezdő5,Wei Chen,Hungary,http://www.kezdo5.hu,kezdo5.hu,
8176304434,SuperSafeway,Wei Chen,United States,http://www.supersafeway.com,supersafeway.com,https://www.linkedin.com/company/super-safeway
8191953448,KROX,Wei Chen,United States,http://www.kroxam.com,kroxam.com,https://www.linkedin.com/company/krox-radio
8162058511,Mun Oulu,Wei Chen,Finland,http://www.munoulu.fi,munoulu.fi,
8176417320,Centrul Media BucPress Cernăuți,Wei Chen,Romania,http://www.bucpress.eu,bucpress.eu,
8190380122,CorfuPress.com,Rory Hunter,Greece,http://www.corfupress.com,corfupress.com,
8160766748,CNA News,Wei Chen,Greece,http://www.cna.gr,cna.gr,
8175068467,Užička Nedelja,Rory Hunter,Serbia,http://www.uzickanedelja.rs,uzickanedelja.rs,
8170648956,XXZ Magazin,Wei Chen,Serbia,http://www.xxzmagazin.com,xxzmagazin.com,https://www.linkedin.com/company/xxz-magazin
8172166811,bankingnews.gr,Wei Chen,Greece,http://www.bankingnews.gr,bankingnews.gr,
8190591156,KrushiNama,Rory Hunter,India,http://www.krushinama.com,krushinama.com,
8188886933,Kaposvári Programok,Wei Chen,Hungary,http://www.kaposvariprogramok.hu,kaposvariprogramok.hu,
8172322453,Bangla Post,Wei Chen,Bangladesh,http://www.banglapost.co.uk,banglapost.co.uk,
8190324896,Locuri de Munca,Wei Chen,Romania,http://www.locurimunca.net,locurimunca.net,
8162224658,Twoja Słupca.pl,Wei Chen,Poland,http://www.twojaslupca.pl,twojaslupca.pl,
8162703390,evros24.gr,Wei Chen,Greece,http://www.evros24.gr,evros24.gr,
8189436086,Jóportál,Wei Chen,Hungary,http://www.joportal.hu,joportal.hu,
8190598318,Kriti 24,Wei Chen,Greece,http://www.kriti24.gr,kriti24.gr,
8191155344,Nowiny.pl,Wei Chen,Poland,http://www.nowiny.pl,nowiny.pl,https://www.linkedin.com/company/wydawnictwo-nowiny
8162932768,Radio Piekary,Rory Hunter,Poland,http://www.radiopiekary.pl,radiopiekary.pl,
8191267987,Komló Média,Wei Chen,Hungary,http://www.komlomedia.hu,komlomedia.hu,
8162666808,e-tetRadio.gr,Wei Chen,Greece,http://www.e-tetradio.gr,e-tetradio.gr,https://www.linkedin.com/company/www.e-tetradio.gr
8171891873,Bujanovačke,Wei Chen,Serbia,http://www.bujanovacke.co.rs,bujanovacke.co.rs,
8162521649,WSJM,Wei Chen,United States,http://www.wsjm.com,wsjm.com,https://www.linkedin.com/company/wsjm
8162666807,Marathon Press,Wei Chen,Greece,http://www.news.marathonpress.gr,news.marathonpress.gr,
8175045762,Odkrywamy Zakryte,Sander Lammers,Poland,http://www.odkrywamyzakryte.com,odkrywamyzakryte.com,
8162173514,Format3A,Wei Chen,Poland,http://www.format3a.pl,format3a.pl,
8160789176,Dolina Lašve,Wei Chen,Croatia,http://www.dolinalasve.info,dolinalasve.info,
8162893145,Greek City Times,Rory Hunter,Australia,http://www.greekcitytimes.com,greekcitytimes.com,https://www.linkedin.com/company/greek-city-times
8178420397,ArenaLarissa.gr,Wei Chen,Greece,http://www.arenalarissa.gr,arenalarissa.gr,
8176504460,Blackbox Nigeria,Wei Chen,Nigeria,http://www.blackboxnigeria.com,blackboxnigeria.com,
8162262360,Handbal Mania,Wei Chen,Romania,http://www.handbalmania.ro,handbalmania.ro,
8163102293,NTV Arena,Wei Chen,Bosnia and Herzegovina,http://www.ntvarena.com,ntvarena.com,
8175441302,Idei Amenajari,Wei Chen,Romania,http://www.ideiamenajari.ro,ideiamenajari.ro,
8163162704,OlesnicaInfo.pl,Rory Hunter,Poland,http://www.olesnicainfo.pl,olesnicainfo.pl,https://www.linkedin.com/company/olesnicainfo.pl
8178151338,trikalaenimerosi.gr,Wei Chen,Greece,http://www.trikalaenimerosi.gr,trikalaenimerosi.gr,
8175871924,НАКРАТКО,Wei Chen,Bulgaria,http://www.nakratko.bg,nakratko.bg,
8178193305,kosmoslarissa.gr,Wei Chen,Greece,http://www.kosmoslarissa.gr,kosmoslarissa.gr,
8163432032,Radio Plus Radom,Wei Chen,Poland,http://www.radioplus.com.pl,radioplus.com.pl,
8161185672,Hookshot Media,Sander Lammers,United Kingdom,http://www.hookshot.media,hookshot.media,
8162102149,Akdeniz Manşet Gazetesi,Wei Chen,Turkey,http://www.akdenizmanset.com.tr,akdenizmanset.com.tr,
8163180906,Rethnea.gr,Wei Chen,Greece,http://www.rethnea.gr,rethnea.gr,
8163539311,Radomsko24.pl,Wei Chen,Poland,http://www.radomsko24.pl,radomsko24.pl,
8163208045,Mouzakinews.gr,Wei Chen,Greece,http://www.mouzakinews.gr,mouzakinews.gr,
8175301047,MojaModriča.info,Wei Chen,Bosnia and Herzegovina,http://www.mojamodrica.info,mojamodrica.info,
8225427526,Chicago Desavanja,Wei Chen,Serbia,http://www.chicagodesavanja.us,chicagodesavanja.us,
8272615700,Patratora.news,Wei Chen,Greece,http://www.patratora.news,patratora.news,
8212714881,Impuls Portal,Wei Chen,Bosnia and Herzegovina,http://www.impulsportal.net,impulsportal.net,
8272217364,ProBraila,Wei Chen,Romania,http://www.probr.ro,probr.ro,
8227149423,Proti News,Wei Chen,Greece,http://www.protinews.com.gr,protinews.com.gr,
8228878965,Dordt Centraal,Wei Chen,Netherlands,http://www.dordtcentraal.nl,dordtcentraal.nl,https://www.linkedin.com/company/dordt-centraal
8207054654,Minden Oké,Wei Chen,Hungary,http://www.mindenoke.hu,mindenoke.hu,
8207853867,BizLaw,Wei Chen,Romania,http://www.bizlaw.md,bizlaw.md,
8211819874,Κίνημα Υπέρβαση,Wei Chen,Greece,http://www.kinima-ypervasi.gr,kinima-ypervasi.gr,
8273859134,Przeambitni.pl,Wei Chen,Poland,http://www.przeambitni.pl,przeambitni.pl,
8275138347,WNWS Radio,Rory Hunter,United States,http://www.wnws.com,wnws.com,https://www.linkedin.com/company/wnws
8193004353,KIDSinfo,Wei Chen,Bosnia and Herzegovina,http://www.kidsinfo.ba,kidsinfo.ba,
8272490498,CityBuzz,Rory Hunter,Poland,http://www.citybuzz.pl,citybuzz.pl,
8273344055,Bingöl Sürmanşet,Wei Chen,Turkey,http://www.bingolsurmanset.com,bingolsurmanset.com,
8207318314,MessiniaLive,Wei Chen,Greece,http://www.messinialive.gr,messinialive.gr,
8227795825,Indiana Public Media,Damian Domanski,United States,http://www.indianapublicmedia.org,indianapublicmedia.org,http://www.linkedin.com/company/2277133
8272297740,Proti Online,Wei Chen,Greece,http://www.protionline.gr,protionline.gr,
8271947796,Basketbolig.com,Wei Chen,Turkey,http://www.basketbolig.com,basketbolig.com,
8226827077,Xiakoslaos.gr,Wei Chen,Greece,http://www.xiakoslaos.gr,xiakoslaos.gr,
8275161373,Radio Prnjavor,Wei Chen,Bosnia and Herzegovina,http://www.prnjavorlive.info,prnjavorlive.info,
8227966031,Polskie Radio Koszalin,Rory Hunter,Poland,http://www.prk24.pl,prk24.pl,
8207697173,Vršac,Wei Chen,Serbia,http://www.evrsac.rs,evrsac.rs,https://www.linkedin.com/company/evrsac
8228867423,Eemskrant,Wei Chen,Netherlands,http://www.eemskrant.nl,eemskrant.nl,https://www.linkedin.com/company/eemskrant-nl
8225387361,Buzoienii,Wei Chen,Romania,http://www.buzoienii.ro,buzoienii.ro,
8207044102,Zoosos,Rory Hunter,Greece,http://www.zoosos.gr,zoosos.gr,
8227801409,Ozon Press,Wei Chen,Bosnia and Herzegovina,http://www.ozonpress.net,ozonpress.net,
8274060801,Αλεξάνδρεια-Γιδάς,Rory Hunter,Greece,http://www.alexandreia-gidas.gr,alexandreia-gidas.gr,
8274790682,Pinguin Radio,Wei Chen,Netherlands,http://www.pinguinradio.com,pinguinradio.com,
8273841412,Przyślij Przepis,Sander Lammers,Poland,http://www.przyslijprzepis.pl,przyslijprzepis.pl,
8226915186,Famous Birthdays,Sander Lammers,United States,http://www.famousbirthdays.com,famousbirthdays.com,https://www.linkedin.com/company/famous-birthdays
8274066973,Radio Vrbovec,Wei Chen,Croatia,http://www.radiovrbovec.hr,radiovrbovec.hr,
8192540000,Dnevnik.rs,Damian Domanski,Serbia,http://www.dnevnik.rs,dnevnik.rs,https://www.linkedin.com/company/dnevnik-vojvodina-press
8208365172,MojDoboj.info,Wei Chen,Bosnia and Herzegovina,http://www.mojdoboj.info,mojdoboj.info,
8195491401,Mediariket,Wei Chen,Sweden,http://www.mediariket.se,mediariket.se,
8205770542,Bonaire Nu,Wei Chen,Netherlands,http://www.bonaire.nu,bonaire.nu,
8192750697,ziarulteleormanul,Wei Chen,Romania,http://www.ziarulteleormanul.ro,ziarulteleormanul.ro,
8206625053,Gorj Online,Rory Hunter,Romania,http://www.gorjonline.ro,gorjonline.ro,
8207795460,Zdrave.net,Wei Chen,Bulgaria,http://www.zdrave.net,zdrave.net,
8272941605,Alanya Time Haber,Wei Chen,Turkey,http://www.alanyatimehaber.com,alanyatimehaber.com,
8193447711,irafina.gr,Wei Chen,Greece,http://www.irafina.gr,irafina.gr,
8228735294,Kaboutjie,Sander Lammers,South Africa,http://www.kaboutjie.com,kaboutjie.com,https://www.linkedin.com/company/kaboutjie-pty-ltd
8192754202,Fajny Ogród,Sander Lammers,Poland,http://www.fajnyogrod.pl,fajnyogrod.pl,
8193223952,Makó Hiradó,Wei Chen,Hungary,http://www.makohirado.hu,makohirado.hu,
8227938337,Plovdiv News,Wei Chen,Bulgaria,http://www.plovdivnews.bg,plovdivnews.bg,
8207495291,Midtsiden,Wei Chen,Norway,http://www.midtsiden.no,midtsiden.no,https://www.linkedin.com/company/midtsiden.no
8206559080,BarcelonaFC.dk,Sander Lammers,Denmark,http://www.barcelonafc.dk,barcelonafc.dk,
8274207584,Acheloos TV,Wei Chen,Greece,http://www.acheloostv.gr,acheloostv.gr,
8193223951,lwowecki.info,Wei Chen,Poland,http://www.lwowecki.info,lwowecki.info,
8270576035,Epirus Online,Rory Hunter,Greece,http://www.epirusonline.gr,epirusonline.gr,
8275132009,ΑΛΗΘΕΙΑ,Wei Chen,Greece,http://www.alithia.gr,alithia.gr,
8207091321,KTTN,Wei Chen,United States,http://www.kttn.com,kttn.com,https://www.linkedin.com/company/kttn-radio-station
8226076439,Gazeta Ostrowiecka,Wei Chen,Poland,http://www.ostrowiecka.pl,ostrowiecka.pl,
8228347178,Haagse Topsport,Wei Chen,Netherlands,http://www.haagsetopsport.nl,haagsetopsport.nl,
8228328489,FlevoPost,Wei Chen,Netherlands,http://www.flevopost.nl,flevopost.nl,https://www.linkedin.com/company/friesch-dagblad
8195274277,WPU24.pl,Wei Chen,Poland,http://www.wpu24.pl,wpu24.pl,
8209364751,Dimarxos,Wei Chen,Greece,http://www.dimarxos.gr,dimarxos.gr,
8273708099,Moto Asocijacija Srbije,Wei Chen,Serbia,http://www.motoasocijacijasrbije.com,motoasocijacijasrbije.com,
8209321524,Skokinarciarskie.pl,Wei Chen,Poland,http://www.skokinarciarskie.pl,skokinarciarskie.pl,
8224572765,Newsmag GR,Rory Hunter,Greece,http://www.newsmag.gr,newsmag.gr,https://www.linkedin.com/company/newsmag.gr
8207635037,Zaječar Online,Wei Chen,Serbia,http://www.zajecaronline.com,zajecaronline.com,
8227352329,Headliner.rs,Wei Chen,Serbia,http://www.headliner.rs,headliner.rs,
8193054772,Lamia Ole,Wei Chen,Greece,http://www.lamiaole.gr,lamiaole.gr,https://www.linkedin.com/company/lamiaole-gr
8194580766,Novinata.bg,Wei Chen,Bulgaria,http://www.novinata.bg,novinata.bg,
8273749590,KISS INFO,Wei Chen,Serbia,http://www.kissinfo.rs,kissinfo.rs,
8227859995,Global View Forex Trading,Wei Chen,United States,http://www.global-view.com,global-view.com,https://www.linkedin.com/company/global-view-point-inc
8208486966,Telewizja Kujawy,Wei Chen,Poland,http://www.kujawy.info,kujawy.info,
8207341380,Besza-Behu,Wei Chen,Hungary,http://www.5percblog.hu,5percblog.hu,
8272722030,Primul 11,Wei Chen,Romania,http://www.primul11.com,primul11.com,
8227141147,Prlogos,Wei Chen,Greece,http://www.prlogos.gr,prlogos.gr,
8207427657,Pesti Bulvár,Wei Chen,Hungary,http://www.pestibulvar.hu,pestibulvar.hu,
8272315243,Painted Furniture Ideas,Wei Chen,United States,http://www.paintedfurnitureideas.com,paintedfurnitureideas.com,
8207536310,Pink.rs,Wei Chen,Serbia,http://www.pink.rs,pink.rs,
8212493576,Bangladesh Pratidin,Rory Hunter,Bangladesh,http://www.bd-pratidin.com,bd-pratidin.com,https://www.linkedin.com/in/bangladesh-pratidin-2a830657
8270191968,Buna Ziua Brasov,Wei Chen,Romania,http://www.bzb.ro,bzb.ro,
8270696811,Poreština.info,Wei Chen,Croatia,http://www.porestina.info,porestina.info,
8272008592,ProAlba,Rory Hunter,Romania,http://www.proalba.ro,proalba.ro,
8206995891,Kolozsvári Szalonna és Hir-Telen Beszólunk,Sander Lammers,Hungary,http://www.kolozsvaros.com,kolozsvaros.com,
8207253649,Game Life,Wei Chen,Taiwan,http://www.gamelife.tw,gamelife.tw,
8270325587,Sportrikala.gr,Wei Chen,Greece,http://www.sportrikala.gr,sportrikala.gr,
8274010757,trenirai.bg,Wei Chen,Bulgaria,http://www.trenirai.bg,trenirai.bg,
8206434197,Radio Centrum,Rory Hunter,Poland,http://www.rc.fm,rc.fm,
8274031764,Przegląd Koniński,Wei Chen,Poland,http://www.przegladkoninski.pl,przegladkoninski.pl,
8226352784,Nogradifutball,Wei Chen,Hungary,http://www.nogradifutball.hu,nogradifutball.hu,
8226679952,MetkovicNET,Wei Chen,Croatia,http://www.metkovicnet.com,metkovicnet.com,
8227821219,Provaton,Wei Chen,Bulgaria,http://www.provaton.bg,provaton.bg,
8209556632,Mój Powiat Lipski,Wei Chen,Poland,http://www.mojelipsko.info,mojelipsko.info,
8227549354,Kostajnica,Wei Chen,Croatia,http://www.kostajnica.com,kostajnica.com,
8227888551,Bladna.nl,Wei Chen,Netherlands,http://www.bladna.nl,bladna.nl,
8270621989,Alanya Postası,Wei Chen,Turkey,http://www.alanyapostasi.com.tr,alanyapostasi.com.tr,
8192468372,Dlisted,Rory Hunter,United States,http://www.dlisted.com,dlisted.com,
8192468373,KCJJ,Wei Chen,United States,http://www.1630kcjj.com,1630kcjj.com,
8228206765,Tylko Kobiecy Futbol,Wei Chen,Poland,http://www.tylkokobiecyfutbol.pl,tylkokobiecyfutbol.pl,
8228881318,Hart van Hellendoorn,Wei Chen,Netherlands,http://www.hartvanhellendoorn.nl,hartvanhellendoorn.nl,
8226658488,Racyja.com,Wei Chen,Poland,http://www.racyja.com,racyja.com,https://www.linkedin.com/company/racja.-radio
8209414327,St Kilda Twilight Market,Wei Chen,Australia,http://www.stkildatwilightmarket.com,stkildatwilightmarket.com,https://www.linkedin.com/company/st-kilda-twilight-market
8228257951,Het Amsterdamsche Voetbal,Rory Hunter,Netherlands,http://www.hetamsterdamschevoetbal.nl,hetamsterdamschevoetbal.nl,https://www.linkedin.com/company/het-amsterdamsche-voetbal
8210012585,NedeljniEkspres,Rory Hunter,Bosnia and Herzegovina,http://www.ekspres.net,ekspres.net,https://www.linkedin.com/company/nedeljni-ekspres
8225463987,Co Na Mieście - Częstochowa,Wei Chen,Poland,http://www.conamiescie.info,conamiescie.info,
8213976173,infopodkarpacie.pl,Wei Chen,Poland,http://www.infopodkarpacie.pl,infopodkarpacie.pl,
8227364254,NewsLubuski.pl,Wei Chen,Poland,http://www.newslubuski.pl,newslubuski.pl,https://www.linkedin.com/company/newslubuski-pl
8292997453,Agriconnect,Sander Lammers,United Kingdom,http://www.agriconnect.com,agriconnect.com,
8275383875,Roland Gazeta,Wei Chen,Poland,http://www.roland-gazeta.pl,roland-gazeta.pl,
8293032527,Municipality of Kalamata,Wei Chen,Greece,http://www.kalamata.gr,kalamata.gr,
8275223608,Radio1.hr,Wei Chen,Croatia,http://www.radio1.hr,radio1.hr,
8309573184,Mistrzowie.org,Rory Hunter,Poland,http://www.mistrzowie.org,mistrzowie.org,
8293073502,US Arab Radio,Wei Chen,United States,http://www.arabradio.us,arabradio.us,https://www.linkedin.com/company/us-arab-radio
8289274371,Shockmagazin,Wei Chen,Hungary,http://www.shockmagazin.hu,shockmagazin.hu,
8282569908,cinarfm.gr,Wei Chen,Greece,http://www.cinarfm.gr,cinarfm.gr,
8309332574,Trifillakia,Rory Hunter,Greece,http://www.trifillakia.gr,trifillakia.gr,https://www.linkedin.com/company/trifillakia
8289163063,Clasic Radio,Wei Chen,Romania,http://www.clasicradio.ro,clasicradio.ro,
8289250103,KTSF,Damian Domanski,United States,http://www.ktsf.com,ktsf.com,https://www.linkedin.com/company/ktsf
8289489200,Glas javnosti,Wei Chen,Serbia,http://www.glas-javnosti.rs,glas-javnosti.rs,https://www.linkedin.com/company/glas-javnosti
8276243556,Apokoronas life,Wei Chen,Greece,http://www.apokoronaslife.gr,apokoronaslife.gr,
8289166650,Servus Hunedoara,Wei Chen,Romania,http://www.servuspress.ro,servuspress.ro,
8289250104,Fox 42 KPTM,Rory Hunter,United States,http://www.fox42kptm.com,fox42kptm.com,https://www.linkedin.com/company/fox-42-kptm
8290115852,iraklis1908,Wei Chen,Greece,http://www.iraklis1908.gr,iraklis1908.gr,
8309393259,Trikala365,Wei Chen,Greece,http://www.trikala365.gr,trikala365.gr,
8309578854,Jastrzębie,Wei Chen,Poland,http://www.tujastrzebie.pl,tujastrzebie.pl,
8290501392,Tempo24,Wei Chen,Greece,http://www.tempo24.news,tempo24.news,
8291514113,Független Nemzet,Wei Chen,Hungary,http://www.fuggetlennemzet.hu,fuggetlennemzet.hu,
8305304375,e-sadownictwo.pl,Wei Chen,Poland,http://www.e-sadownictwo.pl,e-sadownictwo.pl,
8301586833,Sliedrecht24,Wei Chen,Netherlands,http://www.sliedrecht24.nl,sliedrecht24.nl,
8301340046,Mediwietsite,Wei Chen,Netherlands,http://www.mediwietsite.nl,mediwietsite.nl,
8289866073,MP1st,Wei Chen,United States,http://www.mp1st.com,mp1st.com,
8288725314,Gazete Damga,Wei Chen,Turkey,http://www.gazetedamga.com.tr,gazetedamga.com.tr,https://www.linkedin.com/company/gazetedamga
8289269085,Belge.com.tr,Wei Chen,Turkey,http://www.belge.com.tr,belge.com.tr,
8301346437,Qooah,Wei Chen,Hong Kong,http://www.qooah.com,qooah.com,
8277008401,ikamien.pl,Wei Chen,Poland,http://www.ikamien.pl,ikamien.pl,
8292383247,Marshall County Daily,Wei Chen,United States,http://www.marshallcountydaily.com,marshallcountydaily.com,https://www.linkedin.com/company/marshallcountydaily.com
8293235740,Zovnews,Wei Chen,Bulgaria,http://www.zovnews.com,zovnews.com,
8301479298,iFarsala,Wei Chen,Greece,http://www.ifarsala.gr,ifarsala.gr,
8292383248,Grude Online,Wei Chen,Croatia,http://www.grude-online.info,grude-online.info,
8301432985,Regionieuws Hoogeveen,Rory Hunter,Netherlands,http://www.regionieuwshoogeveen.nl,regionieuwshoogeveen.nl,https://www.linkedin.com/company/regionieuws-hoogeveen
8288879449,Haystack News,Wei Chen,United States,http://www.haystack.tv,haystack.tv,https://www.linkedin.com/company/haystack-tv
8289082441,DTS24,Wei Chen,Poland,http://www.dts24.pl,dts24.pl,
8287634593,Arcadia 93.8,Rory Hunter,Greece,http://www.arcadia938.gr,arcadia938.gr,
8301513618,Antena M,Rory Hunter,Serbia,http://www.antenam.net,antenam.net,
8289979519,FWS.GR Fueled With Sports,Wei Chen,Greece,http://www.fws.gr,fws.gr,
8289232503,Firefighting Greece,Wei Chen,Greece,http://www.firefightingreece.gr,firefightingreece.gr,
8309515567,faragency.bg,Wei Chen,Bulgaria,http://www.faragency.bg,faragency.bg,
8289724018,Sajomente,Rory Hunter,Hungary,http://www.sajomente.hu,sajomente.hu,
8289038456,Radio Oko,Wei Chen,Poland,http://www.radiooko.pl,radiooko.pl,
8305869177,Frøya.no,Wei Chen,Norway,http://www.froya.no,froya.no,
8291458629,Fragile,Wei Chen,Greece,http://www.fragilemag.gr,fragilemag.gr,
8287705487,Campustimes.press,Wei Chen,Bangladesh,http://www.campustimes.press,campustimes.press,
8301864865,Kárpáti Igaz Szó,Wei Chen,Hungary,http://www.kiszo.net,kiszo.net,
8303515288,MageeNews.com,Wei Chen,United States,http://www.mageenews.com,mageenews.com,
8309491260,Trikala Day,Wei Chen,Greece,http://www.trikaladay.gr,trikaladay.gr,
8295996429,Curierul.ro,Rory Hunter,Romania,http://www.curierul.ro,curierul.ro,
8292844860,Simurg Media,Wei Chen,Bosnia and Herzegovina,http://www.stav.ba,stav.ba,
8295191832,logodiatrofis.gr,Wei Chen,Greece,http://www.logodiatrofis.gr,logodiatrofis.gr,https://www.linkedin.com/company/logodiatrofis
8291772995,Flashstar.gr,Wei Chen,Greece,http://www.flashstars.gr,flashstars.gr,
8303948431,fronda.pl,Wei Chen,Poland,http://www.fronda.pl,fronda.pl,
8277228064,PlayZine,Wei Chen,Serbia,http://www.play.co.rs,play.co.rs,https://www.linkedin.com/company/playzine
8289499753,Verena.gr,Wei Chen,Greece,http://www.verena.gr,verena.gr,
8289841053,Rockway,Wei Chen,Greece,http://www.rockway.gr,rockway.gr,
8301491784,Kecsup hírek,Wei Chen,Hungary,http://www.kecsup.hu,kecsup.hu,
8301580121,Stoodnt,Wei Chen,United States,http://www.stoodnt.com,stoodnt.com,https://www.linkedin.com/company/stoodnt-inc-
8303435366,Veriu.info,Wei Chen,Serbia,http://www.veriu.info,veriu.info,
8301365599,Orthosongbad,Wei Chen,Bangladesh,http://www.orthosongbad.com,orthosongbad.com,
8289782661,The FAQ,Wei Chen,Greece,http://www.thefaq.gr,thefaq.gr,
8304032872,InformaTeca,Wei Chen,Romania,http://www.informateca.ro,informateca.ro,
8301598065,Kiss13,Wei Chen,Bulgaria,http://www.kiss13.net,kiss13.net,
8304067927,KNAC.COM,Rory Hunter,United States,http://www.knac.com,knac.com,https://www.linkedin.com/company/knac.com
8300600163,Haber 20 Denizli,Wei Chen,Turkey,http://www.haber20denizli.com,haber20denizli.com,
8302382462,LimnosFM100,Wei Chen,Greece,http://www.limnosfm100.gr,limnosfm100.gr,
8302391419,Konkursi za posao - Općina Tešanj,Wei Chen,Croatia,http://www.jelah.info,jelah.info,
8304389469,Northbasket.gr,Wei Chen,Greece,http://www.northbasket.gr,northbasket.gr,
8287734618,Radio Krizevci,Wei Chen,Hungary,http://www.radiokrizevci.hr,radiokrizevci.hr,
8288944805,Devilpage.pl,Wei Chen,Poland,http://www.devilpage.pl,devilpage.pl,https://www.linkedin.com/company/devilpage-pl
8301188455,Metalfan.nl,Wei Chen,Netherlands,http://www.metalfan.nl,metalfan.nl,https://www.linkedin.com/company/metalfan.nl
8287812685,Radio Brcko,Wei Chen,Bosnia and Herzegovina,http://www.radiobrcko.ba,radiobrcko.ba,
8289717928,Semberija Info,Wei Chen,Bosnia and Herzegovina,http://www.semberija.info,semberija.info,
8275221636,Polonia Birmingham,Wei Chen,Poland,http://www.bham.pl,bham.pl,
8304168527,iLamia.gr,Wei Chen,Greece,http://www.ilamia.gr,ilamia.gr,
8301547125,Filmtopp.se,Wei Chen,Sweden,http://www.filmtopp.se,filmtopp.se,
8275298178,Radio Mrežnica,Wei Chen,Croatia,http://www.radio-mreznica.hr,radio-mreznica.hr,
8304048713,Informator Stolicy,Wei Chen,Poland,http://www.informator-stolicy.pl,informator-stolicy.pl,
8301342220,Nieuws op Beeld,Wei Chen,Netherlands,http://www.nieuwsopbeeld.nl,nieuwsopbeeld.nl,
8302443039,KNSI News,Wei Chen,United States,http://www.knsiradio.com,knsiradio.com,
8302104339,Fanaripress.gr,Wei Chen,Greece,http://www.fanaripress.gr,fanaripress.gr,
8309578112,Taste Life,Wei Chen,United States,http://www.tastelife.tv,tastelife.tv,
8309522052,Olsztyn24,Wei Chen,Poland,http://www.olsztyn24.com,olsztyn24.com,
8303917119,Matchfit Football,Wei Chen,United Kingdom,http://www.matchfitconditioning.com,matchfitconditioning.com,
8293086593,e-sterea.gr,Wei Chen,Greece,http://www.e-sterea.gr,e-sterea.gr,
8301396226,Schaatsen.nl,Wei Chen,Netherlands,http://www.schaatsen.nl,schaatsen.nl,https://www.linkedin.com/company/schaatsennl
8302265620,Kobieta.pl,Sander Lammers,Poland,http://www.kobieta.pl,kobieta.pl,https://www.linkedin.com/company/przedsi%C4%99biorcza-kobieta
8287723052,Tourism Today,Wei Chen,Turkey,http://www.tourismtoday.net,tourismtoday.net,https://www.linkedin.com/company/tourism-today
8304144936,inTurda.ro,Wei Chen,Romania,http://www.inturda.ro,inturda.ro,
8309443242,Под лупа,Wei Chen,Bulgaria,http://www.burgas-podlupa.com,burgas-podlupa.com,
8275494055,Sjeverni.info,Wei Chen,Croatia,http://www.sjeverni.info,sjeverni.info,
8302126900,Fit Wiedza,Sander Lammers,Poland,http://www.fitwiedza.pl,fitwiedza.pl,
8300913194,Digital Information World,Wei Chen,Pakistan,http://www.digitalinformationworld.com,digitalinformationworld.com,https://www.linkedin.com/company/digitalinformationworld
8304476691,EClujeanul,Wei Chen,Romania,http://www.eclujeanul.ro,eclujeanul.ro,https://www.linkedin.com/company/eclujeanul
8309292981,Fonien.gr,Wei Chen,Greece,http://www.fonien.gr,fonien.gr,
8309404343,Logospellas.gr,Wei Chen,Greece,http://www.logospellas.gr,logospellas.gr,
8304005126,Haberler,Wei Chen,Turkey,http://www.terorsehitleri.com,terorsehitleri.com,
8276187828,e-Volos,Wei Chen,Greece,http://www.e-volos.gr,e-volos.gr,
8282599510,BlogKommoton Greece,Wei Chen,Greece,http://www.blogkommoton.gr,blogkommoton.gr,
8302422308,BCOS TV,Wei Chen,Nigeria,http://www.bcos.tv,bcos.tv,https://www.linkedin.com/company/broadcasting-corporation-of-oyo-state
8309585481,Silistra News,Wei Chen,Bulgaria,http://www.silistranews.net,silistranews.net,
8312971642,Gamekapocs,Rory Hunter,Hungary,http://www.gamekapocs.hu,gamekapocs.hu,https://www.linkedin.com/company/gamekapocs-hu
8332690861,Gavros.gr,Wei Chen,Greece,http://www.gavros.gr,gavros.gr,https://www.linkedin.com/company/axia-gavros-axiaplus.gr-&-gavros.gr
8333938357,Startup Cafe,Wei Chen,Romania,http://www.startupcafe.ro,startupcafe.ro,https://www.linkedin.com/company/startupcafe
8315780003,XXsports.org,Wei Chen,Greece,http://www.xxsports.org,xxsports.org,
8311430251,Brasov Metropolitan,Wei Chen,Romania,http://www.brasovmetropolitan.ro,brasovmetropolitan.ro,https://www.linkedin.com/company/brasov-metropolitan
8324017207,Quad Cities,Wei Chen,United States,http://www.quadcities.com,quadcities.com,https://www.linkedin.com/company/quad-city-appraisals
8333617581,Kamubiz.com,Wei Chen,Turkey,http://www.kamubiz.com,kamubiz.com,
8310833993,news.krakow.pl,Wei Chen,Poland,http://www.news.krakow.pl,news.krakow.pl,
8312322404,DesTora,Sander Lammers,Greece,http://www.destora.com,destora.com,
8312274536,Uzice,Wei Chen,Serbia,http://www.uzice.online,uzice.online,
8323672322,Pick&Roll,Wei Chen,Greece,http://www.pickandroll.gr,pickandroll.gr,
8324054789,Kronike Velike Gorice,Wei Chen,Croatia,http://www.kronikevg.com,kronikevg.com,
8313357473,Gransport.gr,Wei Chen,Greece,http://www.grandsport.gr,grandsport.gr,https://www.linkedin.com/company/grandsport
8333663389,PrismaSport.gr,Wei Chen,Greece,http://www.prismanews.gr,prismanews.gr,
8312465243,Jabar News,Wei Chen,Indonesia,http://www.jabarnews.com,jabarnews.com,
8309662309,Milos Voice,Wei Chen,Greece,http://www.milosvoice.gr,milosvoice.gr,
8321526062,Życie Powiatu na Mazowszu,Wei Chen,Poland,http://www.zyciepw.pl,zyciepw.pl,
8312393284,Arad Online,Rory Hunter,Romania,http://www.aradon.ro,aradon.ro,
8321733426,Emanyan,Wei Chen,Taiwan,http://www.emanyan.com,emanyan.com,
8310648686,Motorsport Week,Wei Chen,United Kingdom,http://www.motorsportweek.com,motorsportweek.com,https://www.linkedin.com/company/motorsport-media-services-ltd
8333464460,Päivän Lehti,Wei Chen,Finland,http://www.paivanlehti.fi,paivanlehti.fi,
8323940708,Portal Włocławek,Wei Chen,Poland,http://www.portalwloclawek.pl,portalwloclawek.pl,
8324100967,Kronika požeško-slavonska,Wei Chen,Croatia,http://www.pozeska-kronika.hr,pozeska-kronika.hr,
8311296803,StiriSuceava.net,Wei Chen,Romania,http://www.stirisuceava.net,stirisuceava.net,
8322409797,Epoka E Re,Wei Chen,Croatia,http://www.epokaere.com,epokaere.com,
8311335214,N4G,Wei Chen,United Kingdom,http://www.n4g.com,n4g.com,
8311371055,WOS Media,Wei Chen,Netherlands,http://www.wos.nl,wos.nl,https://www.linkedin.com/company/wos-radiotv
8312360505,Gilabola,Rory Hunter,Indonesia,http://www.gilabola.com,gilabola.com,https://www.linkedin.com/company/gilabola-com
8321083060,Your Harlow.Com,Wei Chen,United Kingdom,http://www.yourharlow.com,yourharlow.com,
8323661421,Kalimera-Arkadia.gr,Wei Chen,Greece,http://www.kalimera-arkadia.gr,kalimera-arkadia.gr,
8312600874,Calea Europeană,Rory Hunter,Romania,http://www.caleaeuropeana.ro,caleaeuropeana.ro,https://www.linkedin.com/company/calea-europeana
8311371056,Keep on Trucking,Wei Chen,United Kingdom,http://www.keepontrucking.uk,keepontrucking.uk,
8311525683,beritasumut.com,Wei Chen,Indonesia,http://www.beritasumut.com,beritasumut.com,
8310649613,Libero Portal,Wei Chen,Croatia,http://www.liberoportal.hr,liberoportal.hr,
8321202595,Gradski Portal 018,Wei Chen,Serbia,http://www.gradskiportal018.rs,gradskiportal018.rs,
8324198513,Radio Głos,Wei Chen,Poland,http://www.radioglos.pl,radioglos.pl,
8320972460,Życie Pabianic,Wei Chen,Poland,http://www.nowezyciepabianic.pl,nowezyciepabianic.pl,
8309660694,Tygodnik Gwarek,Wei Chen,Poland,http://www.gwarek.com.pl,gwarek.com.pl,
8312551978,Bumm.sk,Rory Hunter,Hungary,http://www.bumm.sk,bumm.sk,
8320754858,Rørosnytt,Rory Hunter,Norway,http://www.rorosnytt.no,rorosnytt.no,https://www.linkedin.com/company/r%C3%B8rosnytt-as
8334837416,Rock 'N' Load,Wei Chen,United States,http://www.rocknloadmag.com,rocknloadmag.com,
8320750993,Oh Mami Street food,Wei Chen,Greece,http://www.fonikastorias.gr,fonikastorias.gr,
8312565264,Crochet Blog,Sander Lammers,United States,http://www.crochetblog.net,crochetblog.net,
8311404301,Zonnestraaltjes,Wei Chen,Netherlands,http://www.spectrummagazine.nl,spectrummagazine.nl,
8311483407,SokolkaTV,Wei Chen,Poland,http://www.sokolka.tv,sokolka.tv,
8334963110,MeaCulpa.gr,Wei Chen,Greece,http://www.meaculpa.gr,meaculpa.gr,
8321105544,WHVO,Wei Chen,United States,http://www.whvoradio.com,whvoradio.com,
8323750226,kalymnos-news.gr,Wei Chen,Greece,http://www.kalymnos-news.gr,kalymnos-news.gr,
8309609784,Trakya'nin Sesi,Wei Chen,Greece,http://www.trakyaninsesi.com,trakyaninsesi.com,
8312284422,Desprecopii,Sander Lammers,Romania,http://www.desprecopii.com,desprecopii.com,
8311480607,e-communio.ro,Wei Chen,Romania,http://www.e-communio.ro,e-communio.ro,
8321989755,I epochí,Wei Chen,Greece,http://www.epohi.gr,epohi.gr,
8332553768,民視全球新聞,Wei Chen,Taiwan,http://www.ftvnews.com.tw,ftvnews.com.tw,
8334408262,Bodrum Olay Gazetesi,Wei Chen,Turkey,http://www.bodrumolay.com,bodrumolay.com,
8322105216,Floga Sport,Wei Chen,Greece,http://www.flogasport.gr,flogasport.gr,
8320711800,國家政策研究基金會,Wei Chen,Taiwan,http://www.npf.org.tw,npf.org.tw,https://www.linkedin.com/company/national-policy-foundation
8323834796,Portal KRUG,Wei Chen,Serbia,http://www.krug.rs,krug.rs,
8313885957,pravdabl.com,Wei Chen,Bosnia and Herzegovina,http://www.pravdabl.com,pravdabl.com,
8322545815,Trikki Press,Wei Chen,Greece,http://www.trikkipress.gr,trikkipress.gr,
8320660561,W Cieniu Jupiterów,Wei Chen,Poland,http://www.wcj24.pl,wcj24.pl,
8324051331,Helló Dél-Somogy,Wei Chen,Hungary,http://www.hellodelsomogy.hu,hellodelsomogy.hu,
8320923987,Lintas Gayo,Wei Chen,Indonesia,http://www.lintasgayo.co,lintasgayo.co,
8320989269,Sumeks.co,Wei Chen,Indonesia,http://www.sumeks.co,sumeks.co,https://www.linkedin.com/company/hariandisway
8321950901,TelePaks - Paksi Hírnök,Wei Chen,Hungary,http://www.telepaks.net,telepaks.net,
8321073740,ICV,Wei Chen,Croatia,http://www.icv.hr,icv.hr,
8333382670,Osvit-Radio Zvornik,Wei Chen,Bosnia and Herzegovina,http://www.radioosvit.com,radioosvit.com,
8321068867,Lintas Papua,Wei Chen,Indonesia,http://www.lintaspapua.com,lintaspapua.com,
8311628713,Sangonet,Wei Chen,South Africa,http://www.ngopulse.org,ngopulse.org,https://www.linkedin.com/company/sangonet
8309589640,Радио Фоча,Wei Chen,Bosnia and Herzegovina,http://www.radiofoca.com,radiofoca.com,
8337190701,Nacionalno,Wei Chen,Croatia,http://www.nacionalno.hr,nacionalno.hr,
8321182002,LamiaSports,Wei Chen,Greece,http://www.lamiasports.com,lamiasports.com,
8309632130,tacno.net,Rory Hunter,Croatia,http://www.tacno.net,tacno.net,
8334223113,Rejtélyek Szigete,Sander Lammers,Bulgaria,http://www.rejtelyekszigete.com,rejtelyekszigete.com,
8311226281,Sugar Free Press,Wei Chen,Greece,http://www.sugarfreepress.gr,sugarfreepress.gr,
8311615395,DDTC Indonesia,Sander Lammers,Indonesia,http://www.ddtc.co.id,ddtc.co.id,https://www.linkedin.com/company/ddtc
8333756017,Sorok Között Könyves Blog,Wei Chen,Hungary,http://www.sorok-kozott.hu,sorok-kozott.hu,
8334887430,Salon24.pl,Rory Hunter,Poland,http://www.salon24.pl,salon24.pl,https://www.linkedin.com/company/salon24pl
8321027370,White Wolf Pack,Wei Chen,United States,http://www.whitewolfpack.com,whitewolfpack.com,
8334990879,United News of Bangladesh,Wei Chen,Bangladesh,http://www.unb.com.bd,unb.com.bd,https://www.linkedin.com/company/united-news-bangladesh-unbnews
8309584799,trikalaIN,Wei Chen,Greece,http://www.trikalain.gr,trikalain.gr,
8332768636,ManUtd.pl,Wei Chen,Poland,http://www.manutd.pl,manutd.pl,https://www.linkedin.com/company/manutd-pl
8335035929,Saltenposten AS,Wei Chen,Norway,http://www.saltenposten.no,saltenposten.no,https://www.linkedin.com/company/saltenposten-as
8312424099,Harian Aceh Indonesia,Wei Chen,Indonesia,http://www.harianaceh.co.id,harianaceh.co.id,https://www.linkedin.com/company/pt-restu-media-coorporation
8319870769,Ink Free News,Damian Domanski,United States,http://www.inkfreenews.com,inkfreenews.com,http://linkedin.com/company/stacey-page-online
8309595280,Tetragwno.gr,Wei Chen,Greece,http://www.tetragwno.gr,tetragwno.gr,
8319713850,Disco Polo,Wei Chen,Poland,http://www.disco-polo.info,disco-polo.info,
8312358804,GenPI.co,Wei Chen,Indonesia,http://www.genpi.co,genpi.co,
8313834094,Gazeta Krotoszyńska,Wei Chen,Poland,http://www.krotoszynska.pl,krotoszynska.pl,
8333679197,Source,Wei Chen,Bosnia and Herzegovina,http://www.source.ba,source.ba,
8321383193,Index-ba,Wei Chen,Bosnia and Herzegovina,http://www.index.ba,index.ba,
8332721741,InShorts Marathi,Wei Chen,India,http://www.inshortsmarathi.com,inshortsmarathi.com,
8321166355,Krupljani.ba,Wei Chen,Bosnia and Herzegovina,http://www.krupljani.ba,krupljani.ba,
8320964123,Radar Sukabumi,Rory Hunter,Indonesia,http://www.radarsukabumi.com,radarsukabumi.com,
8335096099,Shake Up Learning,Wei Chen,United States,http://www.shakeuplearning.com,shakeuplearning.com,https://www.linkedin.com/company/shake-up-learning
8311282827,likewoman.gr,Wei Chen,Greece,http://www.likewoman.gr,likewoman.gr,
8321077768,www.kalabakacity.gr,Wei Chen,Greece,http://www.kalabakacity.gr,kalabakacity.gr,
8309640627,Toplicke Vesti,Wei Chen,Serbia,http://www.toplickevesti.com,toplickevesti.com,
8311304350,Nema zabranjenih,Wei Chen,Croatia,http://www.nemazabranjenih.rs,nemazabranjenih.rs,https://www.linkedin.com/company/nemazabranjenih-rs
8311382682,Loutraki365,Wei Chen,Greece,http://www.loutraki365.gr,loutraki365.gr,
8360311121,Sentra Kastorias,Wei Chen,Greece,http://www.sentra.com.gr,sentra.com.gr,
8341296173,TV Nova Pula,Wei Chen,Croatia,http://www.tvnova.hr,tvnova.hr,
8359183420,rpn.gr,Wei Chen,Greece,http://www.rpn.gr,rpn.gr,
8359158843,Θεσσαλία Τηλεόραση,Wei Chen,Greece,http://www.thessaliatv.gr,thessaliatv.gr,
8340246809,sinor.bg,Rory Hunter,Bulgaria,http://www.sinor.bg,sinor.bg,
8359106107,Ola Thessaloniki,Sander Lammers,Greece,http://www.olathessaloniki.com,olathessaloniki.com,
8340598067,RomKat.ro,Wei Chen,Romania,http://www.romkat.ro,romkat.ro,
8347181716,نداء الوطن,Wei Chen,United States,http://www.nedaelwatan.com,nedaelwatan.com,
8347475103,La Liiga,Wei Chen,Finland,http://www.laliiga.com,laliiga.com,
8347443353,Brus Online,Wei Chen,Serbia,http://www.brusonline.com,brusonline.com,
8347645849,Punjabi Jagran,Wei Chen,India,http://www.punjabijagran.com,punjabijagran.com,https://www.linkedin.com/company/dainik-jagran
8347346844,Infonews24.gr,Wei Chen,Greece,http://www.infonews24.gr,infonews24.gr,
8383649442,Angroid,Wei Chen,Greece,http://www.angroid.gr,angroid.gr,
8398486159,eTravel News,Rory Hunter,Greece,http://www.etravelnews.gr,etravelnews.gr,https://www.linkedin.com/company/etravelnewsgr
8340895751,Longevity,Wei Chen,United States,http://www.longevitylive.com,longevitylive.com,
8341326087,Strefa Wydarzeń,Wei Chen,Poland,http://www.strefawydarzen.pl,strefawydarzen.pl,
8360460665,HelpPost,Wei Chen,Greece,http://www.helppost.gr,helppost.gr,https://www.linkedin.com/company/helppost.gr
8360539238,aris.re,Wei Chen,Greece,http://www.aris.re,aris.re,
8360599649,РаботникМК,Wei Chen,United States,http://www.rabotnik.com.mk,rabotnik.com.mk,https://www.linkedin.com/company/portal-rabotnik
8348495535,Campbellsville Tigers,Wei Chen,United States,http://www.campbellsvilletigers.com,campbellsvilletigers.com,
8339906607,Plaster Łódzki,Wei Chen,Poland,http://www.plasterlodzki.pl,plasterlodzki.pl,
8359801727,ILIJAS.info,Wei Chen,Bosnia and Herzegovina,http://www.ilijas.info,ilijas.info,
8360881760,SmartParents,Sander Lammers,Singapore,http://www.smartparents.sg,smartparents.sg,
8362196822,The Clockwork Orange Times,Wei Chen,Greece,http://www.kourdistoportocali.com,kourdistoportocali.com,
8362571854,ePrice.HK 香港手機評測 格價 資訊站,Sander Lammers,Hong Kong,http://www.eprice.com.hk,eprice.com.hk,
8340874853,Posusje Net,Wei Chen,Croatia,http://www.posusje.net,posusje.net,https://www.linkedin.com/company/opcina-posusje
8360917531,Handball-Planet.com,Sander Lammers,Serbia,http://www.handball-planet.com,handball-planet.com,https://www.linkedin.com/company/handball-planet
8361004317,Edirne Ahval Gazetesi,Wei Chen,Turkey,http://www.edirneahval.com,edirneahval.com,
8341419623,TijuaNotas,Wei Chen,United States,http://www.tijuanotas.com,tijuanotas.com,
8360704539,vladarka.com,Wei Chen,Bosnia and Herzegovina,http://www.vladarka.com,vladarka.com,
8359179632,Telemundo Atlanta,Rory Hunter,United States,http://www.telemundoatlanta.com,telemundoatlanta.com,https://www.linkedin.com/company/telemundo-atlanta
8370780065,Fight24.pl,Wei Chen,Poland,http://www.fight24.pl,fight24.pl,
8351003795,Zeropese,Wei Chen,Serbia,http://www.zeropese.com,zeropese.com,
8339740230,reprezent.ba,Wei Chen,Bosnia and Herzegovina,http://www.reprezent.ba,reprezent.ba,
8340953720,syrostoday.gr,Wei Chen,Greece,http://www.syrostoday.gr,syrostoday.gr,https://www.linkedin.com/company/todaymediagroup
8360899337,Hayat Mutfakta,Sander Lammers,Turkey,http://www.hayatmutfakta.com,hayatmutfakta.com,
8339942986,Plant Care Today,Sander Lammers,United States,http://www.plantcaretoday.com,plantcaretoday.com,
8351082128,TV 10,Wei Chen,Greece,http://www.tv10.gr,tv10.gr,
8343905281,Radio televizija Bor,Wei Chen,Serbia,http://www.rtvbor.rs,rtvbor.rs,
8360620803,وكالة أخبار المرأة,Rory Hunter,United Arab Emirates,http://www.wonews.net,wonews.net,
8340815728,Plovdiv-Online,Wei Chen,Bulgaria,http://www.plovdiv-online.com,plovdiv-online.com,
8359186020,Orthodoxia.online,Wei Chen,Greece,http://www.orthodoxia.online,orthodoxia.online,
8360068114,Μαργαρίτες Μάντολες,Wei Chen,Greece,http://www.mantoles.net,mantoles.net,
8343990326,Readers' Favorite,Wei Chen,United States,http://www.readersfavorite.com,readersfavorite.com,https://www.linkedin.com/company/readers'-favorite
8360967739,Jugoslovenska Narodna Armija,Wei Chen,Croatia,http://www.nova-yuga.info,nova-yuga.info,
8360693301,Ανεξάρτητος,Wei Chen,Greece,http://www.anexartitos.gr,anexartitos.gr,
8370861971,Ostrowski Portal Internetowy,Wei Chen,Poland,http://www.ostrowmaz.com,ostrowmaz.com,
8359308069,Rajshah iPost,Wei Chen,Bangladesh,http://www.rajshahipost.com,rajshahipost.com,
8370192770,Jaintabarta24.com,Wei Chen,India,http://www.jaintabarta24.com,jaintabarta24.com,
8359212121,Radio Kosova e Lire,Wei Chen,Croatia,http://www.radiokosovaelire.com,radiokosovaelire.com,
8395582988,LOG Dergisi,Sander Lammers,Turkey,http://www.log.com.tr,log.com.tr,https://www.linkedin.com/company/log-magazine
8359879226,Grude.com,Wei Chen,Bosnia and Herzegovina,http://www.grude.com,grude.com,
8369617835,Fevgato.gr - Tattoo,Wei Chen,Greece,http://www.fevgato.gr,fevgato.gr,
8370905991,Moreto.Net,Wei Chen,Bulgaria,http://www.moreto.net,moreto.net,
8341500233,Ανοιχτό Παράθυρο,Wei Chen,Greece,http://www.anoixtoparathyro.gr,anoixtoparathyro.gr,
8360948513,Stiri Romania,Wei Chen,Romania,http://www.diacaf.com,diacaf.com,
8341500236,B106 Hip Hop & RnB,Wei Chen,United States,http://www.myb106.com,myb106.com,
8359340606,Tele M Neamt,Wei Chen,Romania,http://www.telemneamt.net,telemneamt.net,
8359144119,RTTNews,Wei Chen,United States,http://www.rttnews.com,rttnews.com,https://www.linkedin.com/company/rttnews
8357149079,roztocze.net Regionalny Dziennik Internetowy,Wei Chen,Poland,http://www.roztocze.net,roztocze.net,
8341574562,Tvnea.com,Wei Chen,Greece,http://www.tvnea.com,tvnea.com,
8350008611,WVUB,Wei Chen,United States,http://www.wvub.org,wvub.org,
8349169203,In the Bunch,Wei Chen,South Africa,http://www.inthebunch.co.za,inthebunch.co.za,
8340604855,SportsAddict.gr,Wei Chen,Greece,http://www.sportsaddict.gr,sportsaddict.gr,
8371226978,NAŠICE - Vijesti,Wei Chen,Croatia,http://www.nasice.com,nasice.com,
8352069444,Infovodice,Wei Chen,Croatia,http://www.infovodice.com,infovodice.com,
8339563656,Sliven Press,Wei Chen,Bulgaria,http://www.slivenpress.bg,slivenpress.bg,
8368781901,GoSumut.com,Wei Chen,Indonesia,http://www.gosumut.com,gosumut.com,
8339721097,leutar.net,Wei Chen,Serbia,http://www.leutar.net,leutar.net,
8342085796,iSokolka,Wei Chen,Poland,http://www.isokolka.eu,isokolka.eu,
8369965891,STRAJK.eu,Wei Chen,Poland,http://www.strajk.eu,strajk.eu,
8341244303,TigerDroppings.com,Rory Hunter,United States,http://www.tigerdroppings.com,tigerdroppings.com,
8347657514,ittlakunk.hu,Wei Chen,Hungary,http://www.ittlakunk.hu,ittlakunk.hu,
8341616789,WhatNext,Wei Chen,Poland,http://www.whatnext.pl,whatnext.pl,
8359153559,Alldaynews.gr,Rory Hunter,Greece,http://www.alldaynews.gr,alldaynews.gr,
8351342712,liverpool.gr,Wei Chen,Greece,http://www.liverpool.gr,liverpool.gr,https://www.linkedin.com/company/liverpool-gr-tv
8370265687,fokusjabar.co.id,Wei Chen,Indonesia,http://www.fokusjabar.id,fokusjabar.id,
8340114082,Ploče Online,Wei Chen,Croatia,http://www.ploce.com.hr,ploce.com.hr,
8398443048,CECCAR Business Magazine,Wei Chen,Romania,http://www.ceccarbusinessmagazine.ro,ceccarbusinessmagazine.ro,
8360569749,Fitness Gurls,Wei Chen,United States,http://www.fitnessgurls.com,fitnessgurls.com,https://www.linkedin.com/company/fitness-gurls-magazine
8360904856,Maxitis.gr,Wei Chen,Greece,http://www.maxitis.gr,maxitis.gr,
8362791603,Epirus News,Wei Chen,Greece,http://www.epirusnews.eu,epirusnews.eu,
8347412815,PC Invasion,Wei Chen,United States,http://www.pcinvasion.com,pcinvasion.com,https://www.linkedin.com/company/pc-invasion
8347353421,En Kocaeli Haber Sitesi,Wei Chen,Turkey,http://www.enkocaeli.com,enkocaeli.com,
8360315542,ROOTBLOG,Wei Chen,Poland,http://www.rootblog.pl,rootblog.pl,
8347810650,Αργολικά,Wei Chen,Greece,http://www.argolika.gr,argolika.gr,
8343730309,Radio Romania International,Wei Chen,Romania,http://www.rri.ro,rri.ro,https://www.linkedin.com/company/radio-rom%c3%a2nia-interna%c5%a3ional
8369884219,Syros Agenda,Wei Chen,Greece,http://www.syros-agenda.gr,syros-agenda.gr,
8359897235,Reportaz Net,Wei Chen,Greece,http://www.reportaznet.gr,reportaznet.gr,
8361258112,Εφημερίδα Κοζάνη - efkozani.gr - kozani,Rory Hunter,Greece,http://www.efkozani.gr,efkozani.gr,
8369939718,Antalya Burada,Wei Chen,Turkey,http://www.antalyaburada.com,antalyaburada.com,
8361464966,Oxygen Media,Wei Chen,Hungary,http://www.oxygenmedia.hu,oxygenmedia.hu,https://www.linkedin.com/company/oxygen-media-kft
8369944581,Arena Bodrum Haber,Wei Chen,Turkey,http://www.arenabodrumhaber.com,arenabodrumhaber.com,
8347698278,dikgazete.com,Wei Chen,Turkey,http://www.dikgazete.com,dikgazete.com,
8360199078,প্রাণের নওগাঁ - Praner Naogaon,Wei Chen,Bangladesh,http://www.naogaondorpon.com,naogaondorpon.com,
8361312428,Karabük Kent Haber,Rory Hunter,Turkey,http://www.karabukkenthaber.com,karabukkenthaber.com,
8360313506,Lubartów24,Wei Chen,Poland,http://www.lubartow24.pl,lubartow24.pl,
8385164607,TekliÄ‡.hr,Wei Chen,Croatia,http://www.teklic.hr,teklic.hr,
8362126994,Vesti-OnLine.com,Rory Hunter,Serbia,http://www.vesti-online.com,vesti-online.com,
8398675558,Lubelski.pl,Wei Chen,Poland,http://www.lubelski.pl,lubelski.pl,https://www.linkedin.com/company/lubelski-pl
8464590722,Times.bg,Wei Chen,Bulgaria,http://www.times.bg,times.bg,
8399618721,Radio Hit Lasi,Rory Hunter,Romania,http://www.radiohit.ro,radiohit.ro,https://www.linkedin.com/company/radio-hit
8409971788,Radom Sport,Wei Chen,Poland,http://www.radomsport.pl,radomsport.pl,
8448206724,PAOKVoice,Wei Chen,Greece,http://www.paokvoice.com,paokvoice.com,
8736482999,Starea Presei,Wei Chen,Romania,http://www.stareapresei.ro,stareapresei.ro,
8724523286,Radio Biper,Wei Chen,Poland,http://www.radiobiper.info,radiobiper.info,
8712312413,台灣新聞雲,Wei Chen,Taiwan,http://www.886.news,886.news,
8784135563,"Bielski Rynek - ludzie, miejsca, wydarzenia",Wei Chen,Poland,http://www.bielskirynek.pl,bielskirynek.pl,
8724571672,Videolu Tarifler,Wei Chen,Turkey,http://www.videolutarifim.com,videolutarifim.com,
8463874398,Rural Sprout,Rory Hunter,United Kingdom,http://www.ruralsprout.com,ruralsprout.com,
8774932775,Genesis Cinema,Wei Chen,United Kingdom,http://www.genesiscinema.co.uk,genesiscinema.co.uk,https://www.linkedin.com/company/genesis-cinema
8762590828,PamePreveza.gr,Rory Hunter,Greece,http://www.prevezanews.gr,prevezanews.gr,
8424701185,Kanizsa Televízió,Wei Chen,Hungary,http://www.kanizsatv.hu,kanizsatv.hu,https://www.linkedin.com/company/kanizsatv.hu
8465266103,Novinite.bg,Rory Hunter,Bulgaria,http://www.novinite.bg,novinite.bg,
8724626733,"Ράδιο Λέχοβο 97,1",Wei Chen,Greece,http://www.radio-lehovo.gr,radio-lehovo.gr,
8464131499,EBulgaria.bg,Wei Chen,Bulgaria,http://www.ebulgaria.bg,ebulgaria.bg,
8681171288,naxostimes.gr,Wei Chen,Greece,http://www.naxostimes.gr,naxostimes.gr,https://www.linkedin.com/company/naxos-times
8415457206,Info Prijedor,Wei Chen,Bosnia and Herzegovina,http://www.infoprijedor.ba,infoprijedor.ba,
8398952371,Caras Online,Wei Chen,Romania,http://www.caon.ro,caon.ro,
8725421857,Lxkal.dk,Wei Chen,Denmark,http://www.randersidag.dk,randersidag.dk,
8409465613,Paramythia,Wei Chen,Greece,http://www.paramythia-online.gr,paramythia-online.gr,
8424880667,Novi Standard,Wei Chen,Serbia,http://www.standard.rs,standard.rs,
8416549279,The Vinyl District,Rory Hunter,United States,http://www.thevinyldistrict.com,thevinyldistrict.com,https://www.linkedin.com/company/the-vinyl-district
8415384992,Istria - Terra Magica,Wei Chen,Croatia,http://www.istriaterramagica.eu,istriaterramagica.eu,
8812439672,Taylorvilledailynews.com,Wei Chen,United States,http://www.taylorvilledailynews.com,taylorvilledailynews.com,https://www.linkedin.com/company/the-miller-media-group-inc.
8550920080,egeolay,Wei Chen,Turkey,http://www.egeolay.com,egeolay.com,
8415939230,Katerinas Recipes,Wei Chen,Greece,http://www.katerinasrecipes.com,katerinasrecipes.com,
8487772073,冒牌生 inmywordz,Wei Chen,Taiwan,http://www.inmywordz.com,inmywordz.com,
8439348805,Ziarul Hunedoreanului,Wei Chen,Romania,http://www.zhd.ro,zhd.ro,
8677907326,health4you.gr,Rory Hunter,Greece,http://www.health4you.gr,health4you.gr,
8425060705,Ziare BOTOSANI,Wei Chen,Romania,http://www.ziarebotosani.ro,ziarebotosani.ro,
8425415804,Ziar de Suceava,Rory Hunter,Romania,http://www.ziardesuceava.ro,ziardesuceava.ro,
8681660709,Rockbook.hu,Wei Chen,Hungary,http://www.rockbook.hu,rockbook.hu,
8495367432,Gostinin.info,Wei Chen,Poland,http://www.gostynin.info,gostynin.info,
8453285774,12 Vima,Wei Chen,Greece,http://www.12vima.gr,12vima.gr,
8811110523,1923.ro,Sander Lammers,Romania,http://www.1923.ro,1923.ro,
8725334640,VolosTV,Wei Chen,Greece,http://www.newsvolos.com,newsvolos.com,
8463428625,OpIndia,Sander Lammers,India,http://www.opindia.com,opindia.com,https://www.linkedin.com/company/opindia
8681441553,OK! Magazine Greece,Wei Chen,Greece,http://www.okmag.gr,okmag.gr,
8729945648,Haber 380,Wei Chen,Turkey,http://www.haber380.com,haber380.com,
8680977923,Mika Magazine,Wei Chen,Bulgaria,http://www.mikamagazine.com,mikamagazine.com,
8792259936,Ziarul Star Sibian,Wei Chen,Romania,http://www.starsibian.ro,starsibian.ro,
8724501877,XS Noize,Wei Chen,United States,http://www.xsnoize.com,xsnoize.com,
8440163174,Novi Dani,Wei Chen,Croatia,http://www.novidani.com,novidani.com,
8713241646,Independent News Greece,Sander Lammers,Greece,http://www.independentnews.gr,independentnews.gr,
8681391622,Kokkinos Law Firm,Wei Chen,Greece,http://www.kokkinoslawfirm.com,kokkinoslawfirm.com,https://www.linkedin.com/company/kyriakos-kokkinos-associates-unics-legal-law-firm
8722187419,Halo Wieluń,Wei Chen,Poland,http://www.halo.wielun.pl,halo.wielun.pl,
8455537791,Mix That Drink,Wei Chen,United Kingdom,http://www.mixthatdrink.com,mixthatdrink.com,
8734565915,Betcosmos,Wei Chen,Greece,http://www.betcosmos.com,betcosmos.com,
8487913314,Csipos,Wei Chen,Hungary,http://www.mcsipos.hu,mcsipos.hu,
8487879777,Arcadia-Sports Gr,Rory Hunter,Greece,http://www.arcadiasports.gr,arcadiasports.gr,
8464665346,Tribune.bg,Wei Chen,Bulgaria,http://www.tribune.bg,tribune.bg,
8606284663,Gündeme Bakış,Wei Chen,Turkey,http://www.gundemebakis.com,gundemebakis.com,
8725329310,"Radio eM 107,6 FM",Wei Chen,Poland,http://www.radioem.pl,radioem.pl,
8399152944,SuperPortal 24,Wei Chen,Poland,http://www.superportal24.pl,superportal24.pl,
8464473366,ScienceBlog.com,Wei Chen,United Kingdom,http://www.scienceblog.com,scienceblog.com,
8549728003,TalkersCode,Wei Chen,India,http://www.talkerscode.com,talkerscode.com,https://www.linkedin.com/company/talkerscode-com
8688313413,emprosnet.gr,Rory Hunter,Greece,http://www.emprosnet.gr,emprosnet.gr,
8487761266,3Point.dk,Wei Chen,Denmark,http://www.3point.dk,3point.dk,https://www.linkedin.com/company/3point.dk
8792247469,ThePunkSite.com,Wei Chen,United States,http://www.thepunksite.com,thepunksite.com,https://www.linkedin.com/company/thepunksite-com
8487902024,debica24.eu,Wei Chen,Poland,http://www.debica24.eu,debica24.eu,
8464780079,Plovdiv Time,Wei Chen,Bulgaria,http://www.plovdivtime.bg,plovdivtime.bg,
8737625195,Ugytudjuk.hu,Wei Chen,Hungary,http://www.ugytudjuk.hu,ugytudjuk.hu,
8439146411,Os og Fusaposten,Rory Hunter,Norway,http://www.osogfusa.no,osogfusa.no,https://www.linkedin.com/company/os-og-fusaposten
8504899909,Odoraş,Rory Hunter,Romania,http://www.odoras.md,odoras.md,
8405755048,Page News,Wei Chen,Greece,http://www.pagenews.gr,pagenews.gr,
8453353845,Jelonka,Wei Chen,Poland,http://www.jelonka.com,jelonka.com,
8416530461,Tunera.info,Wei Chen,Croatia,http://www.tunera.info,tunera.info,
8734785814,Sfina.gr,Wei Chen,Greece,http://www.sfina.gr,sfina.gr,
8448338992,Kazanlak,Wei Chen,Bulgaria,http://www.kazanlak.com,kazanlak.com,https://www.linkedin.com/company/kazanlak-com
8488028755,DESblitz,Wei Chen,United Kingdom,http://www.desiblitz.com,desiblitz.com,https://www.linkedin.com/company/desiblitz
8737659507,stirilazi.ro,Wei Chen,Romania,http://www.stirilazi.ro,stirilazi.ro,https://www.linkedin.com/company/stirilazi
8414437195,Press4 News,Sander Lammers,India,http://www.press4news.live,press4news.live,
8606253883,Canakkale Haber,Rory Hunter,Turkey,http://www.canakkalehaber.com,canakkalehaber.com,
8735532143,Star 106.3 Townsville,Wei Chen,Australia,http://www.star1063.com.au,star1063.com.au,https://www.linkedin.com/company/star-106-3
8679126160,Dalmatinski nogomet,Wei Chen,Croatia,http://www.dalmatinskinogomet.hr,dalmatinskinogomet.hr,
8550945642,Gazete Yenigün,Wei Chen,Turkey,http://www.gazeteyenigun.com.tr,gazeteyenigun.com.tr,
8455622198,Korte Kapsels,Sander Lammers,Netherlands,http://www.korte-kapsels.com,korte-kapsels.com,
8789429034,Polska Płyta / Polska Muzyka,Wei Chen,Poland,http://www.polskaplyta-polskamuzyka.pl,polskaplyta-polskamuzyka.pl,
8661470862,Karar Haber,Rory Hunter,Turkey,http://www.karar.com,karar.com,https://www.linkedin.com/company/karar-haber
8772324370,Klikni.hr,Wei Chen,Croatia,http://www.klikni.hr,klikni.hr,
8549659210,Şehir Medya,Wei Chen,Turkey,http://www.sehirmedya.com,sehirmedya.com,
8774458661,Enduro Hub,Wei Chen,South Africa,http://www.endurohub.co.za,endurohub.co.za,
8494852237,Glas Kotor-Varosa,Wei Chen,Bosnia and Herzegovina,http://www.glaskotorvarosa.com,glaskotorvarosa.com,
8773188402,Kartv,Wei Chen,Turkey,http://www.kartv.net,kartv.net,
8679135886,GlasGacke.hr,Rory Hunter,Croatia,http://www.glasgacke.hr,glasgacke.hr,
8487859210,Borba.me,Wei Chen,Serbia,http://www.borba.me,borba.me,
8463627677,Radio Z-Rock,Sander Lammers,Bulgaria,http://www.zrock.bg,zrock.bg,
8464443746,Kvorum Silistra,Wei Chen,Bulgaria,http://www.kvorum-silistra.info,kvorum-silistra.info,
8680935048,Makarska Danas,Wei Chen,Croatia,http://www.makarska-danas.com,makarska-danas.com,
8773254920,Universul argesean,Wei Chen,Romania,http://www.universulargesean.ro,universulargesean.ro,
8812557230,Radar Sampit,Wei Chen,Indonesia,http://www.radarsampit.com,radarsampit.com,
8714264193,Wrestleview.com,Wei Chen,United States,http://www.wrestleview.com,wrestleview.com,https://www.linkedin.com/company/wrestleview.com
8683783541,Siljan News,Wei Chen,Sweden,http://www.siljannews.se,siljannews.se,https://www.linkedin.com/company/siljan-news-ab
8681725832,RTVTK,Wei Chen,Bosnia and Herzegovina,http://www.rtvtk.ba,rtvtk.ba,https://www.linkedin.com/company/rtv-tk
8688405551,基督教今日報,Wei Chen,Taiwan,http://www.cdn-news.org,cdn-news.org,
8550924120,Yeni Asya,Damian Domanski,Turkey,http://www.yeniasya.com.tr,yeniasya.com.tr,https://www.linkedin.com/company/yeni-asya-gazetecilik-matbaac%C4%B1l%C4%B1k-ve-yay%C4%B1nc%C4%B1l%C4%B1k-san.-ve-tic.-a.%C5%9F.
8463415177,DenNews.bg,Wei Chen,Bulgaria,http://www.dennews.bg,dennews.bg,
8772922901,Yes Punjab,Wei Chen,India,http://www.yespunjab.com,yespunjab.com,
8797901976,Orizontes Press,Wei Chen,Greece,http://www.orizontespress.gr,orizontespress.gr,https://www.linkedin.com/company/orizontes-press
8824957440,VIDI,Wei Chen,Croatia,http://www.vidi.hr,vidi.hr,https://www.linkedin.com/company/vidi-the-tech-media-company
8816290430,Apuseni Info,Wei Chen,Romania,http://www.apuseni.info,apuseni.info,
8816428677,Ta Nea tis Mikrospilias 24,Wei Chen,Greece,http://www.taneatismikrospilias24.com,taneatismikrospilias24.com,
8818165650,Newn Media Group,Wei Chen,Greece,http://www.newn.gr,newn.gr,
8881122898,Muğla Gazetesi,Wei Chen,Turkey,http://www.muglagazetesi.com.tr,muglagazetesi.com.tr,
8825097751,Radio NET 101.9 & Sport Fm Lamia,Wei Chen,Greece,http://www.radio-net.gr,radio-net.gr,
8858396688,Personel Sağlık NET,Wei Chen,Turkey,http://www.saglikpersoneli.com.tr,saglikpersoneli.com.tr,
8818791345,Manager.ba,Wei Chen,Bosnia and Herzegovina,http://www.manager.ba,manager.ba,https://www.linkedin.com/company/manager.ba
8817617804,KORENI - List Srba iz rasejanja,Wei Chen,Serbia,http://www.koreni.rs,koreni.rs,https://www.linkedin.com/company/koreni-listsrbaizrasejanja
8875837995,SwingCompleto,Sander Lammers,United States,http://www.swingcompleto.com,swingcompleto.com,https://www.linkedin.com/company/swingcompleto
8825599788,Radio Kakanj 87.9 MHz,Wei Chen,Croatia,http://www.radiokakanj.co.ba,radiokakanj.co.ba,https://www.linkedin.com/company/dukat-d-o-o-mlin-i-pekara
8818205107,N1 TV,Wei Chen,Romania,http://www.n1tv.ro,n1tv.ro,
8814502232,WorldAuthors.Org,Wei Chen,United States,http://www.worldauthors.org,worldauthors.org,https://www.linkedin.com/company/worldauthorsorg
8816600248,Kastoria365,Wei Chen,Greece,http://www.kastoria365.gr,kastoria365.gr,
8818399399,Oradea in direct,Wei Chen,Romania,http://www.oradeaindirect.ro,oradeaindirect.ro,
8826633250,Västerås Tidning,Wei Chen,Sweden,http://www.vasterastidning.se,vasterastidning.se,https://www.linkedin.com/company/direktpress-v%C3%A4ster%C3%A5s-tidning
8818955928,Marmaris Haber,Rory Hunter,Turkey,http://www.marmarishaber.net,marmarishaber.net,
8817136566,Korso Sanockie,Wei Chen,Poland,http://www.korsosanockie.pl,korsosanockie.pl,
8826334762,Soccerlive.gr,Wei Chen,Greece,http://www.soccerlive.gr,soccerlive.gr,
8814318617,BL Portal,Rory Hunter,Bosnia and Herzegovina,http://www.bl-portal.com,bl-portal.com,
8832762175,Południowa Oficyna Wydawnicza,Wei Chen,Poland,http://www.gostynska.pl,gostynska.pl,
8832720691,Życie Kalisza,Wei Chen,Poland,http://www.zyciekalisza.pl,zyciekalisza.pl,
8881063443,Pamukkale Haber,Wei Chen,Turkey,http://www.pamukkalehaber.com,pamukkalehaber.com,
8857780921,Radio România Brașov FM,Wei Chen,Romania,http://www.radiobrasovfm.ro,radiobrasovfm.ro,
8873196204,Habercim19,Wei Chen,Turkey,http://www.habercim19.com,habercim19.com,
8873749413,Gazete Trakya,Wei Chen,Turkey,http://www.gazetetrakya.com,gazetetrakya.com,
8814485551,Warszawa.pl,Wei Chen,Poland,http://www.warszawa.pl,warszawa.pl,
8825936732,Ugljevik Info,Wei Chen,Bosnia and Herzegovina,http://www.ugljevik.info,ugljevik.info,
8857996458,Sylhetprothidin24.com - সিলেট প্রতিদিন২৪.কম,Wei Chen,Bangladesh,http://www.sylhetprothidin24.com,sylhetprothidin24.com,
8827658101,Ο Επιχειρηματιας epixirimatias.gr,Wei Chen,Greece,http://www.epixirimatias.gr,epixirimatias.gr,
8881093637,ManisaTürk,Rory Hunter,Turkey,http://www.manisaturk.com,manisaturk.com,
8881093639,Sjever.hr,Wei Chen,Croatia,http://www.sjever.hr,sjever.hr,
8873181570,Afyon Postası,Rory Hunter,Turkey,http://www.afyonpostasi.com.tr,afyonpostasi.com.tr,
8816409886,Sport.ro,Rory Hunter,Romania,http://www.sport.ro,sport.ro,https://www.linkedin.com/company/pro-tv
8827034190,Desherpata,Sander Lammers,Bangladesh,http://www.desherpata.com,desherpata.com,
8816305170,Inotos.gr,Wei Chen,Greece,http://www.inotos.gr,inotos.gr,
8832817430,Дневне Новине Правда,Wei Chen,Serbia,http://www.pravda.rs,pravda.rs,
8874685576,Gazete Havadis,Wei Chen,Turkey,http://www.cerkezkoyhavadis.com,cerkezkoyhavadis.com,
8859299189,WOUB Public Media,Damian Domanski,United States,http://www.woub.org,woub.org,https://www.linkedin.com/company/woub-public-media
8874804097,Enimerosi247,Rory Hunter,Greece,http://www.enimerosi247.eu,enimerosi247.eu,
8874694272,Halkın Sesi Gazetesi,Wei Chen,Turkey,http://www.halkinsesi.com.tr,halkinsesi.com.tr,
8826755939,SportActive.gr - Peiraiotika.gr,Wei Chen,Greece,http://www.peiraiotika.gr,peiraiotika.gr,
8825849968,Treći Svijet,Wei Chen,Bosnia and Herzegovina,http://www.trecisvijet.com,trecisvijet.com,
8818318367,The Highland Times,Wei Chen,United Kingdom,http://www.thehighlandtimes.com,thehighlandtimes.com,
8857459573,stagonnews.gr,Wei Chen,Greece,http://www.stagonnews.gr,stagonnews.gr,
8857815152,raciborz.com.pl,Wei Chen,Poland,http://www.raciborz.com.pl,raciborz.com.pl,
8816651271,Komotini24.gr,Wei Chen,Greece,http://www.komotini24.gr,komotini24.gr,
8818162206,The Isle of Thanet News,Wei Chen,United Kingdom,http://www.theisleofthanetnews.com,theisleofthanetnews.com,
8826674839,The Next Edition News,Wei Chen,Nigeria,http://www.nextedition.com.ng,nextedition.com.ng,https://www.linkedin.com/company/the-next-edition-news
8874482814,Denizli Muhabir,Wei Chen,Turkey,http://www.denizlimuhabir.com,denizlimuhabir.com,
8816605452,Głos 24,Wei Chen,Poland,http://www.glos24.pl,glos24.pl,
8820549936,Igeek Phone,Wei Chen,United States,http://www.igeekphone.com,igeekphone.com,
8823835006,Aksaray 68 haber,Wei Chen,Turkey,http://www.aksaray68haber.com.tr,aksaray68haber.com.tr,
8857049959,Cumsa.ro,Sander Lammers,Romania,http://www.cumsa.ro,cumsa.ro,
8820713042,Etcetera.hu,Wei Chen,Hungary,http://www.etcetera.hu,etcetera.hu,
8827026865,Ege Postası,Rory Hunter,Turkey,http://www.egepostasi.com,egepostasi.com,
8873633142,Aydın Yeni Ufuk Gazetesi,Wei Chen,Turkey,http://www.aydinyeniufuk.com.tr,aydinyeniufuk.com.tr,
8826570630,police24.pl,Wei Chen,Poland,http://www.police24.pl,police24.pl,
8824589665,Reporter de Iași,Wei Chen,Romania,http://www.reporteris.ro,reporteris.ro,
8819068936,Volosday,Wei Chen,Greece,http://www.volosday.gr,volosday.gr,
8818810114,Εφημερίδα ΕΡΜΗΣ / ermisnews.gr,Wei Chen,Greece,http://www.ermisnews.gr,ermisnews.gr,
8857045572,startbih.ba,Rory Hunter,Croatia,http://www.startbih.ba,startbih.ba,
8825843874,Radio Novi Grad,Wei Chen,Bosnia and Herzegovina,http://www.radionovigrad.com,radionovigrad.com,
8826244280,PlanowanieWesela.pl,Wei Chen,Poland,http://www.planowaniewesela.pl,planowaniewesela.pl,
8875123020,Radio Donji Vakuf,Wei Chen,Bosnia and Herzegovina,http://www.radiodonjivakuf.com.ba,radiodonjivakuf.com.ba,
8873259603,Haber Hendek,Wei Chen,Turkey,http://www.haberhendek.com,haberhendek.com,
8824579147,SamosVoice.gr,Wei Chen,Greece,http://www.samosvoice.gr,samosvoice.gr,
8874714446,Mumbai Samachar,Rory Hunter,India,http://www.bombaysamachar.com,bombaysamachar.com,https://www.linkedin.com/company/bombay-samachar-pvt-ltd
8867641401,Ziarul Românesc Spania,Wei Chen,Romania,http://www.ziarulromanesc.es,ziarulromanesc.es,
8818903824,Ami Naxi Radio,Wei Chen,Serbia,http://www.amiradio.rs,amiradio.rs,
8856810071,Szegeder.hu,Wei Chen,Hungary,http://www.szegeder.hu,szegeder.hu,
8874768187,Fib Haber,Sander Lammers,Turkey,http://www.fibhaber.com,fibhaber.com,
8819027297,TeleM Iași,Wei Chen,Romania,http://www.telem.ro,telem.ro,https://www.linkedin.com/company/tele-m-s.a.
8880974750,Keşan Postası,Wei Chen,Turkey,http://www.kesanpostasi.com,kesanpostasi.com,
8857978942,Zirve Kıbrıs,Wei Chen,Turkey,http://www.zirvekibris.com,zirvekibris.com,
8873182766,Ege Telgraf,Wei Chen,Turkey,http://www.egetelgraf.com,egetelgraf.com,
8824686639,Orthodoxia News Agency,Wei Chen,Greece,http://www.orthodoxianewsagency.gr,orthodoxianewsagency.gr,https://www.linkedin.com/company/orthodoxia
8857593376,Wieści Międzychodzkie,Wei Chen,Poland,http://www.wiescimiedzychodzkie.pl,wiescimiedzychodzkie.pl,
8819123059,Κοντασας,Wei Chen,Greece,http://www.kontasas.gr,kontasas.gr,
8874601257,Bursa Sancak,Rory Hunter,Turkey,http://www.bursasancak.com.tr,bursasancak.com.tr,https://www.linkedin.com/company/bursa-sancak-gazetesi
8824438822,vrilissianews.gr,Wei Chen,Greece,http://www.vrilissianews.gr,vrilissianews.gr,
8873825847,Gölcük Haber,Wei Chen,Turkey,http://www.golcukhaber.com.tr,golcukhaber.com.tr,
8818148216,Extra Świecie,Wei Chen,Poland,http://www.extraswiecie.pl,extraswiecie.pl,
8881146297,Radio 2ST,Wei Chen,Australia,http://www.2st.com.au,2st.com.au,https://www.linkedin.com/company/radio2st
8816527456,Krook Media Oy,Wei Chen,Finland,http://www.krookmedia.fi,krookmedia.fi,
8818148219,iEidiseis.gr,Rory Hunter,Greece,http://www.ieidiseis.gr,ieidiseis.gr,
8823953683,Vranje News,Wei Chen,Serbia,http://www.vranjenews.rs,vranjenews.rs,
8820695592,Daily Engineering,Sander Lammers,United States,http://www.dailyengineering.com,dailyengineering.com,
8816639597,Max Woman,Wei Chen,India,http://www.maxwoman.in,maxwoman.in,
8820318537,Telegrama,Rory Hunter,Romania,http://www.telegrama.ro,telegrama.ro,
8820584014,Jobbland,Wei Chen,Sweden,http://www.jobbland.se,jobbland.se,https://www.linkedin.com/company/jobbland
8818809427,The Hard Tackle,Wei Chen,United Kingdom,http://www.thehardtackle.com,thehardtackle.com,
8831734942,Ekhon Khobor,Rory Hunter,India,http://www.ekhonkhobor.com,ekhonkhobor.com,https://www.linkedin.com/company/ekhon-khobor
8873751069,Öncü Şehir,Wei Chen,Turkey,http://www.oncusehir.com,oncusehir.com,
8816611190,Leet.hu,Wei Chen,Hungary,http://www.leet.hu,leet.hu,https://www.linkedin.com/company/leet-hungary
8816674423,School Pathram,Wei Chen,India,http://www.schoolpathram.com,schoolpathram.com,
8866840955,Haberler Ankara,Wei Chen,Turkey,http://www.haberlerankara.com,haberlerankara.com,
8857068567,KORONAfm100,Wei Chen,Hungary,http://www.koronafm100.hu,koronafm100.hu,
8864537509,Καλύτερη Λαμία,Wei Chen,Greece,http://www.kaliterilamia.gr,kaliterilamia.gr,
8866181004,Knitting Galeri,Sander Lammers,India,http://www.isinyoulow.com,isinyoulow.com,
8993774353,Kcbd,Damian Domanski,United States,http://www.kcbd.com,kcbd.com,https://www.linkedin.com/company/kcbd-tv
8882026863,Maraş Pusula Haber,Wei Chen,Turkey,http://www.maraspusula.com,maraspusula.com,
8920214184,Cookta,Sander Lammers,Hungary,http://www.cookta.hu,cookta.hu,
8993717014,The Market Herald,Damian Domanski,Australia,http://www.themarketherald.com.au,themarketherald.com.au,https://www.linkedin.com/company/the-market-herald
8993770775,Energypress.gr,Wei Chen,Greece,http://www.energypress.gr,energypress.gr,https://www.linkedin.com/company/energypress.gr
8921037493,The Hungarian Times,Wei Chen,Hungary,http://www.thehungariantimes.hu,thehungariantimes.hu,
8920828853,Ramski Vjesnik,Wei Chen,Croatia,http://www.ramski-vjesnik.ba,ramski-vjesnik.ba,
8920373153,Info112.pl,Wei Chen,Poland,http://www.info112.pl,info112.pl,
9015921010,Kayseri Yerel Haber,Wei Chen,Turkey,http://www.kayseriyerelhaber.com,kayseriyerelhaber.com,
8948376138,Kayseri İlk Haber,Wei Chen,Turkey,http://www.kayseriilkhaber.com,kayseriilkhaber.com,
8993486104,News 12,Damian Domanski,United States,http://www.wrdw.com,wrdw.com,https://www.linkedin.com/company/wrdw-tv
9015928959,Bölge Haber,Wei Chen,Turkey,http://www.bolgehaber67.net,bolgehaber67.net,
9014956663,Vansesi Gazetesi,Wei Chen,Turkey,http://www.vansesigazetesi.com,vansesigazetesi.com,
8881233791,Samsun Kent Haber,Wei Chen,Turkey,http://www.samsunkenthaber.com.tr,samsunkenthaber.com.tr,
9016938832,Turgutlu Yankı Gazetesi,Wei Chen,Turkey,http://www.turgutluyanki.com,turgutluyanki.com,
9014851960,Nethaber,Wei Chen,Turkey,http://www.nethaber.com,nethaber.com,
8914038648,Kar360 Haber,Wei Chen,Turkey,http://www.kar360.com,kar360.com,
8881508434,eZiarultău,Wei Chen,Romania,http://www.eziarultau.ro,eziarultau.ro,
9015870034,Trabzon Haber 24,Rory Hunter,Turkey,http://www.trabzonhaber24.com,trabzonhaber24.com,
8882510663,Kent Yaşam Gazetesi,Wei Chen,Turkey,http://www.yasamgazetesi.com.tr,yasamgazetesi.com.tr,
9015742294,Yaşadıkça Engelliler Haber ve Bilgi Portalı,Wei Chen,Turkey,http://www.yasadikca.com,yasadikca.com,
8993758757,University of Lodz,Wei Chen,Poland,http://www.lodz.pl,lodz.pl,https://www.linkedin.com/company/university-of-lodz
8964970596,Yeni Kocaeli,Wei Chen,Turkey,http://www.yenikocaeli.com,yenikocaeli.com,
9016364372,Konya Postası,Wei Chen,Turkey,http://www.konyapostasi.com.tr,konyapostasi.com.tr,https://www.linkedin.com/company/konya-postas%C4%B1-gazetesi
8882245459,Geyve Medya,Wei Chen,Turkey,http://www.geyvemedya.com,geyvemedya.com,
8993758765,THV11.com KTHV,Damian Domanski,United States,http://www.thv11.com,thv11.com,https://www.linkedin.com/company/thv11
8993716050,Kcen-tv,Damian Domanski,United States,http://www.kcentv.com,kcentv.com,https://www.linkedin.com/company/kcen-tv-channel-6-inc.
8881646629,Vanda Haber,Wei Chen,Turkey,http://www.vandahaber.com,vandahaber.com,
8882354474,Çapakçur Gazetesi,Wei Chen,Turkey,http://www.capakcurgazetesi.com.tr,capakcurgazetesi.com.tr,
9016054050,Barikada,Wei Chen,Romania,http://www.barikada.ro,barikada.ro,
8914065176,Denizli 20 Haber,Wei Chen,Turkey,http://www.denizli20haber.com,denizli20haber.com,
8947915800,Selo,Wei Chen,Bulgaria,http://www.selo.bg,selo.bg,
8913922560,İzmir Kent Haber,Wei Chen,Turkey,http://www.izmirkenthaber.com.tr,izmirkenthaber.com.tr,
9024284078,Voleybolun Sesi,Wei Chen,Turkey,http://www.voleybolunsesi.com,voleybolunsesi.com,
8891391908,Wieści24.pl,Rory Hunter,Poland,http://www.wiesci24.pl,wiesci24.pl,
8993823298,Kbtx,Wei Chen,United States,http://www.kbtx.com,kbtx.com,https://www.linkedin.com/company/kbtx-media
9015572238,Erzurum Pusula Gazetesi,Wei Chen,Turkey,http://www.gazetepusula.net,gazetepusula.net,
8948331016,Хай Клуб,Wei Chen,Bulgaria,http://www.hiclub.bg,hiclub.bg,
8914037513,Kahraman TV,Wei Chen,Turkey,http://www.kahramantv.com,kahramantv.com,
8921892247,नेपाली समाचार,Rory Hunter,India,http://www.purakhabar.com,purakhabar.com,
8892448872,Μεταξύ μας,Wei Chen,Greece,http://www.metaximas.org,metaximas.org,
8881648642,Lojiport,Wei Chen,Turkey,http://www.lojiport.com,lojiport.com,
8947884340,PoligrafF.net,Wei Chen,Bulgaria,http://www.poligraff.net,poligraff.net,
9015877637,Adapazarı Akşam Haberleri Gazetesi,Wei Chen,Turkey,http://www.aksamhaberleri.com.tr,aksamhaberleri.com.tr,
9024822157,blife.gr,Wei Chen,Greece,http://www.blife.gr,blife.gr,
8921749666,আলোকিত চাটখিল,Wei Chen,Bangladesh,http://www.alokitochatkhil.com,alokitochatkhil.com,
8993762676,First Coast News,Damian Domanski,United States,http://www.firstcoastnews.com,firstcoastnews.com,https://www.linkedin.com/company/first-coast-news
8892235629,RacersGuide.com,Wei Chen,United States,http://www.racersguide.com,racersguide.com,
8891631253,Özgür Bolu,Sander Lammers,Turkey,http://www.ozgurbolu.com,ozgurbolu.com,
9025351839,Visokoin,Wei Chen,Bosnia and Herzegovina,http://www.visokoin.com,visokoin.com,
8904595372,शताब्दी न्यूज़,Wei Chen,India,http://www.shatabdinews.com,shatabdinews.com,
8882361372,Taşımacılar,Wei Chen,Turkey,http://www.tasimacilar.com,tasimacilar.com,
8993797219,Region 8 News,Damian Domanski,United States,http://www.kait8.com,kait8.com,https://www.linkedin.com/company/kait-tv
9016521755,Αρχείον Πολιτισμού,Wei Chen,Greece,http://www.arxeion-politismou.gr,arxeion-politismou.gr,
8993716070,Antivirus Magazine,Wei Chen,Greece,http://www.avmag.gr,avmag.gr,
8914851112,Hellenicdailynews,Rory Hunter,United States,http://www.hellenicdailynewsny.com,hellenicdailynewsny.com,
8919639332,Ereğli FM,Wei Chen,Turkey,http://www.ereglifm.com.tr,ereglifm.com.tr,
8919347239,Almapiac.com,Wei Chen,Hungary,http://www.almapiac.com,almapiac.com,
8936156459,Ziua Cluj,Rory Hunter,Romania,http://www.zcj.ro,zcj.ro,https://www.linkedin.com/company/ziua-de-cluj
8892124302,Taitung News,Wei Chen,Taiwan,http://www.taitung.news,taitung.news,
8920222011,Haber48,Rory Hunter,Turkey,http://www.haber48.com.tr,haber48.com.tr,
8904069401,Tunsori femei,Wei Chen,Romania,http://www.stemir.org,stemir.org,
8890807364,Tydzień Ziemi Śremskiej,Wei Chen,Poland,http://www.tydzien.net.pl,tydzien.net.pl,https://www.linkedin.com/company/tydzie%C5%84-ziemi-%C5%9Bremskiej
8920976404,Râmnicu Vâlcea Week Rvw,Wei Chen,Romania,http://www.ramnicuvalceaweek.ro,ramnicuvalceaweek.ro,
9024221519,WMMQ,Wei Chen,United States,http://www.wmmq.com,wmmq.com,https://www.linkedin.com/company/wmmq-technology-limited
8919756056,Gazete Gebze,Rory Hunter,Turkey,http://www.gazetegebze.com.tr,gazetegebze.com.tr,https://www.linkedin.com/company/gazete-gebze
8993823148,WPMT Fox43,Damian Domanski,United States,http://www.fox43.com,fox43.com,https://www.linkedin.com/company/wpmt-llc
8921039743,Timeline.gr,Wei Chen,Greece,http://www.timeline.gr,timeline.gr,
8913740428,Patna News,Rory Hunter,India,http://www.patnanewslive.com,patnanewslive.com,
9025575735,enwsi.gr,Sander Lammers,Greece,http://www.enwsi.gr,enwsi.gr,
8913740427,Filmy Focus,Rory Hunter,India,http://www.filmyfocus.com,filmyfocus.com,
8919682403,Ajans News,Wei Chen,Turkey,http://www.ajansnews.com.tr,ajansnews.com.tr,
8914027929,Hürfikir Gazetesi,Wei Chen,Turkey,http://www.hurfikir.com.tr,hurfikir.com.tr,
8903869055,Zak Insider.com,Wei Chen,Greece,http://www.zak-insider.com,zak-insider.com,
9023943952,Turkey News,Wei Chen,Turkey,http://www.turk-now.com,turk-now.com,
8885205590,Con Las Bases Llenas,Rory Hunter,United States,http://www.conlasbasesllenas.com,conlasbasesllenas.com,https://www.linkedin.com/company/con-las-bases-llenas-llc
8921027696,Dincolo De Sport,Wei Chen,Romania,http://www.dincolodesport.eu,dincolodesport.eu,
8919627639,Dzień Dobry Sopot,Rory Hunter,Poland,http://www.esopot.pl,esopot.pl,
8919465074,Akgazete,Sander Lammers,Turkey,http://www.akgazete.com.tr,akgazete.com.tr,
8948266893,Площад Славейков,Wei Chen,Bulgaria,http://www.ploshtadslaveikov.com,ploshtadslaveikov.com,
8881483447,Pervasız,Rory Hunter,Turkey,http://www.pervasiz.com.tr,pervasiz.com.tr,
9016104371,Haber ADS,Wei Chen,Turkey,http://www.haberads.com,haberads.com,
9014966159,Çorum Yayla Haber Gazetesi,Wei Chen,Turkey,http://www.yaylahaber.com.tr,yaylahaber.com.tr,
8882153138,Yeni Haber,Rory Hunter,Turkey,http://www.yenihaberden.com,yenihaberden.com,
8882455436,Yozgat Gazetesi,Wei Chen,Turkey,http://www.yozgatgazetesi.com,yozgatgazetesi.com,
8891912732,New Herald News,Wei Chen,United States,http://www.newherald.news,newherald.news,
9016279434,Karadeniz Gazetesi,Wei Chen,Turkey,http://www.karadenizgazete.com.tr,karadenizgazete.com.tr,https://www.linkedin.com/company/karadeniz-gazetesi
8902248828,Bursasporda Bugün,Wei Chen,Turkey,http://www.bursaspordabugun.com,bursaspordabugun.com,
9015794819,Yeni Marmara Gazetesi,Wei Chen,Turkey,http://www.yenimarmaragazetesi.com,yenimarmaragazetesi.com,
9025403667,Brenham Banner Press,Wei Chen,United States,http://www.kwhi.com,kwhi.com,
9024819471,Marksist,Wei Chen,Turkey,http://www.marksist.org,marksist.org,
9024660480,Alexandroupoli Online,Rory Hunter,Greece,http://www.alexpolisonline.com,alexpolisonline.com,
9014891940,Karaman Haber,Wei Chen,Turkey,http://www.karamanhaber.com,karamanhaber.com,
8964313254,Comillar Kagoj,Sander Lammers,Bangladesh,http://www.comillarkagoj.com,comillarkagoj.com,
8881772188,Maraş Gündem,Wei Chen,Turkey,http://www.marasgundem.com.tr,marasgundem.com.tr,
9015745176,Yenişehir Yörem Gazetesi,Wei Chen,Turkey,http://www.yenisehiryorem.com,yenisehiryorem.com,
8882054295,Meb Personel,Sander Lammers,Turkey,http://www.mebpersonel.com,mebpersonel.com,
9005692216,LarissaPress,Wei Chen,Greece,http://www.larissapress.gr,larissapress.gr,
8891511813,Fiction & Entertainment,Wei Chen,India,http://www.fiction247.com,fiction247.com,
9023874848,En Línea BC,Wei Chen,United States,http://www.enlineabc.com.mx,enlineabc.com.mx,
9651566660,Antyradio,Wei Chen,Poland,http://www.antyradio.pl,antyradio.pl,https://www.linkedin.com/company/antyradio
9445920772,Wect,Damian Domanski,United States,http://www.wect.com,wect.com,https://www.linkedin.com/company/wect-news
9651609153,RESPECT,Wei Chen,United States,http://www.respect-mag.com,respect-mag.com,https://www.linkedin.com/company/respect.-magazine
9825725102,ΦΙΛΟΙ ΕΣΦΙΓΜΕΝΟΥ,Wei Chen,Greece,http://www.filoi-esfigmenou.com,filoi-esfigmenou.com,
9554045565,Wwsb,Damian Domanski,United States,http://www.mysuncoast.com,mysuncoast.com,https://www.linkedin.com/company/abc-channel-7
9451896685,SCVTV Media Center,Wei Chen,United States,http://www.scvtv.com,scvtv.com,https://www.linkedin.com/company/scvtv
9651646277,Farmers Guardian,Damian Domanski,United Kingdom,http://www.fginsight.com,fginsight.com,https://www.linkedin.com/company/farmers-guardian
9554565229,Kjan,Wei Chen,United States,http://www.kjan.com,kjan.com,
9651657051,康健雜誌,Wei Chen,Taiwan,http://www.commonhealth.com.tw,commonhealth.com.tw,
9885813550,İzmir’de Son Dakika,Rory Hunter,Turkey,http://www.izmirdesondakika.com.tr,izmirdesondakika.com.tr,
9651717471,Trusted Reviews,Wei Chen,United Kingdom,http://www.trustedreviews.com,trustedreviews.com,https://www.linkedin.com/company/trusted-reviews
9886418782,Изгодни оферти,Wei Chen,Bulgaria,http://www.izgodni.bg,izgodni.bg,https://www.linkedin.com/company/izgodnibg
9651634774,MaltaWinds,Rory Hunter,Malta,http://www.maltawinds.com,maltawinds.com,https://www.linkedin.com/company/maltawinds
9554045544,Kfyr Tv,Damian Domanski,United States,http://www.kfyrtv.com,kfyrtv.com,https://www.linkedin.com/company/kfyr-tv
9651673943,Gamebrott.com Limited,Wei Chen,Indonesia,http://www.gamebrott.com,gamebrott.com,https://www.linkedin.com/company/gamebrott-media
9885701912,Grand Café Szeged,Wei Chen,Hungary,http://www.szeged.hu,szeged.hu,https://www.linkedin.com/company/szeged.hu
9554482013,Kgns Tv,Damian Domanski,United States,http://www.kgns.tv,kgns.tv,https://www.linkedin.com/company/kgns-tv
9445846319,Tv3 Sport,Damian Domanski,Denmark,http://www.tv3sport.dk,tv3sport.dk,https://www.linkedin.com/company/tv3-sport-a-s
9651603305,El Gerió Digital,Wei Chen,United States,http://www.gerio.cat,gerio.cat,https://www.linkedin.com/company/el-geri%C3%B3-digital
9651682919,Scandinavia Online AS,Wei Chen,Norway,http://www.sol.no,sol.no,https://www.linkedin.com/company/sol-tv
9554663345,Triple M,Wei Chen,Australia,http://www.triplem.com.au,triplem.com.au,https://www.linkedin.com/company/triple-m-mining-hq
9554852021,The 97.3FM,Wei Chen,Australia,http://www.973fm.com.au,973fm.com.au,https://www.linkedin.com/company/973fm
9651625343,JobcenterNigeria,Rory Hunter,Nigeria,http://www.jobcenternigeria.com,jobcenternigeria.com,https://www.linkedin.com/company/jobcentre-nigeria
9651655538,Tele1 TV,Rory Hunter,Turkey,http://www.tele1.com.tr,tele1.com.tr,https://www.linkedin.com/company/tele1
9651387143,Rogers Radio Group,Wei Chen,United States,http://www.citynews.ca,citynews.ca,https://www.linkedin.com/company/citytv-toronto
9885976835,profitipp.hu,Wei Chen,Hungary,http://www.profitipp.hu,profitipp.hu,
9451944230,FOX 8,Damian Domanski,United States,http://www.fox8live.com,fox8live.com,https://www.linkedin.com/in/fox-8-tv-nola-31a167126/
9651382016,Medycyna Praktyczna,Damian Domanski,Poland,http://www.mp.pl,mp.pl,https://www.linkedin.com/company/medycyna-praktyczna
9886289167,"Српско-руско пријатељство """"Братство""""",Wei Chen,Bosnia and Herzegovina,http://www.srpbratstvo.org,srpbratstvo.org,
9886350605,Revista 110,Wei Chen,United States,http://www.revista110.online,revista110.online,
9554445363,Jacaranda FM,Damian Domanski,South Africa,http://www.jacarandafm.com,jacarandafm.com,https://www.linkedin.com/company/jacaranda-94.2
9495896496,The Veterinary News & Views,Rory Hunter,Pakistan,http://www.vetnewsandviews.com,vetnewsandviews.com,
9026051500,Nea Farsala,Wei Chen,Greece,http://www.neafarsala.gr,neafarsala.gr,
9460101775,NewsChannel 10,Damian Domanski,United States,http://www.newschannel10.com,newschannel10.com,https://www.linkedin.com/company/kfda
9886330647,Abba Thammudu,Sander Lammers,India,http://www.oktelugu.com,oktelugu.com,
9651636505,Marica News & Media,Rory Hunter,Bulgaria,http://www.marica.bg,marica.bg,https://www.linkedin.com/company/marica-news-and-media
9833863027,Realitatea.net,Wei Chen,Romania,http://www.realitatea.net,realitatea.net,https://www.linkedin.com/company/realita
9862325122,Op1,Rory Hunter,Netherlands,http://www.op1npo.nl,op1npo.nl,https://www.linkedin.com/company/op-1-npo
9026765395,Polis Magazino,Wei Chen,Greece,http://www.polismagazino.gr,polismagazino.gr,
9885705313,Radio JAT,Sander Lammers,Serbia,http://www.radiojat.rs,radiojat.rs,
9886388766,Serayu news,Wei Chen,Indonesia,http://www.serayunews.com,serayunews.com,
9651641873,Ktvl Television 10,Wei Chen,United States,http://www.ktvl.com,ktvl.com,https://www.linkedin.com/company/ktvl-news-channel-10
9886462494,Ekattor,Rory Hunter,Bangladesh,http://www.ekattor.tv,ekattor.tv,https://www.linkedin.com/company/ekattortv
9026642022,NortheEcambia.com,Sander Lammers,United States,http://www.northescambia.com,northescambia.com,
9027364980,Κατοχικά Νέα,Wei Chen,Greece,http://www.katohika.gr,katohika.gr,
9885631836,Gamedaim,Wei Chen,Indonesia,http://www.gamedaim.com,gamedaim.com,https://www.linkedin.com/company/gamedaim
9025786782,"Evripos 90,0 FM",Wei Chen,Greece,http://www.90fm.gr,90fm.gr,
9445983330,Wnem,Damian Domanski,United States,http://www.wnem.com,wnem.com,https://www.linkedin.com/company/wnem-tv5--my5-meredith-corp
9651597101,News Live,Wei Chen,India,http://www.newslivetv.com,newslivetv.com,
9885757526,Głos Powiatu Średzkiego,Wei Chen,Poland,http://www.glospowiatusredzkiego.pl,glospowiatusredzkiego.pl,
9651634723,Yeniçağ Gazetesi,Rory Hunter,Turkey,http://www.yenicaggazetesi.com.tr,yenicaggazetesi.com.tr,https://www.linkedin.com/company/yenicaggazetesi
9651630629,αθηνόραμα,Wei Chen,Greece,http://www.athinorama.gr,athinorama.gr,https://www.linkedin.com/company/athinorama
9554575885,Radio Timisoara,Wei Chen,Romania,http://www.radiotimisoara.ro,radiotimisoara.ro,https://www.linkedin.com/company/radio-timisoara
9445831280,Suryan FM,Wei Chen,India,http://www.suryanfm.in,suryanfm.in,https://www.linkedin.com/company/suryanfm
9886388789,ТЕМА СПОРТ,Wei Chen,Bulgaria,http://www.temasport.com,temasport.com,
9651667257,Mongabay-Indonesia,Wei Chen,Indonesia,http://www.mongabay.co.id,mongabay.co.id,https://www.linkedin.com/company/mongabay-indonesia
9886388784,Napolovina,Sander Lammers,Bulgaria,http://www.napolovina.com,napolovina.com,
9445867123,Wltx,Damian Domanski,United States,http://www.wltx.com,wltx.com,https://www.linkedin.com/company/wltx-news-19
9651682864,CricketTimes.com,Rory Hunter,India,http://www.crickettimes.com,crickettimes.com,https://www.linkedin.com/company/crickettimeshq
9651598905,INSIDE,Wei Chen,Taiwan,http://www.inside.com.tw,inside.com.tw,https://www.linkedin.com/company/inside.com.tw
9886357307,DOCTORTV.net,Rory Hunter,Bangladesh,http://www.doctortv.net,doctortv.net,
9025587851,e-Asfalistiki,Wei Chen,Greece,http://www.e-asfalistiki.gr,e-asfalistiki.gr,https://www.linkedin.com/company/easfalistiki
9554431489,Wessex FM,Rory Hunter,United Kingdom,http://www.wessexfm.com,wessexfm.com,
9027369361,Πάμε Μπάλα,Wei Chen,Greece,http://www.pamebala.gr,pamebala.gr,
9445920655,WMBF News,Damian Domanski,United States,http://www.wmbfnews.com,wmbfnews.com,https://www.linkedin.com/company/wmbf
9445897878,Wfxl,Damian Domanski,United States,http://www.wfxl.com,wfxl.com,https://www.linkedin.com/company/wfxl-fox-31-tv
9026778520,Straight.gt,Sander Lammers,Greece,http://www.straight.gr,straight.gr,
9460710768,Nandighosha TV,Rory Hunter,India,http://www.nandighoshatv.com,nandighoshatv.com,
9445920658,Wish TV,Damian Domanski,United States,http://www.wishtv.com,wishtv.com,https://www.linkedin.com/company/wish-tv
9211951029,iRadio,Rory Hunter,Ireland,http://www.iradio.ie,iradio.ie,https://www.linkedin.com/company/iradio-ireland
9026879663,Thrive Global Greece,Wei Chen,Greece,http://www.thriveglobal.gr,thriveglobal.gr,https://www.linkedin.com/company/thrive-global
9026661549,ΡΑΔΙΟ ΒΕΡΑ,Wei Chen,Greece,http://www.radiovera.gr,radiovera.gr,
9445948082,Wdtv,Damian Domanski,United States,http://www.wdtv.com,wdtv.com,
9460124266,MTVA,Rory Hunter,Hungary,http://www.mtva.hu,mtva.hu,https://www.linkedin.com/company/mtva
9885776513,Sparkt,Wei Chen,United States,http://www.sparkt.com,sparkt.com,https://www.linkedin.com/company/rabbleholdings
9651448711,Realtimes Network,Rory Hunter,Netherlands,http://www.realtimesnetwork.com,realtimesnetwork.com,
9459914009,News Channel Nebraska,Damian Domanski,United States,http://www.newschannelnebraska.com,newschannelnebraska.com,https://www.linkedin.com/company/news-channel-nebraska
9529090879,Български Новини,Wei Chen,Bulgaria,http://www.newsbg.eu,newsbg.eu,
9651387030,Kocaeli Televizyon ve Radyo A.Ş,Wei Chen,Turkey,http://www.kocaelitv.com.tr,kocaelitv.com.tr,https://www.linkedin.com/company/kocaeli-tv
9451990449,Highland Radio,Rory Hunter,Ireland,http://www.highlandradio.com,highlandradio.com,https://www.linkedin.com/company/donegal-highland-radio-limited
9780636718,London Bangla Ltd,Rory Hunter,United Kingdom,http://www.lb24.tv,lb24.tv,https://www.linkedin.com/company/lb24tv
9501190532,96fm,Wei Chen,Australia,http://www.96fm.com.au,96fm.com.au,https://www.linkedin.com/company/96fm
9651677340,tech360.tv,Rory Hunter,Singapore,http://www.tech360.tv,tech360.tv,https://www.linkedin.com/company/tech360.tv
9651549843,Phoenix 98 FM,Wei Chen,United Kingdom,http://www.phoenixfm.com,phoenixfm.com,https://www.linkedin.com/company/phoenix-98-fm
9554431392,Kunp,Wei Chen,United States,http://www.kunptv.com,kunptv.com,https://www.linkedin.com/company/1674407
9651677866,The Lantern Media Group,Wei Chen,United States,http://www.thelantern.com,thelantern.com,https://www.linkedin.com/company/the-lantern-media-group
9554482076,Times Herald-Record,Wei Chen,United States,http://www.recordonline.com,recordonline.com,
9651608998,Bartlesville Examiner Enterprise,Wei Chen,United States,http://www.examiner-enterprise.com,examiner-enterprise.com,https://www.linkedin.com/company/bartlesville-examiner-enterprise
9651623596,Sonora Jakarta 92.0 FM,Wei Chen,Indonesia,http://www.sonora.co.id,sonora.co.id,https://www.linkedin.com/company/radio-sonora-jakarta-92-0-fm
9651667105,National Daily Newspaper,Rory Hunter,Nigeria,http://www.nationaldailyng.com,nationaldailyng.com,https://www.linkedin.com/company/national-daily-newspaper
9651672225,Desh Rupantor,Wei Chen,Bangladesh,http://www.deshrupantor.com,deshrupantor.com,
9651594154,Ekonomista,Rory Hunter,Poland,http://www.ekonomista.info.pl,ekonomista.info.pl,
9651603124,KEYC News Now,Damian Domanski,United States,http://www.keyc.com,keyc.com,https://www.linkedin.com/company/keyc
9651615668,PT Kilat Republik Indonesia,Rory Hunter,Indonesia,http://www.kilat.com,kilat.com,
9651641784,Aleph News,Rory Hunter,Romania,http://www.alephnews.ro,alephnews.ro,https://www.linkedin.com/company/aleph-news
9451969168,Pirate FM,Wei Chen,United Kingdom,http://www.piratefm.co.uk,piratefm.co.uk,https://www.linkedin.com/company/pirate-fm
9460146472,Nbc 24,Wei Chen,United States,http://www.nbc24.com,nbc24.com,https://www.linkedin.com/company/wnwo
9554565257,702,Wei Chen,South Africa,http://www.702.co.za,702.co.za,https://www.linkedin.com/company/radio-702
9651688115,Newstrack.com,Wei Chen,India,http://www.newstrack.com,newstrack.com,https://www.linkedin.com/company/newstrack
9451896728,East Coast Radio,Damian Domanski,South Africa,http://www.ecr.co.za,ecr.co.za,https://www.linkedin.com/company/east-coast-radio
9886889808,Παρατηρητής,Wei Chen,Greece,http://www.serresparatiritis.gr,serresparatiritis.gr,
9886750058,Divatikon.hu,Wei Chen,Hungary,http://www.divatikon.hu,divatikon.hu,
9886861676,天使志工銀行,Wei Chen,Taiwan,http://www.104.com.tw,104.com.tw,https://www.linkedin.com/company/104china
9931758008,A CineMániás - Az online filmmagazin,Wei Chen,United States,http://www.acinemanias.com,acinemanias.com,
9931779256,Pinoy Desserts by PingDesserts.com,Wei Chen,Philippines,http://www.pingdesserts.com,pingdesserts.com,
9886734862,إعلام العرب,Rory Hunter,United Arab Emirates,http://www.i3lam-al3arab.com,i3lam-al3arab.com,
9931775153,ERTV,Wei Chen,Turkey,http://www.ertv.com.tr,ertv.com.tr,
9931764660,EstereoCatolica.com,Wei Chen,United States,http://www.estereocatolica.com,estereocatolica.com,
9886465546,DOTTO TV,Rory Hunter,Romania,http://www.dottotv.ro,dottotv.ro,https://www.linkedin.com/company/dotto-tv
9931764653,Macedonia News,Wei Chen,United States,http://www.mkdnews.com,mkdnews.com,
9931768751,The Real Chelsea Fans,Rory Hunter,United Kingdom,http://www.therealchelseafans.com,therealchelseafans.com,
9931779232,Рецепты. Типичный Кулинар,Rory Hunter,United States,http://www.tipichnyjkulinar.com,tipichnyjkulinar.com,
9931570601,Go Jackie Go,Wei Chen,United States,http://www.gojackiego.com,gojackiego.com,
9931769252,سكاي برس - Skypress,Wei Chen,United States,http://www.skypressiq.net,skypressiq.net,
9931764646,The Independent Characters,Wei Chen,United States,http://www.theindependentcharacters.com,theindependentcharacters.com,
9886904361,News portal SBplus.hr,Rory Hunter,Croatia,http://www.sbplus.hr,sbplus.hr,
9931776669,Geyve Haber,Wei Chen,United States,http://www.geyvehaber.com,geyvehaber.com,
9931777181,BoalkhaliNews,Rory Hunter,Bangladesh,http://www.boalkhalinews.com,boalkhalinews.com,
9931779229,boishakhinews24.com,Wei Chen,Bangladesh,http://www.boishakhinews24.com,boishakhinews24.com,
9886479138,Delicioase,Sander Lammers,Romania,http://www.gustoase.net,gustoase.net,
9931779217,БАгиня,Rory Hunter,United States,http://www.onpin.xyz,onpin.xyz,
9931570591,健身動起來,Rory Hunter,United States,http://www.jianshenrun.com,jianshenrun.com,
9931779220,Travel With Mapsofworld.com,Wei Chen,United States,http://www.mapsofworld.com,mapsofworld.com,https://www.linkedin.com/company/mapsofworld.com
9931777174,Sapunko,Wei Chen,Bosnia and Herzegovina,http://www.sapunko.com,sapunko.com,
9931602318,Social Samvad,Rory Hunter,India,http://www.socialsamvad.com,socialsamvad.com,
9931766670,Jornal Primeira Hora,Wei Chen,Serbia,http://www.primeirahora.rs,primeirahora.rs,
9931775104,Поезија суштине,Wei Chen,Serbia,http://www.poezijasustine.rs,poezijasustine.rs,
9931779201,Najjeftinija Putovanja,Sander Lammers,Croatia,http://www.putujmojeftino.com,putujmojeftino.com,
9886691891,Időinfó-MetKép,Rory Hunter,Hungary,http://www.metkep.hu,metkep.hu,https://www.linkedin.com/company/metkep
9931779205,Matrixsynth,Wei Chen,United States,http://www.matrixsynth.com,matrixsynth.com,
9931775110,Arkeoloji ve Sanat Yayınları,Wei Chen,Turkey,http://www.arkeolojisanat.com,arkeolojisanat.com,
9931777146,NouveautesTele,Wei Chen,United States,http://www.nouveautes-tele.com,nouveautes-tele.com,
9931781503,Mundoperfecto.net,Wei Chen,United States,http://www.mundoperfecto.net,mundoperfecto.net,
9931773554,Glas Zajeƒçara,Wei Chen,United States,http://www.glas-zajecara.com,glas-zajecara.com,
9931776628,Restaurante de lux,Wei Chen,Romania,http://www.restaurantedelux.ro,restaurantedelux.ro,
9931766645,paokwall.gr,Wei Chen,Greece,http://www.paokwall.gr,paokwall.gr,
9931755638,HYPE Singapore,Wei Chen,United States,http://www.hypesingapore.com,hypesingapore.com,
9931770730,ІнфоПростір,Wei Chen,United States,http://www.agrimpasa.com,agrimpasa.com,
9931771242,La Jugada Financiera,Wei Chen,United States,http://www.lajugadafinanciera.com,lajugadafinanciera.com,
9931770732,CreateDebate,Wei Chen,United States,http://www.createdebate.com,createdebate.com,https://www.linkedin.com/company/createdebate
9931771244,Blog do Paulo Nunes,Wei Chen,United States,http://www.blogdopaulonunes.com,blogdopaulonunes.com,
9931781472,চট্টগ্রাম নিউজ,Rory Hunter,Bangladesh,http://www.chattogramnews.com,chattogramnews.com,
9931776609,ROTKA,Wei Chen,United States,http://www.rotka.org,rotka.org,
9931778658,Gazeta do Norte,Wei Chen,United States,http://www.gazetadonorte.com,gazetadonorte.com,
9931779171,–ì—Ä–æ–¥–Ω–æ 24,Wei Chen,United States,http://www.grodno24.com,grodno24.com,
9931780952,Manithan,Wei Chen,India,http://www.manithan.com,manithan.com,
9931601499,Best Folk Medicine,Rory Hunter,Norway,http://www.bestfolkmedicine.com,bestfolkmedicine.com,
9931770714,Desmoheart - Motorcycles Parts & Accessories Shop,Wei Chen,United States,http://www.desmoheart.com,desmoheart.com,
9931601503,InbiciMagazine,Rory Hunter,United States,http://www.inbici.net,inbici.net,
9931572828,Teach Montessori,Wei Chen,United States,http://www.teach-montessori.org,teach-montessori.org,
9931778643,รวมสูตรขนมต่างๆ,Wei Chen,United States,http://www.romsood.com,romsood.com,
9931572824,ロンドン掲示板,Wei Chen,United States,http://www.kaigai-bbs.com,kaigai-bbs.com,
9931770710,Robin's Marketplace: Early Bird Specials Discounts,Wei Chen,United States,http://www.robinspost.com,robinspost.com,
9931770698,GroupBuya 優惠＋著數,Sander Lammers,Hong Kong,http://www.groupbuya.com,groupbuya.com,
9931572806,Horóscopo Tauro,Wei Chen,United States,http://www.horoscoposdeldia.net,horoscoposdeldia.net,
9931572800,–ë—ä–ª–≥–∞—Ä—Å–∫–∏—Ç–µ –∫–ª—é–∫–∏,Wei Chen,United States,http://www.kliuki.net,kliuki.net,
9931755597,–ü—É—à–∫–∏–Ω—Å–∫–∞—è,Wei Chen,United States,http://www.pushkinska.net,pushkinska.net,
9931779136,Ochelaristi,Wei Chen,Romania,http://www.topzece10.net,topzece10.net,
9931770691,Teleprensa Cádiz,Wei Chen,United States,http://www.teleprensa.com,teleprensa.com,https://www.linkedin.com/company/teleprensa-granada
9931781443,Cocina y Recetas Fáciles,Rory Hunter,United States,http://www.cocinayrecetasfaciles.com,cocinayrecetasfaciles.com,
9931781444,Sz√≠nes Vil√°g,Wei Chen,Hungary,http://www.szinesvilag.com,szinesvilag.com,
9931770693,Maroussi.city,Wei Chen,United States,http://www.maroussi.city,maroussi.city,https://www.linkedin.com/company/maroussi-city
9886554248,Windermere Sun,Wei Chen,United States,http://www.windermeresun.com,windermeresun.com,
9931572791,"Richard's New Zealand - Old, Nostalgic, History, P",Wei Chen,United States,http://www.madonnewzealand.com,madonnewzealand.com,
9931750972,Shiksha News,Rory Hunter,India,http://www.shikshanews.com,shikshanews.com,https://www.linkedin.com/company/shiksha-news
9931602239,Basketplus.gr,Wei Chen,Greece,http://www.basketplus.gr,basketplus.gr,
9886631822,Meet Animals,Rory Hunter,United States,http://www.themindcircle.com,themindcircle.com,
9931770686,وظائف الامارات,Wei Chen,United Arab Emirates,http://www.uouo15.net,uouo15.net,
9931602237,Aimim,Sander Lammers,India,http://www.naiduniya24.com,naiduniya24.com,
9931778623,Oyungg,Wei Chen,United States,http://www.savebutonu.com,savebutonu.com,
9931780927,我不想聽大道理，我只想聽故事,Wei Chen,United States,http://www.touch-story.com,touch-story.com,
9931772976,Cappadonna,Wei Chen,United States,http://www.glfent.com,glfent.com,
9931781425,Ispovesti,Sander Lammers,Serbia,http://www.ispovesti.com,ispovesti.com,
9886732674,Simplistically Living,Sander Lammers,United States,http://www.simplisticallyliving.com,simplisticallyliving.com,
9886663814,SwagGrabber,Wei Chen,United States,http://www.swaggrabber.com,swaggrabber.com,
9886833793,Nosotros los Arquitectos,Rory Hunter,United States,http://www.nosotros-los-arquitectos.com,nosotros-los-arquitectos.com,
9931781430,T√†ng Th∆∞ C√°c,Wei Chen,United States,http://www.tangthucac.com,tangthucac.com,
9931771191,KuakataNews.Com,Sander Lammers,Bangladesh,http://www.kuakatanews.com.bd,kuakatanews.com.bd,
9931780919,Hbnews24,Wei Chen,United States,http://www.hbnews24.com,hbnews24.com,
9931777320,Android Jefe,Wei Chen,United States,http://www.androidjefe.com,androidjefe.com,https://www.linkedin.com/company/android-jefe
9931781416,Les gourmands méditerranéens,Wei Chen,United States,http://www.gourmand-mediterraneens.com,gourmand-mediterraneens.com,
9931758122,Carla Snuggs - Posh Beauty Blog,Wei Chen,United States,http://www.poshbeautyblog.com,poshbeautyblog.com,
9931780907,সকল চাকরির খবর,Wei Chen,United States,http://www.jobsholders.com,jobsholders.com,
9931758125,ExtraescolaresyOcio,Wei Chen,United States,http://www.extraescolaresyocio.com,extraescolaresyocio.com,
9886778521,مجلة ماهيتاب,Rory Hunter,United States,http://www.mahetab.com,mahetab.com,
9931758112,רחובות היום - אתר החדשות של העיר רחובות,Wei Chen,United States,http://www.news08.net,news08.net,
9886819218,ladyfutsal,Wei Chen,United States,http://www.ladyfutsal.com,ladyfutsal.com,
9931602213,NorthEast Now,Sander Lammers,India,http://www.nenow.in,nenow.in,https://www.linkedin.com/company/northeast-now
9931773466,Daily Ajker Barta - দৈনিক আজকের বার্তা,Wei Chen,Bangladesh,http://www.dailyajkerbarta.com,dailyajkerbarta.com,
9931777307,A Gazeta do Acre,Rory Hunter,United States,http://www.agazetadoacre.com,agazetadoacre.com,
9931772956,Radio Vocea Sufletului,Sander Lammers,Romania,http://www.radioulsufletului.ro,radioulsufletului.ro,
9886661805,UAinKrakow.pl,Wei Chen,Poland,http://www.uainkrakow.pl,uainkrakow.pl,
9931758110,Shaharbeen TIMES,Rory Hunter,United States,http://www.shaharbeen.com,shaharbeen.com,
9931612178,Y hoy qué comemos,Rory Hunter,United States,http://www.yhoyquecomemos.com,yhoyquecomemos.com,
9886763961,TAS RADIO - BEOGRAD,Rory Hunter,United States,http://www.pinkradio.com,pinkradio.com,
9931764740,Electrobuzz,Wei Chen,United States,http://www.electrobuzz.net,electrobuzz.net,https://www.linkedin.com/company/electrobuzz
9931773445,AKTUAL,Sander Lammers,Indonesia,http://www.revistaktual.com,revistaktual.com,https://www.linkedin.com/company/revista-aktual
9931777285,Recepti,Rory Hunter,United States,http://www.recepti.com,recepti.com,
9931762438,Motorland,Wei Chen,United States,http://www.motorlands.net,motorlands.net,
9931602181,Αγγελίες εργασίας - Προγράμματα Ασεπ-Οαεδ,Wei Chen,Greece,http://www.ageliesergasias.gr,ageliesergasias.gr,
9931789497,Sylheter Kantho,Rory Hunter,United States,http://www.sylheterkantho.com,sylheterkantho.com,
9931799737,NosoloGamer,Wei Chen,United States,http://www.nosologamer.com,nosologamer.com,
9931793592,Adult Humor,Rory Hunter,United States,http://www.itsadulthumor.com,itsadulthumor.com,
9931785393,Bocchescucite,Wei Chen,United States,http://www.bocchescucite.org,bocchescucite.org,
9931791025,KiloCalorii,Sander Lammers,Romania,http://www.kilocalorii.ro,kilocalorii.ro,
9931800240,Haber Yorum Gazetesi,Wei Chen,United States,http://www.haberyorumgazetesi.com,haberyorumgazetesi.com,
9931804592,Kartal Haber,Wei Chen,Turkey,http://www.kartalhaber.com,kartalhaber.com,
9931786931,Кошерный Днепр,Wei Chen,United States,http://www.politeka.net,politeka.net,https://www.linkedin.com/company/politeka-media
9931793587,976-TUNA.com,Rory Hunter,United States,http://www.976-tuna.com,976-tuna.com,https://www.linkedin.com/company/whopper-stoppers
9931782835,U-12ジュニアサッカーワールドチャレンジ,Wei Chen,United States,http://www.u12-juniorsoccer-wc.com,u12-juniorsoccer-wc.com,
9931791538,hotnews24bd.com,Wei Chen,Bangladesh,http://www.hotnews24bd.com,hotnews24bd.com,
9931797426,Oglasi Balkan,Wei Chen,United States,http://www.oglasibalkan.com,oglasibalkan.com,
9931795124,ИНФОМРЕЖА,Wei Chen,Bulgaria,http://www.infomreja.bg,infomreja.bg,
9931789495,Food Evolution,Sander Lammers,Philippines,http://www.foodevolution.com.ph,foodevolution.com.ph,
9931793591,Tempos Galegos,Wei Chen,United States,http://www.temposgalegos.com,temposgalegos.com,
9931798711,Timlo Net,Rory Hunter,Indonesia,http://www.timlo.net,timlo.net,
9931782825,Actualidad saharaui,Wei Chen,United States,http://www.noteolvidesdelsaharaoccidental.org,noteolvidesdelsaharaoccidental.org,
9931785389,Mobilita Palermo,Wei Chen,United States,http://www.mobilita.org,mobilita.org,
9931792303,Vozim.HR,Rory Hunter,Croatia,http://www.vozim.hr,vozim.hr,
9931794095,Sudigali,Wei Chen,United States,http://www.sudigali.com,sudigali.com,
9931795119,AEK Fans Blog,Sander Lammers,Greece,http://www.aek21fans.gr,aek21fans.gr,
9931797423,Eveniment Valcean,Wei Chen,Romania,http://www.evenimentvalcean.ro,evenimentvalcean.ro,
9931790245,Natun Gati - নতুন গতি,Sander Lammers,India,http://www.natungati.in,natungati.in,
9931793573,Brock Mathews,Wei Chen,United States,http://www.j104radio.com,j104radio.com,
9931797412,Hollywood News Daily,Rory Hunter,United States,http://www.hollywoodnewsdaily.com,hollywoodnewsdaily.com,
9931790232,Ελεύθερη Ενημέρωση - Ελλάδα,Rory Hunter,Greece,http://www.elenews.gr,elenews.gr,
9931791003,infoiberico.com,Wei Chen,United States,http://www.infoiberico.com,infoiberico.com,https://www.linkedin.com/company/infoiberico.com
9931796636,Priyo Bandhu Bengali,Sander Lammers,India,http://www.priyobandhu.com,priyobandhu.com,https://www.linkedin.com/company/priyo-bandhu-media
9931782815,–ï—Ä–∫—Ä–∞–º–∞—Å- –ò–Ω—Ñ–æ—Ä–º–∞—Ü–∏–æ–Ω–Ω—ã–π –¶–µ–Ω—Ç—Ä,Wei Chen,United States,http://www.yerkramas.org,yerkramas.org,
9931798674,Muda News,Rory Hunter,Indonesia,http://www.mudanews.com,mudanews.com,
9931793544,Boxeo De Colombia,Wei Chen,United States,http://www.boxeodecolombia.com,boxeodecolombia.com,
9931795080,Metal Building Homes,Rory Hunter,United States,http://www.metal-building-homes.com,metal-building-homes.com,
9931790218,Moje-Gniezno.pl,Wei Chen,Poland,http://www.moje-gniezno.pl,moje-gniezno.pl,
9931796621,Sportski Portal,Wei Chen,Serbia,http://www.sportskiportal.rs,sportskiportal.rs,
9931781517,Reporteros de Banqueta,Wei Chen,United States,http://www.reporterosdebanqueta.com,reporterosdebanqueta.com,
9931785345,Combinacionganadora,Wei Chen,United States,http://www.combinacionganadora.com,combinacionganadora.com,
9931789442,Addicted To Quack,Wei Chen,United States,http://www.addictedtoquack.com,addictedtoquack.com,
9931787653,The Bible and Prophecy,Wei Chen,United States,http://www.raptureready.com,raptureready.com,https://www.linkedin.com/company/rapture-ready-inc
9931791481,MTB-VCO.com,Rory Hunter,United States,http://www.mtb-vco.com,mtb-vco.com,
9931792505,GazeteÇORLU,Wei Chen,Turkey,http://www.gazetecorlu.com,gazetecorlu.com,
9931795067,Radio Onda Tica,Wei Chen,United States,http://www.ondaticaonline.com,ondaticaonline.com,https://www.linkedin.com/company/radio-onda-tica
9931797883,Egyszerű Gyors Receptek,Rory Hunter,United States,http://www.egyszerugyorsreceptek.com,egyszerugyorsreceptek.com,
9931792509,Megatrend univerzitet,Wei Chen,Serbia,http://www.megatrend.edu.rs,megatrend.edu.rs,https://www.linkedin.com/school/megatrenduni
9931795070,Carta de México,Wei Chen,United States,http://www.cartademexico.com,cartademexico.com,https://www.linkedin.com/company/revista-carta-de-mexico
9931792497,Kovács Zoltán,Wei Chen,Hungary,http://www.abouthungary.hu,abouthungary.hu,
9931788912,vocentar.com,Wei Chen,United States,http://www.vocentar.com,vocentar.com,
9931804787,"Love Radio 97,5 Athens",Sander Lammers,Greece,http://www.loveradio.gr,loveradio.gr,https://www.linkedin.com/company/love-radio-s.a.
9931784823,Aula Mexiquense,Wei Chen,United States,http://www.aulamexiquense.com,aulamexiquense.com,
9931796584,Bóg Honor Ojczyzna,Sander Lammers,Poland,http://www.prostozmostu.pl,prostozmostu.pl,
9931804011,Eight Forums,Wei Chen,United States,http://www.eightforums.com,eightforums.com,
9931800426,Sports Pundit,Wei Chen,United States,http://www.sportspundit.com,sportspundit.com,
9931789422,Meherpur News,Rory Hunter,Bangladesh,http://www.meherpurnews.com,meherpurnews.com,
9931785319,Aplicatia Biziday,Rory Hunter,Romania,http://www.biziday.ro,biziday.ro,https://www.linkedin.com/company/biziday
9931788902,Argolida Planet.,Wei Chen,United States,http://www.argolidaplanet.com,argolidaplanet.com,
9931792486,Porozmawiajmy o Pieniądzach,Wei Chen,Poland,http://www.aplikuj.pl,aplikuj.pl,https://www.linkedin.com/company/aplikuj-pl
9931798619,Nie lubię tego,Wei Chen,Poland,http://www.memownia.pl,memownia.pl,
9931784797,Law Of Attraction With Meditation,Wei Chen,United States,http://www.lawofattractionwithmeditation.com,lawofattractionwithmeditation.com,
9931788880,nnbd24.net এনএনবিডি২৪.নেট,Wei Chen,Bangladesh,http://www.nnbd24.net,nnbd24.net,
9931796560,Ziarul Lupa,Wei Chen,Romania,http://www.lupamea.ro,lupamea.ro,
9931801168,Leo Burtisan,Wei Chen,United Kingdom,http://www.leoburtisan.com,leoburtisan.com,
9931783507,Recipe Roost,Rory Hunter,United States,http://www.reciperoost.com,reciperoost.com,
9931783509,文 Gιяls Zone,Wei Chen,Bangladesh,http://www.inkbd.com,inkbd.com,
9931801175,daily-news.gr,Wei Chen,Greece,http://www.daily-news.gr,daily-news.gr,
9931792456,KynoClub,Wei Chen,Greece,http://www.kynoclub.gr,kynoclub.gr,
9931786063,Tapeciarnia.pl - tapety na pulpit,Wei Chen,Poland,http://www.tapeciarnia.pl,tapeciarnia.pl,
9931796545,Cinema Suceava,Wei Chen,Romania,http://www.cinemasuceava.ro,cinemasuceava.ro,
9931794243,The Pinnacle List,Wei Chen,United States,http://www.thepinnaclelist.com,thepinnaclelist.com,https://www.linkedin.com/company/thepinnaclelist
9931788868,Optimus Haber,Rory Hunter,United States,http://www.optimushaber.com,optimushaber.com,
9931804743,CiutƒÉ Daniela,Wei Chen,Romania,http://www.buletindecarei.ro,buletindecarei.ro,
9931787078,ThailandTIP,Wei Chen,United States,http://www.thailandtip.info,thailandtip.info,
9931792441,"Psihologija, ljubav, zdravlje, lifestyle",Wei Chen,Serbia,http://www.bgonline.rs,bgonline.rs,
9931799865,"Astuces, Bricolage et Décor",Wei Chen,United States,http://www.ideescreatives.net,ideescreatives.net,
9931801144,Tech N Techie,Wei Chen,New Zealand,http://www.techntechie.com,techntechie.com,
9931787067,EventHubs,Wei Chen,United States,http://www.eventhubs.com,eventhubs.com,
9931794229,Аз подкрепям българския спорт,Wei Chen,Bulgaria,http://www.7sport.net,7sport.net,
9931804727,Info Sud-Est,Wei Chen,Romania,http://www.info-sud-est.ro,info-sud-est.ro,
9931789609,Harris Teeter Deals,Wei Chen,United States,http://www.theharristeeterdeals.com,theharristeeterdeals.com,https://www.linkedin.com/company/harris-teeter
9931804715,WEIS Radio,Wei Chen,United States,http://www.weisradio.com,weisradio.com,https://www.linkedin.com/company/weis-radio
9931790378,SuaraNasional,Wei Chen,Indonesia,http://www.suaranasional.com,suaranasional.com,
9931804705,Három Határ Hírei,Sander Lammers,Hungary,http://www.haromhatar.hu,haromhatar.hu,
9931799843,Hojas al Viento,Wei Chen,United States,http://www.liberaciondelamadretierra.org,liberaciondelamadretierra.org,
9931789602,জাতীয় বিশ্ববিদ্যালয় National University,Wei Chen,Bangladesh,http://www.educationsinbd.com,educationsinbd.com,
9931787033,সিলেটের সকাল,Wei Chen,United States,http://www.sylhetersokal.com,sylhetersokal.com,
9931796509,Cadbull,Sander Lammers,India,http://www.cadbull.com,cadbull.com,https://www.linkedin.com/company/cadbull
9931796511,Студент,Wei Chen,Serbia,http://www.magazinstudent.rs,magazinstudent.rs,https://www.linkedin.com/company/magazin-student
9931783441,Deƒüisim Medya,Wei Chen,United States,http://www.degisimmedya.com,degisimmedya.com,
9931799827,YellowRadio.gr,Wei Chen,Greece,http://www.yellowradio.gr,yellowradio.gr,
9931783444,Hindu,Wei Chen,United States,http://www.hindujagruti.org,hindujagruti.org,
9931785493,Flavorite,Wei Chen,United States,http://www.flavorite.net,flavorite.net,
9931783447,Voice of Sylhet - ভয়েস অব সিলেট,Wei Chen,Bangladesh,http://www.voiceofsylhet.com,voiceofsylhet.com,
9931788303,Max Maharashtra,Rory Hunter,India,http://www.maxmaharashtra.com,maxmaharashtra.com,
9931788302,Православна Србија,Rory Hunter,Serbia,http://www.espreso.co.rs,espreso.co.rs,
9931795201,Âú∞ÈúáNews,Wei Chen,United States,http://www.jishin-news.com,jishin-news.com,
9931783426,David Berger,Wei Chen,United States,http://www.philosophia-perennis.com,philosophia-perennis.com,
9931797506,ESISC - European Strategic Intelligence & Security,Wei Chen,United States,http://www.esisc.org,esisc.org,https://www.linkedin.com/company/esisc---european-strategic-intelligence-&-security-center
9931799812,Menterwolde.info,Wei Chen,United States,http://www.menterwolde.info,menterwolde.info,
9931804676,DlaPolski.pl,Rory Hunter,Poland,http://www.dlapolski.pl,dlapolski.pl,
9931782918,вестник Сега,Rory Hunter,Bulgaria,http://www.segabg.com,segabg.com,
9931787014,気になる、記になる,Wei Chen,United States,http://www.taisy0.com,taisy0.com,
9931797510,Empleo Lérida,Wei Chen,United States,http://www.rdn24.com,rdn24.com,
9931815345,FaktyKielce24.pl,Wei Chen,Poland,http://www.faktykielce24.pl,faktykielce24.pl,
9931821491,Tygodnik Sieci,Sander Lammers,Poland,http://www.wsieciprawdy.pl,wsieciprawdy.pl,https://www.linkedin.com/company/w-sieciach
9931817394,Face Of Nation,Wei Chen,India,http://www.faceofnation.news,faceofnation.news,
9931813044,News Beritabersatu.com,Wei Chen,Indonesia,http://www.beritabersatu.com,beritabersatu.com,
9931823540,Rzecz Krotoszy≈Ñska,Wei Chen,Poland,http://www.rzeczkrotoszynska.pl,rzeczkrotoszynska.pl,
9931827638,Orasul Timisoara,Sander Lammers,Romania,http://www.orasul-timisoara.ro,orasul-timisoara.ro,
9931813033,Deszkavízió,Wei Chen,Hungary,http://www.deszkavizio.hu,deszkavizio.hu,
9931808170,OraNews.net,Wei Chen,United States,http://www.oranews.net,oranews.net,
9931808173,Recipecs,Rory Hunter,United States,http://www.recipecs.com,recipecs.com,
9931815331,YeniG√∂lc√ºk,Wei Chen,Turkey,http://www.yenigolcuk.com,yenigolcuk.com,https://www.linkedin.com/company/yeni-g%c3%b6lc%c3%bck-gazetesi
9931805862,Eikones.top,Wei Chen,United States,http://www.eikones.top,eikones.top,
9931814552,shomoysangbad.com,Sander Lammers,Bangladesh,http://www.shomoysangbad.com,shomoysangbad.com,
9931827611,ziarulargesul.ro,Wei Chen,Romania,http://www.ziarulargesul.ro,ziarulargesul.ro,
9931813018,Studycafe,Rory Hunter,India,http://www.studycafe.in,studycafe.in,https://www.linkedin.com/company/studycafe
9931811221,Royal Vision Education Counselling - Private Limit,Wei Chen,Pakistan,http://www.royalvision.com.pk,royalvision.com.pk,
9931805844,Dakarprivee People,Wei Chen,United States,http://www.dakarprivee.com,dakarprivee.com,
9931815318,KiloRețete,Wei Chen,Romania,http://www.kiloretete.ro,kiloretete.ro,
9931810443,PBN24,Wei Chen,Bangladesh,http://www.pbn24.com,pbn24.com,
9931805839,ScienceIndex,Wei Chen,United States,http://www.eurekamag.com,eurekamag.com,https://www.linkedin.com/company/eurekamag-com
9931825550,Posmetro Padang,Wei Chen,Indonesia,http://www.posmetropadang.co.id,posmetropadang.co.id,
9931814528,Jabberjays,Wei Chen,United States,http://www.jabberjays.net,jabberjays.net,
9931810435,Ultramagazin.ba,Rory Hunter,Bosnia and Herzegovina,http://www.ultra.ba,ultra.ba,https://www.linkedin.com/company/ultra-magazin
9931812995,Kayseri Gündem Gazetesi ( kayseri haberleri ),Wei Chen,Turkey,http://www.kayserigundem.com.tr,kayserigundem.com.tr,
9931818371,Зодиите БГ,Wei Chen,Bulgaria,http://www.novinibg.eu,novinibg.eu,
9931815301,Trikalazoom.gr,Wei Chen,Greece,http://www.trikalazoom.gr,trikalazoom.gr,
9931819397,Ubaw.pl,Wei Chen,Poland,http://www.twojenowinki.pl,twojenowinki.pl,
9931827577,The DragFlick,Wei Chen,United Kingdom,http://www.thedragflick.com,thedragflick.com,https://www.linkedin.com/company/thedragflick
9931821427,The Complete Malayali,Wei Chen,India,http://www.onlinemalayali.in,onlinemalayali.in,
9931824756,Oceana County Press,Rory Hunter,United States,http://www.oceanacountypress.com,oceanacountypress.com,
9931811191,Vismaya News,Rory Hunter,India,http://www.vismayanews.in,vismayanews.in,
9931815542,Fatih G√ºrb√ºz,Wei Chen,Turkey,http://www.antalyaguncel.com,antalyaguncel.com,
9931825512,e-HandBall.gr,Wei Chen,Greece,http://www.e-handball.gr,e-handball.gr,
9931827563,Νέα Τηλεόραση Κρήτης Neatv Gr,Rory Hunter,Greece,http://www.neatv.gr,neatv.gr,
9931819375,ВАРНА новини,Wei Chen,Bulgaria,http://www.varnanovini.bg,varnanovini.bg,
9931823470,花蓮買屋-廖泉盛,Wei Chen,Taiwan,http://www.myhomes.com.tw,myhomes.com.tw,
9931806817,ziemiadebicka.pl,Wei Chen,Poland,http://www.ziemiadebicka.pl,ziemiadebicka.pl,
9931825505,Jakab P√©ter,Wei Chen,Hungary,http://www.jobbik.hu,jobbik.hu,https://www.linkedin.com/company/jobbik
9931811171,stoplekto.gr,Wei Chen,Greece,http://www.stoplekto.gr,stoplekto.gr,
9931812194,Cantinho do Video,Rory Hunter,United States,http://www.cantinhodovideo.com,cantinhodovideo.com,
9931810404,–ë—ä–ª–≥–∞—Ä—Å–∫–∏ –ù–∞—Ü–∏–æ–Ω–∞–ª–∏—Å—Ç–∏—á–µ—Å–∫–∏ –§–æ—Ä—É–º,Wei Chen,Bulgaria,http://www.bg-nacionalisti.org,bg-nacionalisti.org,
9931825496,Pelita Sumsel,Wei Chen,Indonesia,http://www.pelitasumsel.com,pelitasumsel.com,
9931809114,Daily Taskeen,Rory Hunter,India,http://www.dailytaskeen.com,dailytaskeen.com,https://www.linkedin.com/company/daily-taskeen
9931810394,Proste przepisy na smaczne potrawy,Sander Lammers,Poland,http://www.flyb.pl,flyb.pl,
9931815517,Media Aceh,Wei Chen,Indonesia,http://www.mediaaceh.co,mediaaceh.co,
9931819356,casapost.ro,Wei Chen,Romania,http://www.casapost.ro,casapost.ro,
9931826780,Polskie Radio WRKL 910 AM,Rory Hunter,United States,http://www.polskieradio.com,polskieradio.com,https://www.linkedin.com/company/polnet-communications-ltd-
9931815518,BoomPhilly,Wei Chen,United States,http://www.1039hiphop.com,1039hiphop.com,
9931806800,Riauin.com,Wei Chen,Indonesia,http://www.riauin.com,riauin.com,
9931810384,مفكر حر دوت اورج,Wei Chen,United States,http://www.mufakerhur.org,mufakerhur.org,
9931808339,Συλλογιέμαι Ελεύθερα,Wei Chen,United States,http://www.gegonotstomikroskpio.com,gegonotstomikroskpio.com,
9931816530,সরকারি চাকরির খবর,Wei Chen,Bangladesh,http://www.alljobscircularbd.com,alljobscircularbd.com,
9931808328,Opinyon Bicol,Wei Chen,Philippines,http://www.opinyon.net,opinyon.net,
9931814731,SistersM,Wei Chen,Poland,http://www.sistersm.net,sistersm.net,
9931823435,Mercinews.com,Wei Chen,Indonesia,http://www.mercinews.com,mercinews.com,
9931827535,Mahipal Singh Rathore,Wei Chen,India,http://www.studyiq.com,studyiq.com,https://www.linkedin.com/company/studyiq
9931823426,otorider.com,Wei Chen,Indonesia,http://www.otorider.com,otorider.com,
9931811141,imankatolik.or.id,Wei Chen,Indonesia,http://www.imankatolik.or.id,imankatolik.or.id,
9931812165,আবেগি হৃদয়,Wei Chen,Bangladesh,http://www.thenation24.com,thenation24.com,
9931813189,Sektör Gazetesi,Rory Hunter,Turkey,http://www.salihlisektorgazetesi.com,salihlisektorgazetesi.com,
9931809081,BistritaBusiness.ro,Wei Chen,Romania,http://www.bistritabusiness.ro,bistritabusiness.ro,
9931819322,Ziar de Bistrita,Wei Chen,Romania,http://www.ziardebistrita.ro,ziardebistrita.ro,
9931821626,Ktv Televizija,Wei Chen,Serbia,http://www.ktv.rs,ktv.rs,
9931816508,–°–ø–∏—Å–∞–Ω–∏–µ –ò–∫–æ–Ω–æ–º–∏—Å—Ç,Wei Chen,Bulgaria,http://www.iconomist.bg,iconomist.bg,https://www.linkedin.com/company/life-media
9931806014,مدرس اون لاين,Rory Hunter,United States,http://www.modars1.com,modars1.com,
9931813182,Lotnictwo Aviation International,Rory Hunter,Poland,http://www.zbiam.pl,zbiam.pl,
9931810353,প্রবাসী বাংলা নিউজ,Wei Chen,Bangladesh,http://www.truebanglanews.com,truebanglanews.com,
9931814705,De Grote Improvisatieshow,Sander Lammers,Netherlands,http://www.degroteimprovisatieshow.nl,degroteimprovisatieshow.nl,
9931827505,Odia Mo Bhasa,Sander Lammers,India,http://www.online16media.com,online16media.com,
9931819315,Koubanezos,Wei Chen,Greece,http://www.koubanezos.gr,koubanezos.gr,
9931810357,Cocinarte recetas,Sander Lammers,United States,http://www.cocinarterecetas.com,cocinarterecetas.com,
9931809076,Kamion EB és Fesztivál,Wei Chen,Hungary,http://www.kamionfesztival.hu,kamionfesztival.hu,
9931816502,Go Fetch,Wei Chen,United States,http://www.itsgoneviral.com,itsgoneviral.com,https://www.linkedin.com/company/it%27s-gone-viral
9931821622,SukabumiUpdate.com,Rory Hunter,Indonesia,http://www.sukabumiupdate.com,sukabumiupdate.com,
9931817513,VolgendeVideo.nl - Trending,Wei Chen,Netherlands,http://www.volgendevideo.nl,volgendevideo.nl,
9931808301,รอบรั้วทั่วไทย LIVE,Wei Chen,United States,http://www.esanunity.com,esanunity.com,
9931806767,Всеки следобед с Криси,Rory Hunter,Bulgaria,http://www.kanal3.bg,kanal3.bg,https://www.linkedin.com/company/kanal-3-tv
9931808302,Beatport,Wei Chen,United States,http://www.beatport.com,beatport.com,https://www.linkedin.com/company/beatport
9931812133,Country Music Nation,Rory Hunter,United States,http://www.countrymusicnation.com,countrymusicnation.com,
9931823387,mysmartprice,Wei Chen,India,http://www.mysmartprice.com,mysmartprice.com,https://www.linkedin.com/company/mysmartprice-com
9931815450,ROSUPERTOP.ro,Rory Hunter,Romania,http://www.rosupertop.ro,rosupertop.ro,https://www.linkedin.com/company/rosupertop-ro
9931813151,KilkennyNow.ie,Wei Chen,Ireland,http://www.kilkennynow.ie,kilkennynow.ie,
9931819281,Svenska PC Gamer,Wei Chen,Sweden,http://www.pcgamer.se,pcgamer.se,https://www.linkedin.com/company/pc-gamer
9931815440,網路居家王,Wei Chen,Taiwan,http://www.vrhouse.com.tw,vrhouse.com.tw,
9931819280,Poscigi Gorzow,Rory Hunter,Poland,http://www.poscigi.pl,poscigi.pl,
9931811347,好想去喔,Wei Chen,Taiwan,http://www.lookit.tw,lookit.tw,
9931820821,Jurnalul,Rory Hunter,Romania,http://www.jurnalul.ro,jurnalul.ro,
9931825685,SON TV,Rory Hunter,Turkey,http://www.son.tv,son.tv,https://www.linkedin.com/company/edison-tv-editions-developpement-illustrations-son-tv
9931815447,Наша газета Объявления,Wei Chen,Ireland,http://www.russianireland.com,russianireland.com,https://www.linkedin.com/company/nasha-gazeta-russianireland
9931823382,Gazeta Prishtina,Sander Lammers,Serbia,http://www.gazetaprishtina.info,gazetaprishtina.info,
9931814664,Serendib news,Rory Hunter,Australia,http://www.serendibnews.com.au,serendibnews.com.au,
9931825674,Trabzon'dur Yolumuz,Wei Chen,Turkey,http://www.gazeteistanbul.com,gazeteistanbul.com,
9931814669,The Daily Amader Kantha,Wei Chen,Bangladesh,http://www.amaderkantha.com,amaderkantha.com,
9931817486,Posmetro Online,Wei Chen,Indonesia,http://www.posmetro.co,posmetro.co,
9931823361,Cotidianul Agricol,Wei Chen,Romania,http://www.cotidianulagricol.ro,cotidianulagricol.ro,
9931813120,Eflatun Haber,Wei Chen,Turkey,http://www.eflatunhaber.com.tr,eflatunhaber.com.tr,
9931815424,Polityczek.pl,Wei Chen,Poland,http://www.polityczek.pl,polityczek.pl,
9931817475,Z NET,Wei Chen,Croatia,http://www.znet.hr,znet.hr,
9931813125,UP Tak,Wei Chen,India,http://www.uptak.in,uptak.in,
9931825668,Once Upon a Time Biblioteka,Wei Chen,Bulgaria,http://www.disco.bg,disco.bg,
9931823623,Dubsmash  Tamil,Sander Lammers,India,http://www.newstamila.com,newstamila.com,
11453380524,BetMarket.gr,Wei Chen,Greece,http://www.betmarket.gr,betmarket.gr,https://www.linkedin.com/company/betmarket-gr
11453380523,SijoriKepri.Com,Wei Chen,Indonesia,http://www.sijorikepri.com,sijorikepri.com,
10122121283,KPEL News,Wei Chen,United States,http://www.kpel965.com,kpel965.com,https://www.linkedin.com/company/kpel-96.5-fm
10121783376,Alex News,Wei Chen,South Africa,http://www.alexnews.co.za,alexnews.co.za,https://www.linkedin.com/company/alex-news
10121861202,NDC mediagroep,Wei Chen,Netherlands,http://www.ndcmediagroep.nl,ndcmediagroep.nl,https://www.linkedin.com/company/mediahuis-noord
11453175434,Κωνσταντίνα Παπαδοπούλου,Wei Chen,Greece,http://www.1069.gr,1069.gr,
10121760105,Demokraatti.fi,Wei Chen,Finland,http://www.demokraatti.fi,demokraatti.fi,
10121938548,The TOC,Wei Chen,Greece,http://www.thetoc.gr,thetoc.gr,https://www.linkedin.com/company/thetoc-digital-media-sa
10123923019,Jepi zë,Sander Lammers,Serbia,http://www.jepize.com,jepize.com,
11451361958,SkyGOAL.gr,Wei Chen,Greece,http://www.skygoal.gr,skygoal.gr,https://www.linkedin.com/company/www-skygoal-gr
11453175430,Kerala Times,Wei Chen,India,http://www.keralatimes.com,keralatimes.com,
10122121316,Nepalese Voice,Rory Hunter,Australia,http://www.nepalesevoice.com,nepalesevoice.com,https://www.linkedin.com/company/the-nepalese-voice
10122138983,Newcastle Connected News,Wei Chen,United Kingdom,http://www.neconnected.co.uk,neconnected.co.uk,https://www.linkedin.com/company/north-east-connected
10121866508,Chillizet,Wei Chen,Poland,http://www.chillizet.pl,chillizet.pl,https://www.linkedin.com/company/chillizet
10122090771,Phandroid,Wei Chen,United States,http://www.phandroid.com,phandroid.com,https://www.linkedin.com/company/phandroid
9931829680,Lokshahi News,Sander Lammers,India,http://www.lokshahi.com,lokshahi.com,https://www.linkedin.com/company/lokshahimarathi
9931839157,Dinamika Jambi,Wei Chen,Indonesia,http://www.dinamikajambi.com,dinamikajambi.com,
10121887744,Wat Schagen denkt,Wei Chen,Netherlands,http://www.noordkopcentraal.nl,noordkopcentraal.nl,https://www.linkedin.com/company/noordkopcentraal
10433299597,Sterea Economy,Wei Chen,Greece,http://www.stereaeconomy.gr,stereaeconomy.gr,
9931831727,Lako do posla - Državne institucije,Wei Chen,Serbia,http://www.lakodoposla.com,lakodoposla.com,https://www.linkedin.com/company/lako-do-posla
10121955332,ONE NEWS BD,Rory Hunter,Bangladesh,http://www.onenewsbd.com,onenewsbd.com,
10121824788,EURACTIV.pl,Wei Chen,Poland,http://www.euractiv.pl,euractiv.pl,https://www.linkedin.com/company/euractiv-poland
9931842211,Gregory D. Evans,Wei Chen,United States,http://www.gregorydevans.com,gregorydevans.com,
10102900086,Kendte.dk,Wei Chen,Denmark,http://www.kendte.dk,kendte.dk,
9931839138,Permissos Νέα,Wei Chen,Greece,http://www.permissos.gr,permissos.gr,
10121945905,MediaNarodowe.com,Wei Chen,Poland,http://www.medianarodowe.com,medianarodowe.com,
10123133701,elperiodic.com,Rory Hunter,United States,http://www.elperiodic.com,elperiodic.com,https://www.linkedin.com/company/elperiodic.com
9931837077,97.5 Y-Country,Wei Chen,United States,http://www.975ycountry.com,975ycountry.com,
10121834016,BENGÜTÜRK TV,Rory Hunter,Turkey,http://www.benguturk.com,benguturk.com,
9931829655,Patiala Politics,Rory Hunter,India,http://www.patialapolitics.com,patialapolitics.com,
10122090815,97.3 The Dawg,Wei Chen,United States,http://www.973thedawg.com,973thedawg.com,https://www.linkedin.com/company/97.3-the-dawg
9931830920,ins.ba,Wei Chen,Bosnia and Herzegovina,http://www.ins.ba,ins.ba,
9931830923,Sokolac sport - МОСИ Соколац,Wei Chen,Bosnia and Herzegovina,http://www.opstinasokolac.net,opstinasokolac.net,
9931852941,Vlaardings Nieuws,Wei Chen,Netherlands,http://www.vlaardingsnieuws.nl,vlaardingsnieuws.nl,
9931837068,Radio-televizija Visoko,Wei Chen,Bosnia and Herzegovina,http://www.visoko-rtv.ba,visoko-rtv.ba,
9931837070,Prospective Pixie Dust,Wei Chen,United States,http://www.prospectivepixiedust.com,prospectivepixiedust.com,
9931850633,Варна е по-хубава,Wei Chen,Bulgaria,http://www.novinite.eu,novinite.eu,
9931850629,The Highland County Press,Wei Chen,United States,http://www.highlandcountypress.com,highlandcountypress.com,
9931839111,Hindusthan Samachar,Rory Hunter,India,http://www.hs.news,hs.news,https://www.linkedin.com/company/hs-news
9931839110,TerazRaciborz.pl,Rory Hunter,Poland,http://www.terazraciborz.pl,terazraciborz.pl,https://www.linkedin.com/company/terazraciborz
11450934285,promoklocki.pl,Wei Chen,Poland,http://www.promoklocki.pl,promoklocki.pl,
9931839091,Porten.no,Wei Chen,Norway,http://www.porten.no,porten.no,https://www.linkedin.com/company/mediehuset-porten
9931839090,Rika．栗卡食光,Wei Chen,Taiwan,http://www.rika.tw,rika.tw,
9931844468,Fresh News Greece,Wei Chen,Greece,http://www.fresh-news.eu,fresh-news.eu,
11453209126,Espejo del Poder,Wei Chen,United States,http://www.espejodelpoder.com,espejodelpoder.com,
9931836009,MaxBet sport,Wei Chen,Serbia,http://www.maxbetsport.rs,maxbetsport.rs,
9931831912,H Δύναμη της Προσφοράς,Wei Chen,Greece,http://www.dinamiprosforas.gr,dinamiprosforas.gr,
9931833711,Maxabout.com,Rory Hunter,India,http://www.maxabout.com,maxabout.com,https://www.linkedin.com/company/max-autos
11453242930,South First,Wei Chen,India,http://www.thesouthfirst.com,thesouthfirst.com,
9931829585,Gurugram News Network,Sander Lammers,India,http://www.gurugramnewsnetwork.com,gurugramnewsnetwork.com,
9931835984,"Star fm 93,3 Grevena TV",Wei Chen,Greece,http://www.star-fm.gr,star-fm.gr,
11453138950,Presente Morelos,Wei Chen,United States,http://www.presentemorelos.com,presentemorelos.com,
11453209112,Newstv24.com,Sander Lammers,Bangladesh,http://www.newstv24.com,newstv24.com,https://www.linkedin.com/company/newstv24-com
9931829579,kriti360.gr,Wei Chen,Greece,http://www.eparxies.gr,eparxies.gr,
9931829580,"Ruber.id. apa adanya, enak dibaca, mencerahkan",Wei Chen,Indonesia,http://www.ruber.id,ruber.id,https://www.linkedin.com/company/ruber-id
9931831874,National Pleasure 2011,Wei Chen,Norway,http://www.depression.org.nz,depression.org.nz,
11451396919,Αλέξης Φωτόπουλος,Wei Chen,Greece,http://www.afotopoulos.gr,afotopoulos.gr,
10121833869,unmute,Rory Hunter,India,http://www.theunmute.com,theunmute.com,
10121912208,Weekly Blitz,Rory Hunter,Bangladesh,http://www.weeklyblitz.net,weeklyblitz.net,
10121767308,India CSR Network,Wei Chen,India,http://www.indiacsr.in,indiacsr.in,https://www.linkedin.com/company/indiacsrnetwork
9931839039,Good News Today,Rory Hunter,India,http://www.gnttv.com,gnttv.com,
10121904532,krsumsel.com,Rory Hunter,Indonesia,http://www.krsumsel.com,krsumsel.com,
11453035618,SSiTVSA,Wei Chen,South Africa,http://www.ssitv.africa,ssitv.africa,
9931839024,Eidiseis247greece,Wei Chen,Greece,http://www.eidiseis247.gr,eidiseis247.gr,
10121794693,Corporate Sangbad,Rory Hunter,Bangladesh,http://www.corporatesangbad.com,corporatesangbad.com,https://www.linkedin.com/company/corporate-shonbad
10121847172,Literature,Rory Hunter,Greece,http://www.literature.gr,literature.gr,https://www.linkedin.com/company/literature-gr
9931829545,Radio KISS,Wei Chen,Finland,http://www.kiss.fi,kiss.fi,
10121887645,Social News XYZ,Wei Chen,United States,http://www.socialnews.xyz,socialnews.xyz,https://www.linkedin.com/company/socialnewsxyz
9931966254,The Cross WTSB 105.5 FM / 1090 AM Carolina's Chris,Wei Chen,United States,http://www.truthnetwork.com,truthnetwork.com,http://linkedin.com/company/truth-broadcasting-corporation
10122139008,WAKG,Rory Hunter,United States,http://www.wakg.com,wakg.com,
11450934100,Khasokhas,Sander Lammers,United States,http://www.khasokhas.com,khasokhas.com,
10121847189,Kupastuntas.co,Rory Hunter,Indonesia,http://www.kupastuntas.co,kupastuntas.co,https://www.linkedin.com/company/kupas-tuntas
10121912202,Ελευθερία Τζανακούλη,Rory Hunter,Greece,http://www.pineiosnews.gr,pineiosnews.gr,https://www.linkedin.com/company/pineios-news
9931829536,Manam Daily,Rory Hunter,India,http://www.manamnews.com,manamnews.com,https://www.linkedin.com/company/manamnews
9931838503,patrasTimes.gr,Wei Chen,Greece,http://www.patrastimes.gr,patrastimes.gr,
11450934117,LigaNews Greece,Wei Chen,Greece,http://www.liganews.gr,liganews.gr,
10121920691,Wall-Street.ro,Wei Chen,Romania,http://www.wall-street.ro,wall-street.ro,https://www.linkedin.com/company/wall-street-ro
10121853614,SportsJOE.ie,Wei Chen,Ireland,http://www.sportsjoe.ie,sportsjoe.ie,
9931862811,Living Out Loud,Wei Chen,United States,http://www.lol-la.com,lol-la.com,
11450934115,Cofradíastv Andalucía,Wei Chen,United States,http://www.cofradiastv.com,cofradiastv.com,
10121853610,Ulipur.com - উলিপুর ডট কম,Rory Hunter,Bangladesh,http://www.ulipur.com,ulipur.com,
9931838485,reteteculinare.ro,Sander Lammers,Romania,http://www.reteteculinare.ro,reteteculinare.ro,
9931839253,Un site de muzica,Rory Hunter,Romania,http://www.unsitedemuzica.ro,unsitedemuzica.ro,https://www.linkedin.com/company/unsitedemuzica-ro
9931839252,Tribun-Maluku.com,Wei Chen,Indonesia,http://www.tribun-maluku.com,tribun-maluku.com,https://www.linkedin.com/company/tribun-maluku-com
9931856403,CQN: Celtic Quick News,Wei Chen,United Kingdom,http://www.celticquicknews.co.uk,celticquicknews.co.uk,
11450968936,Abadikini.com,Wei Chen,Indonesia,http://www.abadikini.com,abadikini.com,https://www.linkedin.com/company/abadikini
9931829527,The News,Wei Chen,Hungary,http://www.thenews.hu,thenews.hu,
9931839255,Oguz Sahan,Wei Chen,Turkey,http://www.oguzsahan.com,oguzsahan.com,
9931838486,ΓΥΝΑΙΚΑ,Wei Chen,Greece,http://www.igynaika.gr,igynaika.gr,
9931829769,Bontang Post,Rory Hunter,Indonesia,http://www.bontangpost.id,bontangpost.id,https://www.linkedin.com/company/bontang-post
10121912227,Lovedeco.ro,Rory Hunter,Romania,http://www.lovedeco.ro,lovedeco.ro,https://www.linkedin.com/company/lovedeco-ro
9931828747,OSM TV,Wei Chen,Bosnia and Herzegovina,http://www.is-radio.com,is-radio.com,
9931831819,Haberdar Gazetesi,Wei Chen,Turkey,http://www.haberdar.com.tr,haberdar.com.tr,
10122074786,Kurier Lubelski,Wei Chen,Poland,http://www.kurierlubelski.pl,kurierlubelski.pl,https://www.linkedin.com/company/kurier-lubelski
9931962380,Info Birač,Wei Chen,Bosnia and Herzegovina,http://www.infobirac.net,infobirac.net,
9931854344,Medjugorje-News Kraljica Mira,Wei Chen,Bosnia and Herzegovina,http://www.medjugorje-news.com,medjugorje-news.com,
10121833908,TheBigLead,Wei Chen,United States,http://www.thebiglead.com,thebiglead.com,https://www.linkedin.com/company/the-big-lead
9931835907,Party-Sound.pl,Wei Chen,Poland,http://www.party-sound.pl,party-sound.pl,
9931829506,otodriver.com,Wei Chen,Indonesia,http://www.otodriver.com,otodriver.com,
9931829767,Prameya,Damian Domanski,India,http://www.prameya.com,prameya.com,https://www.linkedin.com/company/prameya-flowers
11454294968,Pierianews.gr,Wei Chen,Greece,http://www.pierianews.gr,pierianews.gr,
16176467635,Bombo Radyo Philippines,Rory Hunter,Philippines,http://www.bomboradyo.com,bomboradyo.com,https://www.linkedin.com/company/bombo-radyo-philippines
42791702301,Telex.hu,Wei Chen,Hungary,http://www.telex.hu,telex.hu,https://www.linkedin.com/company/telexhu
20716476747,Az-jenata,Rory Hunter,Bulgaria,http://www.az-jenata.bg,az-jenata.bg,
11453657655,Thecryptobasic,Wei Chen,United States,http://www.thecryptobasic.com,thecryptobasic.com,https://www.linkedin.com/company/thecryptobasicnewssite
12006543778,Agromedia.ro,Wei Chen,Romania,http://www.agromedia.ro,agromedia.ro,
22023140396,FCUpdate,Rory Hunter,Netherlands,http://www.fcupdate.nl,fcupdate.nl,https://www.linkedin.com/company/fcupdate
15277933225,tvOneNews,Rory Hunter,Indonesia,http://www.tvonenews.com,tvonenews.com,https://www.linkedin.com/company/pt-lativi-mediakarya-tvone-
11454206258,Naijalog,Sander Lammers,Nigeria,http://www.naijalog.com,naijalog.com,
11454285361,Sabah News Islamabad,Wei Chen,Pakistan,http://www.sabahnews.net,sabahnews.net,https://www.linkedin.com/company/sabah-news
11454291761,LokMarg,Wei Chen,India,http://www.lokmarg.com,lokmarg.com,https://www.linkedin.com/company/lokmarg
22259922503,Webster Parish Journal,Damian Domanski,United States,http://www.websterparishjournal.com,websterparishjournal.com,
43139996255,Republika,Rory Hunter,Indonesia,http://www.republika.co.id,republika.co.id,http://www.linkedin.com/company/1600178
13523263873,Sammy Williams Center,Wei Chen,United States,http://www.blueridgenow.com,blueridgenow.com,https://www.linkedin.com/company/1317195
11454294967,The Punjab Wire,Wei Chen,United States,http://www.thepunjabwire.com,thepunjabwire.com,
44331456089,Πατρις Καθημερινη Πρωινη Εφημεριδα,Rory Hunter,Greece,http://www.patris.gr,patris.gr,
26185618270,KVRR,Rory Hunter,United States,http://www.kvrr.com,kvrr.com,https://www.linkedin.com/company/k-v-r-r
17081524785,Daily Jang,Wei Chen,Pakistan,http://www.jang.com.pk,jang.com.pk,https://www.linkedin.com/company/daily-jang
17080729216,BusinessDay,Wei Chen,Nigeria,http://www.businessdayonline.com,businessdayonline.com,https://www.linkedin.com/company/businessday-media-ltd
11453689126,The Daily Khulnanchal- দৈনিক খুলনাঞ্চল,Wei Chen,United States,http://www.khulnanchal.com,khulnanchal.com,
16072615574,Called To Freedom Fellowship,Damian Domanski,United States,http://www.daily-jeff.com,daily-jeff.com,https://www.linkedin.com/company/jeffersonian-newspaper
16925166405,DailyFaceoff.com,Wei Chen,United States,http://www.dailyfaceoff.com,dailyfaceoff.com,https://www.linkedin.com/company/dailyfaceoff.com
43003227811,Magasinet M!,Wei Chen,Denmark,http://www.mmm.dk,mmm.dk,https://www.linkedin.com/company/magasinet-m
11453577910,The Nerd Stash,Rory Hunter,United States,http://www.thenerdstash.com,thenerdstash.com,https://www.linkedin.com/company/thenerdstash
11453789739,SKG Sports,Wei Chen,Greece,http://www.skgsports.gr,skgsports.gr,
17080490635,The Daily Manobkantha,Wei Chen,Bangladesh,http://www.manobkantha.com,manobkantha.com,https://www.linkedin.com/company/the-daily-manobkantha
11454291748,dailysportsbd.com,Sander Lammers,Bangladesh,http://www.dailysportsbd.com,dailysportsbd.com,https://www.linkedin.com/company/dailysportsbd
23860265398,Gamer Network,Sander Lammers,United Kingdom,http://www.gamer.network,gamer.network,https://www.linkedin.com/company/gamernetwork
43087718061,The Post,Wei Chen,Hungary,http://www.thepost.hu,thepost.hu,https://www.linkedin.com/company/the-post-company
18681164383,Bezzeganya,Sander Lammers,Hungary,http://www.bezzeganya.hu,Bezzeganya.hu,
43917204736,WBBJ 7 Eyewitness News,Damian Domanski,United States,http://www.wbbjtv.com,wbbjtv.com,https://www.linkedin.com/company/wbbj-tv
17321373000,Forever Communications,Damian Domanski,United States,http://www.forevercom.com,forevercom.com,https://www.linkedin.com/company/868045
11453578251,Matteo Mongelli,Wei Chen,United States,http://www.tuttoatalanta.com,tuttoatalanta.com,
11454201117,Attractions Near Me,Wei Chen,United Kingdom,http://www.attractionsnearme.co.uk,attractionsnearme.co.uk,
11454291871,Hashtag U,Rory Hunter,India,http://www.hashtagu.in,hashtagu.in,
43010891659,Mothership Singapore,Rory Hunter,Singapore,http://www.mothership.sg,mothership.sg,https://www.linkedin.com/company/mothershipsg
11453515652,Jambi Seru,Rory Hunter,Indonesia,http://www.jambiseru.com,jambiseru.com,
16923597715,Raj Express,Wei Chen,India,http://www.rajexpress.co,rajexpress.co,
11454330130,cambio,Wei Chen,United States,http://www.cambio.com,cambio.com,https://www.linkedin.com/company/aol
42826184321,Μολών Λαβέ,Wei Chen,Greece,http://www.molwnlave.net,molwnlave.net,
43003228304,Gazeta Polska Codziennie,Wei Chen,Poland,http://www.gpcodziennie.pl,gpcodziennie.pl,
12289971108,Sieć Portali,Rory Hunter,Poland,http://www.siecportali.pl,siecportali.pl,https://www.linkedin.com/company/siecportali-pl
22240007602,Black Crow Media,Wei Chen,United States,http://www.valdostatoday.com,valdostatoday.com,
11454330644,GPFans,Rory Hunter,United States,http://www.gpfans.com,gpfans.com,https://www.linkedin.com/company/gpfansglobal
17080664504,Alokito News 24,Wei Chen,Bangladesh,http://www.alokitonews24.com,alokitonews24.com,https://www.linkedin.com/company/alokitonews24
43907252023,Aller Media AB,Jean-Luc Germiquet,Sweden,http://www.aller.se,aller.se,https://www.linkedin.com/company/allermediasweden
44049030562,Independent Media,Hanson Ojo,South Africa,http://www.independentmedia.co.za,independentmedia.co.za,https://www.linkedin.com/company/independent-media-za
11453789983,Πέρα από τα όρια,Rory Hunter,Greece,http://www.super-fm.gr,super-fm.gr,https://www.linkedin.com/company/super-fm-104.3-ioannina
17557680690,World Business Outlook,Rory Hunter,Singapore,http://www.worldbusinessoutlook.com,worldbusinessoutlook.com,https://www.linkedin.com/company/world-business-outlook
16923432576,The News Lens 關鍵評論網,Wei Chen,Taiwan,http://www.thenewslens.com,thenewslens.com,https://www.linkedin.com/company/the-news-lens
11454317178,The Record-Online,Wei Chen,United States,http://www.therecord-online.com,therecord-online.com,
20843668897,Fightful,Sander Lammers,United States,http://www.fightful.com,fightful.com,
42928908173,Vipnews,Wei Chen,Greece,http://www.vipnews.gr,vipnews.gr,
23444432552,Dalfsennet Nieuws,Wei Chen,Netherlands,http://www.dalfsennet.nl,dalfsennet.nl,https://www.linkedin.com/company/dalfsennet
43907373655,TVM,Rory Hunter,Malta,http://www.tvm.com.mt,tvm.com.mt,
16070899884,Super League,Wei Chen,Greece,http://www.filathlos.gr,filathlos.gr,
17485122939,GirlStyle Singapore,Wei Chen,Singapore,http://www.girlstyle.com,girlstyle.com,
20716314883,Tialoto,Rory Hunter,Bulgaria,http://www.tialoto.bg,tialoto.bg,
25483740856,Brown Brothers,Sander Lammers,Singapore,http://www.brownbrothers.io,brownbrothers.io,https://www.linkedin.com/company/brown-brothers-media
16325256540,MIKRILIGA,Wei Chen,Greece,http://www.mikriliga.com,mikriliga.com,
17556366628,Nawaiwaqt,Wei Chen,Pakistan,http://www.nawaiwaqt.com.pk,nawaiwaqt.com.pk,https://www.linkedin.com/company/nawaiwaqt
17557794643,《哈佛商業評論》全球繁體中文版,Wei Chen,Taiwan,http://www.hbrtaiwan.com,hbrtaiwan.com,
17086411836,MileikaNea.gr,Wei Chen,Greece,http://www.mileikanea.gr,mileikanea.gr,https://www.linkedin.com/company/mileikanea-gr
44200140886,MSN Money,Sander Lammers,United States,http://www.msn.com,http://www.msn.com/money,https://www.linkedin.com/company/msn-labs-ltd-hyderabad
26957077012,myGlogow,Wei Chen,Poland,http://www.myglogow.pl,myglogow.pl,
22023063423,Meemetoranje,Rory Hunter,Netherlands,http://www.meemetoranje.nl,meemetoranje.nl,
42826185597,Flashnews.gr,Rory Hunter,Greece,http://www.flashnews.gr,flashnews.gr,https://www.linkedin.com/company/flashnews-gr
17094752566,The News International,Damian Domanski,Pakistan,http://www.thenews.com.pk,thenews.com.pk,https://www.linkedin.com/company/2099649
18331694970,Backyard Garden Lover,Sander Lammers,United States,http://www.backyardgardenlover.com,backyardgardenlover.com,
43147407258,Eenadu,Damian Domanski,India,http://www.eenadu.net,eenadu.net,https://www.linkedin.com/company/eenadu-western-region
11453857130,Το Αεροδρόμιο,Wei Chen,Greece,http://www.toaerodromio.gr,toaerodromio.gr,
43147221650,East Coast Online,Rory Hunter,India,http://www.eastcoastdaily.com,eastcoastdaily.com,https://www.linkedin.com/company/east-coast-online
16924573739,Hürriyet Daily News,Wei Chen,Turkey,http://www.hurriyetdailynews.com,hurriyetdailynews.com,https://www.linkedin.com/company/hurriyet-daily-news
11454194010,Codigo Esports,Rory Hunter,United States,http://www.codigoesports.com,codigoesports.com,
16924582184,Motorcycle.com,Wei Chen,United States,http://www.motorcycle.com,motorcycle.com,https://www.linkedin.com/company/motorcycle.com
17086401416,The Herald News,Damian Domanski,United States,http://www.heraldnews.com,heraldnews.com,https://www.linkedin.com/company/the-herald-news
11454206801,Bystra Grażyna,Sander Lammers,Poland,http://www.przy-garach.pl,przy-garach.pl,
17085783053,Profile News,Rory Hunter,United States,http://www.profilenews.com,profilenews.com,
17321282691,Hachette Filipacchi Medias,Wei Chen,United States,http://www.elle.com.tw,elle.com.tw,https://www.linkedin.com/company/elle-magazine
30084936030,RNZ,Wei Chen,New Zealand,http://www.rnz.co.nz,rnz.co.nz,https://www.linkedin.com/company/rnznational
43403323756,Arabi21,Rory Hunter,United Kingdom,http://www.arabi21.com,arabi21.com,https://www.linkedin.com/company/arabi21
18192097087,Híradó,Damian Domanski,Hungary,http://www.hirado.hu,hirado.hu,https://www.linkedin.com/company/6370495
17698189456,AkhisarHaber.net,Rory Hunter,Turkey,http://www.akhisarhaber.net,akhisarhaber.net,
22024101705,Anfieldwatch,Rory Hunter,Netherlands,http://www.anfieldwatch.co.uk,anfieldwatch.co.uk,https://www.linkedin.com/company/anfield-watch
20692925721,Investor,Rory Hunter,Bulgaria,http://www.investor.bg,investor.bg,https://www.linkedin.com/company/investor-bg-ad
43011201369,SurmaNews24.net,Wei Chen,Bangladesh,http://www.surmanews24.net,surmanews24.net,
16072676984,Explore Your Town Inc,Wei Chen,United States,http://www.explorevenango.com,explorevenango.com,https://www.linkedin.com/company/explorevenango.com
42826699358,MMA.pl,Sander Lammers,Poland,http://www.mma.pl,mma.pl,https://www.linkedin.com/company/mma-uno
11453961546,महाराष्ट्रनामा,Wei Chen,India,http://www.maharashtranama.com,maharashtranama.com,
20692867998,Gol,Rory Hunter,Bulgaria,http://www.gol.bg,gol.bg,
16071014292,Massa News,Wei Chen,United States,http://www.massanews.com,massanews.com,https://www.linkedin.com/company/massanews