Prospect Name,RSS Feed,Data Source,Last Scrape Status,Last Scrape Timestamp,Country,Domain,Status,Existing newsletter?,Person,Date sent,Replied,Comments
Rugby Addict,-,N/A,failed,2025-11-29 11:33:29,United Kingdom,rugby-addict.com,No feed generated,FALSE,Sam,,FALSE,
UCLA,-,N/A,-,,United States,ucla.edu,No feed generated,FALSE,,,FALSE,
Pacific Media Group,https://swelbyboy.github.io/prospect-rss-feeds/pacific-media-group.xml,OG,success,2025-11-29 11:33:29,United States,pmghawaii.com,Parent org,FALSE,Karen,,FALSE,
3FM,-,N/A,-,,United Kingdom,three.fm,No feed generated,FALSE,,,FALSE,
It's Gone Viral,https://swelbyboy.github.io/prospect-rss-feeds/it-s-gone-viral.xml,OG,success,2025-11-29 11:33:34,United Kingdom,igvofficial.com,Error adding feed to EBX,FALSE,Sam,,FALSE,An error occurred while validating the feed URL
Haystack News,-,N/A,-,,United States,haystack.tv,No feed generated,FALSE,,,FALSE,
London Bangla Ltd,-,N/A,-,,United Kingdom,lb24.tv,No feed generated,FALSE,,,FALSE,
SamMobile.com,https://swelbyboy.github.io/prospect-rss-feeds/sammobile-com.xml,OG,success,2025-11-29 11:33:35,United States,sammobile.com,Sending,FALSE,Karen,,FALSE,
Isle of Wight Radio,https://swelbyboy.github.io/prospect-rss-feeds/isle-of-wight-radio.xml,OG,success,2025-11-29 11:33:36,United Kingdom,iwradio.co.uk,Sending,FALSE,Sam,,FALSE,
The Richmond Observer,-,N/A,-,,United States,richmondobserver.com,No feed generated,FALSE,,,FALSE,
KTTN,https://swelbyboy.github.io/prospect-rss-feeds/kttn.xml,OG,success,2025-11-29 11:33:38,United States,kttn.com,Error adding feed to EBX,FALSE,Karen,,FALSE,Error adding content feed
Chinese Herald,-,N/A,failed,2025-11-29 12:03:00,New Zealand,chineseherald.co.nz,No feed generated,FALSE,Later,,FALSE,
Gay Times,https://swelbyboy.github.io/prospect-rss-feeds/gay-times.xml,OG,success,2025-11-29 11:33:40,United Kingdom,gaytimes.co.uk,Sending,FALSE,Sam,,FALSE,
Catchfence,https://swelbyboy.github.io/prospect-rss-feeds/catchfence.xml,OG,success,2025-11-29 11:33:48,United States,catchfence.com,Error adding feed to EBX,FALSE,Karen,,FALSE,Error adding content feed
Eleven Warriors,https://swelbyboy.github.io/prospect-rss-feeds/eleven-warriors.xml,OG,success,2025-11-29 11:33:49,United States,elevenwarriors.com,Sending,FALSE,Karen,,FALSE,
Farmers Guardian,https://swelbyboy.github.io/prospect-rss-feeds/farmers-guardian.xml,OG,success,2025-11-29 12:03:02,,farmersguardian.com,To Do,FALSE,,,FALSE,Newly discovered RSS feed
Crime Online,https://swelbyboy.github.io/prospect-rss-feeds/crime-online.xml,OG,success,2025-11-29 11:33:50,United States,crimeonline.com,Sending,FALSE,Karen,,FALSE,
Best Little Sites,https://swelbyboy.github.io/prospect-rss-feeds/best-little-sites.xml,OG,success,2025-11-29 11:33:51,United States,comicbookmovie.com,Sending,FALSE,Karen,,FALSE,
Ringside News,https://swelbyboy.github.io/prospect-rss-feeds/ringside-news.xml,OG,success,2025-11-29 11:33:52,United States,ringsidenews.com,Sending,FALSE,Karen,,FALSE,
Pulse 2.0,https://swelbyboy.github.io/prospect-rss-feeds/pulse-2-0.xml,OG,success,2025-11-29 11:33:54,United States,pulse2.com,Sending,FALSE,Karen,,FALSE,
Cricket Australia,https://swelbyboy.github.io/prospect-rss-feeds/cricket-australia.xml,RSS,success,2025-11-29 12:03:04,Australia,cricketaustralia.com.au,Error adding feed to EBX,FALSE,Sam,,FALSE,Error adding content feed
KnowTechie,https://swelbyboy.github.io/prospect-rss-feeds/knowtechie.xml,OG,success,2025-11-29 11:33:56,United States,knowtechie.com,Sending,FALSE,Karen,,FALSE,
Londra Gazete,https://swelbyboy.github.io/prospect-rss-feeds/londra-gazete.xml,OG,success,2025-11-29 11:34:00,United Kingdom,londragazete.com,Sending,FALSE,Sam,,FALSE,Error adding content feed
Vital MTB,-,N/A,failed,2025-11-29 11:34:00,United States,vitalmtb.com,No feed generated,FALSE,Sam,,FALSE,
Eagle Country 99.3,-,N/A,-,,United States,eaglecountryonline.com,No feed generated,FALSE,,,FALSE,
Just Jared,https://swelbyboy.github.io/prospect-rss-feeds/just-jared.xml,OG,success,2025-11-29 11:34:01,United States,justjared.com,Insufficient/Old Content,FALSE,Sam,,FALSE,No content showing on newsletter
Rimix Radio,https://swelbyboy.github.io/prospect-rss-feeds/rimix-radio.xml,OG,success,2025-11-29 11:34:17,United States,rimixradio.com,Sending,FALSE,Karen,,FALSE,
The Poke,https://swelbyboy.github.io/prospect-rss-feeds/the-poke.xml,"OG (9), RSS (1)",success,2025-11-29 11:34:19,United Kingdom,thepoke.co.uk,Sending,FALSE,Sam,,FALSE,
Celeb Dirty Laundry,https://swelbyboy.github.io/prospect-rss-feeds/celeb-dirty-laundry.xml,OG,success,2025-11-29 11:34:27,United States,celebdirtylaundry.com,Sending,FALSE,Karen,,FALSE,
Over60,https://swelbyboy.github.io/prospect-rss-feeds/over60.xml,OG,success,2025-11-29 12:03:09,Australia,oversixty.com.au,To Do,FALSE,Sam,,FALSE,
Quad Cities,https://swelbyboy.github.io/prospect-rss-feeds/quad-cities.xml,OG,success,2025-11-29 11:34:32,United States,quadcities.com,Sending,FALSE,Karen,,FALSE,
Gematsu,https://swelbyboy.github.io/prospect-rss-feeds/gematsu.xml,OG,success,2025-11-29 12:03:10,Australia,gematsu.com,Sending,FALSE,Later,,FALSE,
Jedi News,https://swelbyboy.github.io/prospect-rss-feeds/jedi-news.xml,RSS,success,2025-11-29 11:34:42,United Kingdom,jedinews.co.uk,To Do,FALSE,,,FALSE,Newly discovered RSS feed
Talking Rugby Union (TRU),-,N/A,-,,United Kingdom,talkingrugbyunion.co.uk,No feed generated,FALSE,,,FALSE,
AllHipHop,https://swelbyboy.github.io/prospect-rss-feeds/allhiphop.xml,OG,success,2025-11-29 11:34:43,United States,allhiphop.com,Sending,FALSE,Karen,,FALSE,
Mom and More,https://swelbyboy.github.io/prospect-rss-feeds/mom-and-more.xml,OG,success,2025-11-29 11:35:01,United States,momandmore.com,Sending,FALSE,Sam,,FALSE,Error adding content feed
IMBOLDN,https://swelbyboy.github.io/prospect-rss-feeds/imboldn.xml,OG,success,2025-11-29 11:35:05,United States,imboldn.com,Sending,FALSE,Karen,,FALSE,
RNZ,-,N/A,-,,New Zealand,radionz.co.nz,No feed generated,FALSE,,,FALSE,
Manx Radio,-,N/A,-,,United Kingdom,manxradio.com,No feed generated,FALSE,,,FALSE,
Derry Daily,-,N/A,failed,2025-11-29 11:35:05,United Kingdom,derrydaily.net,No feed generated,FALSE,Sam,,FALSE,
Indiana Public Media,https://swelbyboy.github.io/prospect-rss-feeds/indiana-public-media.xml,OG,success,2025-11-29 11:35:10,United States,indianapublicmedia.org,Sending,FALSE,Karen,,FALSE,
I Creative Ideas,https://swelbyboy.github.io/prospect-rss-feeds/i-creative-ideas.xml,OG,success,2025-11-29 11:35:11,United States,icreativeideas.com,Irrelevant prospect,FALSE,Karen,,FALSE,"""No relevant articles found on content feeds""
(Most articles are very old)"
Newsdakota.com,https://swelbyboy.github.io/prospect-rss-feeds/newsdakota-com.xml,OG,success,2025-11-29 11:35:16,United States,newsdakota.com,Sending,FALSE,Karen,,FALSE,
Essex Media Group,https://swelbyboy.github.io/prospect-rss-feeds/essex-media-group.xml,OG,success,2025-11-29 12:03:12,,itemlive.com,To Do,FALSE,,,FALSE,Newly discovered RSS feed
MageeNews.com,https://swelbyboy.github.io/prospect-rss-feeds/mageenews-com.xml,OG,success,2025-11-29 11:35:23,United States,mageenews.com,Sending,FALSE,Karen,,FALSE,
TheBigLead,-,N/A,failed,2025-11-29 11:35:23,United States,thebiglead.com,No feed generated,FALSE,Sam,,FALSE,
EventHubs,https://swelbyboy.github.io/prospect-rss-feeds/eventhubs.xml,OG,success,2025-11-29 11:35:25,United States,eventhubs.com,Sending,FALSE,Karen,,FALSE,
Wdtv,-,N/A,-,,United States,wdtv.com,No feed generated,FALSE,,,FALSE,
Thecryptobasic,https://swelbyboy.github.io/prospect-rss-feeds/thecryptobasic.xml,OG,success,2025-11-29 11:35:33,United States,thecryptobasic.com,Sending,FALSE,Karen,,FALSE,
FOX 24 Charleston,https://swelbyboy.github.io/prospect-rss-feeds/fox-24-charleston.xml,OG,success,2025-11-29 11:35:41,United States,foxcharleston.com,Insufficient/Old Content,FALSE,Sam,,FALSE,No content showing on newsletter
The Manual,https://swelbyboy.github.io/prospect-rss-feeds/the-manual.xml,OG,success,2025-11-29 11:35:42,United States,themanual.com,Sending,FALSE,Karen,,FALSE,
NewsChannel 10,-,N/A,-,,United States,newschannel10.com,No feed generated,FALSE,,,FALSE,
GBnews24,-,N/A,-,,United Kingdom,gbnews24.com,No feed generated,FALSE,,,FALSE,
"Heritage Media Of Kentucky, Inc",https://swelbyboy.github.io/prospect-rss-feeds/heritage-media-of-kentucky--inc.xml,OG,success,2025-11-29 11:35:48,United States,k105.com,Sending,FALSE,Karen,,FALSE,
Ziarul Românesc,https://swelbyboy.github.io/prospect-rss-feeds/ziarul-românesc.xml,OG,success,2025-11-29 11:35:50,United Kingdom,ziarulromanesc.net,Sending,FALSE,Sam,,FALSE,
Bounding Into Comics,https://swelbyboy.github.io/prospect-rss-feeds/bounding-into-comics.xml,OG,success,2025-11-29 11:35:51,United States,boundingintocomics.com,Sending,FALSE,Karen,,FALSE,
Londynek.net,-,N/A,-,,United Kingdom,londynek.net,No feed generated,FALSE,,,FALSE,
News 12,-,N/A,-,,United States,wrdw.com,No feed generated,FALSE,,,FALSE,
MyMMANews.com,https://swelbyboy.github.io/prospect-rss-feeds/mymmanews-com.xml,OG,success,2025-11-29 11:35:57,United States,mymmanews.com,Sending,FALSE,Karen,,FALSE,
FOX 8,-,N/A,-,,United States,fox8live.com,No feed generated,FALSE,,,FALSE,
Albumism,-,N/A,-,,United States,albumism.com,No feed generated,FALSE,,,FALSE,
Kiss Binghamton,https://swelbyboy.github.io/prospect-rss-feeds/kiss-binghamton.xml,OG,success,2025-11-29 11:36:08,United States,kissbinghamton.com,Sending,FALSE,Karen,,FALSE,
The Fandom Post,-,N/A,failed,2025-11-29 11:36:08,United States,fandompost.com,No feed generated,FALSE,Sam,,FALSE,
Ruck Rugby Limited,-,N/A,failed,2025-11-29 11:36:09,United Kingdom,ruck.co.uk,No feed generated,FALSE,Sam,,FALSE,
BangShift.com,https://swelbyboy.github.io/prospect-rss-feeds/bangshift-com.xml,OG,success,2025-11-29 11:36:10,United States,bangshift.com,Sending,FALSE,Karen,,FALSE,
Wisden Cricket,-,N/A,-,,United Kingdom,wisden.com,No feed generated,FALSE,,,FALSE,
AcheiUSA,https://swelbyboy.github.io/prospect-rss-feeds/acheiusa.xml,OG,success,2025-11-29 11:36:17,United States,acheiusa.com,Sending,FALSE,Karen,,FALSE,
Agrios Ltd,-,N/A,-,,United Kingdom,farminguk.com,No feed generated,FALSE,,,FALSE,
Coleraine Chronicle,-,N/A,-,,United Kingdom,colerainechronicle.co.uk,No feed generated,FALSE,,,FALSE,
KTVB,-,N/A,-,,United States,ktvb.com,No feed generated,FALSE,,,FALSE,
KBTX,-,N/A,-,,United States,kbtx.com,No feed generated,FALSE,,,FALSE,
BlackSportsOnline,https://swelbyboy.github.io/prospect-rss-feeds/blacksportsonline.xml,OG,success,2025-11-29 11:36:18,United States,blacksportsonline.com,Sending,FALSE,Karen,,FALSE,
EDM Identity,https://swelbyboy.github.io/prospect-rss-feeds/edm-identity.xml,OG,success,2025-11-29 11:36:20,United States,edmidentity.com,Sending,FALSE,Karen,,FALSE,
Awful Announcing,https://swelbyboy.github.io/prospect-rss-feeds/awful-announcing.xml,OG,success,2025-11-29 11:36:21,United States,awfulannouncing.com,Sending,FALSE,Karen,,FALSE,
Motorsport Week,https://swelbyboy.github.io/prospect-rss-feeds/motorsport-week.xml,OG,success,2025-11-29 11:36:25,United Kingdom,motorsportweek.com,Sending,FALSE,Sam,,FALSE,
América TeVe,-,N/A,-,,United States,americateve.com,No feed generated,FALSE,,,FALSE,
Rangers FC,-,N/A,-,,United Kingdom,rangers.co.uk,No feed generated,FALSE,,,FALSE,
Mactrast,https://swelbyboy.github.io/prospect-rss-feeds/mactrast.xml,OG,success,2025-11-29 11:36:29,United States,mactrast.com,Insufficient/Old Content,FALSE,Sam,,FALSE,No content showing on newsletter
411Mania,-,"OG (8), RSS (2)",success,2025-11-29 11:36:50,United States,411mania.com,No feed generated,FALSE,Sam,,FALSE,
Awareness Act,https://swelbyboy.github.io/prospect-rss-feeds/awareness-act.xml,OG,success,2025-11-29 11:36:51,United States,awarenessact.com,Insufficient/Old Content,FALSE,Sam,,FALSE,Most articles in the feed are from months ago
Bleeding Cool,https://swelbyboy.github.io/prospect-rss-feeds/bleeding-cool.xml,OG,success,2025-11-29 11:36:51,United States,bleedingcool.com,Sending,FALSE,Karen,,FALSE,
The Hard Tackle,https://swelbyboy.github.io/prospect-rss-feeds/the-hard-tackle.xml,OG,success,2025-11-29 11:36:53,United Kingdom,thehardtackle.com,Insufficient/Old Content,FALSE,Sam,,FALSE,Most articles in the feed are from months ago
Comic Watch,https://swelbyboy.github.io/prospect-rss-feeds/comic-watch.xml,OG,success,2025-11-29 11:36:56,United States,comic-watch.com,Sending,FALSE,Karen,,FALSE,
MSPoweruser.com,-,N/A,failed,2025-11-29 11:36:56,United Kingdom,mspoweruser.com,No feed generated,FALSE,Sam,,FALSE,
Soccer Publishing Limited,https://swelbyboy.github.io/prospect-rss-feeds/soccer-publishing-limited.xml,OG,success,2025-11-29 11:36:57,United Kingdom,thisisanfield.com,Sending,FALSE,Sam,,FALSE,
Region 8 News,-,N/A,-,,United States,kait8.com,No feed generated,FALSE,,,FALSE,
"American Football International, LLC",https://swelbyboy.github.io/prospect-rss-feeds/american-football-international--llc.xml,OG,success,2025-11-29 11:37:02,United States,americanfootballinternational.com,Insufficient/Old Content,FALSE,Sam,,FALSE,Most articles in the feed are from months ago
Ink Free News,https://swelbyboy.github.io/prospect-rss-feeds/ink-free-news.xml,OG,success,2025-11-29 11:37:15,United States,inkfreenews.com,Sending,FALSE,Karen,,FALSE,
РаботникМК,-,N/A,-,,United States,rabotnik.com.mk,No feed generated,FALSE,,,FALSE,
LNGIndustry,https://swelbyboy.github.io/prospect-rss-feeds/lngindustry.xml,OG,success,2025-11-29 11:37:23,United Kingdom,lngindustry.com,To Do,FALSE,,,FALSE,Newly discovered RSS feed
https://www.vavel.com/en-us/,-,N/A,-,,United States,vavel.com,No feed generated,FALSE,,,FALSE,
DailyFaceoff.com,https://swelbyboy.github.io/prospect-rss-feeds/dailyfaceoff-com.xml,OG,success,2025-11-29 11:37:24,United States,dailyfaceoff.com,Sending,FALSE,Karen,,FALSE,
The Market Herald,https://swelbyboy.github.io/prospect-rss-feeds/the-market-herald.xml,OG,success,2025-11-29 12:03:29,Australia,themarketherald.com.au,Sending,FALSE,Later,,FALSE,
Trusted Reviews,-,N/A,failed,2025-11-29 11:37:24,United Kingdom,trustedreviews.com,No feed generated,FALSE,Sam,,FALSE,
WOUB Public Media,https://swelbyboy.github.io/prospect-rss-feeds/woub-public-media.xml,OG,success,2025-11-29 11:37:25,United States,woub.org,Error adding feed to EBX,FALSE,Karen,,FALSE,Error adding content feed
Distinctly Montana,https://swelbyboy.github.io/prospect-rss-feeds/distinctly-montana.xml,OG,success,2025-11-29 11:37:28,United States,distinctlymontana.com,To Do,FALSE,Karen,,FALSE,
Noticia Cristiana,https://swelbyboy.github.io/prospect-rss-feeds/noticia-cristiana.xml,OG,success,2025-11-29 11:37:30,United States,noticiacristiana.com,Sending,FALSE,Karen,,FALSE,
Motorcycle.com,-,N/A,-,,United States,motorcycle.com,No feed generated,FALSE,,,FALSE,
Wrestleview.com,https://swelbyboy.github.io/prospect-rss-feeds/wrestleview-com.xml,OG,success,2025-11-29 11:37:31,United States,wrestleview.com,Sending,FALSE,Karen,,FALSE,
Oyungg,https://swelbyboy.github.io/prospect-rss-feeds/oyungg.xml,OG,success,2025-11-29 11:37:35,United States,savebutonu.com,To Do,FALSE,Karen,,FALSE,
Wect,-,N/A,-,,United States,wect.com,No feed generated,FALSE,,,FALSE,
DESblitz,https://swelbyboy.github.io/prospect-rss-feeds/desblitz.xml,OG,success,2025-11-29 11:37:35,United Kingdom,desiblitz.com,Sending,FALSE,Sam,,FALSE,
Fitness Gurls,https://swelbyboy.github.io/prospect-rss-feeds/fitness-gurls.xml,OG,success,2025-11-29 11:37:41,United States,fitnessgurls.com,To Do,FALSE,Karen,,FALSE,
WMBF News,-,N/A,-,,United States,wmbfnews.com,No feed generated,FALSE,,,FALSE,
The Nerd Stash,https://swelbyboy.github.io/prospect-rss-feeds/the-nerd-stash.xml,OG,success,2025-11-29 11:37:42,United States,thenerdstash.com,Sending,FALSE,Karen,,FALSE,
057info,-,N/A,-,,Croatia,057info.hr,No feed generated,FALSE,,,FALSE,
072info,https://swelbyboy.github.io/prospect-rss-feeds/072info.xml,OG,success,2025-11-29 12:03:32,Bosnia and Herzegovina,072info.com,Sending,FALSE,Karen,"Nov 27, 2025 ",FALSE,
天使志工銀行,-,N/A,-,,Taiwan,104.com.tw,No feed generated,FALSE,,,FALSE,
10 Minute School,-,N/A,-,,Bangladesh,10minuteschool.com,No feed generated,FALSE,,,FALSE,
10 Missions Media,-,N/A,-,,United States,10missions.com,No feed generated,FALSE,,,FALSE,
112Groningen,https://swelbyboy.github.io/prospect-rss-feeds/112groningen.xml,OG,success,2025-11-29 12:03:46,Netherlands,112groningen.nl,Sending,FALSE,Later,,FALSE,
KCJJ,https://swelbyboy.github.io/prospect-rss-feeds/kcjj.xml,OG,success,2025-11-29 11:37:44,United States,1630kcjj.com,Sending,FALSE,Karen,,FALSE,
Kurier Szczecińsk,-,N/A,-,,Poland,24kurier.pl,No feed generated,FALSE,,,FALSE,
24 Live News,-,N/A,-,,Bangladesh,24livenewspaper.com,No feed generated,FALSE,,,FALSE,
28Hse,-,N/A,-,,Hong Kong,28hse.com,No feed generated,FALSE,,,FALSE,
360medical.ro,https://swelbyboy.github.io/prospect-rss-feeds/360medical-ro.xml,OG,success,2025-11-29 12:03:50,Romania,360medical.ro,Sending,FALSE,Karen,"Nov 27, 2025 ",FALSE,
3Point.dk,https://swelbyboy.github.io/prospect-rss-feeds/3point-dk.xml,OG,success,2025-11-29 12:03:54,Denmark,3point.dk,To Do,FALSE,,,FALSE,Newly discovered RSS feed
4malayalees.com,-,N/A,-,,India,4malayalees.com,No feed generated,FALSE,,,FALSE,
52Bangla TV,https://swelbyboy.github.io/prospect-rss-feeds/52bangla-tv.xml,OG,success,2025-11-29 12:03:58,Bangladesh,52banglatv.com,To Do,FALSE,Later,,FALSE,
7car 小七車觀點,-,N/A,-,,Taiwan,7car.tw,No feed generated,FALSE,,,FALSE,
A07 Online Media,https://swelbyboy.github.io/prospect-rss-feeds/a07-online-media.xml,OG,success,2025-11-29 11:37:46,United States,a07online.com,Parent org,FALSE,Karen,,FALSE,
ABC Gazetesi,-,N/A,failed,2025-11-29 12:03:58,Turkey,abcgazetesi.com,No feed generated,FALSE,Later,,FALSE,
ABC News,-,N/A,-,,United States,abcnews.go.com,No feed generated,FALSE,,,FALSE,
ABC Online Media,https://swelbyboy.github.io/prospect-rss-feeds/abc-online-media.xml,OG,success,2025-11-29 12:04:01,Netherlands,abconlinemedia.com,Irrelevant prospect,FALSE,Later,,FALSE,
BFBS,-,N/A,-,,United Kingdom,about.bfbs.com,No feed generated,FALSE,,,FALSE,
actualdecluj.ro,-,N/A,-,,Romania,actualdecluj.ro,No feed generated,FALSE,,,FALSE,
Adafruit,https://swelbyboy.github.io/prospect-rss-feeds/adafruit.xml,RSS,success,2025-11-29 11:37:48,United States,adafruit.com,Error adding feed to EBX,FALSE,Karen,,FALSE,Error adding content feed
A Day Magazine,https://swelbyboy.github.io/prospect-rss-feeds/a-day-magazine.xml,OG,success,2025-11-29 12:04:05,Hong Kong,adaymag.com,Insufficient/Old Content,FALSE,Karen,,FALSE,Images not showing on newsletter
AEK1924.gr,https://swelbyboy.github.io/prospect-rss-feeds/aek1924-gr.xml,OG,success,2025-11-29 12:04:13,Greece,aek1924.gr,Sending,FALSE,Karen,"Nov 27, 2025 ",FALSE,
Αλέξης Φωτόπουλος,https://swelbyboy.github.io/prospect-rss-feeds/αλέξης-φωτόπουλος.xml,OG,success,2025-11-29 12:04:28,Greece,afotopoulos.gr,Irrelevant prospect,FALSE,Karen,,FALSE,
Afyon Postası,-,N/A,failed,2025-11-29 12:04:29,Turkey,afyonpostasi.com.tr,No feed generated,FALSE,Later,,FALSE,
Αγγελίες εργασίας - Προγράμματα Ασεπ-Οαεδ,https://swelbyboy.github.io/prospect-rss-feeds/αγγελίες-εργασίας---προγράμματα-ασεπ-οαεδ.xml,OG,success,2025-11-29 12:04:36,Greece,ageliesergasias.gr,Irrelevant prospect,FALSE,Karen,,FALSE,website hasn't been updated since January
Agriconnect,https://swelbyboy.github.io/prospect-rss-feeds/agriconnect.xml,RSS,success,2025-11-29 11:37:52,United Kingdom,agriconnect.com,Parent org,FALSE,Sam,,FALSE,
AgroKlub,-,N/A,-,,Croatia,agroklub.com,No feed generated,FALSE,,,FALSE,
Agromedia.ro,https://swelbyboy.github.io/prospect-rss-feeds/agromedia-ro.xml,OG,success,2025-11-29 12:04:41,Romania,agromedia.ro,Irrelevant prospect,FALSE,Karen,,FALSE,Not enough content
Ahewar,https://swelbyboy.github.io/prospect-rss-feeds/ahewar.xml,RSS,success,2025-11-29 12:04:42,Denmark,ahewar.org,Irrelevant prospect,FALSE,Karen,,FALSE,
Aixmi News,https://swelbyboy.github.io/prospect-rss-feeds/aixmi-news.xml,OG,success,2025-11-29 12:04:47,Greece,aixmi-news.gr,Error adding feed to EBX,FALSE,Karen,,FALSE,An error occurred while validating the feed URL
AKİT TV,-,N/A,-,,Turkey,akittv.com.tr,No feed generated,FALSE,,,FALSE,
Akos.ba,https://swelbyboy.github.io/prospect-rss-feeds/akos-ba.xml,OG,success,2025-11-29 12:05:20,Bosnia and Herzegovina,akos.ba,Error adding feed to EBX,FALSE,Karen,,FALSE,An error occurred while validating the feed URL
Aktarr,-,N/A,-,,Sweden,aktarr.se,No feed generated,FALSE,,,FALSE,
Al Aan FM,-,N/A,-,,United Arab Emirates,alaan.fm,No feed generated,FALSE,,,FALSE,
Al-Arab Publishing House,-,N/A,failed,2025-11-29 11:37:52,United Kingdom,alarab.co.uk,No feed generated,FALSE,Karen,,FALSE,
Aleph News,-,N/A,-,,Romania,alephnews.ro,No feed generated,FALSE,,,FALSE,
Alfahir,https://swelbyboy.github.io/prospect-rss-feeds/alfahir.xml,OG,success,2025-11-29 12:05:22,Hungary,alfahir.hu,Sending,FALSE,Later,"Nov 27, 2025 ",FALSE,
Algoa FM,-,N/A,-,,South Africa,algoafm.co.za,No feed generated,FALSE,,,FALSE,
AllYou.gr,-,N/A,-,,Greece,allyou.gr,No feed generated,FALSE,,,FALSE,
Alo Media,-,N/A,-,,Serbia,alo.rs,No feed generated,FALSE,,,FALSE,
AM730,-,N/A,-,,Hong Kong,am730.com.hk,No feed generated,FALSE,,,FALSE,
AmaderShomoy.Com,-,N/A,-,,Bangladesh,amadershomoy.com,No feed generated,FALSE,,,FALSE,
Daily Amar Sangbad,-,N/A,-,,Bangladesh,amarsangbad.com,No feed generated,FALSE,,,FALSE,
Analytics Insight,https://swelbyboy.github.io/prospect-rss-feeds/analytics-insight.xml,OG,success,2025-11-29 12:05:24,India,analyticsinsight.net,Sending,FALSE,Karen,"Nov 27, 2025 ",FALSE,
Analyzing America,https://swelbyboy.github.io/prospect-rss-feeds/analyzing-america.xml,OG,success,2025-11-29 11:37:55,United States,analyzingamerica.org,To Do,FALSE,,,FALSE,Newly discovered RSS feed
Aamoda Publications,-,N/A,-,,India,andhrajyothy.com,No feed generated,FALSE,,,FALSE,
Android.com.pl,https://swelbyboy.github.io/prospect-rss-feeds/android-com-pl.xml,OG,success,2025-11-29 12:05:26,Poland,android.com.pl,Sending,FALSE,Karen,"Nov 27, 2025 ",FALSE,
Antena 3,https://swelbyboy.github.io/prospect-rss-feeds/antena-3.xml,"OG (9), RSS (1)",success,2025-11-29 12:05:29,Romania,antena3.ro,To Do,FALSE,,,FALSE,Newly discovered RSS feed
Antena M,-,N/A,-,,Serbia,antenam.net,No feed generated,FALSE,,,FALSE,
Antyweb,https://swelbyboy.github.io/prospect-rss-feeds/antyweb.xml,OG,success,2025-11-29 12:05:31,Poland,antyweb.pl,To Do,FALSE,,,FALSE,Newly discovered RSS feed
Association of Optometrists,-,N/A,-,,United Kingdom,aop.org.uk,No feed generated,FALSE,,,FALSE,
Associated Press of Pakistan (APP),-,N/A,failed,2025-11-29 12:05:31,Pakistan,app.com.pk,No feed generated,FALSE,Later,,FALSE,
Arabi21,https://swelbyboy.github.io/prospect-rss-feeds/arabi21.xml,OG,success,2025-11-29 11:38:31,United Kingdom,arabi21.com,Irrelevant prospect,FALSE,Sam,,FALSE,
Arageek,https://swelbyboy.github.io/prospect-rss-feeds/arageek.xml,OG,success,2025-11-29 12:05:34,United Arab Emirates,arageek.com,To Do,FALSE,,,FALSE,Newly discovered RSS feed
Archimania,https://swelbyboy.github.io/prospect-rss-feeds/archimania.xml,OG,success,2025-11-29 12:05:40,Poland,archimania.pl,To Do,FALSE,,,FALSE,Newly discovered RSS feed
Arena Bodrum Haber,https://swelbyboy.github.io/prospect-rss-feeds/arena-bodrum-haber.xml,OG,success,2025-11-29 12:06:08,Turkey,arenabodrumhaber.com,To Do,FALSE,Later,,FALSE,
Arre,-,N/A,-,,India,arre.co.in,No feed generated,FALSE,,,FALSE,
Ary Digital TV,-,N/A,-,,Pakistan,arydigital.tv,No feed generated,FALSE,,,FALSE,
ARY Digital Network,https://swelbyboy.github.io/prospect-rss-feeds/ary-digital-network.xml,OG,success,2025-11-29 12:06:09,United Arab Emirates,arydigitalnetwork.tv,Parent org,FALSE,Karen,,FALSE,
Ary News,https://swelbyboy.github.io/prospect-rss-feeds/ary-news.xml,OG,success,2025-11-29 12:06:18,Pakistan,arynews.tv,To Do,FALSE,Later,,FALSE,
The Asian Age,https://swelbyboy.github.io/prospect-rss-feeds/the-asian-age.xml,OG,success,2025-11-29 12:06:20,India,asianage.com,To Do,FALSE,,,FALSE,Newly discovered RSS feed
ASoglas,-,N/A,-,,Bosnia and Herzegovina,asinfo.info,No feed generated,FALSE,,,FALSE,
AT5,-,N/A,-,,Netherlands,at5.nl,No feed generated,FALSE,,,FALSE,
ATV,https://swelbyboy.github.io/prospect-rss-feeds/atv.xml,"OG (9), RSS (1)",success,2025-11-29 12:06:23,Hungary,atv.hu,Sending,FALSE,Karen,"Nov 27, 2025 ",FALSE,
Atv Banja Luka,-,N/A,-,,Bosnia and Herzegovina,atvbl.com,No feed generated,FALSE,,,FALSE,
Augusta Free Press,-,N/A,failed,2025-11-29 11:38:31,United States,augustafreepress.com,No feed generated,FALSE,Karen,,TRUE,Feed generation failed or no source feed found
Autoportal India,-,N/A,-,,India,autoportal.com,No feed generated,FALSE,,,FALSE,
Autoportal.hr,-,N/A,-,,Croatia,autoportal.hr,No feed generated,FALSE,,,FALSE,
Aviation & Defence Universe,https://swelbyboy.github.io/prospect-rss-feeds/aviation---defence-universe.xml,RSS,success,2025-11-29 12:06:30,India,aviation-defence-universe.com,Error adding feed to EBX,FALSE,Karen,,FALSE,An error occurred while validating the feed URL
Awami Web,-,N/A,-,,Pakistan,awamiweb.com,No feed generated,FALSE,,,FALSE,
Awesome Stuff 365,https://swelbyboy.github.io/prospect-rss-feeds/awesome-stuff-365.xml,OG,success,2025-11-29 12:06:39,New Zealand,awesomestuff365.com,Irrelevant prospect,FALSE,Later,,FALSE,
Aydınlık,https://swelbyboy.github.io/prospect-rss-feeds/aydınlık.xml,OG,success,2025-11-29 12:06:47,Turkey,aydinlik.com.tr,To Do,FALSE,Later,,FALSE,
BabyHome,-,N/A,-,,Taiwan,babyhome.com.tw,No feed generated,FALSE,,,FALSE,
Backyard Garden Lover,https://swelbyboy.github.io/prospect-rss-feeds/backyard-garden-lover.xml,OG,success,2025-11-29 11:38:32,United States,backyardgardenlover.com,Sending,FALSE,Karen,,FALSE,
Balkanrock,https://swelbyboy.github.io/prospect-rss-feeds/balkanrock.xml,OG,success,2025-11-29 12:06:51,Serbia,balkanrock.com,Error adding feed to EBX,FALSE,Karen,,FALSE,An error occurred while validating the feed URL
Bangladesh Post,-,N/A,-,,Bangladesh,bangladeshpost.net,No feed generated,FALSE,,,FALSE,
BanglaNews24.com.bd,https://swelbyboy.github.io/prospect-rss-feeds/banglanews24-com-bd.xml,RSS,success,2025-11-29 12:06:57,Bangladesh,banglanews24.com,To Do,FALSE,,,FALSE,
Bangla Tribune,https://www.banglatribune.com/feed/,Discovered-autodiscovery,failed,2025-12-21 22:13:00,Bangladesh,banglatribune.com,No feed generated,FALSE,,,FALSE,Feed generation failed or no source feed found
Bangla TV,https://swelbyboy.github.io/prospect-rss-feeds/bangla-tv.xml,OG,success,2025-11-29 12:06:58,Bangladesh,banglatv.tv,To Do,FALSE,Later,,FALSE,
bankingnews.gr,https://swelbyboy.github.io/prospect-rss-feeds/bankingnews-gr.xml,OG,success,2025-11-29 12:07:01,Greece,bankingnews.gr,Sending,FALSE,Karen,"Nov 27, 2025 ",FALSE,
Banks News,-,N/A,-,,Greece,banksnews.gr,No feed generated,FALSE,,,FALSE,
Bant Mag,-,N/A,failed,2025-11-29 12:07:01,Turkey,bantmag.com,No feed generated,FALSE,Later,,FALSE,
Barta Bazar,-,N/A,failed,2025-11-29 12:07:01,Bangladesh,bartabazar.com,No feed generated,FALSE,Later,,FALSE,
Basketa.gr,https://swelbyboy.github.io/prospect-rss-feeds/basketa-gr.xml,OG,success,2025-11-29 12:07:04,Greece,basketa.gr,Sending,FALSE,Karen,"Nov 27, 2025 ",FALSE,
Başlat Tuşu,-,N/A,failed,2025-11-29 12:07:05,Turkey,baslattusu.com,No feed generated,FALSE,Later,,FALSE,
巴士的報,-,N/A,-,,Hong Kong,bastillepost.com,No feed generated,FALSE,,,FALSE,
Batman Çağdaş Gazetesi,https://swelbyboy.github.io/prospect-rss-feeds/batman-çağdaş-gazetesi.xml,RSS,success,2025-11-29 12:07:05,Turkey,batmancagdas.com,To Do,FALSE,Later,,FALSE,
bdnews24,-,N/A,-,,Bangladesh,bdnews24.com,No feed generated,FALSE,,,FALSE,
Beatport,-,N/A,-,,United States,beatport.com,No feed generated,FALSE,,,FALSE,
Beebom,https://swelbyboy.github.io/prospect-rss-feeds/beebom.xml,OG,success,2025-11-29 12:07:08,India,beebom.com,Sending,FALSE,Karen,"Nov 27, 2025 ",FALSE,
Behindwoods,-,N/A,-,,India,behindwoods.com,No feed generated,FALSE,,,FALSE,
BENGÜTÜRK TV,https://swelbyboy.github.io/prospect-rss-feeds/bengütürk-tv.xml,OG,success,2025-11-29 12:07:10,Turkey,benguturk.com,To Do,FALSE,Later,,FALSE,
BetaNews,https://swelbyboy.github.io/prospect-rss-feeds/betanews.xml,OG,success,2025-11-29 11:38:33,United States,betanews.com,Sending,FALSE,Karen,,FALSE,
Bezuzyteczna.pl,https://swelbyboy.github.io/prospect-rss-feeds/bezuzyteczna-pl.xml,OG,success,2025-11-29 12:07:14,Poland,bezuzyteczna.pl,Sending,FALSE,Karen,"Nov 27, 2025 ",FALSE,
Bezzeganya,https://swelbyboy.github.io/prospect-rss-feeds/bezzeganya.xml,RSS,success,2025-11-29 12:07:25,Hungary,bezzeganya.hu,To Do,,,,,
Bulgaria on Air,-,N/A,-,,Bulgaria,bgonair.bg,No feed generated,FALSE,,,FALSE,
BHRT,-,N/A,-,,Bosnia and Herzegovina,bhrt.ba,No feed generated,FALSE,,,FALSE,
Portal Tuzlarije.net,-,N/A,-,,Bosnia and Herzegovina,bhstring.net,No feed generated,FALSE,,,FALSE,
Bianet,-,N/A,-,,Turkey,bianet.org,No feed generated,FALSE,,,FALSE,
Biplabi Sabyasachi News,https://swelbyboy.github.io/prospect-rss-feeds/biplabi-sabyasachi-news.xml,OG,success,2025-11-29 12:07:29,India,biplabisabyasachi.com,Sending,FALSE,Karen,"Nov 27, 2025 ",FALSE,
Aplicatia Biziday,https://swelbyboy.github.io/prospect-rss-feeds/aplicatia-biziday.xml,OG,success,2025-11-29 12:07:30,Romania,biziday.ro,Sending,FALSE,Karen,"Nov 27, 2025 ",FALSE,
Black Southern Belle,https://swelbyboy.github.io/prospect-rss-feeds/black-southern-belle.xml,OG,success,2025-11-29 11:39:00,United States,blacksouthernbelle.com,Insufficient/Old Content,FALSE,Karen,,FALSE,Only half of the newsletter is showing
Bladna.nl,-,N/A,-,,Netherlands,bladna.nl,No feed generated,FALSE,,,FALSE,
Blagoevgrad-NEWS,https://swelbyboy.github.io/prospect-rss-feeds/blagoevgrad-news.xml,OG,success,2025-11-29 12:07:32,Bulgaria,blagoevgrad-news.com,To Do,FALSE,,,FALSE,
Bleacher Nation,-,N/A,-,,United States,bleachernation.com,No feed generated,FALSE,,,FALSE,
BlenderNation,https://swelbyboy.github.io/prospect-rss-feeds/blendernation.xml,OG,success,2025-11-29 12:07:35,Netherlands,blendernation.com,Error adding feed to EBX,FALSE,Later,,FALSE,Can't add feed
blife.gr,https://swelbyboy.github.io/prospect-rss-feeds/blife-gr.xml,OG,success,2025-11-29 12:07:38,Greece,blife.gr,Sending,FALSE,Karen,"Nov 27, 2025 ",FALSE,
Blitz.bg,https://swelbyboy.github.io/prospect-rss-feeds/blitz-bg.xml,RSS,success,2025-11-29 12:07:40,Bulgaria,blitz.bg,To Do,FALSE,,,FALSE,
"Block Communications, Inc.",-,N/A,-,,United States,blockcommunications.com,No feed generated,FALSE,,,FALSE,
BLOKO,https://swelbyboy.github.io/prospect-rss-feeds/bloko.xml,OG,success,2025-11-29 12:07:49,Greece,bloko.gr,Sending,FALSE,Karen,"Nov 27, 2025 ",FALSE,
Bloomberg TV,-,N/A,-,,Bulgaria,bloombergtv.bg,No feed generated,FALSE,,,FALSE,
Blueprint Newspapers,-,N/A,failed,2025-11-29 12:07:49,Nigeria,blueprint.ng,No feed generated,FALSE,Later,,FALSE,
Business Next Media Group,-,N/A,-,,Taiwan,bnext.com.tw,No feed generated,FALSE,,,FALSE,
Bobotoh ID,https://swelbyboy.github.io/prospect-rss-feeds/bobotoh-id.xml,OG,success,2025-11-29 12:08:11,Indonesia,bobotoh.id,To Do,FALSE,Later,,FALSE,
Boec.bg,https://swelbyboy.github.io/prospect-rss-feeds/boec-bg.xml,OG,success,2025-11-29 12:08:24,Bulgaria,boec.bg,Sending,FALSE,Karen,"Nov 27, 2025 ",FALSE,
bold.dk,-,N/A,-,,Denmark,bold.dk,No feed generated,FALSE,,,FALSE,
Bollywood.com,-,N/A,-,,India,bollywood.com,No feed generated,FALSE,,,FALSE,
Bollywood Bubble,https://swelbyboy.github.io/prospect-rss-feeds/bollywood-bubble.xml,OG,success,2025-11-29 12:08:41,India,bollywoodbubble.com,Sending,FALSE,Karen,"Nov 27, 2025 ",FALSE,
BollywoodShaadis.com,https://swelbyboy.github.io/prospect-rss-feeds/bollywoodshaadis-com.xml,OG,success,2025-11-29 12:08:49,India,bollywoodshaadis.com,To Do,FALSE,Karen,,FALSE,Most of the content in the feed is too old
Mumbai Samachar,https://swelbyboy.github.io/prospect-rss-feeds/mumbai-samachar.xml,OG,success,2025-11-29 12:09:00,India,bombaysamachar.com,Sending,FALSE,Karen,"Nov 27, 2025 ",FALSE,
Daily Bonik Barta,-,N/A,-,,Bangladesh,bonikbarta.net,No feed generated,FALSE,,,FALSE,
Bosloker.com,-,N/A,-,,Indonesia,bosloker.com,No feed generated,FALSE,,,FALSE,
Булевард България Boulevard Bulgaria,https://swelbyboy.github.io/prospect-rss-feeds/булевард-българия-boulevard-bulgaria.xml,OG,success,2025-11-29 12:09:04,Bulgaria,boulevardbulgaria.bg,To Do,FALSE,,,FALSE,
Brasov Time,https://swelbyboy.github.io/prospect-rss-feeds/brasov-time.xml,OG,success,2025-11-29 12:09:08,Romania,brasov.net,Sending,FALSE,Karen,"Nov 27, 2025 ",FALSE,
Business Recorder,-,N/A,-,,Pakistan,brecorder.com,No feed generated,FALSE,,,FALSE,
Bredavandaag,-,N/A,-,,Netherlands,bredavandaag.nl,No feed generated,FALSE,,,FALSE,
Brownwood News,https://swelbyboy.github.io/prospect-rss-feeds/brownwood-news.xml,OG,success,2025-11-29 11:39:10,United States,brownwoodnews.com,Sending,FALSE,Karen,,TRUE,
budapest kornyeke,https://swelbyboy.github.io/prospect-rss-feeds/budapest-kornyeke.xml,OG,success,2025-11-29 12:09:10,Hungary,budapestkornyeke.hu,Sending,FALSE,Karen,"Nov 27, 2025 ",FALSE,
Budget Earth,https://swelbyboy.github.io/prospect-rss-feeds/budget-earth.xml,RSS,success,2025-11-29 11:39:14,United States,budgetearth.com,Irrelevant prospect,FALSE,Karen,,FALSE,
Bumm.sk,-,N/A,-,,Hungary,bumm.sk,No feed generated,FALSE,,,FALSE,
Bursasporda Bugün,-,N/A,-,,Turkey,bursaspordabugun.com,No feed generated,FALSE,,,FALSE,
BusinessFocus,-,N/A,-,,Hong Kong,businessfocus.io,No feed generated,FALSE,,,FALSE,
Business Today,-,N/A,-,,Taiwan,businesstoday.com.tw,No feed generated,FALSE,,,FALSE,
Caldecott Music Group,-,N/A,-,,Singapore,caldecottmusic.com,No feed generated,FALSE,,,FALSE,
Caras Online,https://swelbyboy.github.io/prospect-rss-feeds/caras-online.xml,OG,success,2025-11-29 12:09:31,Romania,caon.ro,Sending,FALSE,Karen,"Nov 27, 2025 ",FALSE,
CapeCod.com,https://swelbyboy.github.io/prospect-rss-feeds/capecod-com.xml,OG,success,2025-11-29 11:39:15,United States,capecod.com,Sending,FALSE,Karen,"Nov 26, 2025 ",FALSE,
Capital.ro,https://swelbyboy.github.io/prospect-rss-feeds/capital-ro.xml,OG,success,2025-11-29 12:09:35,Romania,capital.ro,To Do,FALSE,,,FALSE,
Capital Blues,-,N/A,-,,India,capitalblues.in,No feed generated,FALSE,,,FALSE,
卡優新聞網,-,N/A,-,,Taiwan,cardu.com.tw,No feed generated,FALSE,,,FALSE,
CarGuide.PH,https://swelbyboy.github.io/prospect-rss-feeds/carguide-ph.xml,OG,success,2025-11-29 12:09:39,Philippines,carguide.ph,To Do,FALSE,Later,,FALSE,
Cashless.pl,https://swelbyboy.github.io/prospect-rss-feeds/cashless-pl.xml,OG,success,2025-11-29 12:09:43,Poland,cashless.pl,Insufficient/Old Content,FALSE,Karen,,FALSE,Images not showing on newsletter
Catch News,-,N/A,-,,India,catchnews.com,No feed generated,FALSE,,,FALSE,
Cazin Danas,-,N/A,-,,Bosnia and Herzegovina,cazin-danas.net,No feed generated,FALSE,,,FALSE,
Ceknricek.com,-,N/A,failed,2025-11-29 12:09:43,Indonesia,ceknricek.com,No feed generated,FALSE,Later,,FALSE,
Channel 24,-,N/A,-,,Bangladesh,channel24bd.tv,No feed generated,FALSE,,,FALSE,
Circle of Cricket India,https://swelbyboy.github.io/prospect-rss-feeds/circle-of-cricket-india.xml,"OG (8), RSS (2)",success,2025-11-29 12:10:04,India,circleofcricket.com,To Do,FALSE,,,FALSE,
Civilhetes,https://swelbyboy.github.io/prospect-rss-feeds/civilhetes.xml,RSS,success,2025-11-29 12:10:23,Hungary,civilhetes.net,Sending,FALSE,Karen,"Nov 28, 2025 ",FALSE,
Clare FM,https://swelbyboy.github.io/prospect-rss-feeds/clare-fm.xml,OG,success,2025-11-29 12:10:25,Ireland,clare.fm,To Do,FALSE,Later,,FALSE,
ClickTheCity,-,N/A,-,,Philippines,clickthecity.com,No feed generated,FALSE,,,FALSE,
clinica.bg,https://swelbyboy.github.io/prospect-rss-feeds/clinica-bg.xml,OG,success,2025-11-29 12:10:33,Bulgaria,clinica.bg,To Do,FALSE,,,FALSE,
Spitalul de cardiologie Clinicco Brașov,-,N/A,-,,Romania,clinicco.ro,No feed generated,FALSE,,,FALSE,
理財寶,-,N/A,-,,Taiwan,cmoney.tw,No feed generated,FALSE,,,FALSE,
Color Press,https://swelbyboy.github.io/prospect-rss-feeds/color-press.xml,OG,success,2025-11-29 12:10:36,Serbia,color.rs,Parent org,FALSE,Karen,,FALSE,
Compupress,-,N/A,-,,Greece,compupress.gr,No feed generated,FALSE,,,FALSE,
Confidentials.com,-,N/A,-,,United Kingdom,confidentials.com,No feed generated,FALSE,,,FALSE,
Con Las Bases Llenas,-,N/A,-,,United States,conlasbasesllenas.com,No feed generated,FALSE,,,FALSE,
Corren,https://swelbyboy.github.io/prospect-rss-feeds/corren.xml,OG,success,2025-11-29 12:10:38,Sweden,corren.se,Sending,FALSE,Karen,,FALSE,
Cosmopolitan Taiwan,-,N/A,-,,Taiwan,cosmopolitan.com.tw,No feed generated,FALSE,,,FALSE,
CretaDrive,https://swelbyboy.github.io/prospect-rss-feeds/cretadrive.xml,OG,success,2025-11-29 12:10:55,Greece,cretadrive.gr,Error adding feed to EBX,FALSE,Karen,,FALSE,An error occurred while validating the feed URL
Cricfit,https://swelbyboy.github.io/prospect-rss-feeds/cricfit.xml,OG,success,2025-11-29 12:10:57,India,cricfit.com,Error adding feed to EBX,FALSE,Karen,,FALSE,An error occurred while validating the feed URL
Cricketnmore,https://swelbyboy.github.io/prospect-rss-feeds/cricketnmore.xml,OG,success,2025-11-29 12:11:09,India,cricketnmore.com,To Do,FALSE,,,FALSE,
CricketTimes.com,https://swelbyboy.github.io/prospect-rss-feeds/crickettimes-com.xml,OG,success,2025-11-29 12:11:17,India,crickettimes.com,To Do,FALSE,,,FALSE,
Cricket Shots,https://swelbyboy.github.io/prospect-rss-feeds/cricket-shots.xml,OG,success,2025-11-29 12:11:21,India,cricshots.com,Sending,FALSE,Karen,"Nov 28, 2025 ",FALSE,
Crowd Media [Poland],https://swelbyboy.github.io/prospect-rss-feeds/crowd-media--poland.xml,OG,success,2025-11-29 12:11:25,Poland,crowdmedia.pl,Sending,FALSE,Karen,"Nov 28, 2025 ",FALSE,
csakfoci.hu,-,N/A,-,,Hungary,csakfoci.hu,No feed generated,FALSE,,,FALSE,
Cuckoo For Coupon Deals,https://swelbyboy.github.io/prospect-rss-feeds/cuckoo-for-coupon-deals.xml,OG,success,2025-11-29 11:39:36,United States,cuckooforcoupondeals.com,Irrelevant prospect,FALSE,Karen,,FALSE,
Cuget Liber Constanta,-,N/A,-,,Romania,cugetliber.ro,No feed generated,FALSE,,,FALSE,
Curvy Girl Chic,-,N/A,-,,United States,curvygirlchic.com,No feed generated,FALSE,,,FALSE,
INCREASE SPÓŁKA Z OGRANICZONĄ ODPOWIEDZIALNOŚCIĄ SPÓŁKA KOMANDYTOWA,-,N/A,-,,Poland,cytaty.pl,No feed generated,FALSE,,,FALSE,
Daijiworld News,-,N/A,-,,India,daijiworld.com,No feed generated,FALSE,,,FALSE,
Daily Aaj,-,N/A,-,,Pakistan,dailyaaj.com.pk,No feed generated,FALSE,,,FALSE,
Daily Ausaf,-,N/A,failed,2025-11-29 12:11:25,Pakistan,dailyausaf.com,No feed generated,FALSE,Later,,FALSE,
Daily Post Punjabi,https://swelbyboy.github.io/prospect-rss-feeds/daily-post-punjabi.xml,OG,success,2025-11-29 12:11:36,India,dailypost.in,Sending,FALSE,Karen,"Nov 28, 2025 ",FALSE,
Daily Post Nigeria,https://swelbyboy.github.io/prospect-rss-feeds/daily-post-nigeria.xml,OG,success,2025-11-29 12:11:36,Nigeria,dailypost.ng,To Do,FALSE,Later,,FALSE,
Danybon,-,N/A,-,,Bulgaria,danybon.com,No feed generated,FALSE,,,FALSE,
Dap-News,https://swelbyboy.github.io/prospect-rss-feeds/dap-news.xml,OG,success,2025-11-29 12:11:46,India,dap-news.com,Sending,FALSE,Karen,"Nov 28, 2025 ",FALSE,
Dartfreakz.nl,https://swelbyboy.github.io/prospect-rss-feeds/dartfreakz-nl.xml,OG,success,2025-11-29 12:11:50,Netherlands,dartfreakz.nl,Sending,FALSE,Karen,"Nov 26, 2025 ",FALSE,
Dastak Times,https://swelbyboy.github.io/prospect-rss-feeds/dastak-times.xml,OG,success,2025-11-29 12:11:55,India,dastaktimes.org,Sending,FALSE,Karen,"Nov 28, 2025 ",FALSE,
DCNews,https://swelbyboy.github.io/prospect-rss-feeds/dcnews.xml,RSS,success,2025-11-29 12:11:57,Romania,dcnews.ro,Error adding feed to EBX,FALSE,Karen,,FALSE,An error occurred while validating the feed URL
DDTC Indonesia,-,N/A,-,,Indonesia,ddtc.co.id,No feed generated,FALSE,,,FALSE,
Debreceni Nap,https://swelbyboy.github.io/prospect-rss-feeds/debreceni-nap.xml,OG,success,2025-11-29 12:12:15,Hungary,debreceninap.hu,Sending,FALSE,Karen,"Nov 28, 2025 ",FALSE,
Deccan Chronicle,https://swelbyboy.github.io/prospect-rss-feeds/deccan-chronicle.xml,OG,success,2025-11-29 12:12:19,India,deccanchronicle.com,Sending,FALSE,Karen,"Nov 28, 2025 ",FALSE,
Decoded Magazine,https://swelbyboy.github.io/prospect-rss-feeds/decoded-magazine.xml,OG,success,2025-11-29 11:39:40,United Kingdom,decodedmagazine.com,To Do,FALSE,Karen,,TRUE,"Replied, not interested"
Deepika,-,N/A,-,,India,deepika.com,No feed generated,FALSE,,,FALSE,
Demotywatory,https://swelbyboy.github.io/prospect-rss-feeds/demotywatory.xml,RSS,success,2025-11-29 12:12:21,Poland,demotywatory.pl,Error adding feed to EBX,FALSE,Karen,,FALSE,An error occurred while validating the feed URL
Denge Gazetesi,https://swelbyboy.github.io/prospect-rss-feeds/denge-gazetesi.xml,OG,success,2025-11-29 12:12:25,Turkey,dengegazetesi.com.tr,To Do,FALSE,Later,,FALSE,
DESCOPERA.ro,https://swelbyboy.github.io/prospect-rss-feeds/descopera-ro.xml,OG,success,2025-11-29 12:12:28,Romania,descopera.ro,Sending,FALSE,Karen,"Nov 28, 2025 ",FALSE,
Shrirang Prakashan,https://swelbyboy.github.io/prospect-rss-feeds/shrirang-prakashan.xml,OG,success,2025-11-29 12:12:32,India,deshdoot.com,Sending,FALSE,Karen,"Nov 28, 2025 ",FALSE,
Desprecopii,-,N/A,-,,Romania,desprecopii.com,No feed generated,FALSE,,,FALSE,
Detroit Sports Nation,https://swelbyboy.github.io/prospect-rss-feeds/detroit-sports-nation.xml,OG,success,2025-11-29 11:39:42,United States,detroitsportsnation.com,Sending,FALSE,Karen,,FALSE,
DEV Community,https://swelbyboy.github.io/prospect-rss-feeds/dev-community.xml,OG,success,2025-11-29 11:39:42,United States,dev.to,Sending,FALSE,Karen,,FALSE,
DforDelhi,https://swelbyboy.github.io/prospect-rss-feeds/dfordelhi.xml,OG,success,2025-11-29 12:12:48,India,dfordelhi.in,Irrelevant prospect,FALSE,Karen,,FALSE,No new content
Dhanam Business Magazine,https://swelbyboy.github.io/prospect-rss-feeds/dhanam-business-magazine.xml,OG,success,2025-11-29 12:12:49,India,dhanamonline.com,Error adding feed to EBX,FALSE,Karen,,FALSE,An error occurred while validating the feed URL
Diadrastika,https://swelbyboy.github.io/prospect-rss-feeds/diadrastika.xml,OG,success,2025-11-29 12:12:59,Greece,diadrastika.com,Irrelevant prospect,FALSE,Karen,,FALSE,No new content
DIGI Távközlési és Szolgáltató,-,N/A,-,,Hungary,digi.hu,No feed generated,FALSE,,,FALSE,
Digi24,https://swelbyboy.github.io/prospect-rss-feeds/digi24.xml,OG,success,2025-11-29 12:13:06,Romania,digi24.ro,Sending,FALSE,Karen,"Nov 28, 2025 ",FALSE,
Digitaal Dagblad,https://swelbyboy.github.io/prospect-rss-feeds/digitaal-dagblad.xml,OG,success,2025-11-29 12:13:08,Netherlands,digitaaldagblad.nl,Parent org,FALSE,Later,,FALSE,
OPINIONPOST,https://swelbyboy.github.io/prospect-rss-feeds/opinionpost.xml,OG,success,2025-11-29 12:13:10,Greece,dikaiologitika.gr,Sending,FALSE,Karen,"Nov 26, 2025 ",FALSE,
diken.com.tr,https://swelbyboy.github.io/prospect-rss-feeds/diken-com-tr.xml,OG,success,2025-11-29 12:13:13,Turkey,diken.com.tr,To Do,FALSE,Later,,FALSE,
Dimarxos,https://swelbyboy.github.io/prospect-rss-feeds/dimarxos.xml,OG,success,2025-11-29 12:13:29,Greece,dimarxos.gr,Sending,FALSE,Karen,"Nov 28, 2025 ",FALSE,
Dinakaran,-,N/A,-,,India,dinakaran.com,No feed generated,FALSE,,,FALSE,
Dir.bg,-,N/A,-,,Bulgaria,dir.bg,No feed generated,FALSE,,,FALSE,
Diriliş Postası,https://swelbyboy.github.io/prospect-rss-feeds/diriliş-postası.xml,OG,success,2025-11-29 12:13:31,Turkey,dirilispostasi.com,To Do,FALSE,Later,,FALSE,
Divya Bhaskar,-,N/A,-,,India,divyabhaskar.co.in,No feed generated,FALSE,,,FALSE,
Dnevnik.rs,-,N/A,failed,2025-11-29 12:13:31,Serbia,dnevnik.rs,No feed generated,FALSE,Later,,FALSE,
DOBA.PL,-,N/A,-,,Poland,doba.pl,No feed generated,FALSE,,,FALSE,
Dobrudja Media Group,https://swelbyboy.github.io/prospect-rss-feeds/dobrudja-media-group.xml,OG,success,2025-11-29 12:13:36,Bulgaria,dobrudjabg.com,Sending,FALSE,Karen,"Nov 28, 2025 ",FALSE,
Document.no,https://swelbyboy.github.io/prospect-rss-feeds/document-no.xml,OG,success,2025-11-29 12:13:45,Norway,document.no,Sending,FALSE,Karen,,FALSE,
Dokuz Eylül Akademi,https://swelbyboy.github.io/prospect-rss-feeds/dokuz-eylül-akademi.xml,OG,success,2025-11-29 12:13:47,Turkey,dokuzeylul.com,To Do,FALSE,Later,,FALSE,
Izaberi zdravo,-,N/A,-,,Bosnia and Herzegovina,dominantni.com,No feed generated,FALSE,,,FALSE,
Donald,https://swelbyboy.github.io/prospect-rss-feeds/donald.xml,OG,success,2025-11-29 12:13:53,Poland,donald.pl,To Do,FALSE,,,FALSE,
Dool News,https://swelbyboy.github.io/prospect-rss-feeds/dool-news.xml,OG,success,2025-11-29 12:14:03,India,doolnews.com,Sending,FALSE,Karen,"Nov 28, 2025 ",FALSE,
DPG Digital Media [CNN Greece],-,N/A,-,,Greece,dpgmedia.gr,No feed generated,FALSE,,,FALSE,
Drents Nieuws,-,N/A,-,,Netherlands,drentsnieuws.nl,No feed generated,FALSE,,,FALSE,
Dubrovnik Insider,https://swelbyboy.github.io/prospect-rss-feeds/dubrovnik-insider.xml,OG,success,2025-11-29 12:14:15,Croatia,dubrovnikinsider.hr,Insufficient/Old Content,FALSE,Karen,,FALSE,Images not showing on newsletter
Verbum publicum,-,N/A,-,,Croatia,dubrovnikpress.hr,No feed generated,FALSE,,,FALSE,
Duna Médiaszolgáltató Zrt,-,N/A,-,,Hungary,dunamsz.hu,No feed generated,FALSE,,,FALSE,
Dunaszerdahelyi,https://swelbyboy.github.io/prospect-rss-feeds/dunaszerdahelyi.xml,OG,success,2025-11-29 12:14:25,Hungary,dunaszerdahelyi.sk,Sending,FALSE,Karen,"Nov 28, 2025 ",FALSE,
Dynamite News,https://swelbyboy.github.io/prospect-rss-feeds/dynamite-news.xml,OG,success,2025-11-29 12:14:33,India,dynamitenews.com,Sending,FALSE,Karen,"Nov 28, 2025 ",FALSE,
DZRH Manila,-,N/A,-,,Philippines,dzrhnews.com.ph,No feed generated,FALSE,,,FALSE,
Earki,https://swelbyboy.github.io/prospect-rss-feeds/earki.xml,OG,success,2025-11-29 12:14:39,Bangladesh,earki.co,To Do,FALSE,,,FALSE,
EatTreat,-,N/A,-,,India,eattreat.in,No feed generated,FALSE,,,FALSE,
Ebasket.gr,https://swelbyboy.github.io/prospect-rss-feeds/ebasket-gr.xml,OG,success,2025-11-29 12:14:42,Greece,ebasket.gr,Error adding feed to EBX,FALSE,Karen,,FALSE,An error occurred while validating the feed URL
Eastern Broadcasting Company,-,N/A,-,,Taiwan,ebc.net.tw,No feed generated,FALSE,,,FALSE,
Economic.bg,https://swelbyboy.github.io/prospect-rss-feeds/economic-bg.xml,RSS,success,2025-11-29 12:14:50,Bulgaria,economic.bg,To Do,FALSE,Karen,,FALSE,
Economica.net,https://swelbyboy.github.io/prospect-rss-feeds/economica-net.xml,OG,success,2025-11-29 12:15:00,Romania,economica.net,Sending,FALSE,Karen,"Nov 28, 2025 ",FALSE,
Economies.com,-,N/A,-,,United States,economies.com,No feed generated,FALSE,,,FALSE,
East Coast Radio,-,N/A,-,,South Africa,ecr.co.za,No feed generated,FALSE,,,FALSE,
eduguide.gr,-,N/A,-,,Greece,eduguide.gr,No feed generated,FALSE,,,FALSE,
EduPedu,https://swelbyboy.github.io/prospect-rss-feeds/edupedu.xml,OG,success,2025-11-29 12:15:01,Romania,edupedu.ro,Sending,FALSE,Karen,"Nov 28, 2025 ",FALSE,
Eenadu,-,N/A,-,,India,eenadu.net,No feed generated,FALSE,,,FALSE,
Eger Hírek,https://swelbyboy.github.io/prospect-rss-feeds/eger-hírek.xml,OG,success,2025-11-29 12:15:25,Hungary,egerhirek.hu,Sending,FALSE,Karen,"Nov 28, 2025 ",FALSE,
EGM Media,https://swelbyboy.github.io/prospect-rss-feeds/egm-media.xml,OG,success,2025-11-29 11:39:46,United States,egmnow.com,Content not retrieved (retry later),FALSE,Karen,,FALSE,"""No relevant articles found on content feeds""""
(Most articles in the feed are old)"
Ekattor,https://ekattor.tv/feed/,Discovered-autodiscovery,failed,2025-12-21 22:13:00,Bangladesh,ekattor.tv,No feed generated,FALSE,,,FALSE,Feed generation failed or no source feed found
Εκκλησία Online,-,N/A,-,,Greece,ekklisiaonline.gr,No feed generated,FALSE,,,FALSE,
Ekşi Sözlük,-,N/A,-,,Turkey,eksisozluk.com,No feed generated,FALSE,,,FALSE,
NedeljniEkspres,-,N/A,failed,2025-11-29 12:15:25,Bosnia and Herzegovina,ekspres.net,No feed generated,FALSE,Later,,FALSE,
Ekushey TV,-,N/A,-,,Bangladesh,ekushey-tv.com,No feed generated,FALSE,,,FALSE,
Elbistan Olay,-,N/A,-,,Turkey,elbistanolay.com,No feed generated,FALSE,,,FALSE,
Elegant Star,-,N/A,-,,Croatia,elegant.hr,No feed generated,FALSE,,,FALSE,
ELLE (Bulgaria),https://swelbyboy.github.io/prospect-rss-feeds/elle--bulgaria.xml,OG,success,2025-11-29 12:15:28,Bulgaria,elle.bg,To Do,FALSE,,,FALSE,
EL Media Group,-,N/A,-,,Greece,elmedia.gr,No feed generated,FALSE,,,FALSE,
Emarat News (الإمارات نيوز),https://swelbyboy.github.io/prospect-rss-feeds/emarat-news--الإمارات-نيوز.xml,OG,success,2025-11-29 12:15:33,United Arab Emirates,emarat-news.ae,Sending,FALSE,Karen,"Nov 28, 2025 ",FALSE,
Emerald Green Media,https://swelbyboy.github.io/prospect-rss-feeds/emerald-green-media.xml,OG,success,2025-11-29 11:39:48,United Kingdom,emeraldgreenmedia.com,Parent org,FALSE,Sam,,FALSE,
Emlak 365,https://swelbyboy.github.io/prospect-rss-feeds/emlak-365.xml,OG,success,2025-11-29 12:15:35,Turkey,emlak365.com,To Do,FALSE,,,FALSE,
Εναλλακτική Δράση,https://swelbyboy.github.io/prospect-rss-feeds/εναλλακτική-δράση.xml,OG,success,2025-11-29 12:15:37,Greece,enallaktikidrasi.com,Sending,FALSE,Karen,"Nov 26, 2025 ",FALSE,
Energypress.gr,https://swelbyboy.github.io/prospect-rss-feeds/energypress-gr.xml,OG,success,2025-11-29 12:15:39,Greece,energypress.gr,Error adding feed to EBX,FALSE,Karen,,FALSE,An error occurred while validating the feed URL
Ensonhaber,https://swelbyboy.github.io/prospect-rss-feeds/ensonhaber.xml,OG,success,2025-11-29 12:15:43,Turkey,ensonhaber.com,To Do,FALSE,Later,,FALSE,
Epirus News,https://swelbyboy.github.io/prospect-rss-feeds/epirus-news.xml,OG,success,2025-11-29 12:15:46,Greece,epirusnews.eu,Content not retrieved (retry later),FALSE,Karen,,FALSE,try again later
ePitesti.ro,https://swelbyboy.github.io/prospect-rss-feeds/epitesti-ro.xml,OG,success,2025-11-29 12:15:57,Romania,epitesti.ro,Error adding feed to EBX,FALSE,Karen,,FALSE,An error occurred while validating the feed URL
Epoka E Re,https://swelbyboy.github.io/prospect-rss-feeds/epoka-e-re.xml,"OG (8), RSS (2)",success,2025-11-29 12:16:00,Croatia,epokaere.com,Sending,FALSE,Karen,,FALSE,
Ereğli FM,-,N/A,-,,Turkey,ereglifm.com.tr,No feed generated,FALSE,,,FALSE,
إرم نيوز,-,N/A,-,,United Arab Emirates,eremnews.com,No feed generated,FALSE,,,FALSE,
ESDlife,-,N/A,-,,Hong Kong,esdlife.com,No feed generated,FALSE,,,FALSE,
Esport1,https://swelbyboy.github.io/prospect-rss-feeds/esport1.xml,OG,success,2025-11-29 12:16:18,Hungary,esport1.hu,Sending,FALSE,Karen,"Nov 28, 2025 ",FALSE,
Esport Now,https://swelbyboy.github.io/prospect-rss-feeds/esport-now.xml,OG,success,2025-11-29 12:16:27,Poland,esportnow.pl,Sending,FALSE,Karen,"Nov 28, 2025 ",FALSE,
Essex Media Group,https://swelbyboy.github.io/prospect-rss-feeds/essex-media-group.xml,OG,-,,United States,essexmediagroup.com,Sending,FALSE,Karen,,FALSE,
Ethnos,https://swelbyboy.github.io/prospect-rss-feeds/ethnos.xml,OG,success,2025-11-29 12:16:32,Greece,ethnos.gr,Sending,FALSE,Karen,"Nov 28, 2025 ",FALSE,
ET Today,-,N/A,-,,Taiwan,ettoday.net,No feed generated,FALSE,,,FALSE,
The Eurasian Times,https://swelbyboy.github.io/prospect-rss-feeds/the-eurasian-times.xml,OG,success,2025-11-29 12:16:37,India,eurasiantimes.com,Sending,FALSE,Karen,"Nov 28, 2025 ",FALSE,
eVarazdin,-,N/A,-,,Croatia,evarazdin.hr,No feed generated,FALSE,,,FALSE,
EVZ Group,-,N/A,-,,Romania,evz.ro,No feed generated,FALSE,,,FALSE,
Expat Woman,-,N/A,-,,United Arab Emirates,expatwoman.com,No feed generated,FALSE,,,FALSE,
Extra Świecie,https://swelbyboy.github.io/prospect-rss-feeds/extra-świecie.xml,OG,success,2025-11-29 12:16:40,Poland,extraswiecie.pl,Sending,FALSE,Karen,"Nov 28, 2025 ",FALSE,
F1Maximaal.nl,https://swelbyboy.github.io/prospect-rss-feeds/f1maximaal-nl.xml,OG,success,2025-11-29 12:16:49,Netherlands,f1maximaal.nl,Error adding feed to EBX,FALSE,Karen,,FALSE,An error occurred while validating the feed URL
F1VILÁG,https://swelbyboy.github.io/prospect-rss-feeds/f1világ.xml,OG,success,2025-11-29 12:16:53,Hungary,f1vilag.hu,To Do,FALSE,Later,,FALSE,Hosted feed generated successfully
Face TV Sarajevo,https://swelbyboy.github.io/prospect-rss-feeds/face-tv-sarajevo.xml,OG,success,2025-11-29 12:16:55,Bosnia and Herzegovina,face.ba,Sending,FALSE,Karen,"Nov 28, 2025 ",FALSE,
FacMedicine,https://swelbyboy.github.io/prospect-rss-feeds/facmedicine.xml,OG,success,2025-11-29 11:39:50,United States,facmedicine.com,Irrelevant prospect,FALSE,Karen,,FALSE,
Hope Faith Love,https://swelbyboy.github.io/prospect-rss-feeds/hope-faith-love.xml,OG,success,2025-11-29 11:39:55,United States,faithhub.net,Irrelevant prospect,FALSE,Karen,,FALSE,
Famous Birthdays,-,N/A,-,,United States,famousbirthdays.com,No feed generated,FALSE,,,FALSE,
Fangol PL,https://swelbyboy.github.io/prospect-rss-feeds/fangol-pl.xml,RSS,success,2025-11-29 12:16:56,Poland,fangol.pl,Error adding feed to EBX,FALSE,Karen,,FALSE,An error occurred while validating the feed URL
FanPiece,-,N/A,-,,Hong Kong,fanpiece.com,No feed generated,FALSE,,,FALSE,
FHM Nederland,https://swelbyboy.github.io/prospect-rss-feeds/fhm-nederland.xml,OG,success,2025-11-29 12:17:01,Netherlands,fhm.nl,Sending,FALSE,Karen,"Nov 25, 2025 ",FALSE,
Fight24.pl,https://swelbyboy.github.io/prospect-rss-feeds/fight24-pl.xml,RSS,success,2025-11-29 12:17:06,Poland,fight24.pl,Irrelevant prospect,FALSE,Karen,,FALSE,No new content
Film Companion,https://swelbyboy.github.io/prospect-rss-feeds/film-companion.xml,OG,success,2025-11-29 12:17:08,India,filmcompanion.in,Irrelevant prospect,FALSE,Karen,,FALSE,No new content
Filmtekercs,-,N/A,failed,2025-11-29 12:17:08,Hungary,filmtekercs.hu,No feed generated,FALSE,Later,,FALSE,
Findance,-,N/A,-,,Finland,findance.com,No feed generated,FALSE,,,FALSE,
Finder,https://swelbyboy.github.io/prospect-rss-feeds/finder.xml,OG,success,2025-11-29 12:17:09,Australia,finder.com.au,Irrelevant prospect,FALSE,Later,,FALSE,
First Coast News,-,N/A,-,,United States,firstcoastnews.com,No feed generated,FALSE,,,FALSE,
Media 365 j.d.o.o,https://swelbyboy.github.io/prospect-rss-feeds/media-365-j-d-o-o.xml,OG,success,2025-11-29 12:17:20,Croatia,fiuman.hr,Sending,FALSE,Karen,,FALSE,
Flashnews.gr,https://swelbyboy.github.io/prospect-rss-feeds/flashnews-gr.xml,OG,success,2025-11-29 12:17:35,Greece,flashnews.gr,Error adding feed to EBX,FALSE,Karen,,FALSE,An error occurred while validating the feed URL
Flashstar.gr,https://swelbyboy.github.io/prospect-rss-feeds/flashstar-gr.xml,OG,success,2025-11-29 12:17:36,Greece,flashstars.gr,Irrelevant prospect,FALSE,Karen,,FALSE,No new content
Flood Communications,https://swelbyboy.github.io/prospect-rss-feeds/flood-communications.xml,OG,success,2025-11-29 11:39:59,United States,floodcomm.com,Parent org,FALSE,Karen,,FALSE,
Flow Magazine GR,-,N/A,-,,Greece,flowmagazine.gr,No feed generated,FALSE,,,FALSE,
Fly4Free,https://swelbyboy.github.io/prospect-rss-feeds/fly4free.xml,OG,success,2025-11-29 12:17:41,Poland,fly4free.pl,Sending,FALSE,Karen,"Nov 28, 2025 ",FALSE,
Foochia,-,N/A,-,,United Arab Emirates,foochia.com,No feed generated,FALSE,,,FALSE,
Forever Communications,https://swelbyboy.github.io/prospect-rss-feeds/forever-communications.xml,OG,success,2025-11-29 11:40:04,United States,forevercom.com,Parent org,FALSE,Karen,,FALSE,
Forum 24,-,N/A,-,,,forum24.fi,No feed generated,FALSE,,,FALSE,
放言 Fount Media,-,N/A,-,,Taiwan,fountmedia.io,No feed generated,FALSE,,,FALSE,
Fox 21 News,https://swelbyboy.github.io/prospect-rss-feeds/fox-21-news.xml,OG,success,2025-11-29 11:40:04,United States,fox21online.com,Sending,FALSE,Karen,,FALSE,
WPMT Fox43,-,N/A,-,,United States,fox43.com,No feed generated,FALSE,,,FALSE,
Ferencvárosi Torna Club,https://swelbyboy.github.io/prospect-rss-feeds/ferencvárosi-torna-club.xml,OG,success,2025-11-29 12:17:58,Hungary,fradi.hu,Sending,FALSE,Karen,"Nov 28, 2025 ",FALSE,
Fragile,https://swelbyboy.github.io/prospect-rss-feeds/fragile.xml,OG,success,2025-11-29 12:18:01,Greece,fragilemag.gr,Sending,FALSE,Karen,"Nov 28, 2025 ",FALSE,
Francuskie.pl - Dziennik motoryzacji francuskiej,https://swelbyboy.github.io/prospect-rss-feeds/francuskie-pl---dziennik-motoryzacji-francuskiej.xml,OG,success,2025-11-29 12:18:04,Poland,francuskie.pl,Sending,FALSE,Karen,"Nov 28, 2025 ",FALSE,
Freddo News,-,N/A,failed,2025-11-29 12:18:04,Greece,freddonews.eu,No feed generated,FALSE,Later,,FALSE,
Free Press Journal,-,N/A,-,,India,freepressjournal.in,No feed generated,FALSE,,,FALSE,
Fresh: Hip-Hop & R&B,https://swelbyboy.github.io/prospect-rss-feeds/fresh--hip-hop---r-b.xml,OG,success,2025-11-29 11:40:07,United States,freshhiphoprnb.com,Sending,FALSE,Karen,,FALSE,
G4 Media,https://swelbyboy.github.io/prospect-rss-feeds/g4-media.xml,OG,success,2025-11-29 12:18:07,Romania,g4media.ro,Sending,FALSE,Karen,"Nov 28, 2025 ",FALSE,
GadgetMatch,https://swelbyboy.github.io/prospect-rss-feeds/gadgetmatch.xml,OG,success,2025-11-29 12:18:16,Singapore,gadgetmatch.com,Sending,FALSE,Karen,,FALSE,
Gadgets Pilipinas,https://swelbyboy.github.io/prospect-rss-feeds/gadgets-pilipinas.xml,OG,success,2025-11-29 12:18:29,Philippines,gadgetpilipinas.net,To Do,FALSE,Later,,FALSE,
Gamedaim,https://swelbyboy.github.io/prospect-rss-feeds/gamedaim.xml,OG,success,2025-11-29 12:18:34,Indonesia,gamedaim.com,To Do,FALSE,Later,,FALSE,
Gamer Network,-,N/A,-,,United Kingdom,gamer.network,No feed generated,FALSE,,,FALSE,
GameReactor EU,https://swelbyboy.github.io/prospect-rss-feeds/gamereactor-eu.xml,OG,success,2025-11-29 12:18:37,Denmark,gamereactor.eu,Sending,FALSE,Karen,"Nov 26, 2025 ",FALSE,
GameStar Hungary,-,N/A,-,,Hungary,gamestar.hu,No feed generated,FALSE,,,FALSE,
Gandul,https://swelbyboy.github.io/prospect-rss-feeds/gandul.xml,OG,success,2025-11-29 12:18:41,Romania,gandul.info,Sending,FALSE,Karen,"Nov 28, 2025 ",FALSE,
Gazeta Express,-,N/A,failed,2025-11-29 12:18:41,Serbia,gazetaexpress.com,Insufficient/Old Content,FALSE,Karen,,FALSE,Images not showing on newsletter
Gazete Damga,https://swelbyboy.github.io/prospect-rss-feeds/gazete-damga.xml,OG,success,2025-11-29 12:18:44,Turkey,gazetedamga.com.tr,To Do,FALSE,,,FALSE,
Gazete Duvar,-,N/A,-,,Turkey,gazeteduvar.com.tr,No feed generated,FALSE,,,FALSE,
Gazeta de Sud,https://swelbyboy.github.io/prospect-rss-feeds/gazeta-de-sud.xml,OG,success,2025-11-29 12:18:47,Romania,gds.ro,Sending,FALSE,Karen,"Nov 28, 2025 ",FALSE,
Geo News,-,N/A,-,,Pakistan,geo.tv,No feed generated,FALSE,,,FALSE,
Geopolitika,https://swelbyboy.github.io/prospect-rss-feeds/geopolitika.xml,OG,success,2025-11-29 12:18:54,Croatia,geopolitika.news,Error adding feed to EBX,FALSE,Karen,,FALSE,"""An error occurred while validating the feed URL"""
Germanijak,-,N/A,-,,Croatia,germanijak.hr,No feed generated,FALSE,,,FALSE,
Gewoonvoorhem,https://swelbyboy.github.io/prospect-rss-feeds/gewoonvoorhem.xml,OG,success,2025-11-29 12:19:00,Netherlands,gewoonvoorhem.nl,Sending,FALSE,Later,,FALSE,
Giladiskon,-,N/A,-,,Indonesia,giladiskon.com,No feed generated,FALSE,,,FALSE,
GistReel,https://swelbyboy.github.io/prospect-rss-feeds/gistreel.xml,OG,success,2025-11-29 12:19:01,Nigeria,gistreel.com,To Do,FALSE,Later,,FALSE,
Glamsham.com,https://swelbyboy.github.io/prospect-rss-feeds/glamsham-com.xml,OG,success,2025-11-29 12:19:17,India,glamsham.com,Insufficient/Old Content,FALSE,Karen,,FALSE,Images not showing on newsletter
Glas javnosti,-,N/A,-,,Serbia,glas-javnosti.rs,No feed generated,FALSE,,,FALSE,
Glas Slavonije,https://swelbyboy.github.io/prospect-rss-feeds/glas-slavonije.xml,OG,success,2025-11-29 12:19:19,Croatia,glas-slavonije.hr,Sending,FALSE,Karen,,FALSE,
Glasove,-,N/A,-,,Bulgaria,glasove.com,No feed generated,FALSE,,,FALSE,
Glas Srpske,https://swelbyboy.github.io/prospect-rss-feeds/glas-srpske.xml,RSS,success,2025-11-29 12:19:20,Bosnia and Herzegovina,glassrpske.com,To Do,FALSE,,,FALSE,
Glas zapadne Srbije,-,N/A,-,,Serbia,glaszapadnesrbije.rs,No feed generated,FALSE,,,FALSE,
Global News Marathi,-,N/A,-,,India,globalnewsmarathi.com,No feed generated,FALSE,,,FALSE,
Goneis,https://swelbyboy.github.io/prospect-rss-feeds/goneis.xml,OG,success,2025-11-29 12:19:30,Greece,goneis.info,Content not retrieved (retry later),FALSE,Karen,,FALSE,No relevant articles found on content feeds
GoRiau,-,N/A,-,,Indonesia,goriau.com,No feed generated,FALSE,,,FALSE,
Gospel Hotspot,https://swelbyboy.github.io/prospect-rss-feeds/gospel-hotspot.xml,OG,success,2025-11-29 12:19:35,Nigeria,gospelhotspot.net,To Do,FALSE,Later,,FALSE,
Goss.ie,-,N/A,failed,2025-11-29 12:19:35,Ireland,goss.ie,No feed generated,FALSE,Later,,FALSE,
Południowa Oficyna Wydawnicza,-,N/A,-,,Poland,gostynska.pl,No feed generated,FALSE,,,FALSE,
Gosu Gamers,https://swelbyboy.github.io/prospect-rss-feeds/gosu-gamers.xml,OG,success,2025-11-29 12:19:40,Singapore,gosugamers.net,Sending,FALSE,Karen,"Nov 26, 2025 ",FALSE,
Gazeta Polska Codziennie,-,N/A,-,,Poland,gpcodziennie.pl,No feed generated,FALSE,,,FALSE,
Grabien News,https://swelbyboy.github.io/prospect-rss-feeds/grabien-news.xml,OG,success,2025-11-29 11:40:08,United States,grabien.com,Irrelevant prospect,FALSE,Karen,,FALSE,
Graham Media Group,-,N/A,-,,United States,grahammedia.com,No feed generated,FALSE,,,FALSE,
Gransport.gr,-,RSS,success,2025-11-29 12:19:42,Greece,grandsport.gr,No feed generated,FALSE,Karen,,FALSE,Feed generation failed or no source feed found
Great American Outdoors,-,N/A,-,,United States,greatamericanoutdoors.com,No feed generated,FALSE,,,FALSE,
GreaterGood,-,N/A,-,,United States,greatergood.com,No feed generated,FALSE,,,FALSE,
Greater Kashmir,-,N/A,-,,India,greaterkashmir.com,No feed generated,FALSE,,,FALSE,
Great News,https://swelbyboy.github.io/prospect-rss-feeds/great-news.xml,OG,success,2025-11-29 12:19:59,Romania,greatnews.ro,Sending,FALSE,Karen,"Nov 26, 2025 ",FALSE,
Greek City Times,-,Discovered-pattern,success,2025-11-29 12:20:00,Australia,greekcitytimes.com,Error adding feed to EBX,FALSE,Karen,,FALSE,"""An error occurred while validating the feed URL"""
Grenda,-,N/A,-,,Norway,grenda.no,No feed generated,FALSE,,,FALSE,
Vlachopoulos Greveniotis,https://swelbyboy.github.io/prospect-rss-feeds/vlachopoulos-greveniotis.xml,OG,success,2025-11-29 12:20:15,Greece,greveniotis.gr,Sending,FALSE,Karen,"Nov 28, 2025 ",FALSE,
Greynium Information Technologies Pvt. Ltd.,-,N/A,-,,India,greynium.com,No feed generated,FALSE,,,FALSE,
Group Medya,-,N/A,-,,Turkey,groupmedya.com,No feed generated,FALSE,,,FALSE,
Guident,-,N/A,-,,India,guident.net,No feed generated,FALSE,,,FALSE,
GujaratSamachar,-,N/A,-,,India,gujaratsamachar.com,No feed generated,FALSE,,,FALSE,
Gündeme Bakış,https://swelbyboy.github.io/prospect-rss-feeds/gündeme-bakış.xml,OG,success,2025-11-29 12:20:18,Turkey,gundemebakis.com,To Do,FALSE,Later,,FALSE,
GYŐR + MÉDIA Zrt.,https://swelbyboy.github.io/prospect-rss-feeds/győr---média-zrt.xml,OG,success,2025-11-29 12:20:33,Hungary,gyorplusz.hu,Sending,FALSE,Karen,"Nov 28, 2025 ",FALSE,
Haber7,https://swelbyboy.github.io/prospect-rss-feeds/haber7.xml,"OG (9), RSS (1)",success,2025-11-29 12:20:38,Turkey,haber7.com,To Do,FALSE,,,FALSE,
Haber Denizli,-,N/A,-,,Turkey,haberdenizli.com,No feed generated,FALSE,,,FALSE,
Haber Hendek,-,N/A,-,,Turkey,haberhendek.com,No feed generated,FALSE,,,FALSE,
Haberiniz Olsun,https://swelbyboy.github.io/prospect-rss-feeds/haberiniz-olsun.xml,OG,success,2025-11-29 12:20:55,Turkey,haberiniz.com.tr,To Do,FALSE,,,FALSE,
Haberler.com,https://swelbyboy.github.io/prospect-rss-feeds/haberler-com.xml,OG,success,2025-11-29 12:21:01,Turkey,haberler.com,To Do,FALSE,,,FALSE,
Handball-Planet.com,-,N/A,failed,2025-11-29 12:21:01,Serbia,handball-planet.com,No feed generated,FALSE,Later,,FALSE,
Χανιώτικα νέα,https://swelbyboy.github.io/prospect-rss-feeds/χανιώτικα-νέα.xml,OG,success,2025-11-29 12:21:05,Greece,haniotika-nea.gr,Sending,FALSE,Karen,"Nov 28, 2025 ",FALSE,
Parovi - Reality Show,https://swelbyboy.github.io/prospect-rss-feeds/parovi---reality-show.xml,OG,success,2025-11-29 12:21:11,Serbia,happytv.rs,To Do,FALSE,,,FALSE,
Harmonikum,https://swelbyboy.github.io/prospect-rss-feeds/harmonikum.xml,OG,success,2025-11-29 12:21:16,Hungary,harmonikum.co,Sending,FALSE,Karen,"Nov 28, 2025 ",FALSE,
HasználtAlma,-,N/A,-,,Hungary,hasznaltalma.hu,No feed generated,FALSE,,,FALSE,
Hayat.ba,https://swelbyboy.github.io/prospect-rss-feeds/hayat-ba.xml,OG,success,2025-11-29 12:21:21,Bosnia and Herzegovina,hayat.ba,Sending,FALSE,Karen,"Nov 28, 2025 ",FALSE,
HCL.hr Gaming Portal,https://swelbyboy.github.io/prospect-rss-feeds/hcl-hr-gaming-portal.xml,OG,success,2025-11-29 12:21:25,Croatia,hcl.hr,Insufficient/Old Content,FALSE,Karen,,FALSE,Images not showing on newsletter
Healing Effect,https://swelbyboy.github.io/prospect-rss-feeds/healing-effect.xml,OG,success,2025-11-29 12:21:29,Greece,healingeffect.gr,Irrelevant prospect,FALSE,Karen,,FALSE,
HealthMag,https://swelbyboy.github.io/prospect-rss-feeds/healthmag.xml,OG,success,2025-11-29 12:21:34,Greece,healthmag.gr,Sending,FALSE,Karen,"Nov 26, 2025 ",FALSE,
Hello Health Group,https://swelbyboy.github.io/prospect-rss-feeds/hello-health-group.xml,RSS,success,2025-11-29 12:21:39,Singapore,hellohealthgroup.com,Irrelevant prospect,FALSE,Karen,,FALSE,
Hello Sehat,-,N/A,-,,Indonesia,hellosehat.com,No feed generated,FALSE,,,FALSE,
Her,-,N/A,-,,Ireland,her.ie,No feed generated,FALSE,,,FALSE,
Herzegovina.info,-,N/A,-,,Bosnia and Herzegovina,hercegovina.info,No feed generated,FALSE,,,FALSE,
Her Way,https://swelbyboy.github.io/prospect-rss-feeds/her-way.xml,OG,success,2025-11-29 12:21:43,Bosnia and Herzegovina,herway.net,Irrelevant prospect,FALSE,Karen,,FALSE,No new articles since September
Highland Radio,https://swelbyboy.github.io/prospect-rss-feeds/highland-radio.xml,OG,success,2025-11-29 12:21:47,Ireland,highlandradio.com,Sending,FALSE,Later,,FALSE,
Himachal Dastak Media Group,https://swelbyboy.github.io/prospect-rss-feeds/himachal-dastak-media-group.xml,OG,success,2025-11-29 12:21:54,India,himachaldastak.com,To Do,FALSE,,,FALSE,
Székely Hírmondó,https://swelbyboy.github.io/prospect-rss-feeds/székely-hírmondó.xml,OG,success,2025-11-29 12:22:00,Romania,hirmondo.ro,To Do,FALSE,,,FALSE,
HNGN Headlines & Global News,-,N/A,-,,United States,hngn.com,No feed generated,FALSE,,,FALSE,
Lynn Group Media,https://swelbyboy.github.io/prospect-rss-feeds/lynn-group-media.xml,RSS,success,2025-11-29 12:22:01,Ireland,hoganstand.com,Sending,FALSE,Later,,FALSE,
"Homelife Media, LLC",https://swelbyboy.github.io/prospect-rss-feeds/homelife-media--llc.xml,OG,success,2025-11-29 11:40:12,United States,homelifemedia.com,Irrelevant prospect,FALSE,Karen,,FALSE,
Hookshot Media,-,N/A,-,,United Kingdom,hookshot.media,No feed generated,FALSE,,,FALSE,
Horror Fuel,https://swelbyboy.github.io/prospect-rss-feeds/horror-fuel.xml,OG,success,2025-11-29 11:40:28,United States,horrorfuel.com,Sending,FALSE,Karen,"Nov 25, 2025 ",FALSE,
Horror Society,https://swelbyboy.github.io/prospect-rss-feeds/horror-society.xml,OG,success,2025-11-29 11:40:34,United States,horrorsociety.com,Sending,FALSE,Karen,,FALSE,
Hotnews.ro,https://swelbyboy.github.io/prospect-rss-feeds/hotnews-ro.xml,OG,success,2025-11-29 12:22:04,Romania,hotnews.ro,Sending,FALSE,Karen,"Nov 26, 2025 ",FALSE,
HT Press Online,-,N/A,-,,Greece,htpress.gr,No feed generated,FALSE,,,FALSE,
MSN Money,-,N/A,-,,United States,http://www.msn.com/money,No feed generated,FALSE,,,FALSE,
Huawei Central,-,N/A,-,,India,huaweicentral.com,No feed generated,FALSE,,,FALSE,
Hum Network,https://swelbyboy.github.io/prospect-rss-feeds/hum-network.xml,OG,success,2025-11-29 12:22:07,Pakistan,hum.tv,To Do,FALSE,,,FALSE,
Humans Are Free,-,N/A,-,,United States,humansarefree.com,No feed generated,FALSE,,,FALSE,
Hürriyet Daily News,https://swelbyboy.github.io/prospect-rss-feeds/hürriyet-daily-news.xml,OG,success,2025-11-29 12:22:17,Turkey,hurriyetdailynews.com,To Do,FALSE,,,FALSE,
Hürriyet Gazetecilik ve Matbaacılık,https://swelbyboy.github.io/prospect-rss-feeds/hürriyet-gazetecilik-ve-matbaacılık.xml,RSS,success,2025-11-29 12:22:22,Turkey,hurriyetkurumsal.com,Parent org,FALSE,Karen,,FALSE,
Hysteria,https://swelbyboy.github.io/prospect-rss-feeds/hysteria.xml,OG,success,2025-11-29 12:22:27,Greece,hysteria.gr,Irrelevant prospect,FALSE,Karen,,FALSE,
S.B. Multimedia Private Limited,https://swelbyboy.github.io/prospect-rss-feeds/s-b--multimedia-private-limited.xml,OG,success,2025-11-29 12:22:41,India,ibc24.in,Sending,FALSE,Karen,"Nov 28, 2025 ",FALSE,
Investor Media Group,-,N/A,-,,Bulgaria,ibg.bg,No feed generated,FALSE,,,FALSE,
International Business Times India,https://swelbyboy.github.io/prospect-rss-feeds/international-business-times-india.xml,OG,success,2025-11-29 12:22:44,India,ibtimes.co.in,Sending,FALSE,Karen,"Nov 28, 2025 ",FALSE,
ICV,-,N/A,-,,Croatia,icv.hr,No feed generated,FALSE,,,FALSE,
IDP connect,-,N/A,-,,India,idp-connect.com,No feed generated,FALSE,,,FALSE,
iFarsala,https://swelbyboy.github.io/prospect-rss-feeds/ifarsala.xml,OG,success,2025-11-29 12:22:49,Greece,ifarsala.gr,Sending,FALSE,Later,"Nov 26, 2025 ",FALSE,
iFitnessbook.com,-,N/A,-,,Greece,ifitnessbook.com,No feed generated,FALSE,,,FALSE,
iHunt.gr,https://swelbyboy.github.io/prospect-rss-feeds/ihunt-gr.xml,OG,success,2025-11-29 12:23:16,Greece,ihunt.gr,Sending,FALSE,Karen,"Nov 28, 2025 ",FALSE,
İleri Haber,-,N/A,-,,Turkey,ilerihaber.org,No feed generated,FALSE,,,FALSE,
Interlink Multi Media,-,N/A,-,,Pakistan,immcorporate.com,No feed generated,FALSE,,,FALSE,
Standard Publications,-,N/A,-,,Malta,independent.com.mt,No feed generated,FALSE,,,FALSE,
Independent24x7,-,N/A,-,,India,independent24x7.com,No feed generated,FALSE,,,FALSE,
Independent Media,-,N/A,-,,South Africa,independentmedia.co.za,No feed generated,FALSE,,,FALSE,
Index.hu Zrt.,https://swelbyboy.github.io/prospect-rss-feeds/index-hu-zrt.xml,OG,success,2025-11-29 12:23:22,Hungary,index.hu,To Do,FALSE,,,FALSE,
India Forums,https://swelbyboy.github.io/prospect-rss-feeds/india-forums.xml,OG,success,2025-11-29 12:23:26,India,indiaforums.com,To Do,FALSE,,,FALSE,
India TV,https://swelbyboy.github.io/prospect-rss-feeds/india-tv.xml,OG,success,2025-12-02 11:51:27,India,indiatvnews.com,To Do,FALSE,,,FALSE,Feed generation failed or no source feed found
Indigo Dergisi,https://swelbyboy.github.io/prospect-rss-feeds/indigo-dergisi.xml,OG,success,2025-11-29 12:23:29,Turkey,indigodergisi.com,To Do,FALSE,Later,,FALSE,
Indosport.com,-,N/A,-,,Indonesia,indosport.com,No feed generated,FALSE,,,FALSE,
İnegöl Online,https://swelbyboy.github.io/prospect-rss-feeds/i-negöl-online.xml,OG,success,2025-11-29 12:23:32,Turkey,inegolonline.com,To Do,FALSE,,,FALSE,
Info Brcko,https://swelbyboy.github.io/prospect-rss-feeds/info-brcko.xml,OG,success,2025-11-29 12:23:36,Bosnia and Herzegovina,infobrcko.com,To Do,FALSE,,,FALSE,
Info Pápa,-,N/A,-,,Hungary,infopapa.hu,No feed generated,FALSE,,,FALSE,
Informer,-,N/A,-,,Serbia,informer.rs,No feed generated,FALSE,,,FALSE,
Infovodice,-,N/A,-,,Croatia,infovodice.com,No feed generated,FALSE,,,FALSE,
冒牌生 inmywordz,https://swelbyboy.github.io/prospect-rss-feeds/冒牌生-inmywordz.xml,OG,success,2025-11-29 12:23:38,Taiwan,inmywordz.com,To Do,FALSE,Later,,FALSE,
Insajder,-,N/A,-,,Serbia,insajder.net,No feed generated,FALSE,,,FALSE,
Insajderi,https://swelbyboy.github.io/prospect-rss-feeds/insajderi.xml,OG,success,2025-11-29 12:23:40,Serbia,insajderi.com,To Do,FALSE,Later,,FALSE,
Kira9 Edumedia Pvt Ltd.,-,N/A,-,,India,insideiim.com,No feed generated,FALSE,,,FALSE,
Academy of Interactive Arts and Sciences,-,N/A,-,,United States,interactive.org,No feed generated,FALSE,,,FALSE,
Internetcorp SRL,https://swelbyboy.github.io/prospect-rss-feeds/internetcorp-srl.xml,OG,success,2025-11-29 12:23:48,Romania,internetcorp.ro,To Do,FALSE,Later,,FALSE,
In the Bunch,https://swelbyboy.github.io/prospect-rss-feeds/in-the-bunch.xml,OG,success,2025-11-29 12:24:11,South Africa,inthebunch.co.za,Irrelevant prospect,FALSE,Karen,,FALSE,Inactive since 2023
InTheCage.pl,https://swelbyboy.github.io/prospect-rss-feeds/inthecage-pl.xml,OG,success,2025-11-29 12:24:16,Poland,inthecage.pl,To Do,FALSE,Later,,FALSE,
iPaidia News,https://swelbyboy.github.io/prospect-rss-feeds/ipaidia-news.xml,OG,success,2025-11-29 12:24:19,Greece,ipaidia.gr,To Do,FALSE,Later,,FALSE,
iQlik Movies,-,N/A,failed,2025-11-29 12:24:39,India,iqlikmovies.com,No feed generated,FALSE,Later,,FALSE,Feed generation failed or no source feed found
iRadio,https://swelbyboy.github.io/prospect-rss-feeds/iradio.xml,OG,success,2025-11-29 12:24:46,Ireland,iradio.ie,Sending,FALSE,Later,,FALSE,
Digital Impact Lab LLC,https://swelbyboy.github.io/prospect-rss-feeds/digital-impact-lab-llc.xml,OG,success,2025-11-29 11:40:36,United Kingdom,iranintl.com,Irrelevant prospect,FALSE,Sam,,FALSE,
Ittefaq Group,https://www.ittefaq.com.bd/feed/,Discovered-autodiscovery,failed,2025-12-21 22:13:00,Bangladesh,ittefaq.com.bd,No feed generated,FALSE,,,FALSE,Feed generation failed or no source feed found
ittlakunk.hu,-,N/A,-,,Hungary,ittlakunk.hu,No feed generated,FALSE,,,FALSE,
Ízes élet,https://swelbyboy.github.io/prospect-rss-feeds/ízes-élet.xml,OG,success,2025-11-29 12:24:55,Hungary,izeselet.hu,To Do,FALSE,Later,,FALSE,
İzmir’de Son Dakika,https://swelbyboy.github.io/prospect-rss-feeds/i-zmir-de-son-dakika.xml,OG,success,2025-11-29 12:24:59,Turkey,izmirdesondakika.com.tr,To Do,FALSE,Later,,FALSE,
İzmir Gündemi,-,N/A,failed,2025-11-29 12:25:00,Turkey,izmirgundemi.net,No feed generated,FALSE,Later,,FALSE,Feed generation failed or no source feed found
Jacaranda FM,-,N/A,-,,South Africa,jacarandafm.com,No feed generated,FALSE,,,FALSE,
Jaintabarta24.com,-,N/A,-,,India,jaintabarta24.com,No feed generated,FALSE,,,FALSE,
Jamuna Television Ltd.,-,N/A,-,,Bangladesh,jamuna.tv,No feed generated,FALSE,,,FALSE,
Janam TV,-,N/A,-,,India,janamtv.com,No feed generated,FALSE,,,FALSE,
Jatkoaika.com,https://swelbyboy.github.io/prospect-rss-feeds/jatkoaika-com.xml,OG,success,2025-11-29 12:25:02,Finland,jatkoaika.com,Sending,FALSE,Karen,"Nov 25, 2025 ",FALSE,
Javed Chaudhry,https://swelbyboy.github.io/prospect-rss-feeds/javed-chaudhry.xml,OG,success,2025-11-29 12:25:03,Pakistan,javedch.com,To Do,FALSE,Later,,FALSE,
JK MEDIA,https://swelbyboy.github.io/prospect-rss-feeds/jk-media.xml,OG,success,2025-11-29 12:25:05,India,jkmedia.net,To Do,FALSE,,,FALSE,
Jobbland,-,N/A,-,,Sweden,jobbland.se,No feed generated,FALSE,,,FALSE,
Joemonster.org,https://swelbyboy.github.io/prospect-rss-feeds/joemonster-org.xml,RSS,success,2025-11-29 12:25:08,Poland,joemonster.org,To Do,FALSE,,,FALSE,
Juksy,-,N/A,-,,Taiwan,juksy.com,No feed generated,FALSE,,,FALSE,
ÎCS REFORMA ART SRL,-,N/A,-,,Romania,jurnaltv.md,No feed generated,FALSE,,,FALSE,
Just A Pinch Recipes,https://swelbyboy.github.io/prospect-rss-feeds/just-a-pinch-recipes.xml,OG,success,2025-11-29 11:40:38,United States,justapinch.com,Sending,FALSE,Karen,"Nov 25, 2025 ",FALSE,
Kairali News,-,OG,success,2025-11-29 12:25:09,India,kairalinewsonline.com,No feed generated,FALSE,Later,,FALSE,
Kaldata,https://swelbyboy.github.io/prospect-rss-feeds/kaldata.xml,OG,success,2025-11-29 12:25:13,Bulgaria,kaldata.com,To Do,FALSE,,,FALSE,
Kaler Kantho,https://swelbyboy.github.io/prospect-rss-feeds/kaler-kantho.xml,RSS,success,2025-11-29 12:25:13,Bangladesh,kalerkantho.com,To Do,FALSE,,,FALSE,
Kamudan Haber,https://swelbyboy.github.io/prospect-rss-feeds/kamudan-haber.xml,RSS,success,2025-11-29 12:25:14,Turkey,kamudanhaber.net,To Do,FALSE,Later,,FALSE,
Kanal D Romania,https://swelbyboy.github.io/prospect-rss-feeds/kanal-d-romania.xml,OG,success,2025-11-29 12:25:23,Romania,kanald.ro,To Do,FALSE,Later,,FALSE,
Kannada Prabha,https://swelbyboy.github.io/prospect-rss-feeds/kannada-prabha.xml,OG,success,2025-11-29 12:25:25,India,kannadaprabha.com,To Do,FALSE,Later,,FALSE,
Kaos GL,-,N/A,-,,Turkey,kaosgl.org,No feed generated,FALSE,,,FALSE,
Karar Haber,https://swelbyboy.github.io/prospect-rss-feeds/karar-haber.xml,OG,success,2025-11-29 12:25:28,Turkey,karar.com,To Do,FALSE,Later,,FALSE,
Karditsa Live,-,N/A,-,,Greece,karditsalive.net,No feed generated,FALSE,,,FALSE,
Karlovački,https://swelbyboy.github.io/prospect-rss-feeds/karlovački.xml,OG,success,2025-11-29 12:25:32,Croatia,karlovacki.hr,Sending,FALSE,Karen,"Nov 21, 2025 ",FALSE,
Kasaragod Vartha,https://swelbyboy.github.io/prospect-rss-feeds/kasaragod-vartha.xml,OG,success,2025-11-29 12:25:38,India,kasargodvartha.com,To Do,FALSE,Later,,FALSE,
Kashmir Observer,https://kashmirobserver.net/feed/,Discovered-autodiscovery,failed,2025-12-21 22:13:00,India,kashmirobserver.net,No feed generated,FALSE,,,FALSE,Feed generation failed or no source feed found
Kaskus,https://swelbyboy.github.io/prospect-rss-feeds/kaskus.xml,OG,success,2025-11-29 12:25:48,Indonesia,kaskus.co.id,To Do,FALSE,Later,,FALSE,
KavalaNews.GR,https://swelbyboy.github.io/prospect-rss-feeds/kavalanews-gr.xml,OG,success,2025-11-29 12:25:53,Greece,kavalanews.gr,To Do,FALSE,Later,,FALSE,
Kalkulatory Budowlane,https://swelbyboy.github.io/prospect-rss-feeds/kalkulatory-budowlane.xml,RSS,success,2025-11-29 12:25:55,Poland,kb.pl,To Do,FALSE,,,FALSE,
Kcbd,-,N/A,-,,United States,kcbd.com,No feed generated,FALSE,,,FALSE,
KCRG,-,N/A,-,,United States,kcrg.com,No feed generated,FALSE,,,FALSE,
Kaumudi Cyber Studio (P) Ltd,https://swelbyboy.github.io/prospect-rss-feeds/kaumudi-cyber-studio--p--ltd.xml,OG,success,2025-11-29 12:26:03,India,keralakaumudi.com,To Do,FALSE,,,FALSE,
Kerala Times,https://swelbyboy.github.io/prospect-rss-feeds/kerala-times.xml,OG,success,2025-11-29 12:26:04,India,keralatimes.com,To Do,FALSE,Later,,FALSE,
Keşan Postası,https://swelbyboy.github.io/prospect-rss-feeds/keşan-postası.xml,OG,success,2025-11-29 12:26:20,Turkey,kesanpostasi.com,To Do,FALSE,Later,,FALSE,
KEYC News Now,-,N/A,-,,United States,keyc.com,No feed generated,FALSE,,,FALSE,
Kfyr Tv,-,N/A,-,,United States,kfyrtv.com,No feed generated,FALSE,,,FALSE,
Khabarchhe,https://swelbyboy.github.io/prospect-rss-feeds/khabarchhe.xml,OG,success,2025-11-29 12:26:27,India,khabarchhe.com,To Do,FALSE,Later,,FALSE,
Khasokhas,https://swelbyboy.github.io/prospect-rss-feeds/khasokhas.xml,OG,success,2025-11-29 11:40:47,United States,khasokhas.com,Irrelevant prospect,FALSE,Karen,,FALSE,
Kishoreganjnews,-,N/A,-,,Bangladesh,kishoreganjnews.com,No feed generated,FALSE,,,FALSE,
KitGuru,https://swelbyboy.github.io/prospect-rss-feeds/kitguru.xml,OG,success,2025-11-29 11:40:54,United Kingdom,kitguru.net,Insufficient/Old Content,FALSE,Karen,,FALSE,"Images not showing, format looks weird"
Kmeta.bg,-,N/A,-,,Bulgaria,kmeta.bg,No feed generated,FALSE,,,FALSE,
Kobieta.pl,https://swelbyboy.github.io/prospect-rss-feeds/kobieta-pl.xml,OG,success,2025-11-29 12:26:32,Poland,kobieta.pl,To Do,FALSE,Later,,FALSE,
Kocaeli Barış Gazetesi,-,N/A,-,,Turkey,kocaelibarisgazetesi.com,No feed generated,FALSE,,,FALSE,
KoiMoi.com,https://swelbyboy.github.io/prospect-rss-feeds/koimoi-com.xml,OG,success,2025-11-29 12:26:35,India,koimoi.com,To Do,FALSE,Later,,FALSE,
Korso Kolbuszowskie,-,N/A,-,,Poland,korsokolbuszowskie.pl,No feed generated,FALSE,,,FALSE,
Korso Sanockie,-,N/A,-,,Poland,korsosanockie.pl,No feed generated,FALSE,,,FALSE,
Kosovarja Magazine,-,N/A,failed,2025-11-29 12:26:36,Serbia,kosovarja-ks.com,No feed generated,FALSE,Later,,FALSE,
kozaniLife,https://swelbyboy.github.io/prospect-rss-feeds/kozanilife.xml,OG,success,2025-11-29 12:26:41,Greece,kozanilife.gr,To Do,FALSE,Later,,FALSE,
KPSVR,https://swelbyboy.github.io/prospect-rss-feeds/kpsvr.xml,OG,success,2025-11-29 12:26:49,Hungary,kpsvr.hu,To Do,FALSE,Later,,FALSE,
KROX,https://swelbyboy.github.io/prospect-rss-feeds/krox.xml,RSS,success,2025-11-29 11:40:58,United States,kroxam.com,Content not retrieved (retry later),FALSE,Karen,,FALSE,No content showing on newsletter
Krstarica,https://swelbyboy.github.io/prospect-rss-feeds/krstarica.xml,OG,success,2025-11-29 12:26:51,Serbia,krstarica.com,To Do,FALSE,Later,,FALSE,
KTSF,-,N/A,-,,United States,ktsf.com,No feed generated,FALSE,,,FALSE,
Kultura вестник  Култура,-,N/A,-,,Bulgaria,kultura.bg,No feed generated,FALSE,,,FALSE,
KUMUDAM PUBLICATIONS PVT LTD,-,N/A,-,,India,kumudam.com,No feed generated,FALSE,,,FALSE,
Kurir,https://swelbyboy.github.io/prospect-rss-feeds/kurir.xml,OG,success,2025-11-29 12:26:54,Serbia,kurir.rs,To Do,FALSE,Later,,FALSE,
Kvartha World News,https://swelbyboy.github.io/prospect-rss-feeds/kvartha-world-news.xml,OG,success,2025-11-29 12:27:01,India,kvartha.com,To Do,FALSE,Later,,FALSE,
KWEJK.pl,-,N/A,-,,Poland,kwejk.pl,No feed generated,FALSE,,,FALSE,
La Isla Oeste,-,N/A,-,,United States,laislaoeste.com,No feed generated,FALSE,,,FALSE,
LaoisToday.ie,https://swelbyboy.github.io/prospect-rss-feeds/laoistoday-ie.xml,"OG (9), RSS (1)",success,2025-11-29 12:27:11,Ireland,laoistoday.ie,Sending,FALSE,Later,,FALSE,
Larissanet.gr,https://swelbyboy.github.io/prospect-rss-feeds/larissanet-gr.xml,OG,success,2025-11-29 12:27:15,Greece,larissanet.gr,To Do,FALSE,Later,,FALSE,
Latest Laws,-,N/A,-,,India,latestlaws.com,No feed generated,FALSE,,,FALSE,
Lawyers Club Bangladesh,https://swelbyboy.github.io/prospect-rss-feeds/lawyers-club-bangladesh.xml,OG,success,2025-11-29 12:27:16,Bangladesh,lawyersclubbangladesh.com,To Do,FALSE,Later,,FALSE,
Lazca,https://swelbyboy.github.io/prospect-rss-feeds/lazca.xml,OG,success,2025-11-29 12:27:19,Turkey,lazca.org,To Do,FALSE,Later,,FALSE,
LBB,-,N/A,-,,India,lbb.in,No feed generated,FALSE,,,FALSE,
Lca.pl,-,N/A,-,,Poland,lca.pl,No feed generated,FALSE,,,FALSE,
Leadership Media Group,-,N/A,failed,2025-11-29 12:27:19,Nigeria,leadership.ng,No feed generated,FALSE,Later,,FALSE,
Leet.hu,-,N/A,-,,Hungary,leet.hu,No feed generated,FALSE,,,FALSE,
Liftable Media,-,N/A,-,,United States,liftablemedia.com,No feed generated,FALSE,,,FALSE,
Black & White Photography,-,N/A,-,,Ireland,lightandcomposition.com,No feed generated,FALSE,,,FALSE,
Listelist,https://swelbyboy.github.io/prospect-rss-feeds/listelist.xml,OG,success,2025-11-29 12:27:24,Turkey,listelist.com,To Do,FALSE,Later,,FALSE,
Hindustan Media Ventures Ltd,-,N/A,-,,India,livehindustan.com,No feed generated,FALSE,,,FALSE,
Liverpool FC Supporters Club Norway,-,N/A,-,,Norway,liverpool.no,No feed generated,FALSE,,,FALSE,
LOG Dergisi,https://swelbyboy.github.io/prospect-rss-feeds/log-dergisi.xml,OG,success,2025-11-29 12:28:00,Turkey,log.com.tr,To Do,FALSE,Later,,FALSE,
Lojiport,https://swelbyboy.github.io/prospect-rss-feeds/lojiport.xml,OG,success,2025-11-29 12:28:04,Turkey,lojiport.com,To Do,FALSE,Later,,FALSE,
Lokadata.id,-,N/A,-,,Indonesia,lokadata.id,No feed generated,FALSE,,,FALSE,
LokMarg,-,N/A,-,,India,lokmarg.com,No feed generated,FALSE,,,FALSE,
Lokmat Media,-,N/A,-,,India,lokmat.com,No feed generated,FALSE,,,FALSE,
Lovedeco.ro,https://swelbyboy.github.io/prospect-rss-feeds/lovedeco-ro.xml,OG,success,2025-11-29 12:28:08,Romania,lovedeco.ro,To Do,FALSE,Later,,FALSE,
LRF Media,-,N/A,-,,Sweden,lrfmedia.se,No feed generated,FALSE,,,FALSE,
Lubelski.pl,https://swelbyboy.github.io/prospect-rss-feeds/lubelski-pl.xml,OG,success,2025-11-29 12:28:34,Poland,lubelski.pl,To Do,FALSE,Later,,FALSE,
Pro Media Foundation,-,N/A,-,,Hungary,ma7.sk,No feed generated,FALSE,,,FALSE,
Mad TV,https://swelbyboy.github.io/prospect-rss-feeds/mad-tv.xml,"OG (5), RSS (5)",success,2025-11-29 12:28:38,Greece,mad.tv,To Do,FALSE,Later,,FALSE,
Madata,https://swelbyboy.github.io/prospect-rss-feeds/madata.xml,OG,success,2025-11-29 12:28:41,Greece,madata.gr,To Do,FALSE,Later,,FALSE,
Madridista,https://swelbyboy.github.io/prospect-rss-feeds/madridista.xml,OG,success,2025-11-29 12:28:42,Denmark,madridista.dk,Sending,FALSE,Karen,"Nov 26, 2025 ",TRUE,
Kareklidis Group,-,N/A,-,,Greece,magnesianews.gr,No feed generated,FALSE,,,FALSE,
Makeleio.gr,-,N/A,-,,Greece,makeleio.gr,No feed generated,FALSE,,,FALSE,
Malataya News,https://swelbyboy.github.io/prospect-rss-feeds/malataya-news.xml,OG,success,2025-11-29 12:28:47,Turkey,malatyahabermerkezi.com,To Do,FALSE,Later,,FALSE,
Malesbanget.com,-,N/A,-,,Indonesia,malesbanget.com,No feed generated,FALSE,,,FALSE,
Mamadu,https://swelbyboy.github.io/prospect-rss-feeds/mamadu.xml,OG,success,2025-11-29 12:28:51,Poland,mamadu.pl,To Do,FALSE,,,FALSE,
MangoBaaz,https://swelbyboy.github.io/prospect-rss-feeds/mangobaaz.xml,OG,success,2025-11-29 12:28:52,Pakistan,mangobaaz.com,To Do,FALSE,Later,,FALSE,
Manhattan Broadcasting Company,https://swelbyboy.github.io/prospect-rss-feeds/manhattan-broadcasting-company.xml,RSS,success,2025-11-29 11:40:59,United States,manhattanbroadcasting.com,Parent org,FALSE,Karen,,FALSE,
Manila Standard,-,N/A,-,,Philippines,manilastandard.net,No feed generated,FALSE,,,FALSE,
Mariborinfo.com,-,N/A,-,,Serbia,mariborinfo.com,No feed generated,FALSE,,,FALSE,
Marica News & Media,https://swelbyboy.github.io/prospect-rss-feeds/marica-news---media.xml,OG,success,2025-11-29 12:28:57,Bulgaria,marica.bg,To Do,FALSE,Later,,FALSE,
Masala TV,https://swelbyboy.github.io/prospect-rss-feeds/masala-tv.xml,RSS,success,2025-11-29 12:30:45,Pakistan,masala.tv,To Do,FALSE,Later,,FALSE,
Mashable,https://swelbyboy.github.io/prospect-rss-feeds/mashable.xml,OG,success,2025-11-29 12:30:48,,mashable.com,Sending,FALSE,Karen,,FALSE,
Maszol.ro,https://swelbyboy.github.io/prospect-rss-feeds/maszol-ro.xml,OG,success,2025-11-29 12:30:51,Romania,maszol.ro,To Do,FALSE,Later,,FALSE,
Maxabout.com,-,N/A,-,,India,maxabout.com,No feed generated,FALSE,,,FALSE,
Maxlo Media Group,https://swelbyboy.github.io/prospect-rss-feeds/maxlo-media-group.xml,OG,success,2025-11-29 11:40:59,United States,maxlomedia.com,Parent org,FALSE,Karen,,FALSE,
Meath Chronicle,-,N/A,-,,,meathchronicle.ie,No feed generated,FALSE,,,FALSE,
MEDANTODAY.com,-,N/A,-,,Indonesia,medantoday.com,No feed generated,FALSE,,,FALSE,
Medyabar,-,N/A,-,,Turkey,medyabar.com,No feed generated,FALSE,,,FALSE,
MemurlarNet,-,N/A,-,,Turkey,memurlar.net,No feed generated,FALSE,,,FALSE,
Menshouse,https://swelbyboy.github.io/prospect-rss-feeds/menshouse.xml,OG,success,2025-11-29 12:30:54,Greece,menshouse.gr,To Do,FALSE,Later,,FALSE,
Meri Saheli,https://swelbyboy.github.io/prospect-rss-feeds/meri-saheli.xml,OG,success,2025-11-29 12:31:04,India,merisaheli.com,To Do,FALSE,Later,,FALSE,
Media Group Bulgaria,-,N/A,-,,Bulgaria,mgb.bg,No feed generated,FALSE,,,FALSE,
Amber Press Publishing House,-,N/A,-,,Poland,miastokolobrzeg.pl,No feed generated,FALSE,,,FALSE,
Miastopoznaj,-,N/A,-,,Poland,miastopoznaj.pl,No feed generated,FALSE,,,FALSE,
Midlands 103,-,N/A,-,,Ireland,midlands103.com,No feed generated,FALSE,,,FALSE,
Midtsiden,-,N/A,-,,Norway,midtsiden.no,No feed generated,FALSE,,,FALSE,
Mirovina.hr,https://swelbyboy.github.io/prospect-rss-feeds/mirovina-hr.xml,OG,success,2025-11-29 12:31:06,Croatia,mirovina.hr,Sending,FALSE,Karen,,FALSE,
MissMalini,-,N/A,-,,India,missmalini.com,No feed generated,FALSE,,,FALSE,
Magasinet M!,https://swelbyboy.github.io/prospect-rss-feeds/magasinet-m.xml,OG,success,2025-11-29 12:31:19,Denmark,mmm.dk,Insufficient/Old Content,FALSE,Karen,,FALSE,Most articles in the feed are from months ago
Mobile01,-,N/A,-,,Taiwan,mobile01.com,No feed generated,FALSE,,,FALSE,
MojaBanjaluka.info,-,N/A,-,,Bosnia and Herzegovina,mojabanjaluka.info,No feed generated,FALSE,,,FALSE,
Mondo,https://swelbyboy.github.io/prospect-rss-feeds/mondo.xml,OG,success,2025-11-29 12:31:31,Serbia,mondo.rs,To Do,FALSE,,,FALSE,
Monitorul de Vrancea,https://www.monitoruldevrancea.ro/feed/,Discovered-autodiscovery,failed,2025-12-21 22:13:00,Romania,monitoruldevrancea.ro,No feed generated,FALSE,,,FALSE,Feed generation failed or no source feed found
MonStyle,https://swelbyboy.github.io/prospect-rss-feeds/monstyle.xml,OG,success,2025-11-29 12:31:33,Netherlands,monstyle.nl,Insufficient/Old Content,FALSE,Later,,FALSE,Most articles in the feed are from months ago
Mother & Baby Indonesia,-,N/A,-,,Indonesia,motherandbaby.co.id,No feed generated,FALSE,,,FALSE,
Mothership Singapore,https://swelbyboy.github.io/prospect-rss-feeds/mothership-singapore.xml,RSS,success,2025-11-29 12:31:33,Singapore,mothership.sg,To Do,FALSE,,,FALSE,Newly discovered RSS feed
MotorPlus Online,-,N/A,-,,Indonesia,motorplus-online.com,No feed generated,FALSE,,,FALSE,
Move It Magazine,-,N/A,-,,Greece,moveitmag.gr,No feed generated,FALSE,,,FALSE,
Movies Room,-,N/A,-,,Poland,moviesroom.pl,No feed generated,FALSE,,,FALSE,
Mozzart Sport,-,N/A,-,,Serbia,mozzartsport.com,No feed generated,FALSE,,,FALSE,
Medycyna Praktyczna,-,N/A,-,,Poland,mp.pl,No feed generated,FALSE,,,FALSE,
MTVA,-,N/A,-,,Hungary,mtva.hu,No feed generated,FALSE,,,FALSE,
Mundo Now,-,N/A,-,,United States,mundohispanico.com,No feed generated,FALSE,,,FALSE,
Mun Oulu,https://swelbyboy.github.io/prospect-rss-feeds/mun-oulu.xml,OG,success,2025-11-29 12:31:49,Finland,munoulu.fi,Sending,FALSE,Karen,,FALSE,
Music Daily,https://swelbyboy.github.io/prospect-rss-feeds/music-daily.xml,OG,success,2025-11-29 12:31:58,Hungary,musicdaily.hu,To Do,FALSE,Later,,FALSE,
MS News,https://swelbyboy.github.io/prospect-rss-feeds/ms-news.xml,OG,success,2025-11-29 12:32:03,Singapore,mustsharenews.com,Sending,FALSE,Karen,,FALSE,
mysmartprice,-,N/A,-,,India,mysmartprice.com,No feed generated,FALSE,,,FALSE,
Health Beauty Wellness Tips,https://swelbyboy.github.io/prospect-rss-feeds/health-beauty-wellness-tips.xml,OG,success,2025-11-29 12:32:13,India,myupchar.com,To Do,FALSE,,,FALSE,
Nadmorski24.pl,-,N/A,-,,Poland,nadmorski24.pl,No feed generated,FALSE,,,FALSE,
naEKRANIE,https://swelbyboy.github.io/prospect-rss-feeds/naekranie.xml,OG,success,2025-11-29 12:32:20,Poland,naekranie.pl,To Do,FALSE,,,FALSE,
NaiDunia,-,N/A,-,,India,naidunia.com,No feed generated,FALSE,,,FALSE,
NajboljaMamaNaSvetu.com,-,N/A,-,,Serbia,najboljamamanasvetu.com,No feed generated,FALSE,,,FALSE,
Novinska agencija Patria,-,N/A,-,,Bosnia and Herzegovina,nap.ba,No feed generated,FALSE,,,FALSE,
Napi,https://swelbyboy.github.io/prospect-rss-feeds/napi.xml,OG,success,2025-11-29 12:32:24,Hungary,napi.hu,To Do,FALSE,,,FALSE,
Napidoktor,https://swelbyboy.github.io/prospect-rss-feeds/napidoktor.xml,OG,success,2025-11-29 12:32:27,Hungary,napidoktor.hu,To Do,FALSE,Later,,FALSE,
Nasza Mława,-,N/A,-,,Poland,naszamlawa.pl,No feed generated,FALSE,,,FALSE,
natemat,https://swelbyboy.github.io/prospect-rss-feeds/natemat.xml,OG,success,2025-11-29 12:32:31,Poland,natemat.pl,To Do,FALSE,,,FALSE,
Poporul român.,-,N/A,-,,Romania,nationalisti.ro,No feed generated,FALSE,,,FALSE,
Nationwide 90 FM,-,N/A,-,,Jamaica,nationwideradiojm.com,No feed generated,FALSE,,,FALSE,
Nayaindia Digital,https://swelbyboy.github.io/prospect-rss-feeds/nayaindia-digital.xml,OG,success,2025-11-29 12:32:42,India,nayaindia.com,To Do,FALSE,Later,,FALSE,
NorthEast Now,-,N/A,failed,2025-11-29 12:32:42,India,nenow.in,No feed generated,FALSE,Later,,FALSE,
Ne Oldu,https://www.neoldu.com.tr/service/rss.php,Discovered-autodiscovery,failed,2025-12-21 22:13:00,Turkey,neoldu.com,No feed generated,FALSE,,,FALSE,Feed generation failed or no source feed found
NEO TV Network,-,N/A,-,,Pakistan,neonetwork.pk,No feed generated,FALSE,,,FALSE,
Népszava,-,N/A,-,,Hungary,nepszava.hu,No feed generated,FALSE,,,FALSE,
Neverstill Media,https://swelbyboy.github.io/prospect-rss-feeds/neverstill-media.xml,RSS,success,2025-11-29 11:41:00,United States,neverstill.com,Irrelevant prospect,FALSE,Karen,,FALSE,
News24,https://swelbyboy.github.io/prospect-rss-feeds/news24.xml,OG,success,2025-11-29 12:32:43,India,news24online.com,To Do,FALSE,Later,,FALSE,
News7Tamil,https://swelbyboy.github.io/prospect-rss-feeds/news7tamil.xml,OG,success,2025-11-29 12:32:50,India,news7tamil.live,To Do,FALSE,Later,,FALSE,
Beacon Media Group,-,N/A,-,,Malta,newsbook.com.mt,No feed generated,FALSE,,,FALSE,
News Channel Nebraska,-,N/A,-,,United States,newschannelnebraska.com,No feed generated,FALSE,,,FALSE,
News Narayanganj,-,N/A,-,,Bangladesh,newsnarayanganj24.net,No feed generated,FALSE,,,FALSE,
NewsTeam,https://newsteam.ro/feed,Discovered-autodiscovery,failed,2025-12-21 22:13:00,Romania,newsteam.ro,No feed generated,FALSE,,,FALSE,Feed generation failed or no source feed found
Newstrack.com,-,N/A,-,,India,newstrack.com,No feed generated,FALSE,,,FALSE,
News Track Infomedia Pvt. Ltd,-,N/A,-,,India,newstracklive.com,No feed generated,FALSE,,,FALSE,
News Wing,-,N/A,failed,2025-11-29 12:32:51,India,newswing.com,No feed generated,FALSE,Later,,FALSE,
Nezavisne Novine,-,N/A,-,,Bosnia and Herzegovina,nezavisne.com,No feed generated,FALSE,,,FALSE,
NHL Suomi,https://swelbyboy.github.io/prospect-rss-feeds/nhl-suomi.xml,OG,success,2025-11-29 12:32:56,Finland,nhlsuomi.com,Sending,FALSE,Karen,,FALSE,
NH Media,-,N/A,-,,Netherlands,nhmedia.nl,No feed generated,FALSE,,,FALSE,
NH Nieuws,-,N/A,-,,Netherlands,nhnieuws.nl,No feed generated,FALSE,,,FALSE,
Nieuws,https://swelbyboy.github.io/prospect-rss-feeds/nieuws.xml,OG,success,2025-11-29 12:33:01,Netherlands,nieuws.nl,Sending,FALSE,Later,,FALSE,
Niezalezna.pl,https://swelbyboy.github.io/prospect-rss-feeds/niezalezna-pl.xml,OG,success,2025-11-29 12:33:04,Poland,niezalezna.pl,To Do,FALSE,Later,,FALSE,
NineForNews.nl,-,N/A,-,,Netherlands,ninefornews.nl,No feed generated,FALSE,,,FALSE,
Njuškalo,-,N/A,-,,Croatia,njuskalo.hr,No feed generated,FALSE,,,FALSE,
Noget i ovnen hos bagenørden,https://swelbyboy.github.io/prospect-rss-feeds/noget-i-ovnen-hos-bagenørden.xml,OG,success,2025-11-29 12:33:06,Denmark,nogetiovnen.dk,Irrelevant prospect,FALSE,Karen,,FALSE,Recipe website
Női Portál,https://swelbyboy.github.io/prospect-rss-feeds/női-portál.xml,OG,success,2025-11-29 12:33:17,Hungary,noiportal.hu,To Do,FALSE,Later,,FALSE,
NotJustOk,https://swelbyboy.github.io/prospect-rss-feeds/notjustok.xml,OG,success,2025-11-29 12:33:19,Nigeria,notjustok.com,To Do,FALSE,Later,,FALSE,
Radio Nova,-,N/A,failed,2025-11-29 12:33:19,Ireland,nova.ie,No feed generated,FALSE,Later,,FALSE,
New Varna,https://swelbyboy.github.io/prospect-rss-feeds/new-varna.xml,OG,success,2025-11-29 12:33:31,Bulgaria,novavarna.net,To Do,FALSE,Later,,FALSE,
Novosti.rs,-,N/A,-,,Serbia,novosti.rs,No feed generated,FALSE,,,FALSE,
Nowiny.pl,https://swelbyboy.github.io/prospect-rss-feeds/nowiny-pl.xml,OG,success,2025-11-29 12:33:37,Poland,nowiny.pl,To Do,FALSE,Later,,FALSE,
Npress,-,N/A,failed,2025-11-29 12:33:38,Greece,npress.gr,No feed generated,FALSE,Later,,FALSE,
新唐人亞太電視台,-,N/A,-,,Taiwan,ntdtv.com.tw,No feed generated,FALSE,,,FALSE,
NU Online,https://swelbyboy.github.io/prospect-rss-feeds/nu-online.xml,OG,success,2025-11-29 12:33:50,Indonesia,nu.or.id,To Do,FALSE,,,FALSE,
The Clown,-,N/A,-,,Greece,o-klooun.com,No feed generated,FALSE,,,FALSE,
Obiectiv - Vocea Brailei,https://swelbyboy.github.io/prospect-rss-feeds/obiectiv---vocea-brailei.xml,"OG (3), RSS (7)",success,2025-11-29 12:33:56,Romania,obiectivbr.ro,To Do,FALSE,Later,,FALSE,
Objektiv,-,N/A,failed,2025-11-29 12:33:56,Serbia,objektiv.rs,No feed generated,FALSE,Later,,FALSE,
Observatorul Prahovean,https://swelbyboy.github.io/prospect-rss-feeds/observatorul-prahovean.xml,OG,success,2025-11-29 12:34:02,Romania,observatorulph.ro,To Do,FALSE,Later,,FALSE,
ODA TV,https://swelbyboy.github.io/prospect-rss-feeds/oda-tv.xml,OG,success,2025-11-29 12:34:04,Turkey,odatv.com,To Do,FALSE,Later,,FALSE,
OddNaari,-,N/A,-,,India,oddnaari.in,No feed generated,FALSE,,,FALSE,
OFFNews,-,N/A,-,,Bulgaria,offnews.bg,No feed generated,FALSE,,,FALSE,
OGÜNhaber,https://swelbyboy.github.io/prospect-rss-feeds/ogünhaber.xml,OG,success,2025-11-29 12:34:08,Turkey,ogunhaber.com,To Do,FALSE,Later,,FALSE,
OKO Press,https://swelbyboy.github.io/prospect-rss-feeds/oko-press.xml,OG,success,2025-11-29 12:34:16,Poland,oko.press,To Do,FALSE,Later,,FALSE,
OK Portal,https://swelbyboy.github.io/prospect-rss-feeds/ok-portal.xml,OG,success,2025-11-29 12:34:20,Serbia,okradio.rs,To Do,FALSE,,,FALSE,
Omroep Venlo,-,N/A,-,,Netherlands,omroepvenlo.nl,No feed generated,FALSE,,,FALSE,
Öncü Şehir,https://swelbyboy.github.io/prospect-rss-feeds/öncü-şehir.xml,OG,success,2025-11-29 12:34:24,Turkey,oncusehir.com,To Do,FALSE,Later,,FALSE,
Oneindia,-,N/A,-,,India,one.in,No feed generated,FALSE,,,FALSE,
Onedio,https://swelbyboy.github.io/prospect-rss-feeds/onedio.xml,OG,success,2025-11-29 12:34:25,Turkey,onedio.com,To Do,FALSE,,,FALSE,
OpIndia,https://swelbyboy.github.io/prospect-rss-feeds/opindia.xml,OG,success,2025-11-29 12:34:28,India,opindia.com,To Do,FALSE,Later,,FALSE,
Opinia Buzău,-,N/A,-,,Romania,opiniabuzau.ro,No feed generated,FALSE,,,FALSE,
Opinia Transilvana,https://swelbyboy.github.io/prospect-rss-feeds/opinia-transilvana.xml,OG,success,2025-11-29 12:34:32,Romania,opiniatransilvana.ro,To Do,FALSE,Later,,FALSE,
Options Media Pvt. Ltd,-,N/A,-,,India,optionsmediagroup.in,No feed generated,FALSE,,,FALSE,
Orissa Post,https://swelbyboy.github.io/prospect-rss-feeds/orissa-post.xml,OG,success,2025-11-29 12:34:37,India,orissapost.com,To Do,FALSE,Later,,FALSE,
Os og Fusaposten,-,N/A,-,,Norway,osogfusa.no,No feed generated,FALSE,,,FALSE,
OtoSpirit,-,N/A,-,,Indonesia,otospirit.com,No feed generated,FALSE,,,FALSE,
Otostil,https://swelbyboy.github.io/prospect-rss-feeds/otostil.xml,OG,success,2025-11-29 12:34:47,Turkey,otostil.com,To Do,FALSE,Later,,FALSE,
Ozark Radio News,https://swelbyboy.github.io/prospect-rss-feeds/ozark-radio-news.xml,OG,success,2025-11-29 11:41:11,United States,ozarkradionews.com,Sending,FALSE,Karen,,FALSE,
OZON magazine,https://swelbyboy.github.io/prospect-rss-feeds/ozon-magazine.xml,OG,success,2025-11-29 12:34:50,Greece,ozonweb.com,Irrelevant prospect,FALSE,Karen,,FALSE,Old content
Padma Times 24,-,N/A,failed,2025-11-29 12:34:50,Bangladesh,padmatimes24.com,No feed generated,FALSE,Later,,FALSE,
Pakistan Observer,-,N/A,failed,2025-11-29 12:34:50,Pakistan,pakobserver.net,No feed generated,FALSE,Later,,FALSE,
Pame Evro,-,N/A,failed,2025-11-29 12:34:50,Greece,pameevro.gr,No feed generated,FALSE,Later,,FALSE,
Pamukkale Haber,https://swelbyboy.github.io/prospect-rss-feeds/pamukkale-haber.xml,OG,success,2025-11-29 12:34:54,Turkey,pamukkalehaber.com,To Do,FALSE,Later,,FALSE,
Pannon RTV,https://swelbyboy.github.io/prospect-rss-feeds/pannon-rtv.xml,OG,success,2025-11-29 12:34:58,Serbia,pannonrtv.com,To Do,FALSE,,,FALSE,
PAOKFC,-,N/A,failed,2025-11-29 12:34:59,Greece,paokfc.gr,No feed generated,FALSE,Later,,FALSE,
Polska Agencja Prasowa,-,N/A,-,,Poland,pap.pl,No feed generated,FALSE,,,FALSE,
Paratic,https://swelbyboy.github.io/prospect-rss-feeds/paratic.xml,OG,success,2025-11-29 12:35:01,Turkey,paratic.com,To Do,FALSE,Later,,FALSE,
Parent Tune,-,N/A,-,,India,parentune.com,No feed generated,FALSE,,,FALSE,
Parianostypos,-,N/A,-,,Greece,parianostypos.gr,No feed generated,FALSE,,,FALSE,
PathLegal India,-,N/A,-,,India,pathlegal.in,No feed generated,FALSE,,,FALSE,
Plug Media (PCM),https://swelbyboy.github.io/prospect-rss-feeds/plug-media--pcm.xml,OG,success,2025-11-29 12:35:15,Hong Kong,pcmarket.com.hk,Sending,FALSE,Karen,"Nov 26, 2025 ",FALSE,
PeepingMoon,https://swelbyboy.github.io/prospect-rss-feeds/peepingmoon.xml,OG,success,2025-11-29 12:35:21,India,peepingmoon.com,To Do,FALSE,Later,,FALSE,
La Perla del Sur,-,N/A,-,,United States,periodicolaperla.com,No feed generated,FALSE,,,FALSE,
Periskopi,https://swelbyboy.github.io/prospect-rss-feeds/periskopi.xml,OG,success,2025-11-29 12:35:24,Serbia,periskopi.com,To Do,FALSE,Later,,FALSE,
Petel,https://swelbyboy.github.io/prospect-rss-feeds/petel.xml,OG,success,2025-11-29 12:35:26,Bulgaria,petel.bg,To Do,FALSE,Later,,FALSE,
Phoenix 98 FM,-,N/A,failed,2025-11-29 11:41:11,United Kingdom,phoenixfm.com,No feed generated,FALSE,Karen,,FALSE,
Pikiran Rakyat,-,N/A,-,,Indonesia,pikiran-rakyat.com,No feed generated,FALSE,,,FALSE,
Pink.rs,https://swelbyboy.github.io/prospect-rss-feeds/pink-rs.xml,OG,success,2025-11-29 12:35:29,Serbia,pink.rs,Content not retrieved (retry later),FALSE,Sam,,FALSE,
PinkVilla,https://swelbyboy.github.io/prospect-rss-feeds/pinkvilla.xml,OG,success,2025-11-29 12:35:29,India,pinkvilla.com,To Do,FALSE,Later,,FALSE,
PlanetaGracza.pl,https://swelbyboy.github.io/prospect-rss-feeds/planetagracza-pl.xml,OG,success,2025-11-29 12:35:32,Poland,planetagracza.pl,To Do,FALSE,Later,,FALSE,
Playtuşu,-,N/A,failed,2025-11-29 12:35:32,Turkey,playtusu.com,No feed generated,FALSE,Later,,FALSE,
Plovdiv-Online,https://swelbyboy.github.io/prospect-rss-feeds/plovdiv-online.xml,OG,success,2025-11-29 12:35:35,Bulgaria,plovdiv-online.com,To Do,FALSE,Later,,FALSE,
Plovdiv Press,-,N/A,-,,Bulgaria,plovdiv-press.bg,No feed generated,FALSE,,,FALSE,
Пловдивчани,https://swelbyboy.github.io/prospect-rss-feeds/пловдивчани.xml,OG,success,2025-11-29 12:35:39,Bulgaria,plovdiv24.bg,Error adding feed to EBX,FALSE,Sam,,FALSE,Error adding feed
PoBandzie,https://swelbyboy.github.io/prospect-rss-feeds/pobandzie.xml,OG,success,2025-11-29 12:35:42,Poland,po-bandzie.com.pl,To Do,FALSE,Later,,FALSE,
podlaskie24,https://swelbyboy.github.io/prospect-rss-feeds/podlaskie24.xml,OG,success,2025-11-29 12:35:44,Poland,podlaskie24.pl,To Do,FALSE,Later,,FALSE,
Под тепето (www.podtepeto.com),https://swelbyboy.github.io/prospect-rss-feeds/под-тепето--www-podtepeto-com.xml,OG,success,2025-11-29 12:36:02,Bulgaria,podtepeto.com,To Do,FALSE,Later,,FALSE,
Politika Online,https://swelbyboy.github.io/prospect-rss-feeds/politika-online.xml,OG,success,2025-11-29 12:36:08,Serbia,politika.rs,Error adding feed to EBX,FALSE,Sam,,FALSE,Error adding feed
polsatnews.pl,https://swelbyboy.github.io/prospect-rss-feeds/polsatnews-pl.xml,OG,success,2025-11-29 12:36:18,Poland,polsatnews.pl,To Do,FALSE,Later,,FALSE,
Pop Culture Media,-,N/A,-,,Greece,popculturemedia.gr,No feed generated,FALSE,,,FALSE,
PopDaily,-,N/A,-,,Taiwan,popdaily.com.tw,No feed generated,FALSE,,,FALSE,
POPxo,-,N/A,-,,India,popxo.com,No feed generated,FALSE,,,FALSE,
Porten.no,https://swelbyboy.github.io/prospect-rss-feeds/porten-no.xml,OG,success,2025-11-29 12:36:21,Norway,porten.no,Sending,FALSE,Karen,,FALSE,
Poznan.travel,-,N/A,-,,Poland,poznan.travel,No feed generated,FALSE,,,FALSE,
PPE,-,N/A,-,,Poland,ppe.pl,No feed generated,FALSE,,,FALSE,
Dwarikesh Informatics Limited,-,N/A,-,,India,prabhasakshi.com,No feed generated,FALSE,,,FALSE,
Neutral Publishing House,https://swelbyboy.github.io/prospect-rss-feeds/neutral-publishing-house.xml,OG,success,2025-11-29 12:36:26,India,prabhatkhabar.com,To Do,FALSE,Later,,FALSE,
Prajavani,https://swelbyboy.github.io/prospect-rss-feeds/prajavani.xml,OG,success,2025-11-29 12:36:28,India,prajavani.net,To Do,FALSE,Later,,FALSE,
Prameya News 7,https://swelbyboy.github.io/prospect-rss-feeds/prameya-news-7.xml,OG,success,2025-11-29 12:36:34,India,prameyanews7.com,To Do,FALSE,Later,,FALSE,
Pratilipi Malayalam - പ്രതിലിപി മലയാളം,-,N/A,-,,India,pratilipi.com,No feed generated,FALSE,,,FALSE,
Pressland,-,N/A,-,,Poland,press-land.pl,No feed generated,FALSE,,,FALSE,
Pride East Entertainments,-,N/A,-,,India,prideeast.com,No feed generated,FALSE,,,FALSE,
Probashir Diganta,https://www.probashirdiganta.com/articles/rssfeed,Discovered-autodiscovery,failed,2025-12-21 22:13:00,Bangladesh,probashirdiganta.com,No feed generated,FALSE,,,FALSE,Feed generation failed or no source feed found
Profit.bg,-,N/A,-,,Bulgaria,profit.bg,No feed generated,FALSE,,,FALSE,
Promotions.hu,https://swelbyboy.github.io/prospect-rss-feeds/promotions-hu.xml,OG,success,2025-11-29 12:36:37,Hungary,promotions.hu,Content not retrieved (retry later),FALSE,Sam,,FALSE,
Prudent Media,-,N/A,-,,India,prudentmedia.in,No feed generated,FALSE,,,FALSE,
Pudhari,https://swelbyboy.github.io/prospect-rss-feeds/pudhari.xml,OG,success,2025-11-29 12:36:38,India,pudhari.news,To Do,FALSE,Later,,FALSE,
Punablog,https://www.puna.nl/sitemap/news.xml,Discovered-autodiscovery,failed,2025-12-21 22:13:00,Netherlands,puna.nl,No feed generated,FALSE,Karen,,FALSE,Feed generation failed or no source feed found
Ziarul Puterea,https://swelbyboy.github.io/prospect-rss-feeds/ziarul-puterea.xml,OG,success,2025-11-29 12:36:42,Romania,puterea.ro,To Do,FALSE,Later,,FALSE,
New Generation Media Corporation,https://swelbyboy.github.io/prospect-rss-feeds/new-generation-media-corporation.xml,OG,success,2025-11-29 12:36:44,India,puthiyathalaimurai.com,To Do,FALSE,Later,,FALSE,
PXR,-,N/A,-,,,pxr.nl,No feed generated,FALSE,,,FALSE,
Qirim Haber,-,N/A,-,,Turkey,qha.com.tr,No feed generated,FALSE,,,FALSE,
Qooah,https://swelbyboy.github.io/prospect-rss-feeds/qooah.xml,OG,success,2025-11-29 12:36:45,Hong Kong,qooah.com,Sending,FALSE,Karen,"Nov 26, 2025 ",FALSE,
QuirkyByte,https://swelbyboy.github.io/prospect-rss-feeds/quirkybyte.xml,OG,success,2025-11-29 12:36:49,India,quirkybyte.com,Content not retrieved (retry later),FALSE,Sam,,FALSE,
Racesport.nl,https://swelbyboy.github.io/prospect-rss-feeds/racesport-nl.xml,OG,success,2025-11-29 12:36:52,Netherlands,racesport.nl,Sending,FALSE,Later,,FALSE,
Radio Łódź,-,N/A,failed,2025-11-29 12:36:52,Poland,radiolodz.pl,No feed generated,FALSE,Later,,FALSE,
Radio Romania Resita,https://swelbyboy.github.io/prospect-rss-feeds/radio-romania-resita.xml,OG,success,2025-11-29 12:37:01,Romania,radioresita.ro,To Do,FALSE,Later,,FALSE,
Radio Sarajevo,https://swelbyboy.github.io/prospect-rss-feeds/radio-sarajevo.xml,OG,success,2025-11-29 12:37:04,Bosnia and Herzegovina,radiosarajevo.ba,To Do,FALSE,Later,,FALSE,
Radio ZU,-,N/A,-,,Romania,radiozu.ro,No feed generated,FALSE,,,FALSE,
Radomsko24.pl,-,N/A,-,,Poland,radomsko24.pl,No feed generated,FALSE,,,FALSE,
Radom Sport,-,N/A,-,,Poland,radomsport.pl,No feed generated,FALSE,,,FALSE,
رأي اليوم,-,N/A,failed,2025-11-29 11:41:11,United Kingdom,raialyoum.com,Irrelevant prospect,FALSE,Sam,,FALSE,
Rallypl,https://swelbyboy.github.io/prospect-rss-feeds/rallypl.xml,OG,success,2025-11-29 12:37:06,Poland,rallypl.com,To Do,FALSE,Later,,FALSE,
Lxkal.dk,https://swelbyboy.github.io/prospect-rss-feeds/lxkal-dk.xml,OG,success,2025-11-29 12:37:15,Denmark,randersidag.dk,Insufficient/Old Content,FALSE,Karen,,FALSE,Most articles in the feed are from months ago
Reformatorisch Dagblad,-,N/A,-,,Netherlands,rd.nl,No feed generated,FALSE,,,FALSE,
RealClear Media Group,https://swelbyboy.github.io/prospect-rss-feeds/realclear-media-group.xml,RSS,success,2025-11-29 11:41:15,United States,realclearmediagroup.com,Parent org,FALSE,Karen,,FALSE,
Realitatea.net,https://swelbyboy.github.io/prospect-rss-feeds/realitatea-net.xml,OG,success,2025-11-29 12:37:18,Romania,realitatea.net,Content not retrieved (retry later),FALSE,Sam,,FALSE,
Realtimes Network,-,N/A,-,,Netherlands,realtimesnetwork.com,No feed generated,FALSE,,,FALSE,
Recept.se,-,N/A,-,,Sweden,recept.se,No feed generated,FALSE,,,FALSE,
Red Clover Media,https://swelbyboy.github.io/prospect-rss-feeds/red-clover-media.xml,OG,success,2025-11-29 12:37:28,Romania,redclovermedia.ro,To Do,FALSE,Later,,FALSE,
Regionalni tjednik doo,https://regionalni.com/feed/,Discovered-autodiscovery,failed,2025-12-21 22:13:00,Croatia,regionalni.com,No feed generated,FALSE,,,FALSE,Feed generation failed or no source feed found
R Media,-,N/A,-,,Serbia,reporteri.net,No feed generated,FALSE,,,FALSE,
Republic World,-,N/A,-,,India,republicworld.com,No feed generated,FALSE,,,FALSE,
Republika,https://swelbyboy.github.io/prospect-rss-feeds/republika.xml,OG,success,2025-11-29 12:37:39,Indonesia,republika.co.id,To Do,FALSE,Later,,FALSE,
Szeretem Koncz Zsuzsát,https://swelbyboy.github.io/prospect-rss-feeds/szeretem-koncz-zsuzsát.xml,OG,success,2025-11-29 12:37:50,Hungary,retromuzsika.hu,To Do,FALSE,Later,,FALSE,
RevivaL TV,-,N/A,-,,Indonesia,revivaltv.id,No feed generated,FALSE,,,FALSE,
RTV Rijnmond,-,N/A,-,,Netherlands,rijnmond.nl,No feed generated,FALSE,,,FALSE,
Risingbd.com,-,N/A,-,,Bangladesh,risingbd.com,No feed generated,FALSE,,,FALSE,
Rockbook.hu,-,N/A,-,,Hungary,rockbook.hu,No feed generated,FALSE,,,FALSE,
Rockway,-,N/A,-,,Greece,rockway.gr,No feed generated,FALSE,,,FALSE,
Rodiaki,https://rodiaki.gr/feed,Discovered-pattern,failed,2025-12-21 22:13:00,Greece,rodiaki.gr,No feed generated,FALSE,,,FALSE,Feed generation failed or no source feed found
The Romania Journal,-,N/A,-,,Romania,romaniajournal.ro,No feed generated,FALSE,,,FALSE,
Rørosnytt,https://swelbyboy.github.io/prospect-rss-feeds/rørosnytt.xml,OG,success,2025-11-29 12:38:01,Norway,rorosnytt.no,Sending,FALSE,Karen,,FALSE,
Spokesman,https://swelbyboy.github.io/prospect-rss-feeds/spokesman.xml,OG,success,2025-11-29 12:38:06,India,rozanaspokesman.com,Sending,FALSE,Sam,"Nov 26, 2025 ",FALSE,
roztocze.net Regionalny Dziennik Internetowy,-,N/A,-,,Poland,roztocze.net,No feed generated,FALSE,,,FALSE,
Radio Romania International,https://swelbyboy.github.io/prospect-rss-feeds/radio-romania-international.xml,OG,success,2025-11-29 12:38:09,Romania,rri.ro,To Do,FALSE,Later,,FALSE,
Romania TV,https://swelbyboy.github.io/prospect-rss-feeds/romania-tv.xml,OG,success,2025-11-29 12:38:13,Romania,rtv.net,Sending,FALSE,Sam,"Nov 26, 2025 ",FALSE,
Radio Televizija BN,-,N/A,-,,Bosnia and Herzegovina,rtvbn.com,No feed generated,FALSE,,,FALSE,
RTV Noord,https://swelbyboy.github.io/prospect-rss-feeds/rtv-noord.xml,OG,success,2025-11-29 12:38:18,Netherlands,rtvnoord.nl,To Do,FALSE,,,FALSE,Newly discovered RSS feed
Rtv,-,N/A,-,,Bangladesh,rtvonline.com,No feed generated,FALSE,,,FALSE,
PINK INTERNATIONAL COMPANY D.O.O.,https://swelbyboy.github.io/prospect-rss-feeds/pink-international-company-d-o-o.xml,RSS,success,2025-11-29 12:38:20,Serbia,rtvpink.com,Content not retrieved (retry later),FALSE,Sam,,FALSE,
RTV Santos,https://swelbyboy.github.io/prospect-rss-feeds/rtv-santos.xml,OG,success,2025-11-29 12:38:33,Serbia,rtvsantos.com,To Do,FALSE,Later,,FALSE,
Sadece Haber,https://swelbyboy.github.io/prospect-rss-feeds/sadece-haber.xml,OG,success,2025-11-29 12:38:39,Turkey,sadecehaber.com,To Do,FALSE,Later,,FALSE,
Sądeczanin,-,N/A,-,,Poland,sadeczanin.info,No feed generated,FALSE,,,FALSE,
Sağlık Aktüel,https://swelbyboy.github.io/prospect-rss-feeds/sağlık-aktüel.xml,OG,success,2025-11-29 12:38:43,Turkey,saglikaktuel.com,To Do,FALSE,Later,,FALSE,
Saltenposten AS,-,N/A,-,,Norway,saltenposten.no,No feed generated,FALSE,,,FALSE,
Samakal,-,N/A,-,,Bangladesh,samakal.com,No feed generated,FALSE,,,FALSE,
SamosVoice.gr,https://swelbyboy.github.io/prospect-rss-feeds/samosvoice-gr.xml,OG,success,2025-11-29 12:38:47,Greece,samosvoice.gr,To Do,FALSE,Later,,FALSE,
Sandesh,-,N/A,-,,India,sandesh.com,No feed generated,FALSE,,,FALSE,
Sarajevska sehara,https://swelbyboy.github.io/prospect-rss-feeds/sarajevska-sehara.xml,OG,success,2025-11-29 12:38:54,Bosnia and Herzegovina,sarajevskasehara.com,To Do,FALSE,Later,,FALSE,
Saving Toward A Better Life,https://swelbyboy.github.io/prospect-rss-feeds/saving-toward-a-better-life.xml,OG,success,2025-11-29 11:41:21,United States,savingtowardabetterlife.com,Irrelevant prospect,FALSE,Karen,,FALSE,
SayDigi點子生活,https://swelbyboy.github.io/prospect-rss-feeds/saydigi點子生活.xml,OG,success,2025-11-29 12:39:07,Taiwan,saydigi.com,To Do,FALSE,Later,,FALSE,
SBB Media,-,N/A,-,,Bulgaria,sbb.bg,No feed generated,FALSE,,,FALSE,
scigacz.pl,https://swelbyboy.github.io/prospect-rss-feeds/scigacz-pl.xml,OG,success,2025-11-29 12:39:17,Poland,scigacz.pl,Sending,FALSE,Sam,"Nov 26, 2025 ",FALSE,
ScoopWhoop,-,N/A,-,,India,scoopwhoop.com,No feed generated,FALSE,,,FALSE,
SCVTV Media Center,https://swelbyboy.github.io/prospect-rss-feeds/scvtv-media-center.xml,OG,success,2025-11-29 11:41:33,United States,scvtv.com,Irrelevant prospect,FALSE,Karen,,FALSE,
Şehir Medya,https://swelbyboy.github.io/prospect-rss-feeds/şehir-medya.xml,OG,success,2025-11-29 12:39:21,Turkey,sehirmedya.com,To Do,FALSE,Later,,FALSE,
The Sentinel,https://swelbyboy.github.io/prospect-rss-feeds/the-sentinel.xml,OG,success,2025-11-29 12:39:23,India,sentinelassam.com,To Do,FALSE,Later,,FALSE,
sgCarMart,-,N/A,-,,Singapore,sgcarmart.com,No feed generated,FALSE,,,FALSE,
Shockmagazin,-,N/A,-,,Hungary,shockmagazin.hu,No feed generated,FALSE,,,FALSE,
Siasat Press,https://swelbyboy.github.io/prospect-rss-feeds/siasat-press.xml,OG,success,2025-11-29 12:39:24,India,siasat.com,To Do,FALSE,Later,,FALSE,
Sieć Portali,-,N/A,-,,Poland,siecportali.pl,No feed generated,FALSE,,,FALSE,
Sify,https://swelbyboy.github.io/prospect-rss-feeds/sify.xml,OG,success,2025-11-29 12:39:34,India,sify.com,To Do,FALSE,Later,,FALSE,
Siljan News,-,N/A,-,,Sweden,siljannews.se,No feed generated,FALSE,,,FALSE,
SILKCITYNEWS,https://swelbyboy.github.io/prospect-rss-feeds/silkcitynews.xml,OG,success,2025-11-29 12:39:43,Bangladesh,silkcitynews.com,To Do,FALSE,Sam,,FALSE,Newly discovered RSS feed
Sinidisi,https://swelbyboy.github.io/prospect-rss-feeds/sinidisi.xml,OG,success,2025-11-29 12:39:47,Greece,sinidisi.gr,To Do,FALSE,Later,,FALSE,
Sister2Sister,https://swelbyboy.github.io/prospect-rss-feeds/sister2sister.xml,OG,success,2025-11-29 11:41:42,United States,sis2sis.com,Insufficient/Old Content,FALSE,Karen,,FALSE,Most articles in the feed are from a month ago
Situation Publishing,https://swelbyboy.github.io/prospect-rss-feeds/situation-publishing.xml,OG,success,2025-11-29 11:41:43,United Kingdom,situationpublishing.com,Parent org,FALSE,Karen,,FALSE,
Skybox 360 Media,-,N/A,-,,United States,skybox360.com,No feed generated,FALSE,,,FALSE,
Skykiwi.com,-,N/A,-,,New Zealand,skykiwi.com,No feed generated,FALSE,,,FALSE,
Skymet Weather Services,-,N/A,-,,India,skymetweather.com,No feed generated,FALSE,,,FALSE,
SMnoticias,-,N/A,failed,2025-11-29 11:41:43,United States,smnoticias.com,No feed generated,FALSE,Karen,,FALSE,
Smolyan Today!,-,N/A,-,,Bulgaria,smolyandnes.com,No feed generated,FALSE,,,FALSE,
Southern Newspapers,-,N/A,-,,United States,sninews.com,No feed generated,FALSE,,,FALSE,
So Delhi,-,N/A,-,,India,so.city,No feed generated,FALSE,,,FALSE,
soapcentral.com,https://swelbyboy.github.io/prospect-rss-feeds/soapcentral-com.xml,OG,success,2025-11-29 11:41:44,United States,soapcentral.com,Sending,FALSE,Karen,,FALSE,
Спомени от Народната република,https://swelbyboy.github.io/prospect-rss-feeds/спомени-от-народната-република.xml,OG,success,2025-11-29 12:39:54,Bulgaria,socbg.com,To Do,FALSE,Later,,FALSE,
Someecards,https://swelbyboy.github.io/prospect-rss-feeds/someecards.xml,OG,success,2025-11-29 11:41:45,United States,someecards.com,Sending,FALSE,Karen,"Nov 25, 2025 ",FALSE,
Sondakika24,https://swelbyboy.github.io/prospect-rss-feeds/sondakika24.xml,OG,success,2025-11-29 12:40:10,Turkey,sondakika-24.com,To Do,FALSE,Later,,FALSE,
Sosialnytt,https://swelbyboy.github.io/prospect-rss-feeds/sosialnytt.xml,OG,success,2025-11-29 12:40:16,Norway,sosialnytt.com,Sending,FALSE,Karen,,FALSE,
Source,-,N/A,-,,Bosnia and Herzegovina,source.ba,No feed generated,FALSE,,,FALSE,
Sözcü,-,N/A,-,,Turkey,sozcu.com.tr,No feed generated,FALSE,,,FALSE,
SPANIA I DAG,https://swelbyboy.github.io/prospect-rss-feeds/spania-i-dag.xml,OG,success,2025-11-29 12:40:20,Norway,spaniaidag.no,Sending,FALSE,Karen,,FALSE,
Sparkles to Sprinkles,https://swelbyboy.github.io/prospect-rss-feeds/sparkles-to-sprinkles.xml,OG,success,2025-11-29 11:41:46,United States,sparklestosprinkles.com,To Do,FALSE,Karen,,FALSE,Most of the articles in the feed are too old
Sportal Media Group,https://swelbyboy.github.io/prospect-rss-feeds/sportal-media-group.xml,OG,success,2025-11-29 12:40:23,Bulgaria,sportal.bg,To Do,FALSE,Later,,FALSE,
Tippmixtippek,https://swelbyboy.github.io/prospect-rss-feeds/tippmixtippek.xml,OG,success,2025-11-29 12:40:30,Hungary,sportposzt.com,To Do,FALSE,Later,,FALSE,
Sportske.net,https://swelbyboy.github.io/prospect-rss-feeds/sportske-net.xml,OG,success,2025-11-29 12:40:33,Serbia,sportske.net,To Do,FALSE,Later,,FALSE,
Sportsnaut,https://swelbyboy.github.io/prospect-rss-feeds/sportsnaut.xml,OG,success,2025-11-29 11:41:47,United States,sportsnaut.com,To Do,FALSE,Karen,,TRUE,"Replied in first round, do not contact"
SportSport.ba - Fight Club,https://swelbyboy.github.io/prospect-rss-feeds/sportsport-ba---fight-club.xml,OG,success,2025-11-29 12:40:35,Bosnia and Herzegovina,sportsport.ba,To Do,FALSE,Later,,FALSE,
sportstv,-,N/A,-,,Turkey,sportstv.com.tr,No feed generated,FALSE,,,FALSE,
Squawka,-,N/A,-,,United Kingdom,squawka.com,No feed generated,FALSE,,,FALSE,
Srbija Danas,https://swelbyboy.github.io/prospect-rss-feeds/srbija-danas.xml,OG,success,2025-11-29 12:40:39,Serbia,srbijadanas.com,To Do,FALSE,Later,,FALSE,
Stacksocial,-,N/A,-,,United States,stacksocial.com,No feed generated,FALSE,,,FALSE,
Starity,-,N/A,-,,Hungary,starity.hu,No feed generated,FALSE,,,FALSE,
Statist SE,-,N/A,-,,Sweden,statist.se,No feed generated,FALSE,,,FALSE,
Steelers Depot,https://swelbyboy.github.io/prospect-rss-feeds/steelers-depot.xml,OG,success,2025-11-29 11:41:48,United States,steelersdepot.com,Sending,FALSE,Karen,"Nov 25, 2025 ",FALSE,
Stella Novus,https://swelbyboy.github.io/prospect-rss-feeds/stella-novus.xml,RSS,success,2025-11-29 12:40:41,Ireland,stellanovus.com,Irrelevant prospect,FALSE,Later,,FALSE,
Sterea Economy,https://swelbyboy.github.io/prospect-rss-feeds/sterea-economy.xml,OG,success,2025-11-29 12:40:45,Greece,stereaeconomy.gr,Sending,FALSE,Sam,"Nov 26, 2025 ",FALSE,
StiriDiaspora,-,N/A,-,,Romania,stiridiaspora.ro,No feed generated,FALSE,,,FALSE,
Stiripesurse.ro,https://swelbyboy.github.io/prospect-rss-feeds/stiripesurse-ro.xml,OG,success,2025-11-29 12:40:51,Romania,stiripesurse.ro,Error adding feed to EBX,FALSE,Sam,,FALSE,Can't add feed
ST. MAXIM THE GREEK,https://swelbyboy.github.io/prospect-rss-feeds/st--maxim-the-greek.xml,OG,success,2025-11-29 12:40:57,Greece,stmaximthegreek.org,To Do,FALSE,Later,,FALSE,
Stoodnt,-,N/A,-,,United States,stoodnt.com,No feed generated,FALSE,,,FALSE,
風傳媒,-,N/A,-,,Taiwan,storm.mg,No feed generated,FALSE,,,FALSE,
Story Srbija,https://swelbyboy.github.io/prospect-rss-feeds/story-srbija.xml,OG,success,2025-11-29 12:41:01,Serbia,story.rs,To Do,FALSE,Later,,FALSE,
Storypick,-,N/A,-,,India,storypick.com,No feed generated,FALSE,,,FALSE,
Strive Middle East,https://swelbyboy.github.io/prospect-rss-feeds/strive-middle-east.xml,OG,success,2025-11-29 12:41:02,United Arab Emirates,striveme.com,To Do,FALSE,Karen,,FALSE,Most articles in the feed are from months ago
Struma.bg,https://swelbyboy.github.io/prospect-rss-feeds/struma-bg.xml,"OG (6), RSS (4)",success,2025-11-29 12:41:10,Bulgaria,struma.bg,To Do,FALSE,Later,,FALSE,
Studio Alphen,https://swelbyboy.github.io/prospect-rss-feeds/studio-alphen.xml,OG,success,2025-11-29 12:41:23,Netherlands,studioalphen.nl,Sending,FALSE,Later,,FALSE,
Studycafe,https://swelbyboy.github.io/prospect-rss-feeds/studycafe.xml,OG,success,2025-11-29 12:41:27,India,studycafe.in,To Do,FALSE,Later,,FALSE,
Mahipal Singh Rathore,-,N/A,-,,India,studyiq.com,No feed generated,FALSE,,,FALSE,
Styl.fm,-,N/A,-,,Poland,styl.fm,No feed generated,FALSE,,,FALSE,
Style&Decor Magazine,-,N/A,-,,Indonesia,styleanddecormagz.com,No feed generated,FALSE,,,FALSE,
Suara.com,-,N/A,-,,Indonesia,suara.com,No feed generated,FALSE,,,FALSE,
Suara Surabaya Media,https://swelbyboy.github.io/prospect-rss-feeds/suara-surabaya-media.xml,OG,success,2025-11-29 12:41:33,Indonesia,suarasurabaya.net,To Do,FALSE,Later,,FALSE,
SUBOTICA.com,-,N/A,-,,Serbia,subotica.com,No feed generated,FALSE,,,FALSE,
SUCH TV,-,N/A,-,,Pakistan,suchtv.pk,No feed generated,FALSE,,,FALSE,
Sun TV Network,-,N/A,-,,India,suntv.in,No feed generated,FALSE,,,FALSE,
SuperMamy,-,N/A,-,,Poland,supermamy.pl,No feed generated,FALSE,,,FALSE,
Swadesh,https://swelbyboy.github.io/prospect-rss-feeds/swadesh.xml,OG,success,2025-11-29 12:41:43,India,swadeshnews.in,To Do,FALSE,Later,,FALSE,
SwagGrabber,https://swelbyboy.github.io/prospect-rss-feeds/swaggrabber.xml,OG,success,2025-11-29 11:41:51,United States,swaggrabber.com,Sending,FALSE,Karen,,FALSE,
Swidnica24,https://swelbyboy.github.io/prospect-rss-feeds/swidnica24.xml,OG,success,2025-11-29 12:41:45,Poland,swidnica24.pl,To Do,FALSE,Later,,FALSE,
SwingCompleto,https://swelbyboy.github.io/prospect-rss-feeds/swingcompleto.xml,OG,success,2025-11-29 11:41:54,United States,swingcompleto.com,Sending,FALSE,Karen,,FALSE,
Sydöstran,https://swelbyboy.github.io/prospect-rss-feeds/sydöstran.xml,OG,success,2025-11-29 12:41:47,Sweden,sydostran.se,Sending,FALSE,Karen,,FALSE,
SylhetToday24,-,N/A,-,,Bangladesh,sylhettoday24.news,No feed generated,FALSE,,,FALSE,
Szegeder.hu,-,N/A,failed,2025-11-29 12:41:48,Hungary,szegeder.hu,No feed generated,FALSE,Later,,FALSE,
Trønder-Avisa,-,N/A,-,,Norway,t-a.no,No feed generated,FALSE,,,FALSE,
Tamindir,https://swelbyboy.github.io/prospect-rss-feeds/tamindir.xml,OG,success,2025-11-29 12:41:49,Turkey,tamindir.com,To Do,FALSE,Later,,FALSE,
Tanjug,-,N/A,-,,Serbia,tanjug.rs,No feed generated,FALSE,,,FALSE,
Tarsus Akdeniz,https://swelbyboy.github.io/prospect-rss-feeds/tarsus-akdeniz.xml,OG,success,2025-11-29 12:41:56,Turkey,tarsusakdeniz.com,Sending,FALSE,Sam,"Nov 26, 2025 ",FALSE,
Taste Life,https://swelbyboy.github.io/prospect-rss-feeds/taste-life.xml,OG,success,2025-11-29 11:42:01,United States,tastelife.tv,Insufficient/Old Content,FALSE,Karen,,FALSE,Most articles in the feed are from months ago
Tatar Sukabumi,-,N/A,-,,Indonesia,tatarsukabumi.id,No feed generated,FALSE,,,FALSE,
tech360.tv,https://swelbyboy.github.io/prospect-rss-feeds/tech360-tv.xml,OG,success,2025-11-29 12:41:57,Singapore,tech360.tv,Sending,FALSE,Karen,"Nov 25, 2025 ",FALSE,
TechNews.tw,https://swelbyboy.github.io/prospect-rss-feeds/technews-tw.xml,OG,success,2025-11-29 12:42:04,Taiwan,technews.tw,To Do,FALSE,Later,,FALSE,
Technology Vista,-,N/A,-,,India,technologyvista.in,No feed generated,FALSE,,,FALSE,
Technopat,https://swelbyboy.github.io/prospect-rss-feeds/technopat.xml,OG,success,2025-11-29 12:42:08,Turkey,technopat.net,Sending,FALSE,Sam,"Nov 26, 2025 ",FALSE,
Tech Travel Eat,https://swelbyboy.github.io/prospect-rss-feeds/tech-travel-eat.xml,OG,success,2025-11-29 12:42:31,India,techtraveleat.com,To Do,FALSE,Later,,FALSE,
TEEPR 亮新聞,https://swelbyboy.github.io/prospect-rss-feeds/teepr-亮新聞.xml,OG,success,2025-11-29 12:42:33,Taiwan,teepr.com,To Do,FALSE,Later,,FALSE,
Tek Indonesia,-,N/A,-,,Indonesia,tek.id,No feed generated,FALSE,,,FALSE,
Teknoblog,https://swelbyboy.github.io/prospect-rss-feeds/teknoblog.xml,OG,success,2025-11-29 12:42:38,Turkey,teknoblog.com,To Do,FALSE,Later,,FALSE,
Tele1 TV,https://swelbyboy.github.io/prospect-rss-feeds/tele1-tv.xml,OG,success,2025-11-29 12:42:41,Turkey,tele1.com.tr,To Do,FALSE,Later,,FALSE,
Telegraf.rs,https://swelbyboy.github.io/prospect-rss-feeds/telegraf-rs.xml,OG,success,2025-11-29 12:42:49,Serbia,telegraf.rs,To Do,FALSE,Later,,FALSE,
Telegrafi,https://swelbyboy.github.io/prospect-rss-feeds/telegrafi.xml,OG,success,2025-11-29 12:42:49,Serbia,telegrafi.com,Sending,FALSE,Sam,"Nov 26, 2025 ",FALSE,
Telemundo Atlanta,-,N/A,-,,United States,telemundoatlanta.com,No feed generated,FALSE,,,FALSE,
Telemundo Nebraska,-,N/A,-,,United States,telemundonebraska.com,No feed generated,FALSE,,,FALSE,
Teleskop,https://swelbyboy.github.io/prospect-rss-feeds/teleskop.xml,OG,success,2025-11-29 12:42:55,Croatia,teleskop.hr,Error adding feed to EBX,FALSE,Karen,,FALSE,"""An error occurred while validating the feed URL"""
Telex.hu,https://swelbyboy.github.io/prospect-rss-feeds/telex-hu.xml,OG,success,2025-11-29 12:43:00,Hungary,telex.hu,To Do,FALSE,Later,,FALSE,
Tenniskafe,https://tenniskafe.com/feed,Discovered-pattern,failed,2025-12-21 22:13:00,Bulgaria,tenniskafe.com,No feed generated,FALSE,Sam,,FALSE,Feed generation failed or no source feed found
Teslić Danas,-,N/A,-,,Bosnia and Herzegovina,teslicdanas.net,No feed generated,FALSE,,,FALSE,
Teton Media Works,-,N/A,-,,United States,tetonmediaworks.com,No feed generated,FALSE,,,FALSE,
007 Ladies,-,N/A,-,,Croatia,the007world.com,No feed generated,FALSE,,,FALSE,
The Animal Rescue Site,-,N/A,-,,United States,theanimalrescuesite.com,No feed generated,FALSE,,,FALSE,
The Bridge India,https://swelbyboy.github.io/prospect-rss-feeds/the-bridge-india.xml,OG,success,2025-11-29 12:43:05,India,thebridge.in,To Do,FALSE,Later,,FALSE,
The Cable,-,N/A,-,,Nigeria,thecable.ng,No feed generated,FALSE,,,FALSE,
The Clemson Insider,-,N/A,failed,2025-11-29 11:42:06,United States,theclemsoninsider.com,Sending,FALSE,Karen,,FALSE,
The Grief Toolbox,-,N/A,-,,United States,thegrieftoolbox.com,No feed generated,FALSE,,,FALSE,
The Hans India,https://swelbyboy.github.io/prospect-rss-feeds/the-hans-india.xml,OG,success,2025-11-29 12:43:12,India,thehansindia.com,To Do,FALSE,Later,,FALSE,
Harris Teeter Deals,https://swelbyboy.github.io/prospect-rss-feeds/harris-teeter-deals.xml,OG,success,2025-11-29 11:42:07,United States,theharristeeterdeals.com,Irrelevant prospect,FALSE,Karen,,FALSE,
The Hawk,-,N/A,-,,India,thehawk.in,No feed generated,FALSE,,,FALSE,
Initium Media 端傳媒,https://swelbyboy.github.io/prospect-rss-feeds/initium-media-端傳媒.xml,OG,success,2025-11-29 12:43:16,Singapore,theinitium.com,Sending,FALSE,Karen,,FALSE,
Kashmir Glory,https://swelbyboy.github.io/prospect-rss-feeds/kashmir-glory.xml,OG,success,2025-11-29 12:43:22,India,thekashmirglory.com,To Do,FALSE,Later,,FALSE,
The Ladies Finger,https://swelbyboy.github.io/prospect-rss-feeds/the-ladies-finger.xml,OG,success,2025-11-29 12:43:36,India,theladiesfinger.com,Insufficient/Old Content,FALSE,Sam,,FALSE,Insufficient articles
TheLiberal.ie,https://theliberal.ie/feed/,Discovered-autodiscovery,failed,2025-12-21 22:13:00,Ireland,theliberal.ie,No feed generated,FALSE,,,FALSE,Feed generation failed or no source feed found
The News International,-,N/A,-,,Pakistan,thenews.com.pk,No feed generated,FALSE,,,FALSE,
The News Lens 關鍵評論網,https://swelbyboy.github.io/prospect-rss-feeds/the-news-lens-關鍵評論網.xml,OG,success,2025-11-29 12:43:45,Taiwan,thenewslens.com,Error adding feed to EBX,FALSE,Sam,,FALSE,Error adding feed
The News Now,https://swelbyboy.github.io/prospect-rss-feeds/the-news-now.xml,OG,success,2025-11-29 12:44:02,India,thenewsnow.co.in,To Do,FALSE,Later,,FALSE,
The Outbound Collective,https://swelbyboy.github.io/prospect-rss-feeds/the-outbound-collective.xml,OG,success,2025-11-29 11:42:15,United States,theoutbound.com,Irrelevant prospect,FALSE,Karen,,FALSE,
The Pinnacle List,https://swelbyboy.github.io/prospect-rss-feeds/the-pinnacle-list.xml,OG,success,2025-11-29 11:42:26,United States,thepinnaclelist.com,Irrelevant prospect,FALSE,Karen,,FALSE,
The Poached Egg,-,N/A,-,,United States,thepoachedegg.net,No feed generated,FALSE,,,FALSE,
The Rainforest Site,-,N/A,-,,United States,therainforestsite.com,No feed generated,FALSE,,,FALSE,
South First,https://swelbyboy.github.io/prospect-rss-feeds/south-first.xml,OG,success,2025-11-29 12:44:11,India,thesouthfirst.com,To Do,FALSE,Later,,FALSE,
Statesman India,-,N/A,-,,India,thestatesman.com,No feed generated,FALSE,,,FALSE,
TheTrends.ro,-,N/A,failed,2025-11-29 12:44:41,Romania,thetrends.ro,No feed generated,FALSE,Later,,FALSE,Feed generation failed or no source feed found
The Unknown But Not Hidden,-,N/A,-,,India,theunknownbutnothidden.com,No feed generated,FALSE,,,FALSE,
The Vinyl District,https://swelbyboy.github.io/prospect-rss-feeds/the-vinyl-district.xml,OG,success,2025-11-29 11:42:27,United States,thevinyldistrict.com,To Do,FALSE,Karen,,FALSE,Most of the articles in the feed are too old
The Wire Hindi,https://swelbyboy.github.io/prospect-rss-feeds/the-wire-hindi.xml,OG,success,2025-11-29 12:44:48,India,thewirehindi.com,To Do,FALSE,Later,,FALSE,
Thisday Nigeria,https://swelbyboy.github.io/prospect-rss-feeds/thisday-nigeria.xml,OG,success,2025-11-29 12:44:51,Nigeria,thisdaylive.com,To Do,FALSE,Later,,FALSE,
THV11.com KTHV,-,N/A,-,,United States,thv11.com,No feed generated,FALSE,,,FALSE,
Tigris Haber,https://swelbyboy.github.io/prospect-rss-feeds/tigris-haber.xml,OG,success,2025-11-29 12:44:54,Turkey,tigrishaber.com,Sending,FALSE,Sam,"Nov 26, 2025 ",FALSE,
Timeturk,https://swelbyboy.github.io/prospect-rss-feeds/timeturk.xml,OG,success,2025-11-29 12:44:59,Turkey,timeturk.com,Sending,FALSE,Sam,"Nov 26, 2025 ",FALSE,
Tipsbladet,-,N/A,-,,Denmark,tipsbladet.dk,No feed generated,FALSE,,,FALSE,
Tirto,-,N/A,-,,Indonesia,tirto.id,No feed generated,FALSE,,,FALSE,
Twój Kurier Olsztyński,https://swelbyboy.github.io/prospect-rss-feeds/twój-kurier-olsztyński.xml,OG,success,2025-11-29 12:45:03,Poland,tko.pl,To Do,FALSE,Later,,FALSE,
TNN,-,N/A,-,,Pakistan,tnn.com.pk,No feed generated,FALSE,,,FALSE,
Tygodnik Ostrołęcki,-,N/A,-,,Poland,to.com.pl,No feed generated,FALSE,,,FALSE,
Tourism Today,-,N/A,-,,Turkey,tourismtoday.net,No feed generated,FALSE,,,FALSE,
Toy People,-,N/A,-,,Taiwan,toy-people.com,No feed generated,FALSE,,,FALSE,
Traffic News,https://trafficnews.bg/rss/index/,Discovered-autodiscovery,failed,2025-12-21 22:13:01,Bulgaria,trafficnews.bg,No feed generated,FALSE,Sam,,FALSE,Feed generation failed or no source feed found
Traveling Media Network,https://swelbyboy.github.io/prospect-rss-feeds/traveling-media-network.xml,OG,success,2025-11-29 12:45:11,Indonesia,travelingyuk.com,To Do,FALSE,,,FALSE,Newly discovered RSS feed
Trikalaidees,https://swelbyboy.github.io/prospect-rss-feeds/trikalaidees.xml,OG,success,2025-11-29 12:45:24,Greece,trikalaidees.gr,Sending,FALSE,Karen,"Nov 26, 2025 ",FALSE,
Tripoto,-,N/A,-,,India,tripoto.com,No feed generated,FALSE,,,FALSE,
True Achievements,-,N/A,-,,United Kingdom,trueachievements.com,No feed generated,FALSE,,,FALSE,
True Life,https://swelbyboy.github.io/prospect-rss-feeds/true-life.xml,OG,success,2025-11-29 12:45:34,Greece,truelife.gr,Error adding feed to EBX,FALSE,Karen,,FALSE,An error occurred while validating the feed URL
Turkiye Egitim,https://swelbyboy.github.io/prospect-rss-feeds/turkiye-egitim.xml,OG,success,2025-11-29 12:45:38,Turkey,turkiyeegitim.com,To Do,FALSE,Later,,FALSE,
Turnul Sfatului,https://swelbyboy.github.io/prospect-rss-feeds/turnul-sfatului.xml,OG,success,2025-11-29 12:46:00,Romania,turnulsfatului.ro,To Do,FALSE,Later,,FALSE,
tutor2u,-,N/A,-,,United Kingdom,tutor2u.net,No feed generated,FALSE,,,FALSE,
TVM,-,N/A,-,,Malta,tvm.com.mt,No feed generated,FALSE,,,FALSE,
TV MIDTVEST,https://swelbyboy.github.io/prospect-rss-feeds/tv-midtvest.xml,OG,success,2025-11-29 12:46:03,Denmark,tvmidtvest.dk,Sending,FALSE,Karen,,FALSE,
tvOneNews,-,N/A,-,,Indonesia,tvonenews.com,No feed generated,FALSE,,,FALSE,
Open Greece,https://swelbyboy.github.io/prospect-rss-feeds/open-greece.xml,OG,success,2025-11-29 12:46:11,Greece,tvopen.gr,Sending,FALSE,Karen,"Nov 26, 2025 ",FALSE,
Telewizja Republika,-,N/A,-,,Poland,tvrepublika.pl,No feed generated,FALSE,,,FALSE,
TVS,https://swelbyboy.github.io/prospect-rss-feeds/tvs.xml,OG,success,2025-11-29 12:46:15,Poland,tvs.pl,To Do,FALSE,Later,,FALSE,
Star Kentrikis Elladas,https://swelbyboy.github.io/prospect-rss-feeds/star-kentrikis-elladas.xml,OG,success,2025-11-29 12:46:19,Greece,tvstar.gr,Sending,FALSE,Sam,"Nov 26, 2025 ",FALSE,
Tydzień Ziemi Śremskiej,https://swelbyboy.github.io/prospect-rss-feeds/tydzień-ziemi-śremskiej.xml,OG,success,2025-11-29 12:46:35,Poland,tydzien.net.pl,To Do,FALSE,Later,,FALSE,
UFOholic,-,N/A,-,,United States,ufoholic.com,No feed generated,FALSE,,,FALSE,
Unboxholics,-,N/A,-,,Greece,unboxholics.com,No feed generated,FALSE,,,FALSE,
Unghiul,https://swelbyboy.github.io/prospect-rss-feeds/unghiul.xml,OG,success,2025-11-29 12:46:42,Romania,unghiul.com,To Do,FALSE,Later,,FALSE,
Universul argesean,-,Discovered-autodiscovery,failed,2025-11-29 12:47:13,Romania,universulargesean.ro,Sending,FALSE,Sam,"Nov 26, 2025 ",FALSE,Insufficient articles
Uplifers,https://swelbyboy.github.io/prospect-rss-feeds/uplifers.xml,OG,success,2025-11-29 12:47:16,Turkey,uplifers.com,To Do,FALSE,Later,,FALSE,
Urbanislandz,-,N/A,-,,United States,urbanislandz.com,No feed generated,FALSE,,,FALSE,
Usay.gr,https://swelbyboy.github.io/prospect-rss-feeds/usay-gr.xml,OG,success,2025-11-29 12:47:20,Greece,usay.gr,Error adding feed to EBX,FALSE,Karen,,FALSE,An error occurred while validating the feed URL
Valioliiga,https://swelbyboy.github.io/prospect-rss-feeds/valioliiga.xml,OG,success,2025-11-29 12:47:24,Finland,valioliiga.com,Sending,FALSE,Karen,,FALSE,
Varaždinske vijesti,https://swelbyboy.github.io/prospect-rss-feeds/varaždinske-vijesti.xml,OG,failed,2025-11-29 12:47:25,Croatia,varazdinske-vijesti.hr,Error adding feed to EBX,FALSE,Sam,,FALSE,Error adding feed
Västerås Tidning,-,N/A,-,,Sweden,vasterastidning.se,No feed generated,FALSE,,,FALSE,
Voetbal International,https://swelbyboy.github.io/prospect-rss-feeds/voetbal-international.xml,OG,success,2025-11-29 12:47:28,Netherlands,vi.nl,Sending,FALSE,Later,,FALSE,
Viata Libera,-,N/A,-,,Romania,viata-libera.ro,No feed generated,FALSE,,,FALSE,
Viata Verde Viu,https://swelbyboy.github.io/prospect-rss-feeds/viata-verde-viu.xml,OG,success,2025-11-29 12:47:31,Romania,viataverdeviu.ro,To Do,FALSE,Later,,FALSE,
Tatlı Tarifleri,https://swelbyboy.github.io/prospect-rss-feeds/tatlı-tarifleri.xml,OG,success,2025-11-29 12:47:34,Turkey,videoluyemek.com,To Do,FALSE,Later,,FALSE,
VIDI,-,N/A,-,,Croatia,vidi.hr,No feed generated,FALSE,,,FALSE,
Vijesti.ba,https://swelbyboy.github.io/prospect-rss-feeds/vijesti-ba.xml,OG,success,2025-11-29 12:47:37,Bosnia and Herzegovina,vijesti.ba,To Do,FALSE,,,FALSE,Newly discovered RSS feed
VIP Magazine Group,https://swelbyboy.github.io/prospect-rss-feeds/vip-magazine-group.xml,OG,success,2025-11-29 12:47:47,Ireland,vipmagazine.ie,Sending,FALSE,Later,,FALSE,
VisionSansar,-,N/A,-,,United Kingdom,visionsansar.com,No feed generated,FALSE,,,FALSE,
Visoko.co.ba,https://swelbyboy.github.io/prospect-rss-feeds/visoko-co-ba.xml,OG,success,2025-11-29 12:47:50,Bosnia and Herzegovina,visoko.co.ba,Sending,FALSE,Sam,"Nov 26, 2025 ",FALSE,
VIVA.co.id,https://swelbyboy.github.io/prospect-rss-feeds/viva-co-id.xml,OG,success,2025-11-29 12:47:51,Indonesia,viva.co.id,Error adding feed to EBX,FALSE,Sam,,FALSE,Error adding feed
Voetbalflitsen,https://swelbyboy.github.io/prospect-rss-feeds/voetbalflitsen.xml,OG,success,2025-11-29 12:47:58,Netherlands,voetbalflitsen.nl,Sending,FALSE,Karen,"Nov 25, 2025 ",FALSE,
Voetbalprimeur,https://swelbyboy.github.io/prospect-rss-feeds/voetbalprimeur.xml,OG,success,2025-11-29 12:48:01,Netherlands,voetbalprimeur.nl,Sending,FALSE,Later,,FALSE,
Vogue Poland,-,N/A,-,,Poland,vogue.pl,No feed generated,FALSE,,,FALSE,
Voria,-,N/A,-,,Greece,voria.gr,No feed generated,FALSE,,,FALSE,
Wadowice24,https://swelbyboy.github.io/prospect-rss-feeds/wadowice24.xml,OG,success,2025-11-29 12:48:04,Poland,wadowice24.pl,To Do,FALSE,Later,,FALSE,
Wałbrzych24.com,-,N/A,-,,Poland,walbrzych24.com,No feed generated,FALSE,,,FALSE,
Wall-Street.ro,-,N/A,-,,Romania,wall-street.ro,No feed generated,FALSE,,,FALSE,
Nawaiwaqt Group,-,N/A,-,,Pakistan,waqtnews.tv,No feed generated,FALSE,,,FALSE,
WOI-TV,-,N/A,-,,United States,weareiowa.com,No feed generated,FALSE,,,FALSE,
Webcafe EAD,-,N/A,-,,Bulgaria,webcafe.bg,No feed generated,FALSE,,,FALSE,
Weekendowo,-,N/A,-,,Poland,weekendowo.pl,No feed generated,FALSE,,,FALSE,
Wiara.pl,https://swelbyboy.github.io/prospect-rss-feeds/wiara-pl.xml,OG,success,2025-11-29 12:48:12,Poland,wiara.pl,Sending,FALSE,Sam,"Nov 26, 2025 ",FALSE,
Stowarzyszenie Fanatycy Widzewa,https://swelbyboy.github.io/prospect-rss-feeds/stowarzyszenie-fanatycy-widzewa.xml,OG,success,2025-11-29 12:48:22,Poland,widzewtomy.net,To Do,FALSE,Later,,FALSE,
Wielerflits,https://swelbyboy.github.io/prospect-rss-feeds/wielerflits.xml,OG,success,2025-11-29 12:48:24,Netherlands,wielerflits.nl,Sending,FALSE,Later,,TRUE,
Wieści Międzychodzkie,-,N/A,-,,Poland,wiescimiedzychodzkie.pl,No feed generated,FALSE,,,FALSE,
Wish TV,https://swelbyboy.github.io/prospect-rss-feeds/wish-tv.xml,OG,success,2025-11-29 11:42:38,United States,wishtv.com,Sending,FALSE,Karen,,FALSE,
Wltx,-,N/A,-,,United States,wltx.com,No feed generated,FALSE,,,FALSE,
WNWS Radio,https://swelbyboy.github.io/prospect-rss-feeds/wnws-radio.xml,OG,success,2025-11-29 11:42:51,United States,wnws.com,To Do,FALSE,,,FALSE,Newly discovered RSS feed
Woman.bg,-,N/A,-,,Bulgaria,woman.bg,No feed generated,FALSE,,,FALSE,
Womany,https://swelbyboy.github.io/prospect-rss-feeds/womany.xml,OG,success,2025-11-29 12:48:25,Taiwan,womany.net,Insufficient/Old Content,FALSE,Sam,,FALSE,Insufficient articles
World Business Outlook,https://swelbyboy.github.io/prospect-rss-feeds/world-business-outlook.xml,OG,success,2025-11-29 12:48:45,Singapore,worldbusinessoutlook.com,Sending,FALSE,Karen,,FALSE,
World Journal,-,N/A,-,,United States,worldjournal.com,No feed generated,FALSE,,,FALSE,
WRC News,https://swelbyboy.github.io/prospect-rss-feeds/wrc-news.xml,OG,success,2025-11-29 12:48:48,Poland,wrc.net.pl,To Do,FALSE,Later,,FALSE,
Δημοσιογραφικός Οργανισμός Χρόνος,-,N/A,failed,2025-11-29 12:48:48,Greece,xronos.gr,No feed generated,FALSE,Later,,FALSE,
Xryso Skoufaki,-,N/A,failed,2025-11-29 12:48:48,Greece,xrysoskoufaki.gr,No feed generated,FALSE,Later,,FALSE,
XXZ Magazin,-,N/A,-,,Serbia,xxzmagazin.com,No feed generated,FALSE,,,FALSE,
Yemek,-,N/A,-,,Turkey,yemek.com,No feed generated,FALSE,,,FALSE,
Yeni Asya,-,N/A,-,,Turkey,yeniasya.com.tr,No feed generated,FALSE,,,FALSE,
Yeniemlak,-,N/A,-,,Turkey,yeniemlak.com,No feed generated,FALSE,,,FALSE,
Yeşil Gazete,https://yesilgazete.org/feed/,Discovered-autodiscovery,failed,2025-12-21 22:13:00,Turkey,yesilgazete.org,No feed generated,FALSE,Sam,,FALSE,Feed generation failed or no source feed found
We Media (India),https://swelbyboy.github.io/prospect-rss-feeds/we-media--india.xml,RSS,success,2025-11-29 12:49:04,India,youandi.com,Content not retrieved (retry later),FALSE,Sam,,FALSE,
Youfly,https://swelbyboy.github.io/prospect-rss-feeds/youfly.xml,"OG (8), RSS (2)",success,2025-11-29 12:49:07,Greece,youfly.com,Sending,FALSE,Karen,"Nov 26, 2025 ",FALSE,
YugaTech,-,N/A,-,,Philippines,yugatech.com,No feed generated,FALSE,,,FALSE,
Zagorje International,https://swelbyboy.github.io/prospect-rss-feeds/zagorje-international.xml,OG,success,2025-11-29 12:49:09,Croatia,zagorje-international.hr,Content not retrieved (retry later),FALSE,Karen,,FALSE,try again later
Zaječar Online,https://swelbyboy.github.io/prospect-rss-feeds/zaječar-online.xml,OG,success,2025-11-29 12:49:12,Serbia,zajecaronline.com,To Do,FALSE,Later,,FALSE,
Ziua Cluj,https://swelbyboy.github.io/prospect-rss-feeds/ziua-cluj.xml,OG,success,2025-11-29 12:49:14,Romania,zcj.ro,To Do,FALSE,Later,,FALSE,
Zelfmaak Ideetjes,-,OG,success,2025-11-29 12:49:17,Netherlands,zelfmaak-ideetjes.nl,Sending,FALSE,Later,,FALSE,
Zespolmi.pl,-,N/A,-,,Poland,zespolmi.pl,No feed generated,FALSE,,,FALSE,
GRUPULUI DE PRESĂ MEDIANET SRL,https://swelbyboy.github.io/prospect-rss-feeds/grupului-de-presă-medianet-srl.xml,OG,success,2025-11-29 12:49:25,Romania,ziaruldeiasi.ro,To Do,FALSE,Later,,FALSE,
ziuaveche.ro,https://swelbyboy.github.io/prospect-rss-feeds/ziuaveche-ro.xml,OG,success,2025-11-29 12:49:40,Romania,ziuaveche.ro,To Do,FALSE,Later,,FALSE,
Zougla,https://swelbyboy.github.io/prospect-rss-feeds/zougla.xml,OG,success,2025-11-29 12:49:46,Greece,zougla.gr,Sending,FALSE,Sam,"Nov 26, 2025 ",FALSE,
Zovnews,https://swelbyboy.github.io/prospect-rss-feeds/zovnews.xml,OG,success,2025-11-29 12:49:50,Bulgaria,zovnews.com,To Do,FALSE,Later,,FALSE,
Portal Zrenjaninski,https://swelbyboy.github.io/prospect-rss-feeds/portal-zrenjaninski.xml,OG,success,2025-11-29 12:49:57,Serbia,zrenjaninski.com,Sending,FALSE,Later,,FALSE,
Sportski žurnal (zvanična stranica),https://swelbyboy.github.io/prospect-rss-feeds/sportski-žurnal--zvanična-stranica.xml,OG,success,2025-11-29 12:50:00,Serbia,zurnal.rs,Error adding feed to EBX,FALSE,Sam,,FALSE,Error adding feed
Zvono,-,N/A,-,,Croatia,zvono.eu,No feed generated,FALSE,,,FALSE,
Życie Kalisza,-,Discovered-pattern,failed,2025-11-29 12:50:00,Poland,zyciekalisza.pl,Error adding feed to EBX,FALSE,Sam,,FALSE,Error adding feed
Gazeteport,https://swelbyboy.github.io/prospect-rss-feeds/gazeteport.xml,OG,success,2025-11-29 12:50:06,Turkey,gazeteport.com,To Do,FALSE,,,FALSE,Newly discovered RSS feed
Bergens Tidende,https://swelbyboy.github.io/prospect-rss-feeds/bergens-tidende.xml,OG,success,2025-11-29 12:50:08,Norway,bt.no,To Do,FALSE,,,FALSE,Newly discovered RSS feed
Legit.ng Naij.com,https://swelbyboy.github.io/prospect-rss-feeds/legit-ng-naij-com.xml,OG,success,2025-11-29 12:50:10,Nigeria,naija.ng,To Do,FALSE,,,FALSE,Newly discovered RSS feed
RugbyLAD,https://swelbyboy.github.io/prospect-rss-feeds/rugbylad.xml,OG,success,2025-11-29 12:50:15,Ireland,rugbylad.ie,To Do,FALSE,,,FALSE,Newly discovered RSS feed
Hippson AB,-,N/A,-,,Sweden,hippson.se,No feed generated,FALSE,,,FALSE,
Sağlık Haberleri,-,N/A,-,,Turkey,saglikhaberleri.com.tr,No feed generated,FALSE,,,FALSE,
The Anti-Media,https://swelbyboy.github.io/prospect-rss-feeds/the-anti-media.xml,OG,success,2025-11-29 11:42:55,United States,theantimedia.org,To Do,FALSE,,,FALSE,Newly discovered RSS feed
Svet,https://swelbyboy.github.io/prospect-rss-feeds/svet.xml,OG,success,2025-11-29 12:50:17,Serbia,svet.rs,To Do,FALSE,,,FALSE,Newly discovered RSS feed
Coppini Trading (Pty) LTD,-,N/A,-,,South Africa,tennisworldusa.org,No feed generated,FALSE,,,FALSE,
Red Bull Company,-,N/A,-,,United Kingdom,redbull.com,No feed generated,FALSE,,,FALSE,
Sønderborg NYT,-,N/A,-,,Denmark,sonderborgnyt.dk,No feed generated,FALSE,,,FALSE,
Girlscene.nl,https://swelbyboy.github.io/prospect-rss-feeds/girlscene-nl.xml,OG,success,2025-11-29 12:50:25,Netherlands,girlscene.nl,To Do,FALSE,,,FALSE,Newly discovered RSS feed
T24,-,N/A,-,,Turkey,t24.com.tr,No feed generated,FALSE,,,FALSE,
Report Look,https://swelbyboy.github.io/prospect-rss-feeds/report-look.xml,OG,success,2025-11-29 12:50:31,India,reportlook.com,To Do,FALSE,,,FALSE,Newly discovered RSS feed
PCWorld Hungary,-,N/A,-,,Hungary,pcworld.hu,No feed generated,FALSE,,,FALSE,
Ratpack,-,N/A,-,,Greece,ratpack.gr,No feed generated,FALSE,,,FALSE,
Awesome Inventions,https://swelbyboy.github.io/prospect-rss-feeds/awesome-inventions.xml,OG,success,2025-11-29 11:42:57,United Kingdom,awesomeinventions.com,To Do,FALSE,,,FALSE,Newly discovered RSS feed
EGE HABER,https://swelbyboy.github.io/prospect-rss-feeds/ege-haber.xml,OG,success,2025-11-29 12:50:35,Turkey,egehaber.com,To Do,FALSE,,,FALSE,Newly discovered RSS feed
Abante,https://swelbyboy.github.io/prospect-rss-feeds/abante.xml,OG,success,2025-11-29 12:50:47,Philippines,abante.com.ph,To Do,FALSE,,,FALSE,Newly discovered RSS feed
Kresy,https://swelbyboy.github.io/prospect-rss-feeds/kresy.xml,"OG (9), RSS (1)",success,2025-11-29 12:50:59,Poland,kresy.pl,To Do,FALSE,,,FALSE,Newly discovered RSS feed
Manisa Haberleri,https://swelbyboy.github.io/prospect-rss-feeds/manisa-haberleri.xml,OG,success,2025-11-29 12:51:42,Turkey,manisahaberleri.com,To Do,FALSE,,,FALSE,Newly discovered RSS feed
Anadolu Türk Haber,https://swelbyboy.github.io/prospect-rss-feeds/anadolu-türk-haber.xml,RSS,success,2025-11-29 12:51:43,Turkey,anadoluturkhaber.com,To Do,FALSE,,,FALSE,Newly discovered RSS feed
NOWnews,-,N/A,-,,Taiwan,nownews.com,No feed generated,FALSE,,,FALSE,
Dagbladet,https://swelbyboy.github.io/prospect-rss-feeds/dagbladet.xml,OG,success,2025-11-29 12:52:02,Norway,dagbladet.no,To Do,FALSE,,,FALSE,Newly discovered RSS feed
Condé Nast Britain,-,N/A,-,,United Kingdom,condenast.co.uk,No feed generated,FALSE,,,FALSE,
Telewizja Superstacja,https://swelbyboy.github.io/prospect-rss-feeds/telewizja-superstacja.xml,OG,success,2025-11-29 12:52:07,Poland,superstacja.tv,To Do,FALSE,,,FALSE,Newly discovered RSS feed
UdaipurTimes,https://swelbyboy.github.io/prospect-rss-feeds/udaipurtimes.xml,OG,success,2025-11-29 12:52:11,India,udaipurtimes.com,To Do,FALSE,,,FALSE,Newly discovered RSS feed
Pakistan Tribe English,-,N/A,-,,Pakistan,pakistantribe.com,No feed generated,FALSE,,,FALSE,
ipetgroup,-,N/A,-,,Taiwan,ipetgroup.com,No feed generated,FALSE,,,FALSE,
GeenStijl,-,N/A,-,,Netherlands,geenstijl.nl,No feed generated,FALSE,,,FALSE,
TRHaberler,-,OG,success,2025-11-29 12:52:17,Turkey,trhaberler.com,No feed generated,FALSE,,,FALSE,Feed generation failed or no source feed found
Radio Wrocław,https://swelbyboy.github.io/prospect-rss-feeds/radio-wrocław.xml,OG,success,2025-11-29 12:52:22,Poland,radiowroclaw.pl,To Do,FALSE,,,FALSE,Newly discovered RSS feed
INN,https://swelbyboy.github.io/prospect-rss-feeds/inn.xml,OG,success,2025-11-29 12:52:28,Poland,innpoland.pl,To Do,FALSE,,,FALSE,Newly discovered RSS feed
Mommyish,https://swelbyboy.github.io/prospect-rss-feeds/mommyish.xml,OG,success,2025-11-29 11:42:58,United States,mommyish.com,To Do,FALSE,,,FALSE,Newly discovered RSS feed
Coast Live,-,N/A,-,,Australia,coastlive.com.au,No feed generated,FALSE,,,FALSE,
Unbox,https://swelbyboy.github.io/prospect-rss-feeds/unbox.xml,RSS,success,2025-11-29 12:52:29,Philippines,unbox.ph,To Do,FALSE,,,FALSE,Newly discovered RSS feed
breakingnews.com.bd,-,N/A,-,,Bangladesh,breakingnews.com.bd,No feed generated,FALSE,,,FALSE,
Alma Media Finland Oy,https://swelbyboy.github.io/prospect-rss-feeds/alma-media-finland-oy.xml,OG,success,2025-11-29 12:52:35,Finland,almamedia.fi,To Do,FALSE,,,FALSE,Newly discovered RSS feed
DalmacijaNews,-,N/A,-,,Croatia,dalmacijanews.hr,No feed generated,FALSE,,,FALSE,
Allied Newspapers Limited,-,OG,success,2025-11-29 12:52:38,Malta,timesofmalta.com,No feed generated,FALSE,,,FALSE,Feed generation failed or no source feed found
Media Matrix [Law & Order],https://swelbyboy.github.io/prospect-rss-feeds/media-matrix--law---order.xml,OG,success,2025-11-29 12:52:41,Greece,lawandorder.gr,To Do,FALSE,,,FALSE,Newly discovered RSS feed
Vlaardingen24,-,N/A,-,,Netherlands,vlaardingen24.nl,No feed generated,FALSE,,,FALSE,
SILESION,https://swelbyboy.github.io/prospect-rss-feeds/silesion.xml,OG,success,2025-11-29 12:52:47,Poland,silesion.pl,To Do,FALSE,,,FALSE,Newly discovered RSS feed
Siraj Daily,https://swelbyboy.github.io/prospect-rss-feeds/siraj-daily.xml,OG,success,2025-11-29 12:52:51,India,sirajlive.com,To Do,FALSE,,,FALSE,Newly discovered RSS feed
Berga Mosera Blog,-,N/A,-,,United States,bergamosera.com,No feed generated,FALSE,,,FALSE,
Rzeszów News,https://swelbyboy.github.io/prospect-rss-feeds/rzeszów-news.xml,OG,success,2025-11-29 12:52:56,Poland,rzeszow-news.pl,To Do,FALSE,,,FALSE,Newly discovered RSS feed
Tygodnik Podhalański,-,N/A,-,,Poland,24tp.pl,No feed generated,FALSE,,,FALSE,
Desimartini,-,N/A,-,,India,desimartini.com,No feed generated,FALSE,,,FALSE,
Kobiece Inspiracje,https://swelbyboy.github.io/prospect-rss-feeds/kobiece-inspiracje.xml,OG,success,2025-11-29 12:52:59,Poland,kobieceinspiracje.pl,To Do,FALSE,,,FALSE,Newly discovered RSS feed
Antena Zadar,https://swelbyboy.github.io/prospect-rss-feeds/antena-zadar.xml,OG,success,2025-11-29 12:53:01,Croatia,antenazadar.hr,To Do,FALSE,,,FALSE,Newly discovered RSS feed
Warta Ekonomi,-,N/A,-,,Indonesia,wartaekonomi.co.id,No feed generated,FALSE,,,FALSE,
YouTube,-,N/A,-,,Pakistan,youtube.com,No feed generated,FALSE,,,FALSE,
Bryła,-,N/A,-,,Poland,bryla.pl,No feed generated,FALSE,,,FALSE,
DyingScene.com,-,N/A,-,,United States,dyingscene.com,No feed generated,FALSE,,,FALSE,
B1 TV,https://swelbyboy.github.io/prospect-rss-feeds/b1-tv.xml,"OG (1), RSS (9)",success,2025-11-29 12:53:05,Romania,b1.ro,To Do,FALSE,,,FALSE,Newly discovered RSS feed
Glossy magazin,https://swelbyboy.github.io/prospect-rss-feeds/glossy-magazin.xml,OG,success,2025-11-29 12:53:07,Serbia,espreso.rs,To Do,FALSE,,,FALSE,Newly discovered RSS feed
DriveSpark,-,N/A,-,,India,drivespark.com,No feed generated,FALSE,,,FALSE,
Tabloid BINTANG Indonesia,https://swelbyboy.github.io/prospect-rss-feeds/tabloid-bintang-indonesia.xml,OG,success,2025-11-29 12:53:11,Indonesia,tabloidbintang.com,To Do,FALSE,,,FALSE,Newly discovered RSS feed
FilmiBeat,-,N/A,-,,India,filmibeat.com,No feed generated,FALSE,,,FALSE,
Coupon Karma,-,N/A,-,,United States,couponkarma.com,No feed generated,FALSE,,,FALSE,
Hello Swasthya,-,N/A,-,,India,helloswasthya.com,No feed generated,FALSE,,,FALSE,
SELULARonline,https://swelbyboy.github.io/prospect-rss-feeds/selularonline.xml,RSS,success,2025-11-29 12:53:26,Indonesia,selular.id,To Do,FALSE,,,FALSE,Newly discovered RSS feed
Kochamy Zwierzaki,-,N/A,-,,Poland,kochamyzwierzaki.pl,No feed generated,FALSE,,,FALSE,
Philippine News Agency,-,N/A,failed,2025-11-29 12:53:27,Philippines,pna.gov.ph,No feed generated,FALSE,,,FALSE,Feed generation failed or no source feed found
Komicni statusi,https://swelbyboy.github.io/prospect-rss-feeds/komicni-statusi.xml,OG,success,2025-11-29 12:53:29,Serbia,komicnistatusi.rs,To Do,FALSE,,,FALSE,Newly discovered RSS feed
Bdmorning.com,-,N/A,-,,Bangladesh,bdmorning.com,No feed generated,FALSE,,,FALSE,
The Science Times,-,N/A,-,,United States,sciencetimes.com,No feed generated,FALSE,,,FALSE,
Dnes.bg,-,N/A,-,,Bulgaria,dnes.bg,No feed generated,FALSE,,,FALSE,
hastakshep.com,https://swelbyboy.github.io/prospect-rss-feeds/hastakshep-com.xml,OG,success,2025-11-29 12:53:33,India,hastakshep.com,To Do,FALSE,,,FALSE,Newly discovered RSS feed
Zenicablog,https://swelbyboy.github.io/prospect-rss-feeds/zenicablog.xml,OG,success,2025-11-29 12:53:39,Bosnia and Herzegovina,zenicablog.com,To Do,FALSE,,,FALSE,Newly discovered RSS feed
The Summit Express,https://swelbyboy.github.io/prospect-rss-feeds/the-summit-express.xml,OG,success,2025-11-29 12:53:45,Philippines,thesummitexpress.com,To Do,FALSE,,,FALSE,Newly discovered RSS feed
Bali Post,-,N/A,-,,Indonesia,balipost.com,No feed generated,FALSE,,,FALSE,
The Online Citizen,-,N/A,-,,Singapore,theonlinecitizen.com,No feed generated,FALSE,,,FALSE,
9to5 Mac Electrek,https://swelbyboy.github.io/prospect-rss-feeds/9to5-mac-electrek.xml,OG,success,2025-11-29 11:42:58,United States,electrek.co,To Do,FALSE,,,FALSE,Newly discovered RSS feed
PS News,https://swelbyboy.github.io/prospect-rss-feeds/ps-news.xml,OG,success,2025-11-29 12:53:48,Romania,psnews.ro,To Do,FALSE,,,FALSE,Newly discovered RSS feed
Ekskluziva,-,N/A,-,,Bosnia and Herzegovina,ekskluziva.ba,No feed generated,FALSE,,,FALSE,
HABER3.com,https://swelbyboy.github.io/prospect-rss-feeds/haber3-com.xml,OG,success,2025-11-29 12:53:51,Turkey,haber3.com,To Do,FALSE,,,FALSE,Newly discovered RSS feed
Dunavmost,-,N/A,-,,Bulgaria,dunavmost.com,No feed generated,FALSE,,,FALSE,
Gwida.mt,-,N/A,-,,Malta,gwida.mt,No feed generated,FALSE,,,FALSE,
iWoman,https://swelbyboy.github.io/prospect-rss-feeds/iwoman.xml,OG,success,2025-11-29 12:54:06,Bulgaria,iwoman.bg,To Do,FALSE,,,FALSE,Newly discovered RSS feed
GIZBOT,-,N/A,-,,India,gizbot.com,No feed generated,FALSE,,,FALSE,
Гласувам за България,-,N/A,-,,Bulgaria,bgnow.eu,No feed generated,FALSE,,,FALSE,
पूर्वांचल न्यूज़,-,N/A,-,,India,purvanchalnews.com,No feed generated,FALSE,,,FALSE,
Radio Cluj,https://swelbyboy.github.io/prospect-rss-feeds/radio-cluj.xml,OG,success,2025-11-29 12:54:14,Romania,radiocluj.ro,To Do,FALSE,,,FALSE,Newly discovered RSS feed
Hellas Journal,-,N/A,-,,Greece,hellasjournal.com,No feed generated,FALSE,,,FALSE,
The Literacy Site,-,N/A,-,,United States,theliteracysite.com,No feed generated,FALSE,,,FALSE,
Polsat Sport,https://swelbyboy.github.io/prospect-rss-feeds/polsat-sport.xml,OG,success,2025-11-29 12:54:22,Poland,polsatsport.pl,To Do,FALSE,,,FALSE,Newly discovered RSS feed
Rap-Up,https://swelbyboy.github.io/prospect-rss-feeds/rap-up.xml,OG,success,2025-11-29 11:42:59,United States,rap-up.com,To Do,FALSE,,,FALSE,Newly discovered RSS feed
Healthy Foods and Herbal Medicines,https://swelbyboy.github.io/prospect-rss-feeds/healthy-foods-and-herbal-medicines.xml,OG,success,2025-11-29 11:43:00,United States,herbs-info.com,To Do,FALSE,,,FALSE,Newly discovered RSS feed
Madly Odd,https://swelbyboy.github.io/prospect-rss-feeds/madly-odd.xml,OG,success,2025-11-29 11:43:02,United States,madlyodd.com,To Do,FALSE,,,FALSE,Newly discovered RSS feed
LiveJournal Inc.,-,N/A,-,,United States,livejournal.com,No feed generated,FALSE,,,FALSE,
"Ce se intampla, Doctore?",https://swelbyboy.github.io/prospect-rss-feeds/ce-se-intampla--doctore.xml,OG,success,2025-11-29 12:54:25,Romania,csid.ro,To Do,FALSE,,,FALSE,Newly discovered RSS feed
Informiran.net,https://swelbyboy.github.io/prospect-rss-feeds/informiran-net.xml,OG,success,2025-11-29 12:54:28,Bulgaria,informiran.net,To Do,FALSE,,,FALSE,Newly discovered RSS feed
aek-live.gr,https://swelbyboy.github.io/prospect-rss-feeds/aek-live-gr.xml,OG,success,2025-11-29 12:54:40,Greece,aek-live.gr,To Do,FALSE,,,FALSE,Newly discovered RSS feed
cazin.net,-,N/A,-,,Bosnia and Herzegovina,cazin.net,No feed generated,FALSE,,,FALSE,
Radio GLAS Drine (BiH),https://swelbyboy.github.io/prospect-rss-feeds/radio-glas-drine--bih.xml,OG,success,2025-11-29 12:54:49,Bosnia and Herzegovina,rtvglasdrine.com,To Do,FALSE,,,FALSE,Newly discovered RSS feed
Svet Plus,-,N/A,-,,Serbia,svetplus.com,No feed generated,FALSE,,,FALSE,
9to5 Mac 9to5Google,https://swelbyboy.github.io/prospect-rss-feeds/9to5-mac-9to5google.xml,OG,success,2025-11-29 11:43:03,United States,9to5google.com,To Do,FALSE,,,FALSE,Newly discovered RSS feed
Signal.bg,https://swelbyboy.github.io/prospect-rss-feeds/signal-bg.xml,OG,success,2025-11-29 12:54:58,Bulgaria,signal.bg,To Do,FALSE,,,FALSE,Newly discovered RSS feed
Newstrend Network Communication,-,N/A,-,,India,newstrend.news,No feed generated,FALSE,,,FALSE,
Alba24.ro,https://swelbyboy.github.io/prospect-rss-feeds/alba24-ro.xml,OG,success,2025-11-29 12:54:58,Romania,alba24.ro,To Do,FALSE,,,FALSE,Newly discovered RSS feed
Dalmacija Danas,https://swelbyboy.github.io/prospect-rss-feeds/dalmacija-danas.xml,OG,success,2025-11-29 12:55:02,Croatia,dalmacijadanas.hr,To Do,FALSE,,,FALSE,Newly discovered RSS feed
Epirus Post,https://swelbyboy.github.io/prospect-rss-feeds/epirus-post.xml,OG,success,2025-11-29 12:55:04,Greece,epiruspost.gr,To Do,FALSE,,,FALSE,Newly discovered RSS feed
krajina.ba,-,N/A,-,,Bosnia and Herzegovina,krajina.ba,No feed generated,FALSE,,,FALSE,
Aajkaal,-,N/A,-,,India,aajkaal.in,No feed generated,FALSE,,,FALSE,
Infosot.com,https://swelbyboy.github.io/prospect-rss-feeds/infosot-com.xml,OG,success,2025-11-29 12:55:13,Serbia,infosot.com,To Do,FALSE,,,FALSE,Newly discovered RSS feed
Dehir.hu,https://swelbyboy.github.io/prospect-rss-feeds/dehir-hu.xml,OG,success,2025-11-29 12:55:16,Hungary,dehir.hu,To Do,FALSE,,,FALSE,Newly discovered RSS feed
iSLCollective,-,N/A,-,,Hungary,islcollective.com,No feed generated,FALSE,,,FALSE,
Mimi Mefo Info Ltd,-,N/A,-,,United Kingdom,mimimefoinfos.com,No feed generated,FALSE,,,FALSE,
The Daily Observer,https://swelbyboy.github.io/prospect-rss-feeds/the-daily-observer.xml,OG,success,2025-11-29 12:55:22,Bangladesh,observerbd.com,To Do,FALSE,,,FALSE,Newly discovered RSS feed
Wrestling News Source,https://swelbyboy.github.io/prospect-rss-feeds/wrestling-news-source.xml,OG,success,2025-11-29 11:43:04,United Kingdom,wrestlingnewssource.com,To Do,FALSE,,,FALSE,Newly discovered RSS feed
RaceSimCentral,-,N/A,-,,Denmark,racesimcentral.net,No feed generated,FALSE,,,FALSE,
Ajanimo,-,N/A,failed,2025-11-29 12:55:22,Turkey,ajanimo.com,No feed generated,FALSE,,,FALSE,Feed generation failed or no source feed found
Katalozi.net,-,N/A,-,,Croatia,katalozi.net,No feed generated,FALSE,,,FALSE,
Niiinis Kitchenlife,https://swelbyboy.github.io/prospect-rss-feeds/niiinis-kitchenlife.xml,OG,success,2025-11-29 12:55:28,Sweden,niiinis.se,To Do,FALSE,,,FALSE,Newly discovered RSS feed
Observator,https://swelbyboy.github.io/prospect-rss-feeds/observator.xml,OG,success,2025-11-29 12:55:31,Romania,observator.tv,To Do,FALSE,,,FALSE,Newly discovered RSS feed
Düşünce Mektebi,-,N/A,-,,Turkey,dusuncemektebi.com,No feed generated,FALSE,,,FALSE,
Go4IT,https://swelbyboy.github.io/prospect-rss-feeds/go4it.xml,OG,success,2025-11-29 12:55:34,Romania,go4it.ro,To Do,FALSE,,,FALSE,Newly discovered RSS feed
Ebrod,-,N/A,-,,Croatia,ebrod.net,No feed generated,FALSE,,,FALSE,
puls.bg,-,N/A,-,,Bulgaria,puls.bg,No feed generated,FALSE,,,FALSE,
India TV Paisa,https://swelbyboy.github.io/prospect-rss-feeds/india-tv-paisa.xml,RSS,success,2025-11-29 12:55:36,India,indiatv.in,To Do,FALSE,,,FALSE,Newly discovered RSS feed
Bijeljina danas,-,N/A,-,,Bosnia and Herzegovina,bijeljina.org,No feed generated,FALSE,,,FALSE,
Gazeta Dambovitei,https://swelbyboy.github.io/prospect-rss-feeds/gazeta-dambovitei.xml,OG,success,2025-11-29 12:55:38,Romania,gazetadambovitei.ro,To Do,FALSE,,,FALSE,Newly discovered RSS feed
Flagman.bg,-,N/A,-,,Bulgaria,flagman.bg,No feed generated,FALSE,,,FALSE,
Desteptarea de Bacau,https://swelbyboy.github.io/prospect-rss-feeds/desteptarea-de-bacau.xml,OG,success,2025-11-29 12:55:46,Romania,desteptarea.ro,To Do,FALSE,,,FALSE,Newly discovered RSS feed
Healthy Celeb,-,N/A,-,,India,healthyceleb.com,No feed generated,FALSE,,,FALSE,
Zagorje.com,https://swelbyboy.github.io/prospect-rss-feeds/zagorje-com.xml,OG,success,2025-11-29 12:55:50,Croatia,zagorje.com,To Do,FALSE,,,FALSE,Newly discovered RSS feed
Crossing Broad,https://swelbyboy.github.io/prospect-rss-feeds/crossing-broad.xml,OG,success,2025-11-29 11:43:05,United States,crossingbroad.com,To Do,FALSE,,,FALSE,Newly discovered RSS feed
Dnevnik.ba,https://swelbyboy.github.io/prospect-rss-feeds/dnevnik-ba.xml,OG,success,2025-11-29 12:55:53,Bosnia and Herzegovina,dnevnik.ba,To Do,FALSE,,,FALSE,Newly discovered RSS feed
Cherno More,-,N/A,-,,Bulgaria,chernomore.bg,No feed generated,FALSE,,,FALSE,
AIRportal.hu,https://swelbyboy.github.io/prospect-rss-feeds/airportal-hu.xml,OG,success,2025-11-29 12:56:13,Hungary,airportal.hu,To Do,FALSE,,,FALSE,Newly discovered RSS feed
mojnovisad.com,-,N/A,-,,Serbia,mojnovisad.com,No feed generated,FALSE,,,FALSE,
BekijkDezeVideo,https://swelbyboy.github.io/prospect-rss-feeds/bekijkdezevideo.xml,OG,success,2025-11-29 12:56:15,Netherlands,bekijkdezevideo.nl,To Do,FALSE,,,FALSE,Newly discovered RSS feed
Факти,https://swelbyboy.github.io/prospect-rss-feeds/факти.xml,OG,success,2025-11-29 12:56:23,Bulgaria,fakti.bg,To Do,FALSE,,,FALSE,Newly discovered RSS feed
WTVideo,https://swelbyboy.github.io/prospect-rss-feeds/wtvideo.xml,OG,success,2025-11-29 11:43:07,United States,wtvideo.com,To Do,FALSE,,,FALSE,Newly discovered RSS feed
Marmara Gazetesi,https://swelbyboy.github.io/prospect-rss-feeds/marmara-gazetesi.xml,OG,success,2025-12-02 11:51:39,Turkey,marmaragazetesi.com,To Do,FALSE,,,FALSE,Newly discovered RSS feed
sharenews24.com,-,N/A,-,,Bangladesh,sharenews24.com,No feed generated,FALSE,,,FALSE,
Sugbo Media Group,https://swelbyboy.github.io/prospect-rss-feeds/sugbo-media-group.xml,OG,success,2025-11-29 12:56:27,Philippines,sugbo.ph,To Do,FALSE,,,FALSE,Newly discovered RSS feed
Niške Vesti,https://swelbyboy.github.io/prospect-rss-feeds/niške-vesti.xml,OG,success,2025-11-29 12:56:39,Serbia,niskevesti.rs,To Do,FALSE,,,FALSE,Newly discovered RSS feed
TechJuice,https://swelbyboy.github.io/prospect-rss-feeds/techjuice.xml,OG,success,2025-11-29 12:56:41,Pakistan,techjuice.pk,To Do,FALSE,,,FALSE,Newly discovered RSS feed
Hip-Hop Lately,-,N/A,-,,United States,hiphoplately.com,No feed generated,FALSE,,,FALSE,
Info Kosova,https://swelbyboy.github.io/prospect-rss-feeds/info-kosova.xml,OG,success,2025-11-29 12:56:43,Serbia,infokosova.net,To Do,FALSE,,,FALSE,Newly discovered RSS feed
Punjab Spectrum,https://swelbyboy.github.io/prospect-rss-feeds/punjab-spectrum.xml,OG,success,2025-11-29 12:56:46,India,punjabspectrum.com,To Do,FALSE,,,FALSE,Newly discovered RSS feed
Rodosreport,https://swelbyboy.github.io/prospect-rss-feeds/rodosreport.xml,OG,success,2025-11-29 12:56:48,Greece,rodosreport.gr,To Do,FALSE,,,FALSE,Newly discovered RSS feed
Doxologia Media,https://swelbyboy.github.io/prospect-rss-feeds/doxologia-media.xml,OG,success,2025-11-29 12:56:58,Romania,doxologia.ro,To Do,FALSE,,,FALSE,Newly discovered RSS feed
BG tourism,https://swelbyboy.github.io/prospect-rss-feeds/bg-tourism.xml,OG,success,2025-11-29 12:57:26,Bulgaria,bgtourism.bg,To Do,FALSE,,,FALSE,Newly discovered RSS feed
Daily Comilla News,https://swelbyboy.github.io/prospect-rss-feeds/daily-comilla-news.xml,OG,success,2025-11-29 12:57:29,Bangladesh,dailycomillanews.com,To Do,FALSE,,,FALSE,Newly discovered RSS feed
Haber dnevne vijesti,https://swelbyboy.github.io/prospect-rss-feeds/haber-dnevne-vijesti.xml,OG,success,2025-11-29 12:57:33,Bosnia and Herzegovina,haber.ba,To Do,FALSE,,,FALSE,Newly discovered RSS feed
Reshareworthy,-,N/A,-,,United States,reshareworthy.com,No feed generated,FALSE,,,FALSE,
Ulusal Post,https://swelbyboy.github.io/prospect-rss-feeds/ulusal-post.xml,OG,success,2025-11-29 12:57:36,Turkey,ulusalpost.com,To Do,FALSE,,,FALSE,Newly discovered RSS feed
Dainik Purbokone,https://swelbyboy.github.io/prospect-rss-feeds/dainik-purbokone.xml,OG,success,2025-11-29 12:57:38,Bangladesh,dainikpurbokone.net,To Do,FALSE,,,FALSE,Newly discovered RSS feed
Egy.hu,https://swelbyboy.github.io/prospect-rss-feeds/egy-hu.xml,OG,success,2025-11-29 12:57:41,Hungary,egy.hu,To Do,FALSE,,,FALSE,Newly discovered RSS feed
Risale Haber,https://swelbyboy.github.io/prospect-rss-feeds/risale-haber.xml,OG,success,2025-11-29 12:57:44,Turkey,risalehaber.com,To Do,FALSE,,,FALSE,Newly discovered RSS feed
News.ro,https://swelbyboy.github.io/prospect-rss-feeds/news-ro.xml,OG,success,2025-11-29 12:57:47,Romania,news.ro,To Do,FALSE,,,FALSE,Newly discovered RSS feed
TNT Portal,-,N/A,-,,Bosnia and Herzegovina,tntportal.ba,No feed generated,FALSE,,,FALSE,
World War Wings,https://swelbyboy.github.io/prospect-rss-feeds/world-war-wings.xml,OG,success,2025-11-29 11:43:08,United States,worldwarwings.com,To Do,FALSE,,,FALSE,Newly discovered RSS feed
PC Guru,https://swelbyboy.github.io/prospect-rss-feeds/pc-guru.xml,RSS,success,2025-11-29 12:57:49,Hungary,pcguru.hu,To Do,FALSE,,,FALSE,Newly discovered RSS feed
Jurnal FM,https://swelbyboy.github.io/prospect-rss-feeds/jurnal-fm.xml,OG,success,2025-11-29 12:58:04,Romania,jurnalfm.ro,To Do,FALSE,,,FALSE,Newly discovered RSS feed
InfoGlobi,-,N/A,-,,Serbia,infoglobi.com,No feed generated,FALSE,,,FALSE,
Tiebreaker Times,https://swelbyboy.github.io/prospect-rss-feeds/tiebreaker-times.xml,OG,success,2025-11-29 12:58:16,Philippines,tiebreakertimes.com.ph,To Do,FALSE,,,FALSE,Newly discovered RSS feed
HotSport,https://swelbyboy.github.io/prospect-rss-feeds/hotsport.xml,OG,success,2025-11-29 12:58:23,Serbia,hotsport.rs,To Do,FALSE,,,FALSE,Newly discovered RSS feed
Daily Manab Zamin,-,N/A,-,,Bangladesh,mzamin.com,No feed generated,FALSE,,,FALSE,
Times of Islamabad,-,N/A,-,,Pakistan,timesofislamabad.com,No feed generated,FALSE,,,FALSE,
Maharashtradesha,https://swelbyboy.github.io/prospect-rss-feeds/maharashtradesha.xml,OG,success,2025-11-29 12:58:28,India,maharashtradesha.com,To Do,FALSE,,,FALSE,Newly discovered RSS feed
美國之音中文網,https://swelbyboy.github.io/prospect-rss-feeds/美國之音中文網.xml,OG,success,2025-11-29 11:43:11,United States,voacantonese.com,To Do,FALSE,,,FALSE,Newly discovered RSS feed
Dnevna doza sporta,https://swelbyboy.github.io/prospect-rss-feeds/dnevna-doza-sporta.xml,RSS,success,2025-11-29 12:58:31,Serbia,ddl.rs,To Do,FALSE,,,FALSE,Newly discovered RSS feed
dainikamadershomoy.com,https://swelbyboy.github.io/prospect-rss-feeds/dainikamadershomoy-com.xml,"OG (8), RSS (1)",success,2025-11-29 12:58:51,Bangladesh,dainikamadershomoy.com,To Do,FALSE,,,FALSE,Newly discovered RSS feed
Malayalivartha,-,N/A,-,,India,malayalivartha.com,No feed generated,FALSE,,,FALSE,
Universul Juridic,-,N/A,-,,Romania,universuljuridic.ro,No feed generated,FALSE,,,FALSE,
Flickering Myth,https://swelbyboy.github.io/prospect-rss-feeds/flickering-myth.xml,OG,success,2025-11-29 11:43:12,United Kingdom,flickeringmyth.com,To Do,FALSE,,,FALSE,Newly discovered RSS feed
Polygamia.pl,https://swelbyboy.github.io/prospect-rss-feeds/polygamia-pl.xml,OG,success,2025-11-29 12:58:54,Poland,polygamia.pl,To Do,FALSE,,,FALSE,Newly discovered RSS feed
ProMotor,https://swelbyboy.github.io/prospect-rss-feeds/promotor.xml,OG,success,2025-11-29 12:58:59,Romania,promotor.ro,To Do,FALSE,,,FALSE,Newly discovered RSS feed
GL Media Group,-,N/A,-,,Bulgaria,plovdivskinovini.bg,No feed generated,FALSE,,,FALSE,
CMD Media,https://swelbyboy.github.io/prospect-rss-feeds/cmd-media.xml,OG,success,2025-11-29 12:59:08,Croatia,cromoda.com,To Do,FALSE,,,FALSE,Newly discovered RSS feed
Haskovo,https://swelbyboy.github.io/prospect-rss-feeds/haskovo.xml,OG,success,2025-11-29 12:59:11,Bulgaria,haskovo.info,To Do,FALSE,,,FALSE,Newly discovered RSS feed
Paragraph 22,https://swelbyboy.github.io/prospect-rss-feeds/paragraph-22.xml,OG,success,2025-11-29 12:59:24,Bulgaria,paragraph22.bg,To Do,FALSE,,,FALSE,Newly discovered RSS feed
RMNB,https://swelbyboy.github.io/prospect-rss-feeds/rmnb.xml,OG,success,2025-11-29 11:43:18,United States,russianmachineneverbreaks.com,To Do,FALSE,,,FALSE,Newly discovered RSS feed
Global Village Space,-,N/A,-,,Pakistan,globalvillagespace.com,No feed generated,FALSE,,,FALSE,
Radar Banyumas,https://swelbyboy.github.io/prospect-rss-feeds/radar-banyumas.xml,OG,success,2025-11-29 12:59:34,Indonesia,radarbanyumas.co.id,To Do,FALSE,,,FALSE,Newly discovered RSS feed
Politiko,-,N/A,-,,Philippines,politics.com.ph,No feed generated,FALSE,,,FALSE,
Daily Notun Somoy,https://swelbyboy.github.io/prospect-rss-feeds/daily-notun-somoy.xml,RSS,success,2025-11-29 12:59:35,Bangladesh,notunshomoy.com,To Do,FALSE,,,FALSE,Newly discovered RSS feed
Këshilla për shtatzënat - Gazeta Shneta,-,N/A,-,,Serbia,gazetashneta.com,No feed generated,FALSE,,,FALSE,
Sonali News,-,N/A,-,,Bangladesh,sonalinews.com,No feed generated,FALSE,,,FALSE,
Animal Zoo,https://swelbyboy.github.io/prospect-rss-feeds/animal-zoo.xml,OG,success,2025-11-29 12:59:40,Romania,animalzoo.ro,To Do,FALSE,,,FALSE,Newly discovered RSS feed
NetMag,https://swelbyboy.github.io/prospect-rss-feeds/netmag.xml,OG,success,2025-11-29 12:59:45,Pakistan,netmag.pk,To Do,FALSE,,,FALSE,Newly discovered RSS feed
Haldwani Live,https://swelbyboy.github.io/prospect-rss-feeds/haldwani-live.xml,OG,success,2025-11-29 12:59:50,India,haldwanilive.com,To Do,FALSE,,,FALSE,Newly discovered RSS feed
Dhakatimes,-,N/A,-,,Bangladesh,dhakatimes24.com,No feed generated,FALSE,,,FALSE,
CNA,-,N/A,-,,Taiwan,cna.com.tw,No feed generated,FALSE,,,FALSE,
Erdély.ma,https://swelbyboy.github.io/prospect-rss-feeds/erdély-ma.xml,OG,success,2025-11-29 12:59:54,Hungary,erdely.ma,To Do,FALSE,,,FALSE,Newly discovered RSS feed
MediaLand BG,-,N/A,-,,Bulgaria,medialand.bg,No feed generated,FALSE,,,FALSE,
Osijek031.com,https://swelbyboy.github.io/prospect-rss-feeds/osijek031-com.xml,OG,success,2025-11-29 12:59:57,Croatia,osijek031.com,To Do,FALSE,,,FALSE,Newly discovered RSS feed
Dusty Old Thing,https://swelbyboy.github.io/prospect-rss-feeds/dusty-old-thing.xml,OG,success,2025-11-29 11:43:24,United States,dustyoldthing.com,To Do,FALSE,,,FALSE,Newly discovered RSS feed
Novini.bg,-,N/A,-,,Bulgaria,novini.bg,No feed generated,FALSE,,,FALSE,
Onlookers Media,https://swelbyboy.github.io/prospect-rss-feeds/onlookers-media.xml,OG,success,2025-11-29 13:00:05,India,onlookersmedia.in,To Do,FALSE,,,FALSE,Newly discovered RSS feed
Mahakaal News Management,https://swelbyboy.github.io/prospect-rss-feeds/mahakaal-news-management.xml,OG,success,2025-11-29 13:00:09,India,pardaphash.com,To Do,FALSE,,,FALSE,Newly discovered RSS feed
newsbreak.gr,https://swelbyboy.github.io/prospect-rss-feeds/newsbreak-gr.xml,OG,success,2025-11-29 13:00:12,Greece,newsbreak.gr,To Do,FALSE,,,FALSE,Newly discovered RSS feed
যুগান্তর ইপেপার,-,N/A,-,,Bangladesh,ejugantor.com,No feed generated,FALSE,,,FALSE,
AutoRepublika,https://swelbyboy.github.io/prospect-rss-feeds/autorepublika.xml,OG,success,2025-11-29 13:00:15,Serbia,autorepublika.com,To Do,FALSE,,,FALSE,Newly discovered RSS feed
Via Pontika,-,N/A,-,,Bulgaria,viapontika.com,No feed generated,FALSE,,,FALSE,
Magyar Narancs,https://swelbyboy.github.io/prospect-rss-feeds/magyar-narancs.xml,OG,success,2025-11-29 13:00:21,Hungary,magyarnarancs.hu,To Do,FALSE,,,FALSE,Newly discovered RSS feed
Evartha,https://swelbyboy.github.io/prospect-rss-feeds/evartha.xml,OG,success,2025-11-29 13:00:26,India,evartha.in,To Do,FALSE,,,FALSE,Newly discovered RSS feed
سائح,https://swelbyboy.github.io/prospect-rss-feeds/سائح.xml,OG,success,2025-11-29 13:00:30,United Arab Emirates,saaih.com,To Do,FALSE,,,FALSE,Newly discovered RSS feed
Ripples Nigeria,-,N/A,-,,Nigeria,ripplesnigeria.com,No feed generated,FALSE,,,FALSE,
Giatros-in.gr,https://swelbyboy.github.io/prospect-rss-feeds/giatros-in-gr.xml,OG,success,2025-11-29 13:00:32,Greece,giatros-in.gr,To Do,FALSE,,,FALSE,Newly discovered RSS feed
The Blowick Publishing Company,https://swelbyboy.github.io/prospect-rss-feeds/the-blowick-publishing-company.xml,OG,success,2025-11-29 11:43:27,United Kingdom,otsnews.co.uk,To Do,FALSE,,,FALSE,Newly discovered RSS feed
Dünya Bizim,-,N/A,-,,Turkey,dunyabizim.com,No feed generated,FALSE,,,FALSE,
Cannock Radio Ltd,https://swelbyboy.github.io/prospect-rss-feeds/cannock-radio-ltd.xml,OG,success,2025-11-29 11:43:34,United Kingdom,cannockchaseradio.co.uk,To Do,FALSE,,,FALSE,Newly discovered RSS feed
Sportsfeed.gr,-,N/A,-,,Greece,sportsfeed.gr,No feed generated,FALSE,,,FALSE,
Fresh 105.9 FM Ibadan,-,N/A,-,,Nigeria,fresh1059fm.com,No feed generated,FALSE,,,FALSE,
Poznanieto.bg,https://swelbyboy.github.io/prospect-rss-feeds/poznanieto-bg.xml,OG,success,2025-11-29 13:00:49,Bulgaria,poznanieto.bg,To Do,FALSE,,,FALSE,Newly discovered RSS feed
NewsKo,https://swelbyboy.github.io/prospect-rss-feeds/newsko.xml,OG,success,2025-11-29 13:00:50,Philippines,newsko.com.ph,To Do,FALSE,,,FALSE,Newly discovered RSS feed
Olivemagazine.gr,https://swelbyboy.github.io/prospect-rss-feeds/olivemagazine-gr.xml,OG,success,2025-11-29 13:00:55,Greece,olivemagazine.gr,To Do,FALSE,,,FALSE,Newly discovered RSS feed
A-Sports,https://swelbyboy.github.io/prospect-rss-feeds/a-sports.xml,"OG (9), RSS (1)",success,2025-11-29 13:01:02,Greece,a-sports.gr,To Do,FALSE,,,FALSE,Newly discovered RSS feed
Veteranos.gr,https://swelbyboy.github.io/prospect-rss-feeds/veteranos-gr.xml,OG,success,2025-11-29 13:01:04,Greece,veteranos.gr,To Do,FALSE,,,FALSE,Newly discovered RSS feed
Terazkrosno.Pl,-,N/A,-,,Poland,terazkrosno.pl,No feed generated,FALSE,,,FALSE,
Suceava News Online,https://swelbyboy.github.io/prospect-rss-feeds/suceava-news-online.xml,OG,success,2025-11-29 13:01:10,Romania,svnews.ro,To Do,FALSE,,,FALSE,Newly discovered RSS feed
Medical Inspire 醫．思維,https://swelbyboy.github.io/prospect-rss-feeds/medical-inspire-醫-思維.xml,OG,success,2025-11-29 13:01:29,Hong Kong,medicalinspire.com,To Do,FALSE,,,FALSE,Newly discovered RSS feed
NUFC Blog,https://swelbyboy.github.io/prospect-rss-feeds/nufc-blog.xml,OG,success,2025-11-29 11:43:37,United Kingdom,nufcblog.co.uk,To Do,FALSE,,,FALSE,Newly discovered RSS feed
Absolut Delicios,https://swelbyboy.github.io/prospect-rss-feeds/absolut-delicios.xml,OG,success,2025-11-29 13:01:31,Romania,absolutdelicios.ro,To Do,FALSE,,,FALSE,Newly discovered RSS feed
Zappit.gr,https://swelbyboy.github.io/prospect-rss-feeds/zappit-gr.xml,OG,success,2025-11-29 13:01:40,Greece,zappit.gr,To Do,FALSE,,,FALSE,Newly discovered RSS feed
The Daily Campus (Bangladesh),-,N/A,-,,Bangladesh,thedailycampus.com,No feed generated,FALSE,,,FALSE,
TraleeToday.ie,https://swelbyboy.github.io/prospect-rss-feeds/traleetoday-ie.xml,OG,success,2025-11-29 13:01:47,Ireland,traleetoday.ie,To Do,FALSE,,,FALSE,Newly discovered RSS feed
Golin,https://swelbyboy.github.io/prospect-rss-feeds/golin.xml,OG,success,2025-11-29 11:43:40,United States,golin.com,To Do,FALSE,,,FALSE,Newly discovered RSS feed
Women's Corner,-,N/A,-,,Bangladesh,womenscorner.com.bd,No feed generated,FALSE,,,FALSE,
灼見名家 Master Insight,https://swelbyboy.github.io/prospect-rss-feeds/灼見名家-master-insight.xml,OG,success,2025-11-29 13:01:53,Hong Kong,master-insight.com,To Do,FALSE,,,FALSE,Newly discovered RSS feed
JETSOguide.com,-,N/A,-,,Hong Kong,jetsoguide.com,No feed generated,FALSE,,,FALSE,
Teluga Adda,https://swelbyboy.github.io/prospect-rss-feeds/teluga-adda.xml,OG,success,2025-11-29 13:02:02,India,teluguadda.co.in,To Do,FALSE,,,FALSE,Newly discovered RSS feed
FeanOnline,-,N/A,-,,Netherlands,feanonline.nl,No feed generated,FALSE,,,FALSE,
england365.gr,https://swelbyboy.github.io/prospect-rss-feeds/england365-gr.xml,OG,success,2025-11-29 13:02:13,Greece,england365.gr,To Do,FALSE,,,FALSE,Newly discovered RSS feed
NewSide,https://swelbyboy.github.io/prospect-rss-feeds/newside.xml,OG,success,2025-11-29 13:02:18,Greece,newside.gr,To Do,FALSE,,,FALSE,Newly discovered RSS feed
Church and State,https://swelbyboy.github.io/prospect-rss-feeds/church-and-state.xml,OG,success,2025-11-29 11:43:45,United Kingdom,churchandstate.org.uk,To Do,FALSE,,,FALSE,Newly discovered RSS feed
inmedia.ba,https://swelbyboy.github.io/prospect-rss-feeds/inmedia-ba.xml,OG,success,2025-11-29 13:02:26,Bosnia and Herzegovina,inmedia.ba,To Do,FALSE,,,FALSE,Newly discovered RSS feed
KRT TV,https://swelbyboy.github.io/prospect-rss-feeds/krt-tv.xml,OG,success,2025-11-29 13:02:37,Turkey,krttv.com.tr,To Do,FALSE,,,FALSE,Newly discovered RSS feed
Trishul News,-,N/A,-,,India,trishulnews.com,No feed generated,FALSE,,,FALSE,
ArtistRack,https://swelbyboy.github.io/prospect-rss-feeds/artistrack.xml,OG,success,2025-11-29 11:43:47,United Kingdom,artistrack.com,To Do,FALSE,,,FALSE,Newly discovered RSS feed
Sun Media,-,N/A,-,,New Zealand,sunlive.co.nz,No feed generated,FALSE,,,FALSE,
FR12.nl,https://swelbyboy.github.io/prospect-rss-feeds/fr12-nl.xml,OG,success,2025-11-29 13:02:39,Netherlands,fr12.nl,To Do,FALSE,,,FALSE,Newly discovered RSS feed
NaijaNews.com,https://swelbyboy.github.io/prospect-rss-feeds/naijanews-com.xml,OG,success,2025-11-29 13:02:52,Nigeria,naijanews.com,To Do,FALSE,,,FALSE,Newly discovered RSS feed
Tolivelugu,-,N/A,-,,India,tolivelugu.com,No feed generated,FALSE,,,FALSE,
Gulte,-,N/A,-,,India,gulte.com,No feed generated,FALSE,,,FALSE,
The Herald Nigeria,-,N/A,-,,Nigeria,herald.ng,No feed generated,FALSE,,,FALSE,
Thestival Media,-,N/A,-,,Greece,thestival.gr,No feed generated,FALSE,,,FALSE,
starozagorci.com,https://swelbyboy.github.io/prospect-rss-feeds/starozagorci-com.xml,OG,success,2025-11-29 13:02:58,Bulgaria,starozagorci.com,To Do,FALSE,,,FALSE,Newly discovered RSS feed
"Gamezebo, Inc.",https://swelbyboy.github.io/prospect-rss-feeds/gamezebo--inc.xml,OG,success,2025-11-29 11:43:49,United States,gamezebo.com,To Do,FALSE,,,FALSE,Newly discovered RSS feed
Next Element,-,N/A,-,,United Kingdom,nextelement.co.uk,No feed generated,FALSE,,,FALSE,
Hetedik sor közepe,https://swelbyboy.github.io/prospect-rss-feeds/hetedik-sor-közepe.xml,OG,success,2025-11-29 13:03:00,Hungary,hetediksor.hu,To Do,FALSE,,,FALSE,Newly discovered RSS feed
BorneoNews,-,N/A,-,,Indonesia,borneonews.co.id,No feed generated,FALSE,,,FALSE,
Grantham Matters Media,https://swelbyboy.github.io/prospect-rss-feeds/grantham-matters-media.xml,OG,success,2025-11-29 11:43:57,United Kingdom,granthammatters.co.uk,To Do,FALSE,,,FALSE,Newly discovered RSS feed
Abtak Media,-,N/A,-,,India,abtakmedia.com,No feed generated,FALSE,,,FALSE,
wlkp24.info,https://swelbyboy.github.io/prospect-rss-feeds/wlkp24-info.xml,OG,success,2025-11-29 13:03:12,Poland,wlkp24.info,To Do,FALSE,,,FALSE,Newly discovered RSS feed
Thrakisports.gr,https://swelbyboy.github.io/prospect-rss-feeds/thrakisports-gr.xml,OG,success,2025-11-29 13:03:15,Greece,thrakisports.gr,To Do,FALSE,,,FALSE,Newly discovered RSS feed
Marie Claire (SA),-,N/A,-,,South Africa,marieclaire.co.za,No feed generated,FALSE,,,FALSE,
PR Nigeria,https://swelbyboy.github.io/prospect-rss-feeds/pr-nigeria.xml,OG,success,2025-11-29 13:03:42,Nigeria,prnigeria.com,To Do,FALSE,,,FALSE,Newly discovered RSS feed
ionigeria.com,-,N/A,-,,Nigeria,ionigeria.com,No feed generated,FALSE,,,FALSE,
How2Play,https://swelbyboy.github.io/prospect-rss-feeds/how2play.xml,OG,success,2025-11-29 13:03:48,Poland,how2play.pl,To Do,FALSE,,,FALSE,Newly discovered RSS feed
Press Narayanganj,https://swelbyboy.github.io/prospect-rss-feeds/press-narayanganj.xml,OG,success,2025-11-29 13:03:50,Bangladesh,pressnarayanganj24.com,To Do,FALSE,,,FALSE,Newly discovered RSS feed
Bursa Hakimiyet,https://swelbyboy.github.io/prospect-rss-feeds/bursa-hakimiyet.xml,OG,success,2025-11-29 13:03:54,Turkey,bursahakimiyet.com.tr,To Do,FALSE,,,FALSE,Newly discovered RSS feed
Kobiece Porady,-,N/A,-,,Poland,kobieceporady.pl,No feed generated,FALSE,,,FALSE,
Galatasaray Gazetesi,https://swelbyboy.github.io/prospect-rss-feeds/galatasaray-gazetesi.xml,OG,success,2025-11-29 13:03:57,Turkey,gsgazete.com,To Do,FALSE,,,FALSE,Newly discovered RSS feed
ÖğretmenX,https://swelbyboy.github.io/prospect-rss-feeds/öğretmenx.xml,OG,success,2025-11-29 13:04:01,Turkey,ogretmenx.com,To Do,FALSE,,,FALSE,Newly discovered RSS feed
priyoshomoy.com,https://swelbyboy.github.io/prospect-rss-feeds/priyoshomoy-com.xml,OG,success,2025-11-29 13:04:10,Bangladesh,priyoshomoy.com,To Do,FALSE,,,FALSE,Newly discovered RSS feed
Pak China News,-,N/A,-,,Pakistan,pakchinanews.pk,No feed generated,FALSE,,,FALSE,
Papamond,https://swelbyboy.github.io/prospect-rss-feeds/papamond.xml,OG,success,2025-11-29 13:04:13,Romania,papamond.ro,To Do,FALSE,,,FALSE,Newly discovered RSS feed
Current Crime,https://swelbyboy.github.io/prospect-rss-feeds/current-crime.xml,OG,success,2025-11-29 13:04:17,India,currentcrime.com,To Do,FALSE,,,FALSE,Newly discovered RSS feed
Dom Pelen Pomyslow,https://swelbyboy.github.io/prospect-rss-feeds/dom-pelen-pomyslow.xml,OG,success,2025-11-29 13:04:27,Poland,dompelenpomyslow.pl,To Do,FALSE,,,FALSE,Newly discovered RSS feed
Radomska Grupa Mediowa,https://swelbyboy.github.io/prospect-rss-feeds/radomska-grupa-mediowa.xml,OG,success,2025-11-29 13:04:35,Poland,cozadzien.pl,To Do,FALSE,,,FALSE,Newly discovered RSS feed
43 Haber,-,N/A,-,,Turkey,43haber.com,No feed generated,FALSE,,,FALSE,
Gündem Bursa,https://swelbyboy.github.io/prospect-rss-feeds/gündem-bursa.xml,OG,success,2025-11-29 13:04:40,Turkey,gundembursa.com,To Do,FALSE,,,FALSE,Newly discovered RSS feed
Np News,-,N/A,-,,United States,npkhabar24.com,No feed generated,FALSE,,,FALSE,
theJasmineBRAND,https://swelbyboy.github.io/prospect-rss-feeds/thejasminebrand.xml,OG,success,2025-11-29 11:44:07,United States,thejasminebrand.com,To Do,FALSE,,,FALSE,Newly discovered RSS feed
Öncü Haber,https://swelbyboy.github.io/prospect-rss-feeds/öncü-haber.xml,OG,success,2025-11-29 13:04:43,Turkey,oncurtv.com,To Do,FALSE,,,FALSE,Newly discovered RSS feed
Truth Media Hong Kong (TMHK),https://swelbyboy.github.io/prospect-rss-feeds/truth-media-hong-kong--tmhk.xml,OG,success,2025-11-29 13:04:46,Hong Kong,tmhk.org,To Do,FALSE,,,FALSE,Newly discovered RSS feed
24Vesti,https://swelbyboy.github.io/prospect-rss-feeds/24vesti.xml,OG,success,2025-11-29 13:04:48,Serbia,24vesti.com,To Do,FALSE,,,FALSE,Newly discovered RSS feed
Cretapost.gr,https://swelbyboy.github.io/prospect-rss-feeds/cretapost-gr.xml,RSS,success,2025-11-29 13:04:49,Greece,cretapost.gr,To Do,FALSE,,,FALSE,Newly discovered RSS feed
Daily Cox News,https://swelbyboy.github.io/prospect-rss-feeds/daily-cox-news.xml,OG,success,2025-11-29 13:05:01,Bangladesh,dailycoxnews.com,To Do,FALSE,,,FALSE,Newly discovered RSS feed
Piano Street,https://swelbyboy.github.io/prospect-rss-feeds/piano-street.xml,OG,success,2025-11-29 13:05:08,Sweden,pianostreet.com,To Do,FALSE,,,FALSE,Newly discovered RSS feed
Dete.gr,https://swelbyboy.github.io/prospect-rss-feeds/dete-gr.xml,OG,success,2025-11-29 13:05:18,Greece,dete.gr,To Do,FALSE,,,FALSE,Newly discovered RSS feed
Constanta 100%,https://swelbyboy.github.io/prospect-rss-feeds/constanta-100.xml,OG,success,2025-11-29 13:05:23,Romania,ct100.ro,To Do,FALSE,,,FALSE,Newly discovered RSS feed
Cazin.ba,https://swelbyboy.github.io/prospect-rss-feeds/cazin-ba.xml,OG,success,2025-11-29 13:05:28,Bosnia and Herzegovina,cazin.ba,To Do,FALSE,,,FALSE,Newly discovered RSS feed
Daily Ekattor,https://swelbyboy.github.io/prospect-rss-feeds/daily-ekattor.xml,OG,success,2025-11-29 13:05:29,Bangladesh,dailyekattor.com,To Do,FALSE,,,FALSE,Newly discovered RSS feed
Nova Tv Mediaş,https://swelbyboy.github.io/prospect-rss-feeds/nova-tv-mediaş.xml,OG,success,2025-11-29 13:05:33,Romania,novatv.ro,To Do,FALSE,,,FALSE,Newly discovered RSS feed
EMY Media,-,N/A,-,,Turkey,emymedya.com,No feed generated,FALSE,,,FALSE,
Notia.gr,https://swelbyboy.github.io/prospect-rss-feeds/notia-gr.xml,OG,success,2025-11-29 13:05:41,Greece,notia.gr,To Do,FALSE,,,FALSE,Newly discovered RSS feed
Gkourou,https://swelbyboy.github.io/prospect-rss-feeds/gkourou.xml,OG,success,2025-11-29 13:05:43,Greece,gkourou.com,To Do,FALSE,,,FALSE,Newly discovered RSS feed
Media Group 31,-,N/A,-,,United States,mediagroup31.com,No feed generated,FALSE,,,FALSE,
Science X,-,N/A,-,,United Kingdom,sciencex.com,No feed generated,FALSE,,,FALSE,
Ripensis Media Trust,https://swelbyboy.github.io/prospect-rss-feeds/ripensis-media-trust.xml,OG,success,2025-11-29 13:05:46,Romania,opiniatimisoarei.ro,To Do,FALSE,,,FALSE,Newly discovered RSS feed
Oficial Media,https://swelbyboy.github.io/prospect-rss-feeds/oficial-media.xml,OG,success,2025-11-29 13:05:49,Romania,oficialmedia.com,To Do,FALSE,,,FALSE,Newly discovered RSS feed
Religis,https://swelbyboy.github.io/prospect-rss-feeds/religis.xml,OG,success,2025-11-29 13:05:53,Bosnia and Herzegovina,religis.com,To Do,FALSE,,,FALSE,Newly discovered RSS feed
NFL Trade Rumors,https://swelbyboy.github.io/prospect-rss-feeds/nfl-trade-rumors.xml,OG,success,2025-11-29 11:44:09,United States,nfltraderumors.co,To Do,FALSE,,,FALSE,Newly discovered RSS feed
Orami,-,N/A,-,,Indonesia,orami.co.id,No feed generated,FALSE,,,FALSE,
Mindenszo,-,N/A,-,,Hungary,mindenszo.hu,No feed generated,FALSE,,,FALSE,
CRNA Hronika BiH,https://swelbyboy.github.io/prospect-rss-feeds/crna-hronika-bih.xml,OG,success,2025-11-29 13:05:55,Bosnia and Herzegovina,crna-hronika.info,To Do,FALSE,,,FALSE,Newly discovered RSS feed
CroExpress,-,N/A,-,,Croatia,croexpress.eu,No feed generated,FALSE,,,FALSE,
168Chasa,https://swelbyboy.github.io/prospect-rss-feeds/168chasa.xml,OG,success,2025-11-29 13:06:00,Bulgaria,168chasa.bg,To Do,FALSE,,,FALSE,Newly discovered RSS feed
112Vandaag,https://swelbyboy.github.io/prospect-rss-feeds/112vandaag.xml,OG,success,2025-11-29 13:06:02,Netherlands,112vdg.nl,To Do,FALSE,,,FALSE,Newly discovered RSS feed
Comentacii,https://swelbyboy.github.io/prospect-rss-feeds/comentacii.xml,OG,success,2025-11-29 13:06:08,Romania,comentacii.ro,To Do,FALSE,,,FALSE,Newly discovered RSS feed
codziennypoznan,https://swelbyboy.github.io/prospect-rss-feeds/codziennypoznan.xml,"OG (2), RSS (2)",success,2025-11-29 13:06:09,Poland,codziennypoznan.pl,To Do,FALSE,,,FALSE,Newly discovered RSS feed
Haber Dairesi,https://swelbyboy.github.io/prospect-rss-feeds/haber-dairesi.xml,OG,success,2025-11-29 13:06:12,Turkey,haberdairesi.com,To Do,FALSE,,,FALSE,Newly discovered RSS feed
PSB Media,https://swelbyboy.github.io/prospect-rss-feeds/psb-media.xml,OG,success,2025-11-29 13:06:14,India,peoplesreporter.in,To Do,FALSE,,,FALSE,Newly discovered RSS feed
Gumushane News,https://swelbyboy.github.io/prospect-rss-feeds/gumushane-news.xml,OG,success,2025-11-29 13:06:16,Turkey,gumushane.gen.tr,To Do,FALSE,,,FALSE,Newly discovered RSS feed
Moral News 24,https://swelbyboy.github.io/prospect-rss-feeds/moral-news-24.xml,RSS,success,2025-11-29 13:06:20,Bangladesh,moralnews24.com,To Do,FALSE,,,FALSE,Newly discovered RSS feed
MAX SPORT,https://swelbyboy.github.io/prospect-rss-feeds/max-sport.xml,OG,success,2025-11-29 13:06:31,Serbia,maxsport.rs,To Do,FALSE,,,FALSE,Newly discovered RSS feed
Co w Krakowie,https://swelbyboy.github.io/prospect-rss-feeds/co-w-krakowie.xml,OG,success,2025-11-29 13:06:34,Poland,cowkrakowie.pl,To Do,FALSE,,,FALSE,Newly discovered RSS feed
Kavala Web News,https://swelbyboy.github.io/prospect-rss-feeds/kavala-web-news.xml,OG,success,2025-11-29 13:06:47,Greece,kavalawebnews.gr,To Do,FALSE,,,FALSE,Newly discovered RSS feed
24Chasa,https://swelbyboy.github.io/prospect-rss-feeds/24chasa.xml,OG,success,2025-11-29 13:06:51,Bulgaria,24chasa.bg,To Do,FALSE,,,FALSE,Newly discovered RSS feed
Crash Online,-,N/A,-,,Greece,crashonline.gr,No feed generated,FALSE,,,FALSE,
Radio Gdansk,https://swelbyboy.github.io/prospect-rss-feeds/radio-gdansk.xml,OG,success,2025-11-29 13:06:58,Poland,radiogdansk.pl,To Do,FALSE,,,FALSE,Newly discovered RSS feed
Gun Pro Plus,https://swelbyboy.github.io/prospect-rss-feeds/gun-pro-plus.xml,OG,success,2025-11-29 11:44:09,United States,gunproplus.com,To Do,FALSE,,,FALSE,Newly discovered RSS feed
Overdope,https://swelbyboy.github.io/prospect-rss-feeds/overdope.xml,OG,success,2025-11-29 13:07:04,Taiwan,overdope.com,To Do,FALSE,,,FALSE,Newly discovered RSS feed
Orange Magazine,-,N/A,-,,Philippines,orangemagazine.ph,No feed generated,FALSE,,,FALSE,
Craiova Forum,-,N/A,-,,Romania,craiovaforum.ro,No feed generated,FALSE,,,FALSE,
Patras Events,-,N/A,-,,Greece,patrasevents.gr,No feed generated,FALSE,,,FALSE,
Newsitamea,https://swelbyboy.github.io/prospect-rss-feeds/newsitamea.xml,OG,success,2025-11-29 13:07:06,Greece,newsitamea.gr,To Do,FALSE,,,FALSE,Newly discovered RSS feed
Top Tamil News,https://swelbyboy.github.io/prospect-rss-feeds/top-tamil-news.xml,OG,success,2025-11-29 13:07:14,India,toptamilnews.com,To Do,FALSE,,,FALSE,Newly discovered RSS feed
Radio Iaşi,https://swelbyboy.github.io/prospect-rss-feeds/radio-iaşi.xml,OG,success,2025-11-29 13:07:22,Romania,radioiasi.ro,To Do,FALSE,,,FALSE,Newly discovered RSS feed
AĞRI Hürses,https://swelbyboy.github.io/prospect-rss-feeds/ağri-hürses.xml,OG,success,2025-11-29 13:07:26,Turkey,agrihurses.net,To Do,FALSE,,,FALSE,Newly discovered RSS feed
Fratria Media Group,-,N/A,-,,Poland,fratria.pl,No feed generated,FALSE,,,FALSE,
Today Samachar,https://swelbyboy.github.io/prospect-rss-feeds/today-samachar.xml,OG,success,2025-11-29 13:07:29,India,todaysamachar.in,To Do,FALSE,,,FALSE,Newly discovered RSS feed
Master Media Group,-,N/A,-,,Bulgaria,bulnews.bg,No feed generated,FALSE,,,FALSE,
Eyap,-,N/A,-,,Greece,eyap.gr,No feed generated,FALSE,,,FALSE,
PeristeriNews,https://swelbyboy.github.io/prospect-rss-feeds/peristerinews.xml,OG,success,2025-11-29 13:07:32,Greece,peristerinews.gr,To Do,FALSE,,,FALSE,Newly discovered RSS feed
Travelgirl,https://swelbyboy.github.io/prospect-rss-feeds/travelgirl.xml,OG,success,2025-11-29 13:07:35,Greece,travelgirl.gr,To Do,FALSE,,,FALSE,Newly discovered RSS feed
TVL Spółka,-,N/A,-,,Poland,lubin.pl,No feed generated,FALSE,,,FALSE,
Enjoy! Media,https://swelbyboy.github.io/prospect-rss-feeds/enjoy--media.xml,OG,success,2025-11-29 13:07:51,Poland,metropoliabydgoska.pl,To Do,FALSE,,,FALSE,Newly discovered RSS feed
74nullanulla.hu,-,N/A,-,,Hungary,74nullanulla.hu,No feed generated,FALSE,,,FALSE,
PortalSM,https://swelbyboy.github.io/prospect-rss-feeds/portalsm.xml,OG,success,2025-11-29 13:07:55,Romania,portalsm.ro,To Do,FALSE,,,FALSE,Newly discovered RSS feed
ZdrowePoradniki.pl,https://swelbyboy.github.io/prospect-rss-feeds/zdroweporadniki-pl.xml,OG,success,2025-11-29 13:08:04,Poland,zdroweporadniki.pl,To Do,FALSE,,,FALSE,Newly discovered RSS feed
Portal Grada Kaštela,-,N/A,-,,Croatia,kastela.org,No feed generated,FALSE,,,FALSE,
Radio Szczecin,https://swelbyboy.github.io/prospect-rss-feeds/radio-szczecin.xml,OG,success,2025-11-29 13:08:07,Poland,radioszczecin.pl,To Do,FALSE,,,FALSE,Newly discovered RSS feed
Napi Ujsag,https://swelbyboy.github.io/prospect-rss-feeds/napi-ujsag.xml,OG,success,2025-11-29 13:08:16,Hungary,napiujsag.hu,To Do,FALSE,,,FALSE,Newly discovered RSS feed
All About Aris,https://swelbyboy.github.io/prospect-rss-feeds/all-about-aris.xml,OG,success,2025-11-29 13:08:19,Greece,allaboutaris.com,To Do,FALSE,,,FALSE,Newly discovered RSS feed
Radio Polis 99.4,https://swelbyboy.github.io/prospect-rss-feeds/radio-polis-99-4.xml,OG,success,2025-11-29 13:08:34,Greece,radiopolis.gr,To Do,FALSE,,,FALSE,Newly discovered RSS feed
FNews.gr,https://swelbyboy.github.io/prospect-rss-feeds/fnews-gr.xml,OG,success,2025-11-29 13:08:42,Greece,fnews.gr,To Do,FALSE,,,FALSE,Newly discovered RSS feed
PhilNews,https://swelbyboy.github.io/prospect-rss-feeds/philnews.xml,OG,success,2025-11-29 13:08:43,Philippines,philnews.ph,To Do,FALSE,,,FALSE,Newly discovered RSS feed
wiemy.to,https://swelbyboy.github.io/prospect-rss-feeds/wiemy-to.xml,OG,success,2025-11-29 13:08:47,Poland,wiemy.to,To Do,FALSE,,,FALSE,Newly discovered RSS feed
Prawy.pl,-,N/A,-,,Poland,prawy.pl,No feed generated,FALSE,,,FALSE,
Radio 90,https://swelbyboy.github.io/prospect-rss-feeds/radio-90.xml,OG,success,2025-11-29 13:08:49,Poland,radio90.pl,To Do,FALSE,,,FALSE,Newly discovered RSS feed
AgrinioPress,https://swelbyboy.github.io/prospect-rss-feeds/agriniopress.xml,OG,success,2025-11-29 13:08:53,Greece,agriniopress.gr,To Do,FALSE,,,FALSE,Newly discovered RSS feed
Radio STAR Gjilan,-,N/A,-,,Bosnia and Herzegovina,radiostargjilan.com,No feed generated,FALSE,,,FALSE,
Radyo Pilipinas Uno,-,N/A,-,,Philippines,radyopilipinas.ph,No feed generated,FALSE,,,FALSE,
to10.gr,https://swelbyboy.github.io/prospect-rss-feeds/to10-gr.xml,OG,success,2025-11-29 13:08:58,Greece,to10.gr,To Do,FALSE,,,FALSE,Newly discovered RSS feed
Tintahijau,https://swelbyboy.github.io/prospect-rss-feeds/tintahijau.xml,OG,success,2025-11-29 13:09:07,Indonesia,tintahijau.com,To Do,FALSE,,,FALSE,Newly discovered RSS feed
Twente Insite,https://swelbyboy.github.io/prospect-rss-feeds/twente-insite.xml,OG,success,2025-11-29 13:09:09,Netherlands,twenteinsite.nl,To Do,FALSE,,,FALSE,Newly discovered RSS feed
034 portal,-,N/A,-,,Croatia,034portal.hr,No feed generated,FALSE,,,FALSE,
kamuilanlari.com,-,N/A,-,,Turkey,kamuilanlari.com,No feed generated,FALSE,,,FALSE,
WebCultura.ro,-,N/A,-,,Romania,webcultura.ro,No feed generated,FALSE,,,FALSE,
Nafpaktia News,https://swelbyboy.github.io/prospect-rss-feeds/nafpaktia-news.xml,OG,success,2025-11-29 13:09:14,Greece,nafpaktianews.gr,To Do,FALSE,,,FALSE,Newly discovered RSS feed
News Updates 24,-,N/A,-,,Bangladesh,newsupdates24.com,No feed generated,FALSE,,,FALSE,
Χώρα Του Αχωρήτου,-,N/A,-,,Greece,choratouaxoritou.gr,No feed generated,FALSE,,,FALSE,
Pressmania,https://swelbyboy.github.io/prospect-rss-feeds/pressmania.xml,OG,success,2025-11-29 13:09:16,Poland,pressmania.pl,To Do,FALSE,,,FALSE,Newly discovered RSS feed
Power 98.7,-,N/A,-,,South Africa,msggroupsales.co.za,No feed generated,FALSE,,,FALSE,
Potret News,https://swelbyboy.github.io/prospect-rss-feeds/potret-news.xml,RSS,success,2025-11-29 13:09:20,Indonesia,potretnews.com,To Do,FALSE,,,FALSE,Newly discovered RSS feed
Prijedor24H,https://swelbyboy.github.io/prospect-rss-feeds/prijedor24h.xml,OG,success,2025-11-29 13:09:26,Bosnia and Herzegovina,prijedor24h.net,To Do,FALSE,,,FALSE,Newly discovered RSS feed
Radio Kielce,https://swelbyboy.github.io/prospect-rss-feeds/radio-kielce.xml,OG,success,2025-11-29 13:09:31,Poland,radio.kielce.pl,To Do,FALSE,,,FALSE,Newly discovered RSS feed
Abnews24bd,-,N/A,-,,Bangladesh,abnews24bd.com,No feed generated,FALSE,,,FALSE,
168.hu,https://swelbyboy.github.io/prospect-rss-feeds/168-hu.xml,OG,success,2025-11-29 13:09:37,Hungary,168.hu,To Do,FALSE,,,FALSE,Newly discovered RSS feed
Popaganda,https://swelbyboy.github.io/prospect-rss-feeds/popaganda.xml,OG,success,2025-11-29 13:09:40,Greece,popaganda.gr,To Do,FALSE,,,FALSE,Newly discovered RSS feed
WB News 24,-,N/A,-,,India,westbengalnews24.com,No feed generated,FALSE,,,FALSE,
Typosthes,-,N/A,-,,Greece,typosthes.gr,No feed generated,FALSE,,,FALSE,
Urfa Bilişim Hizmetleri,https://swelbyboy.github.io/prospect-rss-feeds/urfa-bilişim-hizmetleri.xml,OG,success,2025-11-29 13:09:48,Turkey,urfa.com,To Do,FALSE,,,FALSE,Newly discovered RSS feed
Twentefans,-,N/A,-,,Netherlands,twentefans.nl,No feed generated,FALSE,,,FALSE,
PoliceNET of Greece,https://swelbyboy.github.io/prospect-rss-feeds/policenet-of-greece.xml,OG,success,2025-11-29 13:09:53,Greece,policenet.gr,To Do,FALSE,,,FALSE,Newly discovered RSS feed
UFight.gr,https://swelbyboy.github.io/prospect-rss-feeds/ufight-gr.xml,OG,success,2025-11-29 13:09:58,Greece,ufight.gr,To Do,FALSE,,,FALSE,Newly discovered RSS feed
Power 987,https://swelbyboy.github.io/prospect-rss-feeds/power-987.xml,OG,success,2025-11-29 13:10:14,South Africa,power987.co.za,To Do,FALSE,,,FALSE,Newly discovered RSS feed
agrinio24.gr,https://swelbyboy.github.io/prospect-rss-feeds/agrinio24-gr.xml,OG,success,2025-11-29 13:10:18,Greece,agrinio24.gr,To Do,FALSE,,,FALSE,Newly discovered RSS feed
PressTV.bg,https://swelbyboy.github.io/prospect-rss-feeds/presstv-bg.xml,OG,success,2025-11-29 13:10:22,Bulgaria,presstv.bg,To Do,FALSE,,,FALSE,Newly discovered RSS feed
Pernik News,https://swelbyboy.github.io/prospect-rss-feeds/pernik-news.xml,OG,success,2025-11-29 13:10:28,Bulgaria,perniknews.com,To Do,FALSE,,,FALSE,Newly discovered RSS feed
Faktor.ba,-,N/A,-,,Bosnia and Herzegovina,faktor.ba,No feed generated,FALSE,,,FALSE,
TrikalaVoice,https://swelbyboy.github.io/prospect-rss-feeds/trikalavoice.xml,"OG (8), RSS (2)",success,2025-11-29 13:10:51,Greece,trikalavoice.gr,To Do,FALSE,,,FALSE,Newly discovered RSS feed
aera.gr,https://swelbyboy.github.io/prospect-rss-feeds/aera-gr.xml,OG,success,2025-11-29 13:10:54,Greece,aera.gr,To Do,FALSE,,,FALSE,Newly discovered RSS feed
Intermagazin,-,N/A,-,,Serbia,intermagazin.rs,No feed generated,FALSE,,,FALSE,
agrinionews.gr,https://swelbyboy.github.io/prospect-rss-feeds/agrinionews-gr.xml,OG,success,2025-11-29 13:10:57,Greece,agrinionews.gr,To Do,FALSE,,,FALSE,Newly discovered RSS feed
Larisanew,-,N/A,-,,Greece,larisanew.gr,No feed generated,FALSE,,,FALSE,
Provocateur.gr,-,N/A,-,,Greece,provocateur.gr,No feed generated,FALSE,,,FALSE,
Thessaloniki Arts and Culture,https://swelbyboy.github.io/prospect-rss-feeds/thessaloniki-arts-and-culture.xml,OG,success,2025-11-29 13:11:04,Greece,thessalonikiartsandculture.gr,To Do,FALSE,,,FALSE,Newly discovered RSS feed
wMeritum.pl,https://swelbyboy.github.io/prospect-rss-feeds/wmeritum-pl.xml,OG,success,2025-11-29 13:11:06,Poland,wmeritum.pl,To Do,FALSE,,,FALSE,Newly discovered RSS feed
Stormer SA,https://swelbyboy.github.io/prospect-rss-feeds/stormer-sa.xml,OG,success,2025-11-29 13:11:15,Romania,weradio.ro,To Do,FALSE,,,FALSE,Newly discovered RSS feed
PRESSARIS,https://swelbyboy.github.io/prospect-rss-feeds/pressaris.xml,OG,success,2025-11-29 13:11:18,Greece,pressaris.gr,To Do,FALSE,,,FALSE,Newly discovered RSS feed
Timp Online,https://swelbyboy.github.io/prospect-rss-feeds/timp-online.xml,OG,success,2025-11-29 13:11:23,Romania,timponline.ro,To Do,FALSE,,,FALSE,Newly discovered RSS feed
Prijedor24.com,https://swelbyboy.github.io/prospect-rss-feeds/prijedor24-com.xml,OG,success,2025-11-29 13:11:30,Bosnia and Herzegovina,prijedor24.com,To Do,FALSE,,,FALSE,Newly discovered RSS feed
News TR,https://swelbyboy.github.io/prospect-rss-feeds/news-tr.xml,OG,success,2025-11-29 13:11:32,Turkey,newstr.net,To Do,FALSE,,,FALSE,Newly discovered RSS feed
Tribuna Romania,-,N/A,-,,Romania,tribuna.ro,No feed generated,FALSE,,,FALSE,
Vellinakshatram,https://swelbyboy.github.io/prospect-rss-feeds/vellinakshatram.xml,OG,success,2025-11-29 13:11:35,India,vellinakshatram.com,To Do,FALSE,,,FALSE,Newly discovered RSS feed
WaCow Media,https://swelbyboy.github.io/prospect-rss-feeds/wacow-media.xml,RSS,success,2025-11-29 11:44:10,United States,wacowla.com,To Do,FALSE,,,FALSE,Newly discovered RSS feed
Stowarzyszenie Kultury Chrześcijańskiej,-,N/A,-,,Poland,piotrskarga.pl,No feed generated,FALSE,,,FALSE,
Napoca News,https://swelbyboy.github.io/prospect-rss-feeds/napoca-news.xml,OG,success,2025-11-29 13:11:39,Romania,napocanews.ro,To Do,FALSE,,,FALSE,Newly discovered RSS feed
Hit radio Požarevac,-,N/A,-,,Serbia,hitradio.rs,No feed generated,FALSE,,,FALSE,
Anorthosis24,https://swelbyboy.github.io/prospect-rss-feeds/anorthosis24.xml,OG,success,2025-11-29 13:11:43,Greece,anorthosis24.net,To Do,FALSE,,,FALSE,Newly discovered RSS feed
Indeleiderstrui,https://swelbyboy.github.io/prospect-rss-feeds/indeleiderstrui.xml,OG,success,2025-11-29 13:11:47,Netherlands,indeleiderstrui.nl,To Do,FALSE,,,FALSE,Newly discovered RSS feed
Monopoli,https://swelbyboy.github.io/prospect-rss-feeds/monopoli.xml,OG,success,2025-11-29 13:11:54,Greece,monopoli.gr,To Do,FALSE,,,FALSE,Newly discovered RSS feed
Vous.hu,https://swelbyboy.github.io/prospect-rss-feeds/vous-hu.xml,OG,success,2025-11-29 13:11:58,Hungary,vous.hu,To Do,FALSE,,,FALSE,Newly discovered RSS feed
Lorem Ipsum Press,-,N/A,-,,Greece,loremipsumpress.com,No feed generated,FALSE,,,FALSE,
iBEAUTYREPORT 美周報,-,N/A,-,,Taiwan,ibeautyreport.com,No feed generated,FALSE,,,FALSE,
Медикъл Нюз (Medical News),https://swelbyboy.github.io/prospect-rss-feeds/медикъл-нюз--medical-news.xml,OG,success,2025-11-29 13:12:02,Bulgaria,medicalnews.bg,To Do,FALSE,,,FALSE,Newly discovered RSS feed
Hindi Tracks,https://swelbyboy.github.io/prospect-rss-feeds/hindi-tracks.xml,OG,success,2025-12-02 11:51:27,India,hinditracks.in,To Do,FALSE,,,FALSE,Newly discovered RSS feed
Iskra GR,https://swelbyboy.github.io/prospect-rss-feeds/iskra-gr.xml,OG,success,2025-11-29 13:12:11,Greece,iskra.gr,To Do,FALSE,,,FALSE,Newly discovered RSS feed
Herceg Televizija,-,N/A,-,,Bosnia and Herzegovina,herceg.tv,No feed generated,FALSE,,,FALSE,
Rethemnos News,https://swelbyboy.github.io/prospect-rss-feeds/rethemnos-news.xml,OG,success,2025-11-29 13:12:14,Greece,rethemnosnews.gr,To Do,FALSE,,,FALSE,Newly discovered RSS feed
Magyar Szó,https://swelbyboy.github.io/prospect-rss-feeds/magyar-szó.xml,OG,success,2025-11-29 13:12:17,Serbia,magyarszo.rs,To Do,FALSE,,,FALSE,Newly discovered RSS feed
Inevros Media,https://swelbyboy.github.io/prospect-rss-feeds/inevros-media.xml,OG,success,2025-11-29 13:12:26,Greece,inevros.gr,To Do,FALSE,,,FALSE,Newly discovered RSS feed
Konyanın Nabzı,https://swelbyboy.github.io/prospect-rss-feeds/konyanın-nabzı.xml,OG,success,2025-11-29 13:12:28,Turkey,konyaninnabzi.web.tr,To Do,FALSE,,,FALSE,Newly discovered RSS feed
Хороскопи (Horoskopa),-,N/A,-,,Bulgaria,horoskopa.com,No feed generated,FALSE,,,FALSE,
"Agencija ""New Marketing Solutions - NMS""",-,N/A,-,,Bosnia and Herzegovina,nms.ba,No feed generated,FALSE,,,FALSE,
Discoveries Company,-,N/A,-,,United States,discoveries.co,No feed generated,FALSE,,,FALSE,
Gazeta Infokus,-,N/A,-,,Serbia,gazetainfokus.com,No feed generated,FALSE,,,FALSE,
Ατέχνως,https://swelbyboy.github.io/prospect-rss-feeds/ατέχνως.xml,OG,success,2025-11-29 13:12:32,Greece,atexnos.gr,To Do,FALSE,,,FALSE,Newly discovered RSS feed
Kanal V,https://swelbyboy.github.io/prospect-rss-feeds/kanal-v.xml,OG,success,2025-11-29 13:12:36,Turkey,kanalv.com.tr,To Do,FALSE,,,FALSE,Newly discovered RSS feed
Kashmir News Service Pvt Ltd,https://swelbyboy.github.io/prospect-rss-feeds/kashmir-news-service-pvt-ltd.xml,OG,success,2025-11-29 13:12:38,India,knskashmir.com,To Do,FALSE,,,FALSE,Newly discovered RSS feed
Iswinoujscie.pl,https://swelbyboy.github.io/prospect-rss-feeds/iswinoujscie-pl.xml,OG,success,2025-11-29 13:12:41,Poland,iswinoujscie.pl,To Do,FALSE,,,FALSE,Newly discovered RSS feed
大家健康雜誌,-,N/A,-,,Taiwan,healthforall.com.tw,No feed generated,FALSE,,,FALSE,
Lamia Now,https://swelbyboy.github.io/prospect-rss-feeds/lamia-now.xml,OG,success,2025-11-29 13:12:48,Greece,lamianow.gr,To Do,FALSE,,,FALSE,Newly discovered RSS feed
Про Нюз Добрич (Pro News Dobrich),-,N/A,-,,Bulgaria,pronewsdobrich.bg,No feed generated,FALSE,,,FALSE,
Mihrap Haber,-,N/A,-,,Turkey,mihraphaber.com,No feed generated,FALSE,,,FALSE,
ŻywiecInfo.pl,https://swelbyboy.github.io/prospect-rss-feeds/żywiecinfo-pl.xml,OG,success,2025-11-29 13:12:52,Poland,zywiecinfo.pl,To Do,FALSE,,,FALSE,Newly discovered RSS feed
InfoKG,https://swelbyboy.github.io/prospect-rss-feeds/infokg.xml,OG,success,2025-11-29 13:12:54,Serbia,infokg.rs,To Do,FALSE,,,FALSE,Newly discovered RSS feed
Indopolitika,https://swelbyboy.github.io/prospect-rss-feeds/indopolitika.xml,OG,success,2025-11-29 13:13:04,Indonesia,indopolitika.com,To Do,FALSE,,,FALSE,Newly discovered RSS feed
Αληθινές Γυναίκες,https://swelbyboy.github.io/prospect-rss-feeds/αληθινές-γυναίκες.xml,OG,success,2025-11-29 13:13:08,Greece,alithinesgynaikes.gr,To Do,FALSE,,,FALSE,Newly discovered RSS feed
Amader Barisal,https://swelbyboy.github.io/prospect-rss-feeds/amader-barisal.xml,OG,success,2025-12-02 11:42:41,Bangladesh,amaderbarisal.com,To Do,FALSE,,,FALSE,Newly discovered RSS feed
StoNisi,-,N/A,-,,Greece,stonisi.gr,No feed generated,FALSE,,,FALSE,
Honvédelem,https://swelbyboy.github.io/prospect-rss-feeds/honvédelem.xml,"OG (6), RSS (4)",success,2025-11-29 13:13:11,Hungary,honvedelem.hu,To Do,FALSE,,,FALSE,Newly discovered RSS feed
THARROS PUBLISHING LTD.,https://swelbyboy.github.io/prospect-rss-feeds/tharros-publishing-ltd.xml,OG,success,2025-11-29 13:13:13,Greece,tharrosnews.gr,To Do,FALSE,,,FALSE,Newly discovered RSS feed
Aktif Haber,https://swelbyboy.github.io/prospect-rss-feeds/aktif-haber.xml,OG,success,2025-11-29 13:13:15,Turkey,aktifhaber.com,To Do,FALSE,,,FALSE,Newly discovered RSS feed
Ilialive,https://swelbyboy.github.io/prospect-rss-feeds/ilialive.xml,OG,success,2025-11-29 13:13:17,Greece,ilialive.gr,To Do,FALSE,,,FALSE,Newly discovered RSS feed
jeta-online,https://swelbyboy.github.io/prospect-rss-feeds/jeta-online.xml,OG,success,2025-11-29 13:13:19,Serbia,jeta-online.info,To Do,FALSE,,,FALSE,Newly discovered RSS feed
SAFF.ba,https://swelbyboy.github.io/prospect-rss-feeds/saff-ba.xml,OG,success,2025-11-29 13:13:21,Bosnia and Herzegovina,saff.ba,To Do,FALSE,,,FALSE,Newly discovered RSS feed
Karfitsa,https://swelbyboy.github.io/prospect-rss-feeds/karfitsa.xml,OG,success,2025-11-29 13:13:23,Greece,karfitsa.gr,To Do,FALSE,,,FALSE,Newly discovered RSS feed
InCar 癮車報,https://swelbyboy.github.io/prospect-rss-feeds/incar-癮車報.xml,OG,success,2025-11-29 13:13:27,Taiwan,incar.tw,To Do,FALSE,,,FALSE,Newly discovered RSS feed
Allfood Recipes,https://swelbyboy.github.io/prospect-rss-feeds/allfood-recipes.xml,OG,success,2025-11-29 11:44:21,United States,allfood.recipes,To Do,FALSE,,,FALSE,Newly discovered RSS feed
Istotne.pl,https://swelbyboy.github.io/prospect-rss-feeds/istotne-pl.xml,OG,success,2025-11-29 13:13:30,Poland,istotne.pl,To Do,FALSE,,,FALSE,Newly discovered RSS feed
NSK PUBLISHING LTD,-,N/A,-,,Greece,alphafreepress.gr,No feed generated,FALSE,,,FALSE,
Ziarul Incomod,-,N/A,-,,Romania,ziarulincomod.ro,No feed generated,FALSE,,,FALSE,
Alterinfo,https://swelbyboy.github.io/prospect-rss-feeds/alterinfo.xml,OG,success,2025-11-29 13:13:33,Greece,alter-info.gr,To Do,FALSE,,,FALSE,Newly discovered RSS feed
Radio ZOS,https://swelbyboy.github.io/prospect-rss-feeds/radio-zos.xml,OG,success,2025-11-29 13:13:47,Bosnia and Herzegovina,zosradio.ba,To Do,FALSE,,,FALSE,Newly discovered RSS feed
Navodaya Times,-,N/A,-,,India,navodayatimes.in,No feed generated,FALSE,,,FALSE,
Renasterea Banateana,-,N/A,-,,Romania,renasterea.ro,No feed generated,FALSE,,,FALSE,
My Mind,https://swelbyboy.github.io/prospect-rss-feeds/my-mind.xml,OG,success,2025-11-29 13:13:50,Greece,mymind.gr,To Do,FALSE,,,FALSE,Newly discovered RSS feed
Media Group 24 Ltd,https://swelbyboy.github.io/prospect-rss-feeds/media-group-24-ltd.xml,OG,success,2025-11-29 13:13:56,Bulgaria,burgas24.bg,To Do,FALSE,,,FALSE,Newly discovered RSS feed
Kulturosupa.gr,https://swelbyboy.github.io/prospect-rss-feeds/kulturosupa-gr.xml,"OG (9), RSS (1)",success,2025-11-29 13:14:14,Greece,kulturosupa.gr,To Do,FALSE,,,FALSE,Newly discovered RSS feed
DefenseTalk,https://swelbyboy.github.io/prospect-rss-feeds/defensetalk.xml,OG,success,2025-11-29 11:44:22,United States,defencetalk.com,To Do,FALSE,,,FALSE,Newly discovered RSS feed
ABCPortal.info,https://swelbyboy.github.io/prospect-rss-feeds/abcportal-info.xml,OG,success,2025-11-29 13:14:25,Bosnia and Herzegovina,abcportal.info,To Do,FALSE,,,FALSE,Newly discovered RSS feed
Скандал (Skandal),-,N/A,-,,Bulgaria,skandal.bg,No feed generated,FALSE,,,FALSE,
Kairos Fengxiang News,-,N/A,-,,Taiwan,kairos.news,No feed generated,FALSE,,,FALSE,
Ellinikí Aktoploïa,https://swelbyboy.github.io/prospect-rss-feeds/ellinikí-aktoploïa.xml,OG,success,2025-11-29 13:14:29,Greece,ellinikiaktoploia.net,To Do,FALSE,,,FALSE,Newly discovered RSS feed
СТАТИС,-,N/A,-,,Bulgaria,sedemosmi.tv,No feed generated,FALSE,,,FALSE,
Bacau.net,https://swelbyboy.github.io/prospect-rss-feeds/bacau-net.xml,OG,success,2025-11-29 13:14:31,Romania,bacau.net,To Do,FALSE,,,FALSE,Newly discovered RSS feed
Hyggestedet,https://swelbyboy.github.io/prospect-rss-feeds/hyggestedet.xml,OG,success,2025-11-29 13:14:35,Denmark,hyggestedet.dk,To Do,FALSE,,,FALSE,Newly discovered RSS feed
Kawerna,https://swelbyboy.github.io/prospect-rss-feeds/kawerna.xml,OG,success,2025-11-29 13:14:39,Poland,kawerna.pl,To Do,FALSE,,,FALSE,Newly discovered RSS feed
Exherald Publishing Incorporated,https://swelbyboy.github.io/prospect-rss-feeds/exherald-publishing-incorporated.xml,OG,success,2025-11-29 13:14:48,Philippines,baguioheraldexpressonline.com,To Do,FALSE,,,FALSE,Newly discovered RSS feed
Agrároldal.hu,https://swelbyboy.github.io/prospect-rss-feeds/agrároldal-hu.xml,OG,success,2025-11-29 13:15:04,Hungary,agraroldal.hu,To Do,FALSE,,,FALSE,Newly discovered RSS feed
Kragujevčani,https://swelbyboy.github.io/prospect-rss-feeds/kragujevčani.xml,OG,success,2025-11-29 13:15:08,Serbia,kragujevcani.rs,To Do,FALSE,,,FALSE,Newly discovered RSS feed
INFO NEAMȚ,https://swelbyboy.github.io/prospect-rss-feeds/info-neamț.xml,OG,success,2025-11-29 13:15:16,Romania,infoneamt.ro,To Do,FALSE,,,FALSE,Newly discovered RSS feed
Healthy Living Idea,-,N/A,-,,Australia,healthylivingidea.com,No feed generated,FALSE,,,FALSE,
Ilorin,-,N/A,-,,Nigeria,ilorin.info,No feed generated,FALSE,,,FALSE,
High View Art,https://swelbyboy.github.io/prospect-rss-feeds/high-view-art.xml,OG,success,2025-11-29 13:15:20,Bulgaria,highviewart.com,To Do,FALSE,,,FALSE,Newly discovered RSS feed
Епицентър.com,-,N/A,-,,Bulgaria,epicenter.bg,No feed generated,FALSE,,,FALSE,
FWD Affairs,-,N/A,-,,Hungary,fwdaffairs.com,No feed generated,FALSE,,,FALSE,
Nagpur Today,https://swelbyboy.github.io/prospect-rss-feeds/nagpur-today.xml,OG,success,2025-11-29 13:15:21,India,nagpurtoday.in,To Do,FALSE,,,FALSE,Newly discovered RSS feed
Iszczecinek,-,N/A,-,,Poland,iszczecinek.pl,No feed generated,FALSE,,,FALSE,
Ilmkidunya,-,N/A,-,,Pakistan,ilmkidunya.com,No feed generated,FALSE,,,FALSE,
Informatiata,https://swelbyboy.github.io/prospect-rss-feeds/informatiata.xml,OG,success,2025-11-29 13:15:33,Romania,informatiata.ro,To Do,FALSE,,,FALSE,Newly discovered RSS feed
Hello Maharashtr,https://swelbyboy.github.io/prospect-rss-feeds/hello-maharashtr.xml,OG,success,2025-11-29 13:15:39,India,hellomaharashtra.in,To Do,FALSE,,,FALSE,Newly discovered RSS feed
الصحافة (Alamirkamalfarag),-,N/A,-,,United Arab Emirates,alamirkamalfarag.com,No feed generated,FALSE,,,FALSE,
Falanga,-,N/A,-,,Australia,falanga.com.au,No feed generated,FALSE,,,FALSE,
Kućni lekar,https://swelbyboy.github.io/prospect-rss-feeds/kućni-lekar.xml,OG,success,2025-11-29 13:15:42,Serbia,kucnilekar.com,To Do,FALSE,,,FALSE,Newly discovered RSS feed
H Θ.Μ. NIKOLAIDIS JOURNALISTIC & ATHLETIC PUBLICATIONS,-,N/A,-,,Greece,fosonline.gr,No feed generated,FALSE,,,FALSE,
Infoprzasnysz,https://swelbyboy.github.io/prospect-rss-feeds/infoprzasnysz.xml,OG,success,2025-11-29 13:15:46,Poland,infoprzasnysz.com,To Do,FALSE,,,FALSE,Newly discovered RSS feed
Moto7 專業汽機車資訊,https://swelbyboy.github.io/prospect-rss-feeds/moto7-專業汽機車資訊.xml,OG,success,2025-11-29 13:15:49,Taiwan,moto7.net,To Do,FALSE,,,FALSE,Newly discovered RSS feed
banjaluka,https://swelbyboy.github.io/prospect-rss-feeds/banjaluka.xml,OG,success,2025-11-29 13:15:53,Bosnia and Herzegovina,banjaluka.com,To Do,FALSE,,,FALSE,Newly discovered RSS feed
Wrestling Headlines,https://swelbyboy.github.io/prospect-rss-feeds/wrestling-headlines.xml,OG,success,2025-11-29 11:44:25,United States,wrestlingheadlines.com,To Do,FALSE,,,FALSE,Newly discovered RSS feed
Light Travel,https://swelbyboy.github.io/prospect-rss-feeds/light-travel.xml,OG,success,2025-11-29 13:16:13,Bangladesh,lightnewsbd.com,To Do,FALSE,,,FALSE,Newly discovered RSS feed
a Gazete,-,N/A,-,,Turkey,agazete.com.tr,No feed generated,FALSE,,,FALSE,
Marketnews.gr,-,N/A,-,,Greece,marketnews.gr,No feed generated,FALSE,,,FALSE,
Onlymyhealth,-,N/A,-,,India,onlymyhealth.com,No feed generated,FALSE,,,FALSE,
MAN-MAN,https://swelbyboy.github.io/prospect-rss-feeds/man-man.xml,OG,success,2025-11-29 13:16:18,Netherlands,man-man.nl,To Do,FALSE,,,FALSE,Newly discovered RSS feed
Bio Medicina,-,N/A,-,,Bosnia and Herzegovina,biomedicina.eu,No feed generated,FALSE,,,FALSE,
Ziarul National,https://swelbyboy.github.io/prospect-rss-feeds/ziarul-national.xml,OG,success,2025-11-29 13:16:27,Romania,national.ro,To Do,FALSE,,,FALSE,Newly discovered RSS feed
Nehaber 24,-,N/A,-,,Turkey,nehaber24.com,No feed generated,FALSE,,,FALSE,
Mielen Ihmeet,https://swelbyboy.github.io/prospect-rss-feeds/mielen-ihmeet.xml,OG,success,2025-11-29 13:16:41,Finland,mielenihmeet.fi,To Do,FALSE,,,FALSE,Newly discovered RSS feed
Metro Vaartha,https://swelbyboy.github.io/prospect-rss-feeds/metro-vaartha.xml,OG,success,2025-11-29 13:16:42,India,metrovaartha.com,To Do,FALSE,,,FALSE,Newly discovered RSS feed
Lasvanska Dolina,https://swelbyboy.github.io/prospect-rss-feeds/lasvanska-dolina.xml,OG,success,2025-11-29 13:16:55,Croatia,lasvanskadolina.info,To Do,FALSE,,,FALSE,Newly discovered RSS feed
Mama Newsa,-,N/A,-,,Poland,mamnewsa.pl,No feed generated,FALSE,,,FALSE,
Ἑλληνοϊστορεῖν (Ellinostorin),https://swelbyboy.github.io/prospect-rss-feeds/ἑλληνοϊστορεῖν--ellinostorin.xml,OG,success,2025-11-29 13:16:58,Greece,ellinoistorin.gr,To Do,FALSE,,,FALSE,Newly discovered RSS feed
bbc24news,https://swelbyboy.github.io/prospect-rss-feeds/bbc24news.xml,OG,success,2025-11-29 13:17:13,Bangladesh,bbc24news.com,To Do,FALSE,,,FALSE,Newly discovered RSS feed
Monitorday,-,N/A,-,,Indonesia,monitorday.com,No feed generated,FALSE,,,FALSE,
Lesvos News,https://swelbyboy.github.io/prospect-rss-feeds/lesvos-news.xml,OG,success,2025-11-29 13:17:17,Greece,lesvosnews.net,To Do,FALSE,,,FALSE,Newly discovered RSS feed
TeluguStop,https://swelbyboy.github.io/prospect-rss-feeds/telugustop.xml,"OG (9), RSS (1)",success,2025-11-29 13:17:24,India,telugustop.com,To Do,FALSE,,,FALSE,Newly discovered RSS feed
MISCAREA DE REZISTENTA,https://swelbyboy.github.io/prospect-rss-feeds/miscarea-de-rezistenta.xml,OG,success,2025-11-29 13:17:34,Romania,miscareaderezistenta.ro,To Do,FALSE,,,FALSE,Newly discovered RSS feed
Fűzővel kifelé!,https://swelbyboy.github.io/prospect-rss-feeds/fűzővel-kifelé.xml,OG,success,2025-11-29 13:17:41,Hungary,fuzovelkifele.com,To Do,FALSE,,,FALSE,Newly discovered RSS feed
Reviewit.pk,-,N/A,-,,Pakistan,reviewit.pk,No feed generated,FALSE,,,FALSE,
BalkansPress,https://swelbyboy.github.io/prospect-rss-feeds/balkanspress.xml,OG,success,2025-11-29 13:17:42,Serbia,balkanspress.com,To Do,FALSE,,,FALSE,Newly discovered RSS feed
Kosova Ime,-,N/A,-,,Serbia,kosovaime.tv,No feed generated,FALSE,,,FALSE,
News Kannada,https://swelbyboy.github.io/prospect-rss-feeds/news-kannada.xml,OG,success,2025-11-29 13:17:43,India,newskannada.in,To Do,FALSE,,,FALSE,Newly discovered RSS feed
TLife,https://swelbyboy.github.io/prospect-rss-feeds/tlife.xml,OG,success,2025-11-29 13:17:45,Greece,tlife.gr,To Do,FALSE,,,FALSE,Newly discovered RSS feed
Jabuka.tv,-,N/A,-,,Bosnia and Herzegovina,jabuka.tv,No feed generated,FALSE,,,FALSE,
Bidista.com - A TippLista,https://swelbyboy.github.io/prospect-rss-feeds/bidista-com---a-tipplista.xml,OG,success,2025-11-29 13:17:55,Hungary,bidista.com,To Do,FALSE,,,FALSE,Newly discovered RSS feed
Roze News,https://swelbyboy.github.io/prospect-rss-feeds/roze-news.xml,OG,success,2025-11-29 13:17:57,Pakistan,rozenews.com.pk,To Do,FALSE,,,FALSE,Newly discovered RSS feed
SuomiKiekko,-,N/A,-,,Finland,suomikiekko.com,No feed generated,FALSE,,,FALSE,
SanDiego Red,https://swelbyboy.github.io/prospect-rss-feeds/sandiego-red.xml,OG,success,2025-11-29 11:44:28,United States,sandiegored.com,To Do,FALSE,,,FALSE,Newly discovered RSS feed
Kakanj-X,-,N/A,-,,Bosnia and Herzegovina,kakanj-x.com,No feed generated,FALSE,,,FALSE,
Dharitri,https://swelbyboy.github.io/prospect-rss-feeds/dharitri.xml,OG,success,2025-12-02 11:51:32,India,dharitri.com,To Do,FALSE,,,FALSE,Newly discovered RSS feed
Bhadas4media,-,N/A,-,,India,bhadas4media.com,No feed generated,FALSE,,,FALSE,
Haberdarim,https://swelbyboy.github.io/prospect-rss-feeds/haberdarim.xml,OG,success,2025-11-29 13:18:00,Turkey,haberdarim.com,To Do,FALSE,,,FALSE,Newly discovered RSS feed
Presheva.al,-,N/A,-,,Serbia,presheva.al,No feed generated,FALSE,,,FALSE,
Maha Sports महा स्पोर्ट्स,-,N/A,-,,India,mahasports.in,No feed generated,FALSE,,,FALSE,
Siyasetcafe.com,https://swelbyboy.github.io/prospect-rss-feeds/siyasetcafe-com.xml,"OG (9), RSS (1)",success,2025-11-29 13:18:04,Turkey,siyasetcafe.com,To Do,FALSE,,,FALSE,Newly discovered RSS feed
Halkweb,https://swelbyboy.github.io/prospect-rss-feeds/halkweb.xml,OG,success,2025-11-29 13:18:07,Turkey,halkweb.com.tr,To Do,FALSE,,,FALSE,Newly discovered RSS feed
ajkerbangladesh24.com,https://swelbyboy.github.io/prospect-rss-feeds/ajkerbangladesh24-com.xml,OG,success,2025-11-29 13:18:20,Bangladesh,deshprotikhon.com,To Do,FALSE,,,FALSE,Newly discovered RSS feed
Sarah Palin,https://swelbyboy.github.io/prospect-rss-feeds/sarah-palin.xml,OG,success,2025-11-29 11:44:32,United States,sarahpalin.com,To Do,FALSE,,,FALSE,Newly discovered RSS feed
E-Braničevo,https://swelbyboy.github.io/prospect-rss-feeds/e-braničevo.xml,OG,success,2025-11-29 13:18:23,Bosnia and Herzegovina,ebranicevo.com,To Do,FALSE,,,FALSE,Newly discovered RSS feed
life4style,https://swelbyboy.github.io/prospect-rss-feeds/life4style.xml,OG,success,2025-11-29 13:18:27,Poland,life4style.pl,To Do,FALSE,,,FALSE,Newly discovered RSS feed
Kult Plus,-,N/A,-,,Serbia,kultplus.com,No feed generated,FALSE,,,FALSE,
Natchitoches Parish Journal,https://swelbyboy.github.io/prospect-rss-feeds/natchitoches-parish-journal.xml,OG,success,2025-11-29 11:44:39,United States,natchitochesparishjournal.com,To Do,FALSE,,,FALSE,Newly discovered RSS feed
SET News,https://swelbyboy.github.io/prospect-rss-feeds/set-news.xml,OG,success,2025-11-29 13:18:31,Taiwan,setn.com,To Do,FALSE,,,FALSE,Newly discovered RSS feed
Literatura De Azi,https://swelbyboy.github.io/prospect-rss-feeds/literatura-de-azi.xml,OG,success,2025-11-29 13:18:35,Romania,literaturadeazi.ro,To Do,FALSE,,,FALSE,Newly discovered RSS feed
Kocaeli Zirve,https://swelbyboy.github.io/prospect-rss-feeds/kocaeli-zirve.xml,OG,success,2025-11-29 13:18:39,Turkey,kocaelizirve.com,To Do,FALSE,,,FALSE,Newly discovered RSS feed
Ljepota & Zdravlje Hrvatska,https://swelbyboy.github.io/prospect-rss-feeds/ljepota---zdravlje-hrvatska.xml,OG,success,2025-11-29 13:18:41,Croatia,ljepotaizdravlje.hr,To Do,FALSE,,,FALSE,Newly discovered RSS feed
Meczyki,-,N/A,-,,Poland,meczyki.pl,No feed generated,FALSE,,,FALSE,
Shilo Magazine Шило Магазин,-,N/A,-,,Australia,shilomagazine.com.au,No feed generated,FALSE,,,FALSE,
Mesagerul lui Hristos,https://swelbyboy.github.io/prospect-rss-feeds/mesagerul-lui-hristos.xml,OG,success,2025-12-02 11:51:30,Romania,stiriincurajari.ro,To Do,FALSE,,,FALSE,Newly discovered RSS feed
Independent Urdu,https://swelbyboy.github.io/prospect-rss-feeds/independent-urdu.xml,OG,success,2025-11-29 13:18:43,India,independenturdu.com,To Do,FALSE,,,FALSE,Newly discovered RSS feed
Cinema politics,-,N/A,-,,India,cinemapolitics.com,No feed generated,FALSE,,,FALSE,
AM Press News,https://swelbyboy.github.io/prospect-rss-feeds/am-press-news.xml,OG,success,2025-11-29 13:18:53,Romania,ampress.ro,To Do,FALSE,,,FALSE,Newly discovered RSS feed
Portfolio Csoport,-,N/A,-,,Hungary,portfoliocsoport.hu,No feed generated,FALSE,,,FALSE,
Malai Murasu,-,N/A,-,,India,malaimurasu.in,No feed generated,FALSE,,,FALSE,
Crisp Network,-,N/A,-,,United States,crisp.network,No feed generated,FALSE,,,FALSE,
MamaPeinao,https://swelbyboy.github.io/prospect-rss-feeds/mamapeinao.xml,OG,success,2025-11-29 13:18:55,Greece,mamapeinao.gr,To Do,FALSE,,,FALSE,Newly discovered RSS feed
Merhaba Haber,https://swelbyboy.github.io/prospect-rss-feeds/merhaba-haber.xml,OG,success,2025-11-29 13:18:58,Turkey,merhabahaber.com,To Do,FALSE,,,FALSE,Newly discovered RSS feed
ΜΗΧΑΝΗ ΤΟΥ ΧΡΟΝΟΥ,https://swelbyboy.github.io/prospect-rss-feeds/μηχανη-του-χρονου.xml,OG,success,2025-11-29 13:19:05,Greece,mixanitouxronou.gr,To Do,FALSE,,,FALSE,Newly discovered RSS feed
OneIndia,-,N/A,-,,India,oneindia.com,No feed generated,FALSE,,,FALSE,
Duruş Haber,https://swelbyboy.github.io/prospect-rss-feeds/duruş-haber.xml,RSS,success,2025-11-29 13:19:09,Turkey,durushaber.com.tr,To Do,FALSE,,,FALSE,Newly discovered RSS feed
Livno Online,https://swelbyboy.github.io/prospect-rss-feeds/livno-online.xml,OG,success,2025-11-29 13:19:13,Bosnia and Herzegovina,livno-online.com,To Do,FALSE,,,FALSE,Newly discovered RSS feed
Malayalee Vision Media LTD,https://swelbyboy.github.io/prospect-rss-feeds/malayalee-vision-media-ltd.xml,OG,success,2025-11-29 13:19:23,India,malayaleevision.com,To Do,FALSE,,,FALSE,Newly discovered RSS feed
Manchester United Supporters Club Scandinavia,-,N/A,-,,Norway,united.no,No feed generated,FALSE,,,FALSE,
Mavi Kocaeli Gazetesi,-,N/A,-,,Turkey,mavikocaeli.com.tr,No feed generated,FALSE,,,FALSE,
Inda-Labs,-,N/A,-,,Hungary,inda.hu,No feed generated,FALSE,,,FALSE,
Aydınpost,https://swelbyboy.github.io/prospect-rss-feeds/aydınpost.xml,OG,success,2025-11-29 13:19:26,Turkey,aydinpost.com,To Do,FALSE,,,FALSE,Newly discovered RSS feed
Daddy Cool,https://swelbyboy.github.io/prospect-rss-feeds/daddy-cool.xml,OG,success,2025-11-29 13:19:37,Greece,daddy-cool.gr,To Do,FALSE,,,FALSE,Newly discovered RSS feed
Kuningan Mass,https://swelbyboy.github.io/prospect-rss-feeds/kuningan-mass.xml,OG,success,2025-11-29 13:19:50,Indonesia,kuninganmass.com,To Do,FALSE,,,FALSE,Newly discovered RSS feed
Grupul pentru Dialog Social,https://swelbyboy.github.io/prospect-rss-feeds/grupul-pentru-dialog-social.xml,OG,success,2025-11-29 13:20:04,Romania,gds.ong.ro,To Do,FALSE,,,FALSE,Newly discovered RSS feed
Philippine Basketball Association (PBA),-,N/A,-,,Philippines,pba.ph,No feed generated,FALSE,,,FALSE,
Bradva.bg,-,N/A,-,,Bulgaria,bradva.bg,No feed generated,FALSE,,,FALSE,
Freepen.gr,https://swelbyboy.github.io/prospect-rss-feeds/freepen-gr.xml,OG,success,2025-11-29 13:20:05,Greece,freepen.gr,To Do,FALSE,,,FALSE,Newly discovered RSS feed
Fundatia Mereu Aproape,https://swelbyboy.github.io/prospect-rss-feeds/fundatia-mereu-aproape.xml,OG,success,2025-11-29 13:20:16,Romania,fundatiamereuaproape.ro,To Do,FALSE,,,FALSE,Newly discovered RSS feed
Alerta de Stiri,-,N/A,-,,Romania,alertadestiri.ro,No feed generated,FALSE,,,FALSE,
Voice News,https://swelbyboy.github.io/prospect-rss-feeds/voice-news.xml,RSS,success,2025-11-29 13:20:17,Greece,voicenews.gr,To Do,FALSE,,,FALSE,Newly discovered RSS feed
Politic.gr,https://swelbyboy.github.io/prospect-rss-feeds/politic-gr.xml,OG,success,2025-11-29 13:20:23,Greece,politic.gr,To Do,FALSE,,,FALSE,Newly discovered RSS feed
CultureNow,https://swelbyboy.github.io/prospect-rss-feeds/culturenow.xml,OG,success,2025-11-29 13:20:26,Greece,culturenow.gr,To Do,FALSE,,,FALSE,Newly discovered RSS feed
Transilvania 365,https://swelbyboy.github.io/prospect-rss-feeds/transilvania-365.xml,OG,success,2025-12-02 11:51:33,Romania,transilvania365.ro,To Do,FALSE,,,FALSE,Newly discovered RSS feed
Homesthetics,https://swelbyboy.github.io/prospect-rss-feeds/homesthetics.xml,OG,success,2025-11-29 13:20:26,Romania,homesthetics.net,To Do,FALSE,,,FALSE,Newly discovered RSS feed
Romani Buni,https://swelbyboy.github.io/prospect-rss-feeds/romani-buni.xml,OG,success,2025-11-29 13:20:29,Romania,romani-buni.info,To Do,FALSE,,,FALSE,Newly discovered RSS feed
Casa Ideas,https://swelbyboy.github.io/prospect-rss-feeds/casa-ideas.xml,OG,success,2025-11-29 13:20:34,Greece,casasideas.gr,To Do,FALSE,,,FALSE,Newly discovered RSS feed
Gazeta de Nord-Vest,https://swelbyboy.github.io/prospect-rss-feeds/gazeta-de-nord-vest.xml,OG,success,2025-11-29 13:20:48,Romania,gazetanord-vest.ro,To Do,FALSE,,,FALSE,Newly discovered RSS feed
Argeș-Știri.ro,-,N/A,-,,Romania,arges-stiri.ro,No feed generated,FALSE,,,FALSE,
Artho Suchak,https://swelbyboy.github.io/prospect-rss-feeds/artho-suchak.xml,OG,success,2025-11-29 13:20:51,Bangladesh,arthosuchak.com,To Do,FALSE,,,FALSE,Newly discovered RSS feed
013info,https://swelbyboy.github.io/prospect-rss-feeds/013info.xml,OG,success,2025-11-29 13:21:02,Serbia,013info.rs,To Do,FALSE,,,FALSE,Newly discovered RSS feed
Obiectiv de Suceava,-,N/A,-,,Romania,obiectivdesuceava.ro,No feed generated,FALSE,,,FALSE,
Hakikat Gazetesi,https://swelbyboy.github.io/prospect-rss-feeds/hakikat-gazetesi.xml,OG,success,2025-11-29 13:21:04,Turkey,kibrishakikat.com,To Do,FALSE,,,FALSE,Newly discovered RSS feed
EMaramures,https://swelbyboy.github.io/prospect-rss-feeds/emaramures.xml,OG,success,2025-11-29 13:21:08,Romania,emaramures.ro,To Do,FALSE,,,FALSE,Newly discovered RSS feed
Republikbobotoh.com,https://swelbyboy.github.io/prospect-rss-feeds/republikbobotoh-com.xml,OG,success,2025-11-29 13:21:19,Indonesia,republikbobotoh.com,To Do,FALSE,,,FALSE,Newly discovered RSS feed
OnAlert.gr,https://swelbyboy.github.io/prospect-rss-feeds/onalert-gr.xml,OG,success,2025-11-29 13:21:21,Greece,onalert.gr,To Do,FALSE,,,FALSE,Newly discovered RSS feed
Bursasporluyuz.org,https://swelbyboy.github.io/prospect-rss-feeds/bursasporluyuz-org.xml,OG,success,2025-11-29 13:21:26,Turkey,bursasporluyuz.org,To Do,FALSE,,,FALSE,Newly discovered RSS feed
ASB Today,-,N/A,-,,India,asbtoday.com,No feed generated,FALSE,,,FALSE,
Candia Doc,https://swelbyboy.github.io/prospect-rss-feeds/candia-doc.xml,OG,success,2025-11-29 13:21:29,Greece,candiadoc.gr,To Do,FALSE,,,FALSE,Newly discovered RSS feed
CityPatras,-,N/A,-,,Greece,citypatras.gr,No feed generated,FALSE,,,FALSE,
Satu Mare News,-,N/A,-,,Romania,satumarenews.ro,No feed generated,FALSE,,,FALSE,
Szatmar.ro,https://swelbyboy.github.io/prospect-rss-feeds/szatmar-ro.xml,OG,success,2025-11-29 13:21:31,Romania,szatmar.ro,To Do,FALSE,,,FALSE,Newly discovered RSS feed
Espresso,-,N/A,-,,Greece,espressonews.gr,No feed generated,FALSE,,,FALSE,
CLUJUST,https://swelbyboy.github.io/prospect-rss-feeds/clujust.xml,OG,success,2025-12-02 11:51:32,Romania,clujust.ro,To Do,FALSE,,,FALSE,Newly discovered RSS feed
Fightsports.gr,https://swelbyboy.github.io/prospect-rss-feeds/fightsports-gr.xml,OG,success,2025-11-29 13:21:36,Greece,fightsports.gr,To Do,FALSE,,,FALSE,Newly discovered RSS feed
MySalonika.gr,-,N/A,-,,Greece,mysalonika.gr,No feed generated,FALSE,,,FALSE,
তথ্য প্রবাহ,https://swelbyboy.github.io/prospect-rss-feeds/তথ-য-প-রব-হ.xml,OG,success,2025-11-29 13:21:43,Bangladesh,bekarbarta.com,To Do,FALSE,,,FALSE,Newly discovered RSS feed
Editia De Dimineata,https://swelbyboy.github.io/prospect-rss-feeds/editia-de-dimineata.xml,RSS,success,2025-11-29 13:21:45,Romania,editiadedimineata.ro,To Do,FALSE,,,FALSE,Newly discovered RSS feed
Secretul Sănătății,-,N/A,-,,Romania,secretulsanatatii.net,No feed generated,FALSE,,,FALSE,
Bangladesh Journal,-,N/A,-,,Bangladesh,bd-journal.com,No feed generated,FALSE,,,FALSE,
ARQ,-,N/A,-,,Romania,arq.ro,No feed generated,FALSE,,,FALSE,
NewsPistol.gr,-,N/A,-,,Greece,newspistol.gr,No feed generated,FALSE,,,FALSE,
Kompasiana,-,N/A,-,,Indonesia,kompasiana.com,No feed generated,FALSE,,,FALSE,
Ziarul Unirea,https://swelbyboy.github.io/prospect-rss-feeds/ziarul-unirea.xml,OG,success,2025-11-29 13:21:53,Romania,ziarulunirea.ro,To Do,FALSE,,,FALSE,Newly discovered RSS feed
Uh.ro,https://swelbyboy.github.io/prospect-rss-feeds/uh-ro.xml,OG,success,2025-11-29 13:21:55,Romania,uh.ro,To Do,FALSE,,,FALSE,Newly discovered RSS feed
Dinfo,https://swelbyboy.github.io/prospect-rss-feeds/dinfo.xml,OG,success,2025-11-29 13:21:59,Greece,dinfo.gr,To Do,FALSE,,,FALSE,Newly discovered RSS feed
NewsAr.ro,https://swelbyboy.github.io/prospect-rss-feeds/newsar-ro.xml,OG,success,2025-11-29 13:22:06,Romania,newsar.ro,To Do,FALSE,,,FALSE,Newly discovered RSS feed
RedGoal,-,N/A,-,,Greece,redgoal.gr,No feed generated,FALSE,,,FALSE,
Khabar Samay,https://swelbyboy.github.io/prospect-rss-feeds/khabar-samay.xml,OG,success,2025-11-29 13:22:15,India,khabarsamay.com,To Do,FALSE,,,FALSE,Newly discovered RSS feed
Wawlist,https://swelbyboy.github.io/prospect-rss-feeds/wawlist.xml,OG,success,2025-11-29 13:22:24,Romania,wawlist.com,To Do,FALSE,,,FALSE,Newly discovered RSS feed
Reper24.ro,https://swelbyboy.github.io/prospect-rss-feeds/reper24-ro.xml,OG,success,2025-11-29 13:22:27,Romania,reper24.ro,To Do,FALSE,,,FALSE,Newly discovered RSS feed
UrduBiz,-,N/A,-,,Pakistan,urdubiz.com,No feed generated,FALSE,,,FALSE,
TalentAbout.gr,https://swelbyboy.github.io/prospect-rss-feeds/talentabout-gr.xml,OG,success,2025-11-29 13:22:35,Greece,talentabout.gr,To Do,FALSE,,,FALSE,Newly discovered RSS feed
Football League News,https://swelbyboy.github.io/prospect-rss-feeds/football-league-news.xml,OG,success,2025-11-29 13:22:51,Greece,footballleaguenews.gr,To Do,FALSE,,,FALSE,Newly discovered RSS feed
Defense Romania,-,N/A,-,,Romania,defenseromania.ro,No feed generated,FALSE,,,FALSE,
InfoOradea,https://swelbyboy.github.io/prospect-rss-feeds/infooradea.xml,OG,success,2025-12-02 11:51:34,Romania,infooradea.ro,To Do,FALSE,,,FALSE,Newly discovered RSS feed
Frizure,-,N/A,-,,Croatia,frizure.hr,No feed generated,FALSE,,,FALSE,
Poimin.gr,https://swelbyboy.github.io/prospect-rss-feeds/poimin-gr.xml,OG,success,2025-11-29 13:23:23,Greece,poimin.gr,To Do,FALSE,,,FALSE,Newly discovered RSS feed
ObiectivSM,https://swelbyboy.github.io/prospect-rss-feeds/obiectivsm.xml,OG,success,2025-11-29 13:23:26,Romania,obiectiv-sm.ro,To Do,FALSE,,,FALSE,Newly discovered RSS feed
Islamic Gathering,-,N/A,-,,United Arab Emirates,islamicgathering.com,No feed generated,FALSE,,,FALSE,
deBanat.ro,https://swelbyboy.github.io/prospect-rss-feeds/debanat-ro.xml,OG,success,2025-11-29 13:23:27,Romania,debanat.ro,To Do,FALSE,,,FALSE,Newly discovered RSS feed
Buna Ziua Vaslui,https://swelbyboy.github.io/prospect-rss-feeds/buna-ziua-vaslui.xml,OG,success,2025-11-29 13:23:40,Romania,bzv.ro,To Do,FALSE,,,FALSE,Newly discovered RSS feed
ফ্রক্স মিডিয়া লিমিটেড,-,N/A,-,,Bangladesh,protidinersangbad.com,No feed generated,FALSE,,,FALSE,
Brasov Romania,https://swelbyboy.github.io/prospect-rss-feeds/brasov-romania.xml,OG,success,2025-11-29 13:23:43,Romania,brasovromania.net,To Do,FALSE,,,FALSE,Newly discovered RSS feed
Covai Post - Thandoraa,https://swelbyboy.github.io/prospect-rss-feeds/covai-post---thandoraa.xml,OG,success,2025-11-29 13:23:48,India,thandoraa.com,To Do,FALSE,,,FALSE,Newly discovered RSS feed
K-013,-,N/A,-,,Bosnia and Herzegovina,k-013.com,No feed generated,FALSE,,,FALSE,
Ankara'nın Sesi,https://swelbyboy.github.io/prospect-rss-feeds/ankara-nın-sesi.xml,OG,success,2025-11-29 13:24:00,Turkey,ankaraninsesi.com,To Do,FALSE,,,FALSE,Newly discovered RSS feed
This Is Italy,https://swelbyboy.github.io/prospect-rss-feeds/this-is-italy.xml,OG,success,2025-11-29 13:24:01,Greece,this-is-italy.com,To Do,FALSE,,,FALSE,Newly discovered RSS feed
Fumara,https://swelbyboy.github.io/prospect-rss-feeds/fumara.xml,OG,success,2025-11-29 13:24:03,Greece,fumara.gr,To Do,FALSE,,,FALSE,Newly discovered RSS feed
Superbasket.gr,-,N/A,-,,Greece,superbasket.gr,No feed generated,FALSE,,,FALSE,
E-everos,-,N/A,-,,Greece,e-evros.gr,No feed generated,FALSE,,,FALSE,
OFF Magazine,https://swelbyboy.github.io/prospect-rss-feeds/off-magazine.xml,OG,success,2025-12-02 11:39:37,Greece,offmagazine.gr,To Do,FALSE,,,FALSE,Newly discovered RSS feed
Arunachal24.in,https://swelbyboy.github.io/prospect-rss-feeds/arunachal24-in.xml,OG,success,2025-11-29 13:24:17,India,arunachal24.in,To Do,FALSE,,,FALSE,Newly discovered RSS feed
Ereğli Metro Tv,https://swelbyboy.github.io/prospect-rss-feeds/ereğli-metro-tv.xml,OG,success,2025-11-29 13:24:20,Turkey,ereglimetro.com.tr,To Do,FALSE,,,FALSE,Newly discovered RSS feed
Avocatnet.ro,-,N/A,-,,Romania,avocatnet.ro,No feed generated,FALSE,,,FALSE,
Stiri Crestine,https://swelbyboy.github.io/prospect-rss-feeds/stiri-crestine.xml,OG,success,2025-12-02 11:51:31,Romania,stiricrestine.ro,To Do,FALSE,,,FALSE,Newly discovered RSS feed
Piraeus Press,-,N/A,-,,Greece,piraeuspress.gr,No feed generated,FALSE,,,FALSE,
Slatina Ta,https://swelbyboy.github.io/prospect-rss-feeds/slatina-ta.xml,OG,success,2025-11-29 13:24:36,Romania,slatinata.ro,To Do,FALSE,,,FALSE,Newly discovered RSS feed
Buna Ziua Cluj,https://swelbyboy.github.io/prospect-rss-feeds/buna-ziua-cluj.xml,OG,success,2025-11-29 13:24:38,Romania,bzc.ro,To Do,FALSE,,,FALSE,Newly discovered RSS feed
Left.gr,-,N/A,-,,Greece,left.gr,No feed generated,FALSE,,,FALSE,
ARTinfo,-,N/A,-,,Bosnia and Herzegovina,artinfo.ba,No feed generated,FALSE,,,FALSE,
Enimerosi,-,N/A,-,,Greece,enimerosi.com,No feed generated,FALSE,,,FALSE,
Kingsport,https://swelbyboy.github.io/prospect-rss-feeds/kingsport.xml,OG,success,2025-11-29 13:24:57,Greece,kingsport.gr,To Do,FALSE,,,FALSE,Newly discovered RSS feed
Iminathi,https://swelbyboy.github.io/prospect-rss-feeds/iminathi.xml,OG,success,2025-11-29 13:24:59,South Africa,iminathi.net,To Do,FALSE,,,FALSE,Newly discovered RSS feed
socialpolicy.gr,https://swelbyboy.github.io/prospect-rss-feeds/socialpolicy-gr.xml,OG,success,2025-11-29 13:25:02,Greece,socialpolicy.gr,To Do,FALSE,,,FALSE,Newly discovered RSS feed
Hip-Hop Nigdy Stop,https://swelbyboy.github.io/prospect-rss-feeds/hip-hop-nigdy-stop.xml,OG,success,2025-11-29 13:25:06,Poland,hhns.pl,To Do,FALSE,,,FALSE,Newly discovered RSS feed
AviationNewsBD.com,https://swelbyboy.github.io/prospect-rss-feeds/aviationnewsbd-com.xml,OG,success,2025-11-29 13:25:11,Bangladesh,aviationnewsbd.com,To Do,FALSE,,,FALSE,Newly discovered RSS feed
Jajce Online,-,N/A,-,,Bosnia and Herzegovina,jajce-online.com,No feed generated,FALSE,,,FALSE,
Esos.gr,https://swelbyboy.github.io/prospect-rss-feeds/esos-gr.xml,OG,success,2025-11-29 13:25:14,Greece,esos.gr,To Do,FALSE,,,FALSE,Newly discovered RSS feed
BriefingNews.gr,https://swelbyboy.github.io/prospect-rss-feeds/briefingnews-gr.xml,OG,success,2025-11-29 13:25:16,Greece,briefingnews.gr,To Do,FALSE,,,FALSE,Newly discovered RSS feed
Denizli 24 Haber,https://swelbyboy.github.io/prospect-rss-feeds/denizli-24-haber.xml,OG,success,2025-12-02 11:51:34,Turkey,denizli24haber.com,To Do,FALSE,,,FALSE,Newly discovered RSS feed
Dalmatinski portal,https://swelbyboy.github.io/prospect-rss-feeds/dalmatinski-portal.xml,OG,success,2025-11-29 13:25:18,Croatia,dalmatinskiportal.hr,To Do,FALSE,,,FALSE,Newly discovered RSS feed
Azaad Pakistan,https://swelbyboy.github.io/prospect-rss-feeds/azaad-pakistan.xml,OG,success,2025-11-29 13:25:27,Pakistan,azaadpakistan.org,To Do,FALSE,,,FALSE,Newly discovered RSS feed
Jambi Update,-,N/A,-,,Indonesia,jambiupdate.co,No feed generated,FALSE,,,FALSE,
Ketkes,https://swelbyboy.github.io/prospect-rss-feeds/ketkes.xml,OG,success,2025-11-29 13:25:33,Hungary,ketkes.com,To Do,FALSE,,,FALSE,Newly discovered RSS feed
INewsgr.com,-,N/A,-,,Greece,inewsgr.com,No feed generated,FALSE,,,FALSE,
ICookGreek,-,N/A,-,,Greece,icookgreek.com,No feed generated,FALSE,,,FALSE,
Assen Stad,-,N/A,-,,Netherlands,assenstad.nl,No feed generated,FALSE,,,FALSE,
Donegal Daily,-,N/A,-,,Ireland,donegaldaily.com,No feed generated,FALSE,,,FALSE,
TheInfoNG,-,N/A,-,,Nigeria,theinfong.com,No feed generated,FALSE,,,FALSE,
Tennis World Italia,-,N/A,-,,South Africa,tennisworlditalia.com,No feed generated,FALSE,,,FALSE,
AstroLive,https://swelbyboy.github.io/prospect-rss-feeds/astrolive.xml,OG,success,2025-11-29 13:25:40,Greece,astro-live.gr,To Do,FALSE,,,FALSE,Newly discovered RSS feed
B4blaze,-,N/A,-,,India,b4blaze.com,No feed generated,FALSE,,,FALSE,
Renovat.ro,-,N/A,-,,Romania,renovat.ro,No feed generated,FALSE,,,FALSE,
Enimerotiko.gr,https://swelbyboy.github.io/prospect-rss-feeds/enimerotiko-gr.xml,OG,success,2025-11-29 13:25:43,Greece,enimerotiko.gr,To Do,FALSE,,,FALSE,Newly discovered RSS feed
Insaf24.com,https://swelbyboy.github.io/prospect-rss-feeds/insaf24-com.xml,OG,success,2025-11-29 13:25:44,Bangladesh,insaf24.com,To Do,FALSE,,,FALSE,Newly discovered RSS feed
Aydın Hedef Gazetesi,-,N/A,-,,Turkey,aydinhedef.com.tr,No feed generated,FALSE,,,FALSE,
Secretele lui Lovendal,https://swelbyboy.github.io/prospect-rss-feeds/secretele-lui-lovendal.xml,OG,success,2025-11-29 13:25:57,Romania,lovendal.ro,To Do,FALSE,,,FALSE,Newly discovered RSS feed
Ülkücü Medya,https://swelbyboy.github.io/prospect-rss-feeds/ülkücü-medya.xml,OG,success,2025-11-29 13:25:58,Turkey,ulkucumedya.com,To Do,FALSE,,,FALSE,Newly discovered RSS feed
LOOKin,https://swelbyboy.github.io/prospect-rss-feeds/lookin.xml,OG,success,2025-11-29 13:26:05,Taiwan,look-in.com.tw,To Do,FALSE,,,FALSE,Newly discovered RSS feed
Daily ISLAM Karachi,-,N/A,-,,Pakistan,dailyislam.pk,No feed generated,FALSE,,,FALSE,
Greek Vegans,-,N/A,-,,Greece,greekvegans.gr,No feed generated,FALSE,,,FALSE,
Eirinika.gr,https://swelbyboy.github.io/prospect-rss-feeds/eirinika-gr.xml,OG,success,2025-11-29 13:26:08,Greece,eirinika.gr,To Do,FALSE,,,FALSE,Newly discovered RSS feed
Vartha Bharati,https://swelbyboy.github.io/prospect-rss-feeds/vartha-bharati.xml,OG,success,2025-11-29 13:26:16,India,varthabharati.in,To Do,FALSE,,,FALSE,Newly discovered RSS feed
Detinjarije,-,N/A,-,,Serbia,detinjarije.com,No feed generated,FALSE,,,FALSE,
ObservatorBN,-,N/A,-,,Romania,observatorbn.ro,No feed generated,FALSE,,,FALSE,
AutoJosh,-,N/A,-,,Nigeria,autojosh.com,No feed generated,FALSE,,,FALSE,
TV ASTA,https://swelbyboy.github.io/prospect-rss-feeds/tv-asta.xml,OG,success,2025-11-29 13:26:24,Poland,asta24.pl,To Do,FALSE,,,FALSE,Newly discovered RSS feed
MessiniaRadio.gr,https://swelbyboy.github.io/prospect-rss-feeds/messiniaradio-gr.xml,OG,success,2025-11-29 13:26:46,Greece,messiniaradio.gr,To Do,FALSE,,,FALSE,Newly discovered RSS feed
Times News,-,N/A,-,,Greece,timesnews.gr,No feed generated,FALSE,,,FALSE,
Goba Beauty,https://swelbyboy.github.io/prospect-rss-feeds/goba-beauty.xml,OG,success,2025-11-29 13:26:57,Hong Kong,gobahub.com,To Do,FALSE,,,FALSE,Newly discovered RSS feed
Avopolis Music Network,-,N/A,-,,Greece,avopolis.gr,No feed generated,FALSE,,,FALSE,
Janjwar,https://swelbyboy.github.io/prospect-rss-feeds/janjwar.xml,OG,success,2025-11-29 13:27:03,India,janjwar.com,To Do,FALSE,,,FALSE,Newly discovered RSS feed
Kontra Media Group,-,N/A,-,,Greece,kmg.gr,No feed generated,FALSE,,,FALSE,
Šašava Ja,https://swelbyboy.github.io/prospect-rss-feeds/šašava-ja.xml,OG,success,2025-11-29 13:27:05,Croatia,sasava-ja.com,To Do,FALSE,,,FALSE,Newly discovered RSS feed
Noticias de Puerto Rico,https://swelbyboy.github.io/prospect-rss-feeds/noticias-de-puerto-rico.xml,OG,success,2025-11-29 11:44:42,United States,noticiapr.com,To Do,FALSE,,,FALSE,Newly discovered RSS feed
Romfea,-,N/A,-,,Greece,romfea.gr,No feed generated,FALSE,,,FALSE,
PT Visi Siber Banten,-,N/A,-,,Indonesia,bantennews.co.id,No feed generated,FALSE,,,FALSE,
Kaajcareer,https://swelbyboy.github.io/prospect-rss-feeds/kaajcareer.xml,OG,success,2025-11-29 13:27:16,India,kaajcareer.in,To Do,FALSE,,,FALSE,Newly discovered RSS feed
AXED,-,N/A,-,,Netherlands,axed.nl,No feed generated,FALSE,,,FALSE,
Lekhapora BD,https://swelbyboy.github.io/prospect-rss-feeds/lekhapora-bd.xml,OG,success,2025-11-29 13:27:17,Bangladesh,lekhaporabd.net,To Do,FALSE,,,FALSE,Newly discovered RSS feed
News Moldova,https://swelbyboy.github.io/prospect-rss-feeds/news-moldova.xml,OG,success,2025-11-29 13:27:34,Romania,newsmoldova.ro,To Do,FALSE,,,FALSE,Newly discovered RSS feed
Derventa Cafe,https://swelbyboy.github.io/prospect-rss-feeds/derventa-cafe.xml,OG,success,2025-11-29 13:27:40,Bosnia and Herzegovina,derventacafe.com,To Do,FALSE,,,FALSE,Newly discovered RSS feed
Balkan Android,https://swelbyboy.github.io/prospect-rss-feeds/balkan-android.xml,OG,success,2025-11-29 13:27:46,Croatia,balkanandroid.com,To Do,FALSE,,,FALSE,Newly discovered RSS feed
Infognomon Politics,https://swelbyboy.github.io/prospect-rss-feeds/infognomon-politics.xml,OG,success,2025-11-29 13:27:56,Greece,infognomonpolitics.gr,To Do,FALSE,,,FALSE,Newly discovered RSS feed
ANF,-,N/A,-,,Turkey,anfenglishmobile.com,No feed generated,FALSE,,,FALSE,
Zdravlje I Kuhinja,https://swelbyboy.github.io/prospect-rss-feeds/zdravlje-i-kuhinja.xml,RSS,failed,2025-11-29 13:27:56,Bosnia and Herzegovina,zdravlje-i-kuhinja.live,To Do,FALSE,,,FALSE,Newly discovered RSS feed
Horofriend88,-,N/A,-,,Taiwan,horofriend88.com,No feed generated,FALSE,,,FALSE,
Denizli Ekspres,https://swelbyboy.github.io/prospect-rss-feeds/denizli-ekspres.xml,OG,success,2025-11-29 13:28:02,Turkey,denizliekspres.com.tr,To Do,FALSE,,,FALSE,Newly discovered RSS feed
Jagannathpur24,https://swelbyboy.github.io/prospect-rss-feeds/jagannathpur24.xml,OG,success,2025-11-29 13:28:30,Bangladesh,jagannathpur24.com,To Do,FALSE,,,FALSE,Newly discovered RSS feed
Best Knitting Ideas,https://swelbyboy.github.io/prospect-rss-feeds/best-knitting-ideas.xml,OG,success,2025-11-29 13:28:32,Turkey,knittingidea.info,To Do,FALSE,,,FALSE,Newly discovered RSS feed
Daily Nai Baat,-,N/A,-,,Pakistan,naibaat.pk,No feed generated,FALSE,,,FALSE,
Bursasporum.com,-,N/A,-,,Turkey,bursasporum.com,No feed generated,FALSE,,,FALSE,
Daily Bangladesh Media,https://swelbyboy.github.io/prospect-rss-feeds/daily-bangladesh-media.xml,OG,success,2025-11-29 13:28:37,Bangladesh,bangladesh-media.com,To Do,FALSE,,,FALSE,Newly discovered RSS feed
ArabObserver,https://swelbyboy.github.io/prospect-rss-feeds/arabobserver.xml,OG,success,2025-12-02 11:51:45,United Kingdom,arabobserver.com,To Do,FALSE,,,FALSE,Newly discovered RSS feed
TheCaller.gr,-,N/A,-,,Greece,thecaller.gr,No feed generated,FALSE,,,FALSE,
Botosani News,https://swelbyboy.github.io/prospect-rss-feeds/botosani-news.xml,OG,success,2025-11-29 13:28:39,Romania,botosaninews.ro,To Do,FALSE,,,FALSE,Newly discovered RSS feed
Cinema Daddy,-,N/A,-,,India,cinemadaddy.com,No feed generated,FALSE,,,FALSE,
Polskie Wydawnictwo Rolnicze,-,N/A,-,,Poland,pwr.agro.pl,No feed generated,FALSE,,,FALSE,
Dimosio.gr,-,N/A,-,,Greece,dimosio.gr,No feed generated,FALSE,,,FALSE,
YamNews 蕃新聞,-,N/A,-,,Taiwan,yam.com,No feed generated,FALSE,,,FALSE,
Banat Media,https://swelbyboy.github.io/prospect-rss-feeds/banat-media.xml,OG,success,2025-11-29 13:28:59,Romania,btv.ro,To Do,FALSE,,,FALSE,Newly discovered RSS feed
LaTaifas,-,N/A,-,,Romania,lataifas.ro,No feed generated,FALSE,,,FALSE,
Georgians.gr,https://swelbyboy.github.io/prospect-rss-feeds/georgians-gr.xml,OG,success,2025-11-29 13:29:02,Greece,georgians.gr,To Do,FALSE,,,FALSE,Newly discovered RSS feed
Cluj Capitala,-,N/A,-,,Romania,clujcapitala.ro,No feed generated,FALSE,,,FALSE,
Mobile Magazine,https://swelbyboy.github.io/prospect-rss-feeds/mobile-magazine.xml,OG,success,2025-11-29 13:29:06,Hong Kong,mobilemagazinehk.com,To Do,FALSE,,,FALSE,Newly discovered RSS feed
Hockey Magasinet,https://swelbyboy.github.io/prospect-rss-feeds/hockey-magasinet.xml,OG,success,2025-11-29 13:29:08,Denmark,hockeymagasinet.dk,To Do,FALSE,,,FALSE,Newly discovered RSS feed
Banja Luka,-,N/A,-,,Bosnia and Herzegovina,banjaluka.net,No feed generated,FALSE,,,FALSE,
Antena24.ro,https://swelbyboy.github.io/prospect-rss-feeds/antena24-ro.xml,OG,success,2025-11-29 13:29:11,Romania,antena24.ro,To Do,FALSE,,,FALSE,Newly discovered RSS feed
Furkan Haber,-,N/A,-,,Turkey,furkanhaber.net,No feed generated,FALSE,,,FALSE,
Tennisnews.gr,-,N/A,-,,Greece,tennisnews.gr,No feed generated,FALSE,,,FALSE,
Inspector-Gadget.gr,https://swelbyboy.github.io/prospect-rss-feeds/inspector-gadget-gr.xml,OG,success,2025-11-29 13:29:17,Greece,inspector-gadget.gr,To Do,FALSE,,,FALSE,Newly discovered RSS feed
Kinowar.com,https://swelbyboy.github.io/prospect-rss-feeds/kinowar-com.xml,OG,success,2025-11-29 13:29:19,Australia,kinowar.com,To Do,FALSE,,,FALSE,Newly discovered RSS feed
Binodon69,-,N/A,-,,Bangladesh,binodon69.com,No feed generated,FALSE,,,FALSE,
Nashville Noticias,https://swelbyboy.github.io/prospect-rss-feeds/nashville-noticias.xml,OG,success,2025-11-29 11:44:54,United States,nashvillenoticias.com,To Do,FALSE,,,FALSE,Newly discovered RSS feed
EYT Media Group,-,N/A,-,,United States,eyt.media,No feed generated,FALSE,,,FALSE,
Jammu Links News,https://swelbyboy.github.io/prospect-rss-feeds/jammu-links-news.xml,OG,success,2025-11-29 13:29:49,India,jammulinksnews.com,To Do,FALSE,,,FALSE,Newly discovered RSS feed
True Scoop,https://swelbyboy.github.io/prospect-rss-feeds/true-scoop.xml,OG,success,2025-11-29 13:29:51,India,truescoopnews.com,To Do,FALSE,,,FALSE,Newly discovered RSS feed
JagoronNews.com,-,N/A,-,,Bangladesh,jagoronnews.com,No feed generated,FALSE,,,FALSE,
Kelly’s Thoughts On Things,https://swelbyboy.github.io/prospect-rss-feeds/kelly-s-thoughts-on-things.xml,OG,success,2025-11-29 13:29:52,Australia,kellysthoughtsonthings.com,To Do,FALSE,,,FALSE,Newly discovered RSS feed
Talk of Naija,-,N/A,-,,Nigeria,talkofnaija.com,No feed generated,FALSE,,,FALSE,
Hoću.ba,-,N/A,-,,Bosnia and Herzegovina,hocu.ba,No feed generated,FALSE,,,FALSE,
Telugu Desk,https://swelbyboy.github.io/prospect-rss-feeds/telugu-desk.xml,OG,success,2025-11-29 13:30:08,India,telugudesk.net,To Do,FALSE,,,FALSE,Newly discovered RSS feed
Gnezdoto,-,N/A,-,,Bulgaria,gnezdoto.net,No feed generated,FALSE,,,FALSE,
Bbarta24.net,-,N/A,-,,Bangladesh,bbarta24.net,No feed generated,FALSE,,,FALSE,
Famoza.net,https://swelbyboy.github.io/prospect-rss-feeds/famoza-net.xml,OG,success,2025-11-29 13:30:16,Serbia,famoza.net,To Do,FALSE,,,FALSE,Newly discovered RSS feed
Uplifting Today,https://swelbyboy.github.io/prospect-rss-feeds/uplifting-today.xml,OG,success,2025-11-29 11:44:57,United States,upliftingtoday.com,To Do,FALSE,,,FALSE,Newly discovered RSS feed
Катера,-,N/A,-,,Serbia,katera.news,No feed generated,FALSE,,,FALSE,
Warszawa w Pigułce,https://swelbyboy.github.io/prospect-rss-feeds/warszawa-w-pigułce.xml,OG,success,2025-11-29 13:30:18,Poland,warszawawpigulce.pl,To Do,FALSE,,,FALSE,Newly discovered RSS feed
TheCitizen.in,https://swelbyboy.github.io/prospect-rss-feeds/thecitizen-in.xml,OG,success,2025-11-29 13:30:21,India,thecitizen.in,To Do,FALSE,,,FALSE,Newly discovered RSS feed
CiciMici.com,https://swelbyboy.github.io/prospect-rss-feeds/cicimici-com.xml,OG,success,2025-11-29 13:30:22,Serbia,cicimici.com,To Do,FALSE,,,FALSE,Newly discovered RSS feed
Public TV,https://swelbyboy.github.io/prospect-rss-feeds/public-tv.xml,OG,success,2025-11-29 13:30:24,India,publictv.in,To Do,FALSE,,,FALSE,Newly discovered RSS feed
Cineulagam,https://swelbyboy.github.io/prospect-rss-feeds/cineulagam.xml,OG,success,2025-11-29 13:30:30,India,cineulagam.com,To Do,FALSE,,,FALSE,Newly discovered RSS feed
Bignewslive,-,N/A,-,,India,bignewslive.com,No feed generated,FALSE,,,FALSE,
The Rising News,https://swelbyboy.github.io/prospect-rss-feeds/the-rising-news.xml,OG,success,2025-11-29 13:30:34,India,therisingnews.com,To Do,FALSE,,,FALSE,Newly discovered RSS feed
Noroem Invest AS - Sportsbibelen,https://swelbyboy.github.io/prospect-rss-feeds/noroem-invest-as---sportsbibelen.xml,OG,success,2025-11-29 13:30:38,Norway,sportsbibelen.no,To Do,FALSE,,,FALSE,Newly discovered RSS feed
Secret Flying,-,N/A,-,,United States,secretflying.com,No feed generated,FALSE,,,FALSE,
Daily Songbad,https://swelbyboy.github.io/prospect-rss-feeds/daily-songbad.xml,OG,success,2025-11-29 13:30:39,Bangladesh,dailysongbad.com,To Do,FALSE,,,FALSE,Newly discovered RSS feed
PCBToday,https://swelbyboy.github.io/prospect-rss-feeds/pcbtoday.xml,OG,success,2025-11-29 13:30:44,India,pcbtoday.in,To Do,FALSE,,,FALSE,Newly discovered RSS feed
Berita Manado,-,N/A,-,,Indonesia,beritamanado.com,No feed generated,FALSE,,,FALSE,
Pozitivan stav,https://swelbyboy.github.io/prospect-rss-feeds/pozitivan-stav.xml,OG,success,2025-11-29 13:30:47,Bosnia and Herzegovina,pozitivanstav.com,To Do,FALSE,,,FALSE,Newly discovered RSS feed
Womantalk,-,N/A,-,,Indonesia,womantalk.com,No feed generated,FALSE,,,FALSE,
Lex Bird Media,https://swelbyboy.github.io/prospect-rss-feeds/lex-bird-media.xml,OG,success,2025-11-29 13:30:51,Netherlands,lexbirdmedia.nl,To Do,FALSE,,,FALSE,Newly discovered RSS feed
Killarney Today,https://swelbyboy.github.io/prospect-rss-feeds/killarney-today.xml,OG,success,2025-11-29 13:30:53,Ireland,killarneytoday.com,To Do,FALSE,,,FALSE,Newly discovered RSS feed
България,https://swelbyboy.github.io/prospect-rss-feeds/българия.xml,OG,success,2025-11-29 13:30:55,Bulgaria,istinskiistorii.com,To Do,FALSE,,,FALSE,Newly discovered RSS feed
Bangladesh News24,https://swelbyboy.github.io/prospect-rss-feeds/bangladesh-news24.xml,OG,success,2025-11-29 13:31:00,Bangladesh,bdnews24us.com,To Do,FALSE,,,FALSE,Newly discovered RSS feed
The Voice Of Bihar - VOB,https://swelbyboy.github.io/prospect-rss-feeds/the-voice-of-bihar---vob.xml,OG,success,2025-11-29 13:31:06,Indonesia,voiceofbihar.in,To Do,FALSE,,,FALSE,Newly discovered RSS feed
Strefa-Beki.pl,-,N/A,-,,Poland,strefa-beki.pl,No feed generated,FALSE,,,FALSE,
Tracara.com,https://swelbyboy.github.io/prospect-rss-feeds/tracara-com.xml,OG,success,2025-11-29 13:31:30,Serbia,tracara.com,To Do,FALSE,,,FALSE,Newly discovered RSS feed
Jurnas,https://swelbyboy.github.io/prospect-rss-feeds/jurnas.xml,OG,success,2025-11-29 13:31:36,Indonesia,jurnas.com,To Do,FALSE,,,FALSE,Newly discovered RSS feed
Digital Vision Publishing,-,N/A,-,,Indonesia,digitalvisionpublishing.com,No feed generated,FALSE,,,FALSE,
Odisha Reporter,https://swelbyboy.github.io/prospect-rss-feeds/odisha-reporter.xml,OG,success,2025-11-29 13:31:43,India,odishareporter.in,To Do,FALSE,,,FALSE,Newly discovered RSS feed
Seithi Punal,-,N/A,-,,India,seithipunal.com,No feed generated,FALSE,,,FALSE,
Mad World News,https://swelbyboy.github.io/prospect-rss-feeds/mad-world-news.xml,OG,success,2025-11-29 11:44:58,United States,madworldnews.com,To Do,FALSE,,,FALSE,Newly discovered RSS feed
The Daily Janakantha,-,N/A,-,,Bangladesh,dailyjanakantha.com,No feed generated,FALSE,,,FALSE,
Webniusy,-,N/A,-,,Poland,webniusy.com,No feed generated,FALSE,,,FALSE,
Deshvani,https://swelbyboy.github.io/prospect-rss-feeds/deshvani.xml,OG,success,2025-11-29 13:31:49,Indonesia,deshvani.in,To Do,FALSE,,,FALSE,Newly discovered RSS feed
Omofon,https://swelbyboy.github.io/prospect-rss-feeds/omofon.xml,OG,success,2025-11-29 13:31:56,Romania,omofon.com,To Do,FALSE,,,FALSE,Newly discovered RSS feed
Daily Projonmo,-,N/A,-,,Bangladesh,dailyprojonmo.com,No feed generated,FALSE,,,FALSE,
অজানা বাংলাদেশ,-,N/A,-,,Bangladesh,ajanabangladesh.com,No feed generated,FALSE,,,FALSE,
PTC Punjabi,-,N/A,-,,India,ptcpunjabi.co.in,No feed generated,FALSE,,,FALSE,
Popular Magazine Indonesia,-,N/A,-,,Indonesia,popular-world.com,No feed generated,FALSE,,,FALSE,
CaVa,-,N/A,-,,Taiwan,cava.tw,No feed generated,FALSE,,,FALSE,
Rozana Spokesman,-,N/A,-,,India,rozanaspokesman.in,No feed generated,FALSE,,,FALSE,
Nemkutya.com,https://swelbyboy.github.io/prospect-rss-feeds/nemkutya-com.xml,OG,success,2025-11-29 13:32:06,Hungary,nemkutya.com,To Do,FALSE,,,FALSE,Newly discovered RSS feed
Leblebi TV,https://swelbyboy.github.io/prospect-rss-feeds/leblebi-tv.xml,OG,success,2025-11-29 13:32:10,Turkey,leblebi.tv,To Do,FALSE,,,FALSE,Newly discovered RSS feed
Tenth Code Media,https://swelbyboy.github.io/prospect-rss-feeds/tenth-code-media.xml,RSS,success,2025-11-29 13:32:15,Nigeria,tenthcodemedia.com,To Do,FALSE,,,FALSE,Newly discovered RSS feed
Kpopn,-,N/A,-,,Taiwan,kpopn.com,No feed generated,FALSE,,,FALSE,
myMMA,https://swelbyboy.github.io/prospect-rss-feeds/mymma.xml,OG,success,2025-11-29 13:32:21,Poland,mymma.pl,To Do,FALSE,,,FALSE,Newly discovered RSS feed
熱血台中,https://swelbyboy.github.io/prospect-rss-feeds/熱血台中.xml,OG,success,2025-11-29 13:32:25,Taiwan,taiwan17go.com,To Do,FALSE,,,FALSE,Newly discovered RSS feed
Şifa Bul,https://swelbyboy.github.io/prospect-rss-feeds/şifa-bul.xml,OG,success,2025-11-29 13:32:31,Turkey,sifabulun.com,To Do,FALSE,,,FALSE,Newly discovered RSS feed
Greek Web TV,https://swelbyboy.github.io/prospect-rss-feeds/greek-web-tv.xml,OG,success,2025-11-29 13:32:33,Greece,greek-web-tv.com,To Do,FALSE,,,FALSE,Newly discovered RSS feed
Walo Radio,https://swelbyboy.github.io/prospect-rss-feeds/walo-radio.xml,RSS,success,2025-11-29 11:44:59,United States,waloradio.com,To Do,FALSE,,,FALSE,Newly discovered RSS feed
Khaleej Urdu,https://swelbyboy.github.io/prospect-rss-feeds/khaleej-urdu.xml,OG,success,2025-11-29 13:32:56,United Arab Emirates,khaleejurdu.com,To Do,FALSE,,,FALSE,Newly discovered RSS feed
Channel I Online,https://swelbyboy.github.io/prospect-rss-feeds/channel-i-online.xml,"OG (6), RSS (4)",success,2025-11-29 13:32:58,Bangladesh,channelionline.com,To Do,FALSE,,,FALSE,Newly discovered RSS feed
MotocrossPlanet,-,N/A,-,,Netherlands,motocrossplanet.nl,No feed generated,FALSE,,,FALSE,
iChowk,-,N/A,-,,Indonesia,ichowk.in,No feed generated,FALSE,,,FALSE,
Metro Journal Online,https://swelbyboy.github.io/prospect-rss-feeds/metro-journal-online.xml,OG,success,2025-11-29 13:33:05,India,metrojournalonline.com,To Do,FALSE,,,FALSE,Newly discovered RSS feed
EiBarta.com,-,N/A,-,,Croatia,eibarta.com,No feed generated,FALSE,,,FALSE,
Femina (Serbia),https://swelbyboy.github.io/prospect-rss-feeds/femina--serbia.xml,OG,success,2025-11-29 13:33:08,Serbia,uspesnazena.com,To Do,FALSE,,,FALSE,Newly discovered RSS feed
The Zimbabwean,https://swelbyboy.github.io/prospect-rss-feeds/the-zimbabwean.xml,RSS,success,2025-11-29 11:45:05,United Kingdom,thezimbabwean.co,To Do,FALSE,,,FALSE,Newly discovered RSS feed
Joyistik.com,-,N/A,-,,Turkey,joyistik.com,No feed generated,FALSE,,,FALSE,
Daily Indian Herald,https://swelbyboy.github.io/prospect-rss-feeds/daily-indian-herald.xml,OG,success,2025-11-29 13:33:15,India,dailyindianherald.com,To Do,FALSE,,,FALSE,Newly discovered RSS feed
Global Multimedia,-,N/A,-,,Bangladesh,globaltvbd.com,No feed generated,FALSE,,,FALSE,
The True Picture,https://swelbyboy.github.io/prospect-rss-feeds/the-true-picture.xml,OG,success,2025-11-29 13:33:19,India,thetruepicture.org,To Do,FALSE,,,FALSE,Newly discovered RSS feed
Edukacija.Info,-,N/A,-,,Croatia,edukacija.info,No feed generated,FALSE,,,FALSE,
La pas prin Brasov,https://swelbyboy.github.io/prospect-rss-feeds/la-pas-prin-brasov.xml,OG,success,2025-11-29 13:33:21,Romania,lapasprinbrasov.ro,To Do,FALSE,,,FALSE,Newly discovered RSS feed
Lowcy Gier,https://swelbyboy.github.io/prospect-rss-feeds/lowcy-gier.xml,RSS,success,2025-11-29 13:33:22,Poland,lowcygier.pl,To Do,FALSE,,,FALSE,Newly discovered RSS feed
MP Breaking News,https://swelbyboy.github.io/prospect-rss-feeds/mp-breaking-news.xml,OG,failed,2025-11-29 13:33:23,India,mpbreakingnews.in,To Do,FALSE,,,FALSE,Newly discovered RSS feed
Dirty RealniIstorii.com,-,N/A,-,,Bulgaria,realniistorii.com,No feed generated,FALSE,,,FALSE,
Hrvatska Danas,https://swelbyboy.github.io/prospect-rss-feeds/hrvatska-danas.xml,OG,success,2025-11-29 13:33:25,Croatia,hrvatska-danas.com,To Do,FALSE,,,FALSE,Newly discovered RSS feed
Sabari News,https://swelbyboy.github.io/prospect-rss-feeds/sabari-news.xml,OG,success,2025-11-29 13:33:32,India,sabarinews.com,To Do,FALSE,,,FALSE,Newly discovered RSS feed
Serial Gossip,https://swelbyboy.github.io/prospect-rss-feeds/serial-gossip.xml,OG,success,2025-11-29 13:33:35,India,serialgossip.com,To Do,FALSE,,,FALSE,Newly discovered RSS feed
The Cricket Lounge,https://swelbyboy.github.io/prospect-rss-feeds/the-cricket-lounge.xml,OG,success,2025-11-29 13:33:38,India,thecricketlounge.com,To Do,FALSE,,,FALSE,Newly discovered RSS feed
Telugumirchi,-,N/A,-,,India,telugumirchi.com,No feed generated,FALSE,,,FALSE,
NeGibi,https://swelbyboy.github.io/prospect-rss-feeds/negibi.xml,OG,success,2025-11-29 13:33:39,Turkey,negibi.com,To Do,FALSE,,,FALSE,Newly discovered RSS feed
"Daily Balochistan Express, Quetta",-,N/A,-,,Pakistan,bexpress.com.pk,No feed generated,FALSE,,,FALSE,
UkhiyaNews.Com,https://swelbyboy.github.io/prospect-rss-feeds/ukhiyanews-com.xml,OG,success,2025-11-29 13:34:19,Bangladesh,ukhiyanews.com,To Do,FALSE,,,FALSE,Newly discovered RSS feed
Színház Online,-,N/A,-,,Hungary,szinhaz.online,No feed generated,FALSE,,,FALSE,
GoNews24,-,N/A,-,,Bangladesh,gonews24.com,No feed generated,FALSE,,,FALSE,
Cafrande.org,https://swelbyboy.github.io/prospect-rss-feeds/cafrande-org.xml,OG,success,2025-11-29 13:34:22,Turkey,cafrande.org,To Do,FALSE,,,FALSE,Newly discovered RSS feed
Arena Gempak,-,N/A,-,,Indonesia,arenagempak.com,No feed generated,FALSE,,,FALSE,
Mana Telangana,https://swelbyboy.github.io/prospect-rss-feeds/mana-telangana.xml,OG,success,2025-11-29 13:34:27,India,manatelangana.news,To Do,FALSE,,,FALSE,Newly discovered RSS feed
Aranżujemy.pl,https://swelbyboy.github.io/prospect-rss-feeds/aranżujemy-pl.xml,OG,success,2025-11-29 13:34:33,Poland,aranzujemy.pl,To Do,FALSE,,,FALSE,Newly discovered RSS feed
Thanthi TV,https://swelbyboy.github.io/prospect-rss-feeds/thanthi-tv.xml,OG,success,2025-11-29 13:34:39,India,thanthitv.com,To Do,FALSE,,,FALSE,Newly discovered RSS feed
Jagoroniya,-,N/A,-,,Bangladesh,jagoroniya.com,No feed generated,FALSE,,,FALSE,
NewsPatrolling,https://swelbyboy.github.io/prospect-rss-feeds/newspatrolling.xml,OG,success,2025-11-29 13:34:43,India,newspatrolling.com,To Do,FALSE,,,FALSE,Newly discovered RSS feed
সময়ের কণ্ঠস্বর,https://swelbyboy.github.io/prospect-rss-feeds/সময়-র-কণ-ঠস-বর.xml,OG,success,2025-11-29 13:34:51,Bangladesh,somoyerkonthosor.com,To Do,FALSE,,,FALSE,Newly discovered RSS feed
Без Рак,https://swelbyboy.github.io/prospect-rss-feeds/без-рак.xml,RSS,success,2025-11-29 13:35:04,Bulgaria,bezrak.com,To Do,FALSE,,,FALSE,Newly discovered RSS feed
Marokko,https://swelbyboy.github.io/prospect-rss-feeds/marokko.xml,OG,success,2025-12-02 11:51:30,Netherlands,nieuws.marokko.nl,To Do,FALSE,,,FALSE,Newly discovered RSS feed
Radio Isla - Puerto Rico,https://swelbyboy.github.io/prospect-rss-feeds/radio-isla---puerto-rico.xml,OG,success,2025-11-29 11:45:14,United States,radioisla.tv,To Do,FALSE,,,FALSE,Newly discovered RSS feed
Peekaas.nl,https://swelbyboy.github.io/prospect-rss-feeds/peekaas-nl.xml,OG,success,2025-11-29 13:35:09,Netherlands,peekaas.nl,To Do,FALSE,,,FALSE,Newly discovered RSS feed
Texts From Last Night,-,N/A,-,,United States,tfln.co,No feed generated,FALSE,,,FALSE,
WebPress,https://swelbyboy.github.io/prospect-rss-feeds/webpress.xml,RSS,success,2025-11-29 13:35:30,Serbia,webpress.rs,To Do,FALSE,,,FALSE,Newly discovered RSS feed
Biscani.net,https://swelbyboy.github.io/prospect-rss-feeds/biscani-net.xml,OG,success,2025-11-29 13:35:33,Croatia,biscani.net,To Do,FALSE,,,FALSE,Newly discovered RSS feed
Nogometne Vijesti,https://swelbyboy.github.io/prospect-rss-feeds/nogometne-vijesti.xml,OG,success,2025-11-29 13:35:38,Croatia,nogometne-vijesti.hr,To Do,FALSE,,,FALSE,Newly discovered RSS feed
Saint Therese,https://swelbyboy.github.io/prospect-rss-feeds/saint-therese.xml,OG,success,2025-11-29 11:45:16,United States,sainttherse.com,To Do,FALSE,,,FALSE,Newly discovered RSS feed
Napjainkban Blog,-,N/A,-,,Hungary,napjainkbanblog.eu,No feed generated,FALSE,,,FALSE,
Sorozatjunkie,https://swelbyboy.github.io/prospect-rss-feeds/sorozatjunkie.xml,RSS,success,2025-11-29 13:35:40,Hungary,sorozatjunkie.hu,To Do,FALSE,,,FALSE,Newly discovered RSS feed
ÉlményOrszág,-,N/A,-,,Hungary,elmenyorszag.com,No feed generated,FALSE,,,FALSE,
Pal Pal News.in,https://swelbyboy.github.io/prospect-rss-feeds/pal-pal-news-in.xml,OG,success,2025-11-29 13:35:47,India,palpalnews.in,To Do,FALSE,,,FALSE,Newly discovered RSS feed
Fakty.nl,-,N/A,-,,Netherlands,fakty.nl,No feed generated,FALSE,,,FALSE,
Lublin112.pl,-,N/A,-,,Poland,lublin112.pl,No feed generated,FALSE,,,FALSE,
Bulletin.bg,https://swelbyboy.github.io/prospect-rss-feeds/bulletin-bg.xml,OG,success,2025-11-29 13:35:50,Bulgaria,bulletin.bg,To Do,FALSE,,,FALSE,Newly discovered RSS feed
Rollernews.com,https://swelbyboy.github.io/prospect-rss-feeds/rollernews-com.xml,OG,success,2025-11-29 11:45:24,United States,rollernews.com,To Do,FALSE,,,FALSE,Newly discovered RSS feed
Malayalam Daily News,https://swelbyboy.github.io/prospect-rss-feeds/malayalam-daily-news.xml,OG,success,2025-11-29 13:35:57,India,malayalamdailynews.com,To Do,FALSE,,,FALSE,Newly discovered RSS feed
Siasat.pk,-,N/A,-,,Pakistan,siasat.pk,No feed generated,FALSE,,,FALSE,
PAOK24,https://swelbyboy.github.io/prospect-rss-feeds/paok24.xml,OG,success,2025-11-29 13:35:59,Greece,paok24.com,To Do,FALSE,,,FALSE,Newly discovered RSS feed
thetimes.gr,https://swelbyboy.github.io/prospect-rss-feeds/thetimes-gr.xml,OG,success,2025-11-29 13:36:14,Greece,thetimes.gr,To Do,FALSE,,,FALSE,Newly discovered RSS feed
Princip News,-,N/A,-,,Bosnia and Herzegovina,princip.news,No feed generated,FALSE,,,FALSE,
The Sofia Times,-,N/A,-,,Bulgaria,thesofiatimes.com,No feed generated,FALSE,,,FALSE,
Portal Silistra,-,N/A,-,,Bulgaria,portal-silistra.eu,No feed generated,FALSE,,,FALSE,
RelayHero,https://swelbyboy.github.io/prospect-rss-feeds/relayhero.xml,OG,success,2025-11-29 13:36:30,Singapore,relayhero.com,To Do,FALSE,,,FALSE,Newly discovered RSS feed
Sport DC,https://swelbyboy.github.io/prospect-rss-feeds/sport-dc.xml,OG,success,2025-11-29 13:36:35,Bosnia and Herzegovina,sportdc.net,To Do,FALSE,,,FALSE,Newly discovered RSS feed
Vijesti Srpske,https://swelbyboy.github.io/prospect-rss-feeds/vijesti-srpske.xml,OG,success,2025-11-29 13:36:51,Bosnia and Herzegovina,vijestisrpske.com,To Do,FALSE,,,FALSE,Newly discovered RSS feed
Info Media,-,N/A,-,,Bosnia and Herzegovina,cafe.ba,No feed generated,FALSE,,,FALSE,
Shape.pl,https://swelbyboy.github.io/prospect-rss-feeds/shape-pl.xml,OG,success,2025-11-29 13:37:02,Poland,shape.pl,To Do,FALSE,,,FALSE,Newly discovered RSS feed
The Daily Inqilab,-,N/A,-,,Bangladesh,dailyinqilab.com,No feed generated,FALSE,,,FALSE,
Popbela.com,-,N/A,-,,Indonesia,popbela.com,No feed generated,FALSE,,,FALSE,
Fortune Insight,https://swelbyboy.github.io/prospect-rss-feeds/fortune-insight.xml,OG,success,2025-11-29 13:37:06,Hong Kong,fortuneinsight.com,To Do,FALSE,,,FALSE,Newly discovered RSS feed
Best Hindi News,-,N/A,-,,India,besthindinews.com,No feed generated,FALSE,,,FALSE,
女生集合 #Tagsis,-,N/A,-,,Hong Kong,tagsis.com,No feed generated,FALSE,,,FALSE,
Telly Express,-,N/A,-,,India,tellyexpress.com,No feed generated,FALSE,,,FALSE,
First State Update,https://swelbyboy.github.io/prospect-rss-feeds/first-state-update.xml,OG,success,2025-11-29 11:45:31,United States,firststateupdate.com,To Do,FALSE,,,FALSE,Newly discovered RSS feed
Leadership A Yau,-,N/A,-,,Nigeria,hausa.leadership.ng,No feed generated,FALSE,,,FALSE,
Pakistani Drama Celebrities,-,N/A,-,,Pakistan,fashionuniverse.net,No feed generated,FALSE,,,FALSE,
Szerelmeszene.hu,https://swelbyboy.github.io/prospect-rss-feeds/szerelmeszene-hu.xml,OG,success,2025-11-29 13:37:13,Hungary,szerelmeszene.hu,To Do,FALSE,,,FALSE,Newly discovered RSS feed
RLS Media Solutions Broadcasting,-,N/A,-,,United States,rlsmedia.com,No feed generated,FALSE,,,FALSE,
Bangladesh Today,-,N/A,-,,Bangladesh,bangladeshtoday.com,No feed generated,FALSE,,,FALSE,
TKW Media,https://swelbyboy.github.io/prospect-rss-feeds/tkw-media.xml,OG,success,2025-11-29 13:37:31,India,thekashmirwalla.com,To Do,FALSE,,,FALSE,Newly discovered RSS feed
Tamil News,-,N/A,-,,India,globaltamilnews.net,No feed generated,FALSE,,,FALSE,
Nursing World Nigeria,-,N/A,-,,Nigeria,nursingworldnigeria.com,No feed generated,FALSE,,,FALSE,
ИСКРА CO,https://swelbyboy.github.io/prospect-rss-feeds/искра-co.xml,OG,success,2025-11-29 13:37:34,Poland,iskra.co,To Do,FALSE,,,FALSE,Newly discovered RSS feed
Noticias en Línea Puerto Rico,https://swelbyboy.github.io/prospect-rss-feeds/noticias-en-línea-puerto-rico.xml,OG,success,2025-11-29 11:45:32,United States,nelpr.com,To Do,FALSE,,,FALSE,Newly discovered RSS feed
Just News BD,-,N/A,-,,Bangladesh,justnewsbd.com,No feed generated,FALSE,,,FALSE,
Bulgar Online,https://swelbyboy.github.io/prospect-rss-feeds/bulgar-online.xml,OG,success,2025-11-29 13:37:38,Philippines,bulgaronline.com,To Do,FALSE,,,FALSE,Newly discovered RSS feed
Prothombarta.com,-,N/A,-,,Bangladesh,prothombarta.news,No feed generated,FALSE,,,FALSE,
Prajaa TV,-,N/A,-,,India,prajaatvkannada.com,No feed generated,FALSE,,,FALSE,
MetroNews - The Voice of West Virginia,https://swelbyboy.github.io/prospect-rss-feeds/metronews---the-voice-of-west-virginia.xml,OG,success,2025-11-29 11:45:39,United States,wvmetronews.com,To Do,FALSE,,,FALSE,Newly discovered RSS feed
ComillarBarta.com,-,N/A,-,,Bangladesh,comillarbarta.com,No feed generated,FALSE,,,FALSE,
islam&ihsan,-,N/A,-,,Turkey,islamveihsan.com,No feed generated,FALSE,,,FALSE,
Mini Magazin,https://swelbyboy.github.io/prospect-rss-feeds/mini-magazin.xml,OG,success,2025-11-29 13:37:40,Bosnia and Herzegovina,minimagazin.info,To Do,FALSE,,,FALSE,Newly discovered RSS feed
EA,-,N/A,-,,United States,ea.com,No feed generated,FALSE,,,FALSE,
聚財網,https://swelbyboy.github.io/prospect-rss-feeds/聚財網.xml,OG,success,2025-11-29 13:37:52,Taiwan,wearn.com,To Do,FALSE,,,FALSE,Newly discovered RSS feed
Mutluluğun Şifresi,https://swelbyboy.github.io/prospect-rss-feeds/mutluluğun-şifresi.xml,OG,success,2025-12-02 11:51:42,Turkey,mutlulugunsifresi.com,To Do,FALSE,,,FALSE,Newly discovered RSS feed
知識家,https://swelbyboy.github.io/prospect-rss-feeds/知識家.xml,OG,success,2025-11-29 13:37:56,Taiwan,knowledger.info,To Do,FALSE,,,FALSE,Newly discovered RSS feed
King of Computer,-,N/A,-,,Taiwan,kocpc.com.tw,No feed generated,FALSE,,,FALSE,
ma.hu,-,N/A,-,,Hungary,ma.hu,No feed generated,FALSE,,,FALSE,
Mesaje Urari Felicitari,-,N/A,-,,Romania,mesajeurarifelicitari.com,No feed generated,FALSE,,,FALSE,
The Ring of Fire Broadcasting,-,N/A,-,,United States,trofire.com,No feed generated,FALSE,,,FALSE,
Go News Group,https://swelbyboy.github.io/prospect-rss-feeds/go-news-group.xml,OG,success,2025-12-02 11:51:44,Indonesia,gonews.co,To Do,FALSE,,,FALSE,Newly discovered RSS feed
Teknolojioku,-,N/A,-,,Turkey,teknolojioku.com,No feed generated,FALSE,,,FALSE,
Zaki Book,https://swelbyboy.github.io/prospect-rss-feeds/zaki-book.xml,OG,success,2025-11-29 13:38:01,United Arab Emirates,zakibook.com,To Do,FALSE,,,FALSE,Newly discovered RSS feed
Green Press Hírügynökség,https://swelbyboy.github.io/prospect-rss-feeds/green-press-hírügynökség.xml,OG,success,2025-11-29 13:38:06,Hungary,eletszepitok.hu,To Do,FALSE,,,FALSE,Newly discovered RSS feed
Stargogo,https://swelbyboy.github.io/prospect-rss-feeds/stargogo.xml,OG,success,2025-11-29 13:38:16,Taiwan,stargogo.com,To Do,FALSE,,,FALSE,Newly discovered RSS feed
Waterkant,https://swelbyboy.github.io/prospect-rss-feeds/waterkant.xml,OG,success,2025-11-29 13:38:19,Netherlands,waterkant.net,To Do,FALSE,,,FALSE,Newly discovered RSS feed
Wij Ti,https://swelbyboy.github.io/prospect-rss-feeds/wij-ti.xml,OG,success,2025-11-29 13:38:22,Bulgaria,vijti.com,To Do,FALSE,,,FALSE,Newly discovered RSS feed
Foci Club,https://swelbyboy.github.io/prospect-rss-feeds/foci-club.xml,OG,success,2025-11-29 13:38:25,Hungary,fociclub.hu,To Do,FALSE,,,FALSE,Newly discovered RSS feed
Tips van Oma,-,N/A,-,,Netherlands,tipsvanoma.com,No feed generated,FALSE,,,FALSE,
DesignWant,-,N/A,-,,Taiwan,designwant.com,No feed generated,FALSE,,,FALSE,
Global NRI - NRT News Portal,-,N/A,-,,India,tnilive.com,No feed generated,FALSE,,,FALSE,
UNewsTV,-,N/A,-,,Pakistan,unewstv.com,No feed generated,FALSE,,,FALSE,
Kifőztük gasztromagazin,https://swelbyboy.github.io/prospect-rss-feeds/kifőztük-gasztromagazin.xml,OG,success,2025-11-29 13:38:31,Hungary,kifoztuk.hu,To Do,FALSE,,,FALSE,Newly discovered RSS feed
Hot Arena,https://swelbyboy.github.io/prospect-rss-feeds/hot-arena.xml,OG,success,2025-11-29 13:38:34,Bulgaria,hotarena.net,To Do,FALSE,,,FALSE,Newly discovered RSS feed
ദുബായ് വാർത്ത - Dubai Vartha,https://swelbyboy.github.io/prospect-rss-feeds/ദ-ബ-യ--വ-ർത-ത---dubai-vartha.xml,OG,success,2025-11-29 13:38:50,United Arab Emirates,dubaivartha.com,To Do,FALSE,,,FALSE,Newly discovered RSS feed
Zarata,https://swelbyboy.github.io/prospect-rss-feeds/zarata.xml,RSS,success,2025-11-29 13:38:58,Bulgaria,zarata.info,To Do,FALSE,,,FALSE,Newly discovered RSS feed
理財周刊,-,N/A,-,,Taiwan,moneyweekly.com.tw,No feed generated,FALSE,,,FALSE,
Brave India News,https://swelbyboy.github.io/prospect-rss-feeds/brave-india-news.xml,OG,success,2025-11-29 13:39:00,India,braveindianews.com,To Do,FALSE,,,FALSE,Newly discovered RSS feed
Antep Medya Yayıncılık,https://swelbyboy.github.io/prospect-rss-feeds/antep-medya-yayıncılık.xml,OG,success,2025-11-29 13:39:06,Turkey,megahaber27.com,To Do,FALSE,,,FALSE,Newly discovered RSS feed
壹電視 Next TV,-,N/A,-,,Taiwan,nexttv.com.tw,No feed generated,FALSE,,,FALSE,
NoorderNieuws,https://swelbyboy.github.io/prospect-rss-feeds/noordernieuws.xml,OG,success,2025-11-29 13:39:09,Netherlands,noordernieuws.nl,To Do,FALSE,,,FALSE,Newly discovered RSS feed
Parbatta News,https://swelbyboy.github.io/prospect-rss-feeds/parbatta-news.xml,OG,success,2025-11-29 13:39:16,Bangladesh,parbattanews.com,To Do,FALSE,,,FALSE,Newly discovered RSS feed
Press Trust of Kashmir - PTK,-,N/A,-,,India,presstrustofkashmir.com,No feed generated,FALSE,,,FALSE,
Beşiktaş Medya Grup,-,N/A,-,,Turkey,besiktas.com.tr,No feed generated,FALSE,,,FALSE,
Negaam News,-,N/A,-,,Turkey,negaam.news,No feed generated,FALSE,,,FALSE,
Dappei,-,N/A,-,,Taiwan,dappei.com,No feed generated,FALSE,,,FALSE,
New Mobile Life,https://swelbyboy.github.io/prospect-rss-feeds/new-mobile-life.xml,OG,success,2025-11-29 13:39:18,Taiwan,newmobilelife.com,To Do,FALSE,,,FALSE,Newly discovered RSS feed
Denk Positief,https://swelbyboy.github.io/prospect-rss-feeds/denk-positief.xml,OG,success,2025-11-29 13:39:28,Netherlands,denkpositief.com,To Do,FALSE,,,FALSE,Newly discovered RSS feed
Wishnote Taiwan,-,N/A,-,,Taiwan,wishnote.tw,No feed generated,FALSE,,,FALSE,
Fall River Reporter,https://swelbyboy.github.io/prospect-rss-feeds/fall-river-reporter.xml,OG,success,2025-11-29 11:45:40,United States,fallriverreporter.com,To Do,FALSE,,,FALSE,Newly discovered RSS feed
Kaka,-,N/A,-,,Taiwan,gamme.com.tw,No feed generated,FALSE,,,FALSE,
Dinamo1948,https://swelbyboy.github.io/prospect-rss-feeds/dinamo1948.xml,OG,success,2025-11-29 13:39:31,Romania,dinamo1948.club,To Do,FALSE,,,FALSE,Newly discovered RSS feed
Zdravlje i Priroda,-,N/A,-,,Bosnia and Herzegovina,zdravljeipriroda.com,No feed generated,FALSE,,,FALSE,
Hobi Sayfasi,https://swelbyboy.github.io/prospect-rss-feeds/hobi-sayfasi.xml,OG,success,2025-11-29 13:39:34,Turkey,elisihobiler.com,To Do,FALSE,,,FALSE,Newly discovered RSS feed
Lamode,https://swelbyboy.github.io/prospect-rss-feeds/lamode.xml,OG,success,2025-11-29 13:39:38,Poland,lamode.info,To Do,FALSE,,,FALSE,Newly discovered RSS feed
Share Info,https://swelbyboy.github.io/prospect-rss-feeds/share-info.xml,OG,success,2025-11-29 13:39:42,Poland,shareinfo.pl,To Do,FALSE,,,FALSE,Newly discovered RSS feed
Lekuvai,https://swelbyboy.github.io/prospect-rss-feeds/lekuvai.xml,OG,success,2025-11-29 13:39:45,Bulgaria,lekuvai.bg,To Do,FALSE,,,FALSE,Newly discovered RSS feed
The Green Classroom,-,N/A,-,,Serbia,zelenaucionica.com,No feed generated,FALSE,,,FALSE,
Calatorul,-,N/A,-,,Romania,calatorul.net,No feed generated,FALSE,,,FALSE,
MaaGulf,https://swelbyboy.github.io/prospect-rss-feeds/maagulf.xml,OG,success,2025-11-29 13:39:51,United Arab Emirates,maagulf.com,To Do,FALSE,,,FALSE,Newly discovered RSS feed
Sports Mockery,https://swelbyboy.github.io/prospect-rss-feeds/sports-mockery.xml,OG,success,2025-11-29 11:45:41,United States,sportsmockery.com,To Do,FALSE,,,FALSE,Newly discovered RSS feed
Living Sports,https://swelbyboy.github.io/prospect-rss-feeds/living-sports.xml,OG,success,2025-11-29 13:39:59,Taiwan,sportz.im,To Do,FALSE,,,FALSE,Newly discovered RSS feed
Daily Cooking Recipes,https://swelbyboy.github.io/prospect-rss-feeds/daily-cooking-recipes.xml,OG,success,2025-11-29 13:40:09,Romania,lovecookingdaily.com,To Do,FALSE,,,FALSE,Newly discovered RSS feed
CBook,https://swelbyboy.github.io/prospect-rss-feeds/cbook.xml,OG,success,2025-11-29 13:40:13,Taiwan,cbook.tw,To Do,FALSE,,,FALSE,Newly discovered RSS feed
Ctgtimes.com - ‡¶∏‡¶ø‡¶ü‡¶ø‡¶ú‡¶ø ‡¶ü‡¶æ‡¶á‡¶Æ‡¶∏,https://swelbyboy.github.io/prospect-rss-feeds/ctgtimes-com--------ø--ü--ø--ú--ø---ü--æ--á--æ.xml,OG,success,2025-11-29 13:40:22,Bangladesh,ctgtimes.com,To Do,FALSE,,,FALSE,Newly discovered RSS feed
9 999 999 Views,https://swelbyboy.github.io/prospect-rss-feeds/9-999-999-views.xml,OG,success,2025-12-02 11:51:34,Bulgaria,9999999views.com,To Do,FALSE,,,FALSE,Newly discovered RSS feed
Thodkyaat | थोडक्यात,https://swelbyboy.github.io/prospect-rss-feeds/thodkyaat---थ-डक-य-त.xml,OG,success,2025-11-29 13:40:24,India,thodkyaat.com,To Do,FALSE,,,FALSE,Newly discovered RSS feed
Football Tactics,https://swelbyboy.github.io/prospect-rss-feeds/football-tactics.xml,OG,success,2025-11-29 13:40:43,Bosnia and Herzegovina,football-tactics.com,To Do,FALSE,,,FALSE,Newly discovered RSS feed
Do-It-Yourself Creative Ideas,https://swelbyboy.github.io/prospect-rss-feeds/do-it-yourself-creative-ideas.xml,OG,success,2025-11-29 13:41:04,Croatia,fazon.info,To Do,FALSE,,,FALSE,Newly discovered RSS feed
華視全球資訊網,-,N/A,-,,Taiwan,cts.com.tw,No feed generated,FALSE,,,FALSE,
Sylhetview 24,-,N/A,-,,Bangladesh,sylhetview24.news,No feed generated,FALSE,,,FALSE,
Trendir,https://swelbyboy.github.io/prospect-rss-feeds/trendir.xml,OG,success,2025-11-29 13:41:05,Romania,trendir.com,To Do,FALSE,,,FALSE,Newly discovered RSS feed
TopNaija,-,N/A,-,,Nigeria,topnaija.ng,No feed generated,FALSE,,,FALSE,
Bljesak.info,-,N/A,-,,Bosnia and Herzegovina,bljesak.info,No feed generated,FALSE,,,FALSE,
Online Dhaka Guide,-,N/A,-,,Bangladesh,online-dhaka.com,No feed generated,FALSE,,,FALSE,
Domashni Hitrini,https://swelbyboy.github.io/prospect-rss-feeds/domashni-hitrini.xml,OG,success,2025-12-02 11:51:34,Bulgaria,hitrinibg.com,To Do,FALSE,,,FALSE,Newly discovered RSS feed
EaseMedia,https://swelbyboy.github.io/prospect-rss-feeds/easemedia.xml,OG,success,2025-11-29 13:41:10,Poland,samouczek.info,To Do,FALSE,,,FALSE,Newly discovered RSS feed
爆料公社,-,N/A,-,,Taiwan,bc3ts.com,No feed generated,FALSE,,,FALSE,
Vaseljenska TV,-,N/A,-,,Serbia,vaseljenska.net,No feed generated,FALSE,,,FALSE,
Turbo and Stance,https://swelbyboy.github.io/prospect-rss-feeds/turbo-and-stance.xml,OG,success,2025-11-29 11:45:42,United States,turboandstance.net,To Do,FALSE,,,FALSE,Newly discovered RSS feed
Kolkata Gossip,-,N/A,-,,India,kolkatagossip.com,No feed generated,FALSE,,,FALSE,
Sunny Tours,-,N/A,-,,Bulgaria,visit.bg,No feed generated,FALSE,,,FALSE,
PEN Group Online,-,N/A,-,,United States,pengrouponline.com,No feed generated,FALSE,,,FALSE,
Stackumbrella,https://swelbyboy.github.io/prospect-rss-feeds/stackumbrella.xml,OG,success,2025-11-29 13:41:16,India,stackumbrella.com,To Do,FALSE,,,FALSE,Newly discovered RSS feed
Turk Press,https://swelbyboy.github.io/prospect-rss-feeds/turk-press.xml,OG,success,2025-11-29 13:41:27,Turkey,turkpress.co,To Do,FALSE,,,FALSE,Newly discovered RSS feed
Pogled.ba,https://swelbyboy.github.io/prospect-rss-feeds/pogled-ba.xml,OG,success,2025-11-29 13:41:34,Bosnia and Herzegovina,pogled.ba,To Do,FALSE,,,FALSE,Newly discovered RSS feed
Budnaera,-,N/A,-,,Bulgaria,budnaera.com,No feed generated,FALSE,,,FALSE,
阿榮福利味,https://swelbyboy.github.io/prospect-rss-feeds/阿榮福利味.xml,OG,success,2025-11-29 13:41:39,Taiwan,azofreeware.com,To Do,FALSE,,,FALSE,Newly discovered RSS feed
Fab Art DIY,https://swelbyboy.github.io/prospect-rss-feeds/fab-art-diy.xml,OG,success,2025-11-29 11:45:45,United States,fabartdiy.com,To Do,FALSE,,,FALSE,Newly discovered RSS feed
Mogu ja to sama,https://swelbyboy.github.io/prospect-rss-feeds/mogu-ja-to-sama.xml,OG,success,2025-11-29 13:41:43,Serbia,mogujatosama.rs,To Do,FALSE,,,FALSE,Newly discovered RSS feed
The Foundation for Independent Journalism,https://swelbyboy.github.io/prospect-rss-feeds/the-foundation-for-independent-journalism.xml,OG,success,2025-11-29 13:41:51,India,thewireurdu.com,To Do,FALSE,,,FALSE,Newly discovered RSS feed
Delhir Hírportál,https://swelbyboy.github.io/prospect-rss-feeds/delhir-hírportál.xml,OG,success,2025-11-29 13:41:55,Hungary,delhir.info,To Do,FALSE,,,FALSE,Newly discovered RSS feed
Uttor Bangla,https://swelbyboy.github.io/prospect-rss-feeds/uttor-bangla.xml,OG,success,2025-11-29 13:42:32,Bangladesh,uttorbangla.com,To Do,FALSE,,,FALSE,Newly discovered RSS feed
Magazin,https://swelbyboy.github.io/prospect-rss-feeds/magazin.xml,OG,success,2025-11-29 13:42:35,Bosnia and Herzegovina,magazin.ba,To Do,FALSE,,,FALSE,Newly discovered RSS feed
Megarock Radio Worldwide,-,N/A,-,,United States,megarockradio.net,No feed generated,FALSE,,,FALSE,
Tabletop Gaming News,https://swelbyboy.github.io/prospect-rss-feeds/tabletop-gaming-news.xml,OG,success,2025-11-29 11:45:46,United States,tabletopgamingnews.com,To Do,FALSE,,,FALSE,Newly discovered RSS feed
我是賀禎禎 - 攝影教學 & 自助旅行 & 數位生活,https://swelbyboy.github.io/prospect-rss-feeds/我是賀禎禎---攝影教學---自助旅行---數位生活.xml,OG,success,2025-11-29 13:42:37,Taiwan,hojenjen.com,To Do,FALSE,,,FALSE,Newly discovered RSS feed
Chandauli Samachar,https://swelbyboy.github.io/prospect-rss-feeds/chandauli-samachar.xml,OG,success,2025-11-29 13:42:46,India,chandaulisamachar.com,To Do,FALSE,,,FALSE,Newly discovered RSS feed
Papua News ID,-,N/A,-,,Indonesia,papuanews.id,No feed generated,FALSE,,,FALSE,
Mirchi9,https://swelbyboy.github.io/prospect-rss-feeds/mirchi9.xml,OG,success,2025-11-29 13:42:49,India,mirchi9.com,To Do,FALSE,,,FALSE,Newly discovered RSS feed
TechEBlog,https://swelbyboy.github.io/prospect-rss-feeds/techeblog.xml,OG,success,2025-11-29 11:45:46,United States,techeblog.com,To Do,FALSE,,,FALSE,Newly discovered RSS feed
New Life Newspaper,https://swelbyboy.github.io/prospect-rss-feeds/new-life-newspaper.xml,OG,success,2025-11-29 13:42:56,Bulgaria,novjivot.info,To Do,FALSE,,,FALSE,Newly discovered RSS feed
Pless Intermedia,-,N/A,-,,Poland,pless-intermedia.pl,No feed generated,FALSE,,,FALSE,
Beşiktaşlı Taraftarlar Topluluğu,-,N/A,-,,Turkey,duhuliye.com,No feed generated,FALSE,,,FALSE,
Decorating HQ,https://swelbyboy.github.io/prospect-rss-feeds/decorating-hq.xml,OG,success,2025-11-29 11:45:50,United States,decorating-hq.com,To Do,FALSE,,,FALSE,Newly discovered RSS feed
Ali Imran Junior-Page,-,N/A,-,,Pakistan,imranjunior.com,No feed generated,FALSE,,,FALSE,
Haskovo.net,-,N/A,-,,Bulgaria,haskovo.net,No feed generated,FALSE,,,FALSE,
Lemesos Blog,https://swelbyboy.github.io/prospect-rss-feeds/lemesos-blog.xml,OG,success,2025-11-29 13:42:58,Greece,lemesosblog.com,To Do,FALSE,,,FALSE,Newly discovered RSS feed
Channel Hindustan,https://swelbyboy.github.io/prospect-rss-feeds/channel-hindustan.xml,OG,success,2025-11-29 13:43:04,India,channelhindustan.com,To Do,FALSE,,,FALSE,Newly discovered RSS feed
Newtalk新聞,-,N/A,-,,Taiwan,newtalk.tw,No feed generated,FALSE,,,FALSE,
Sektörel Haber Merkezi,https://swelbyboy.github.io/prospect-rss-feeds/sektörel-haber-merkezi.xml,OG,success,2025-11-29 13:43:12,Turkey,sektorelhabermerkezi.com,To Do,FALSE,,,FALSE,Newly discovered RSS feed
民報,https://swelbyboy.github.io/prospect-rss-feeds/民報.xml,OG,success,2025-11-29 13:43:16,Taiwan,peoplenews.tw,To Do,FALSE,,,FALSE,Newly discovered RSS feed
আগামী নিউজ (Agami News),-,N/A,-,,Bangladesh,agaminews.com,No feed generated,FALSE,,,FALSE,
Tom and Lorenzo,https://swelbyboy.github.io/prospect-rss-feeds/tom-and-lorenzo.xml,OG,success,2025-11-29 11:45:51,United States,tomandlorenzo.com,To Do,FALSE,,,FALSE,Newly discovered RSS feed
Time Touch News,-,N/A,-,,Bangladesh,timetouchnews.com,No feed generated,FALSE,,,FALSE,
iThome,https://swelbyboy.github.io/prospect-rss-feeds/ithome.xml,OG,success,2025-11-29 13:43:19,Taiwan,ithome.com.tw,To Do,FALSE,,,FALSE,Newly discovered RSS feed
বাংলাদেশের আইন কানুন । (Barishal Times),-,N/A,-,,Bangladesh,barishaltimes.com,No feed generated,FALSE,,,FALSE,
Malatya Sanal Haber,https://swelbyboy.github.io/prospect-rss-feeds/malatya-sanal-haber.xml,OG,success,2025-11-29 13:43:23,Turkey,malatyasanalhaber.com,To Do,FALSE,,,FALSE,Newly discovered RSS feed
民視FTV,-,N/A,-,,Taiwan,ftv.com.tw,No feed generated,FALSE,,,FALSE,
Ben Haber - Aegean and İzmir News,https://swelbyboy.github.io/prospect-rss-feeds/ben-haber---aegean-and-i-zmir-news.xml,OG,success,2025-11-29 13:43:27,Turkey,kanalben.com,To Do,FALSE,,,FALSE,Newly discovered RSS feed
The Beeroness,-,N/A,-,,United States,thebeeroness.com,No feed generated,FALSE,,,FALSE,
eWrestlingNews,-,N/A,-,,United States,ewrestlingnews.com,No feed generated,FALSE,,,FALSE,
Express Kerala,https://swelbyboy.github.io/prospect-rss-feeds/express-kerala.xml,RSS,success,2025-11-29 13:43:34,India,expresskerala.com,To Do,FALSE,,,FALSE,Newly discovered RSS feed
SOGI 手機王,-,N/A,-,,Taiwan,sogi.com.tw,No feed generated,FALSE,,,FALSE,
النرويج بالعربية (Norway in Arabic),-,N/A,-,,Norway,norgepaarabisk.com,No feed generated,FALSE,,,FALSE,
Rytmy.pl,https://swelbyboy.github.io/prospect-rss-feeds/rytmy-pl.xml,OG,success,2025-11-29 13:43:40,Poland,rytmy.pl,To Do,FALSE,,,FALSE,Newly discovered RSS feed
Bilgili Web,https://swelbyboy.github.io/prospect-rss-feeds/bilgili-web.xml,OG,success,2025-11-29 13:43:47,Turkey,bilgili.web.tr,To Do,FALSE,,,FALSE,Newly discovered RSS feed
Media Haluan Lampung,https://swelbyboy.github.io/prospect-rss-feeds/media-haluan-lampung.xml,OG,success,2025-11-29 13:43:52,Indonesia,haluanlampung.com,To Do,FALSE,,,FALSE,Newly discovered RSS feed
Time To Live Media,https://swelbyboy.github.io/prospect-rss-feeds/time-to-live-media.xml,RSS,success,2025-11-29 11:45:52,United Kingdom,overclock3d.net,To Do,FALSE,,,FALSE,Newly discovered RSS feed
Jenata V Chas,https://swelbyboy.github.io/prospect-rss-feeds/jenata-v-chas.xml,OG,success,2025-12-02 11:51:41,Bulgaria,jenata-vchas.net,To Do,FALSE,,,FALSE,Newly discovered RSS feed
芋傳媒 TaroNews,https://swelbyboy.github.io/prospect-rss-feeds/芋傳媒-taronews.xml,OG,success,2025-11-29 13:43:55,Taiwan,taronews.tw,To Do,FALSE,,,FALSE,Newly discovered RSS feed
Wsieci24,https://swelbyboy.github.io/prospect-rss-feeds/wsieci24.xml,OG,success,2025-11-29 13:44:13,Poland,wsieci24.pl,To Do,FALSE,,,FALSE,Newly discovered RSS feed
Faktor.bg,-,N/A,-,,Bulgaria,faktor.bg,No feed generated,FALSE,,,FALSE,
Berita Madura,-,N/A,-,,Indonesia,portalmadura.com,No feed generated,FALSE,,,FALSE,
Teraz Muzyka,https://swelbyboy.github.io/prospect-rss-feeds/teraz-muzyka.xml,OG,success,2025-11-29 13:44:18,Poland,terazmuzyka.pl,To Do,FALSE,,,FALSE,Newly discovered RSS feed
Lacznik,-,N/A,-,,Poland,tugazeta.pl,No feed generated,FALSE,,,FALSE,
Reprezentacija.ba,https://swelbyboy.github.io/prospect-rss-feeds/reprezentacija-ba.xml,OG,success,2025-11-29 13:44:20,Bosnia and Herzegovina,reprezentacija.ba,To Do,FALSE,,,FALSE,Newly discovered RSS feed
Orducu,https://swelbyboy.github.io/prospect-rss-feeds/orducu.xml,OG,success,2025-11-29 13:44:23,Turkey,orducu.com,To Do,FALSE,,,FALSE,Newly discovered RSS feed
Razgrad News,https://swelbyboy.github.io/prospect-rss-feeds/razgrad-news.xml,OG,success,2025-11-29 13:44:30,Bulgaria,razgradnews.net,To Do,FALSE,,,FALSE,Newly discovered RSS feed
Turkrus,-,N/A,-,,Turkey,turkrus.com,No feed generated,FALSE,,,FALSE,
INSTALKI.pl,https://swelbyboy.github.io/prospect-rss-feeds/instalki-pl.xml,OG,success,2025-11-29 13:44:32,Poland,instalki.pl,To Do,FALSE,,,FALSE,Newly discovered RSS feed
Online Indus,-,N/A,-,,Pakistan,onlineindus.com,No feed generated,FALSE,,,FALSE,
Warmo Media Grup,https://swelbyboy.github.io/prospect-rss-feeds/warmo-media-grup.xml,OG,success,2025-11-29 13:45:08,Indonesia,wartabromo.com,To Do,FALSE,,,FALSE,Newly discovered RSS feed
Daleel,-,N/A,-,,Pakistan,daleel.pk,No feed generated,FALSE,,,FALSE,
Artist Magazine,-,N/A,-,,Taiwan,artist-magazine.com,No feed generated,FALSE,,,FALSE,
Bayanno TV,https://swelbyboy.github.io/prospect-rss-feeds/bayanno-tv.xml,OG,success,2025-11-29 13:45:19,Bangladesh,bayanno.com,To Do,FALSE,,,FALSE,Newly discovered RSS feed
Uttarakhand Post,https://swelbyboy.github.io/prospect-rss-feeds/uttarakhand-post.xml,OG,success,2025-11-29 13:45:21,India,uttarakhandpost.com,To Do,FALSE,,,FALSE,Newly discovered RSS feed
R Bloggers,-,N/A,-,,United States,r-bloggers.com,No feed generated,FALSE,,,FALSE,
TV Malisheva,-,N/A,-,,Serbia,malisheva.tv,No feed generated,FALSE,,,FALSE,
Steven Aitchison,https://swelbyboy.github.io/prospect-rss-feeds/steven-aitchison.xml,OG,success,2025-12-02 11:51:37,United Kingdom,stevenaitchison.co.uk,To Do,FALSE,,,FALSE,Newly discovered RSS feed
The Knitting Space,https://swelbyboy.github.io/prospect-rss-feeds/the-knitting-space.xml,OG,success,2025-11-29 13:45:23,Philippines,theknittingspace.com,To Do,FALSE,,,FALSE,Newly discovered RSS feed
Dnes Plus,-,N/A,-,,Bulgaria,dnesplus.bg,No feed generated,FALSE,,,FALSE,
Radio Maryja,-,N/A,-,,Poland,radiomaryja.pl,No feed generated,FALSE,,,FALSE,
新加坡华人网 (Foodies),-,N/A,-,,Singapore,foodiesg.com,No feed generated,FALSE,,,FALSE,
Chattogram Tribune,https://swelbyboy.github.io/prospect-rss-feeds/chattogram-tribune.xml,OG,success,2025-11-29 13:45:29,Bangladesh,chattogramtribune.com,To Do,FALSE,,,FALSE,Newly discovered RSS feed
KPSS CAFE,-,N/A,-,,Turkey,kpsscafe.com.tr,No feed generated,FALSE,,,FALSE,
Wingzero,-,N/A,-,,Taiwan,wingzero.tw,No feed generated,FALSE,,,FALSE,
Gate Drop,https://swelbyboy.github.io/prospect-rss-feeds/gate-drop.xml,OG,success,2025-11-29 11:45:55,United Kingdom,gatedrop.com,To Do,FALSE,,,FALSE,Newly discovered RSS feed
HBŽ Vijesti,-,N/A,-,,Croatia,hbz-vijesti.com,No feed generated,FALSE,,,FALSE,
FHM Pakistan,-,N/A,-,,Pakistan,fhmpakistan.com,No feed generated,FALSE,,,FALSE,
電影神搜 Agent Movie,-,N/A,-,,Taiwan,agentm.tw,No feed generated,FALSE,,,FALSE,
Haber Ankara,https://swelbyboy.github.io/prospect-rss-feeds/haber-ankara.xml,OG,success,2025-11-29 13:45:31,Turkey,haberankara.com,To Do,FALSE,,,FALSE,Newly discovered RSS feed
யாழ்ப்பாண நாயகன் (King of Jaffna),-,N/A,-,,India,vampan.net,No feed generated,FALSE,,,FALSE,
財訊,https://swelbyboy.github.io/prospect-rss-feeds/財訊.xml,RSS,success,2025-11-29 13:45:35,Taiwan,wealth.com.tw,To Do,FALSE,,,FALSE,Newly discovered RSS feed
Moja kuća i vrt,https://swelbyboy.github.io/prospect-rss-feeds/moja-kuća-i-vrt.xml,OG,success,2025-11-29 13:45:38,Bosnia and Herzegovina,mojakucaivrt.com,To Do,FALSE,,,FALSE,Newly discovered RSS feed
Kanal10,https://swelbyboy.github.io/prospect-rss-feeds/kanal10.xml,OG,success,2025-11-29 13:45:41,Serbia,kanal10.live,To Do,FALSE,,,FALSE,Newly discovered RSS feed
Sandzaklive,https://swelbyboy.github.io/prospect-rss-feeds/sandzaklive.xml,OG,success,2025-11-29 13:45:47,Serbia,sandzaklive.rs,To Do,FALSE,,,FALSE,Newly discovered RSS feed
Glas News,-,N/A,failed,2025-11-29 13:45:47,Bulgaria,glasnews.bg,No feed generated,FALSE,,,FALSE,Feed generation failed or no source feed found
Letter Media,-,N/A,-,,Taiwan,cmmedia.com.tw,No feed generated,FALSE,,,FALSE,
Tangerang News,https://swelbyboy.github.io/prospect-rss-feeds/tangerang-news.xml,OG,success,2025-11-29 13:45:53,Indonesia,tangerangnews.com,To Do,FALSE,,,FALSE,Newly discovered RSS feed
Média Alternatíva,-,N/A,-,,Turkey,nyugdijasok.hu,No feed generated,FALSE,,,FALSE,
News Corner ID,-,N/A,-,,Indonesia,newscorner.id,No feed generated,FALSE,,,FALSE,
TSNA,-,N/A,-,,Taiwan,tsna.com.tw,No feed generated,FALSE,,,FALSE,
ŠibenikIN,-,N/A,-,,Croatia,sibenik.in,No feed generated,FALSE,,,FALSE,
CobaQQ,https://swelbyboy.github.io/prospect-rss-feeds/cobaqq.xml,RSS,success,2025-11-29 13:45:57,Indonesia,programyrekomendowane.pl,To Do,FALSE,,,FALSE,Newly discovered RSS feed
Sofia Live,https://swelbyboy.github.io/prospect-rss-feeds/sofia-live.xml,OG,success,2025-11-29 13:46:10,Bulgaria,sofialive.bg,To Do,FALSE,,,FALSE,Newly discovered RSS feed
The Guild,https://swelbyboy.github.io/prospect-rss-feeds/the-guild.xml,OG,success,2025-11-29 13:46:18,Nigeria,theguildng.com,To Do,FALSE,,,FALSE,Newly discovered RSS feed
News BGNES,-,N/A,-,,Bulgaria,bgnes.bg,No feed generated,FALSE,,,FALSE,
Gameapps.HK,https://swelbyboy.github.io/prospect-rss-feeds/gameapps-hk.xml,OG,success,2025-11-29 13:46:23,Hong Kong,gameapps.hk,To Do,FALSE,,,FALSE,Newly discovered RSS feed
Stefczyk.info,https://swelbyboy.github.io/prospect-rss-feeds/stefczyk-info.xml,OG,success,2025-11-29 13:46:26,Poland,stefczyk.info,To Do,FALSE,,,FALSE,Newly discovered RSS feed
Timpul,https://swelbyboy.github.io/prospect-rss-feeds/timpul.xml,OG,success,2025-11-29 13:46:28,Romania,timpul.md,To Do,FALSE,,,FALSE,Newly discovered RSS feed
Egészségtér,-,N/A,-,,Hungary,egeszsegter.hu,No feed generated,FALSE,,,FALSE,
Bursa Haber Newspaper,https://swelbyboy.github.io/prospect-rss-feeds/bursa-haber-newspaper.xml,OG,success,2025-11-29 13:46:31,Turkey,bursahaber.com,To Do,FALSE,,,FALSE,Newly discovered RSS feed
Podravski List,https://swelbyboy.github.io/prospect-rss-feeds/podravski-list.xml,OG,success,2025-11-29 13:46:35,Croatia,podravski.hr,To Do,FALSE,,,FALSE,Newly discovered RSS feed
Malatya Güncel Haber,https://swelbyboy.github.io/prospect-rss-feeds/malatya-güncel-haber.xml,OG,failed,2025-11-29 13:46:35,Turkey,malatyaguncel.com,To Do,FALSE,,,FALSE,Newly discovered RSS feed
Spektri,https://swelbyboy.github.io/prospect-rss-feeds/spektri.xml,OG,success,2025-11-29 13:46:46,Serbia,spektri.tv,To Do,FALSE,,,FALSE,Newly discovered RSS feed
Kefalonitis,-,N/A,-,,Greece,kefalonitis.com,No feed generated,FALSE,,,FALSE,
Agency E-zdravey,-,N/A,-,,Bulgaria,e-zdravey.com,No feed generated,FALSE,,,FALSE,
Рецептите на баба,https://swelbyboy.github.io/prospect-rss-feeds/рецептите-на-баба.xml,OG,success,2025-11-29 13:46:49,Bulgaria,receptitenababa.com,To Do,FALSE,,,FALSE,Newly discovered RSS feed
Ege'de Birgün,-,N/A,-,,Turkey,egedebirgun.com,No feed generated,FALSE,,,FALSE,
Top Actualno,-,N/A,-,,Bulgaria,topactualno.com,No feed generated,FALSE,,,FALSE,
GlamRap,https://swelbyboy.github.io/prospect-rss-feeds/glamrap.xml,OG,success,2025-11-29 13:46:56,Poland,glamrap.pl,To Do,FALSE,,,FALSE,Newly discovered RSS feed
Morty's TV,https://swelbyboy.github.io/prospect-rss-feeds/morty-s-tv.xml,OG,success,2025-11-29 11:45:56,United States,mortystv.com,To Do,FALSE,,,FALSE,Newly discovered RSS feed
Borobudur Media Group,-,N/A,-,,Indonesia,borobudurnews.com,No feed generated,FALSE,,,FALSE,
Daily Thanthi Group,https://swelbyboy.github.io/prospect-rss-feeds/daily-thanthi-group.xml,OG,success,2025-11-29 13:47:06,India,dtnext.in,To Do,FALSE,,,FALSE,Newly discovered RSS feed
Narod.hr,https://swelbyboy.github.io/prospect-rss-feeds/narod-hr.xml,OG,success,2025-11-29 13:47:09,Croatia,narod.hr,To Do,FALSE,,,FALSE,Newly discovered RSS feed
Presa Satu Mare,https://swelbyboy.github.io/prospect-rss-feeds/presa-satu-mare.xml,OG,success,2025-11-29 13:47:12,Romania,presasm.ro,To Do,FALSE,,,FALSE,Newly discovered RSS feed
Daily Manobkantha,-,N/A,-,,Bangladesh,manobkantha.com.bd,No feed generated,FALSE,,,FALSE,
Cold-Case Christianity,https://swelbyboy.github.io/prospect-rss-feeds/cold-case-christianity.xml,OG,success,2025-11-29 11:46:02,United States,coldcasechristianity.com,To Do,FALSE,,,FALSE,Newly discovered RSS feed
Radar Pekalongan Group,https://swelbyboy.github.io/prospect-rss-feeds/radar-pekalongan-group.xml,OG,success,2025-11-29 13:47:24,Indonesia,radarpekalongan.co.id,To Do,FALSE,,,FALSE,Newly discovered RSS feed
Handmade Crafts,-,N/A,-,,India,thehandmadecrafts.com,No feed generated,FALSE,,,FALSE,
Telugu Global,-,N/A,-,,India,teluguglobal.in,No feed generated,FALSE,,,FALSE,
Voice Bangla,-,N/A,-,,Bangladesh,voicebanglabd24.com,No feed generated,FALSE,,,FALSE,
Bengkulu Ekspress,-,N/A,-,,Indonesia,bengkuluekspress.com,No feed generated,FALSE,,,FALSE,
Vadhajtások,https://swelbyboy.github.io/prospect-rss-feeds/vadhajtások.xml,OG,success,2025-11-29 13:47:28,Hungary,vadhajtasok.hu,To Do,FALSE,,,FALSE,Newly discovered RSS feed
Pod Uckun,https://swelbyboy.github.io/prospect-rss-feeds/pod-uckun.xml,OG,success,2025-11-29 13:47:36,Croatia,poduckun.net,To Do,FALSE,,,FALSE,Newly discovered RSS feed
SakaryaRehberim.com,https://swelbyboy.github.io/prospect-rss-feeds/sakaryarehberim-com.xml,RSS,success,2025-11-29 13:47:38,Turkey,sakaryarehberim.com,To Do,FALSE,,,FALSE,Newly discovered RSS feed
BattingwithBimal,https://swelbyboy.github.io/prospect-rss-feeds/battingwithbimal.xml,OG,success,2025-11-29 13:47:44,Pakistan,battingwithbimal.com,To Do,FALSE,,,FALSE,Newly discovered RSS feed
Dkhlak,-,N/A,-,,United States,dkhlak.com,No feed generated,FALSE,,,FALSE,
HBOLD,https://swelbyboy.github.io/prospect-rss-feeds/hbold.xml,OG,success,2025-11-29 13:47:47,Denmark,hbold.dk,To Do,FALSE,,,FALSE,Newly discovered RSS feed
Prompt News Online,-,N/A,-,,Nigeria,promptnewsonline.com,No feed generated,FALSE,,,FALSE,
Pogled.info,https://swelbyboy.github.io/prospect-rss-feeds/pogled-info.xml,RSS,success,2025-11-29 13:47:50,Bulgaria,pogled.info,To Do,FALSE,,,FALSE,Newly discovered RSS feed
Klina,https://swelbyboy.github.io/prospect-rss-feeds/klina.xml,OG,success,2025-11-29 13:47:55,Serbia,klina.info,To Do,FALSE,,,FALSE,Newly discovered RSS feed
Diabetika,-,OG,success,2025-11-29 13:48:01,Hungary,diabetika.hu,No feed generated,FALSE,,,FALSE,Feed generation failed or no source feed found
Beste Essen,https://swelbyboy.github.io/prospect-rss-feeds/beste-essen.xml,OG,success,2025-11-29 13:48:04,Bosnia and Herzegovina,beste-essen.com,To Do,FALSE,,,FALSE,Newly discovered RSS feed
Haskovo Live,https://swelbyboy.github.io/prospect-rss-feeds/haskovo-live.xml,OG,success,2025-11-29 13:48:07,Bulgaria,haskovo.live,To Do,FALSE,,,FALSE,Newly discovered RSS feed
Mymensingh Pratidin,https://swelbyboy.github.io/prospect-rss-feeds/mymensingh-pratidin.xml,OG,success,2025-11-29 13:48:14,Bangladesh,mymensinghpratidin.com,To Do,FALSE,,,FALSE,Newly discovered RSS feed
Promenad24,https://swelbyboy.github.io/prospect-rss-feeds/promenad24.xml,OG,success,2025-11-29 13:48:18,Hungary,promenad24.hu,To Do,FALSE,,,FALSE,Newly discovered RSS feed
桃園電子報,https://swelbyboy.github.io/prospect-rss-feeds/桃園電子報.xml,OG,success,2025-11-29 13:48:18,Taiwan,tyenews.com,To Do,FALSE,,,FALSE,Newly discovered RSS feed
更生日報,-,N/A,-,,Taiwan,ksnews.com.tw,No feed generated,FALSE,,,FALSE,
Ege Meclisi,https://swelbyboy.github.io/prospect-rss-feeds/ege-meclisi.xml,OG,success,2025-11-29 13:48:22,Turkey,egemeclisi.com,To Do,FALSE,,,FALSE,Newly discovered RSS feed
Beritajatim.com,https://swelbyboy.github.io/prospect-rss-feeds/beritajatim-com.xml,OG,success,2025-11-29 13:48:27,Indonesia,beritajatim.com,To Do,FALSE,,,FALSE,Newly discovered RSS feed
FashionGuide,-,N/A,-,,Taiwan,fashionguide.com.tw,No feed generated,FALSE,,,FALSE,
Metal Temple,https://swelbyboy.github.io/prospect-rss-feeds/metal-temple.xml,OG,success,2025-11-29 11:46:05,United Kingdom,metal-temple.com,To Do,FALSE,,,FALSE,Newly discovered RSS feed
Loon.ro,https://swelbyboy.github.io/prospect-rss-feeds/loon-ro.xml,RSS,success,2025-11-29 13:48:30,Romania,loon.ro,To Do,FALSE,,,FALSE,Newly discovered RSS feed
BiznisInfo,https://swelbyboy.github.io/prospect-rss-feeds/biznisinfo.xml,OG,success,2025-11-29 13:48:34,Bosnia and Herzegovina,biznisinfo.ba,To Do,FALSE,,,FALSE,Newly discovered RSS feed
Trend Basket,https://swelbyboy.github.io/prospect-rss-feeds/trend-basket.xml,OG,success,2025-11-29 13:48:45,Turkey,trendbasket.net,To Do,FALSE,,,FALSE,Newly discovered RSS feed
Grupo Média Nacional,-,N/A,-,,Indonesia,gmntv.tl,No feed generated,FALSE,,,FALSE,
E79 News,https://swelbyboy.github.io/prospect-rss-feeds/e79-news.xml,OG,success,2025-11-29 13:49:14,Bulgaria,e-79.com,To Do,FALSE,,,FALSE,Newly discovered RSS feed
Haber16,https://swelbyboy.github.io/prospect-rss-feeds/haber16.xml,OG,success,2025-11-29 13:49:18,Turkey,haber16.com,To Do,FALSE,,,FALSE,Newly discovered RSS feed
Media Ndërtimi,https://swelbyboy.github.io/prospect-rss-feeds/media-ndërtimi.xml,"OG (2), RSS (8)",success,2025-11-29 13:49:31,Serbia,ndertimi.info,To Do,FALSE,,,FALSE,Newly discovered RSS feed
Bolu'da Bolu,https://swelbyboy.github.io/prospect-rss-feeds/bolu-da-bolu.xml,OG,success,2025-11-29 13:49:34,Turkey,boludabolu.com,To Do,FALSE,,,FALSE,Newly discovered RSS feed
PodkarpacieLIVE,-,N/A,-,,Poland,podkarpacielive.pl,No feed generated,FALSE,,,FALSE,
Inforex News,-,N/A,-,,Indonesia,inforexnews.com,No feed generated,FALSE,,,FALSE,
Direktno,https://swelbyboy.github.io/prospect-rss-feeds/direktno.xml,OG,success,2025-11-29 13:49:37,Serbia,direktno.rs,To Do,FALSE,,,FALSE,Newly discovered RSS feed
Transport Online,https://swelbyboy.github.io/prospect-rss-feeds/transport-online.xml,OG,success,2025-11-29 13:49:40,Netherlands,transport-online.nl,To Do,FALSE,,,FALSE,Newly discovered RSS feed
BFB Media Group,-,N/A,-,,Serbia,gazetaere.com,No feed generated,FALSE,,,FALSE,
Denizli Haber,-,N/A,-,,Turkey,denizlihaber.com,No feed generated,FALSE,,,FALSE,
Racunalo.com,-,N/A,-,,Croatia,racunalo.com,No feed generated,FALSE,,,FALSE,
True Vision News,https://swelbyboy.github.io/prospect-rss-feeds/true-vision-news.xml,OG,success,2025-11-29 13:49:43,India,truevisionnews.com,To Do,FALSE,,,FALSE,Newly discovered RSS feed
Hrvatska katolička mreža - Croatian Catholic Network,-,N/A,-,,Croatia,hkm.hr,No feed generated,FALSE,,,FALSE,
To się Dzieje,-,N/A,-,,Poland,tosiedzieje.pl,No feed generated,FALSE,,,FALSE,
Go Nintendo,https://swelbyboy.github.io/prospect-rss-feeds/go-nintendo.xml,OG,success,2025-11-29 11:46:06,United States,gonintendo.com,To Do,FALSE,,,FALSE,Newly discovered RSS feed
FR-Fans.nl,https://swelbyboy.github.io/prospect-rss-feeds/fr-fans-nl.xml,OG,success,2025-11-29 13:49:46,Netherlands,fr-fans.nl,To Do,FALSE,,,FALSE,Newly discovered RSS feed
Yantra Today,https://swelbyboy.github.io/prospect-rss-feeds/yantra-today.xml,OG,success,2025-11-29 13:49:49,Bulgaria,dnesbg.com,To Do,FALSE,,,FALSE,Newly discovered RSS feed
State Review,-,N/A,-,,India,rajyasameeksha.com,No feed generated,FALSE,,,FALSE,
Denizli Güncel,https://swelbyboy.github.io/prospect-rss-feeds/denizli-güncel.xml,OG,success,2025-11-29 13:49:57,Turkey,denizliguncel.com,To Do,FALSE,,,FALSE,Newly discovered RSS feed
RedaksiManado.Com (RMC),https://swelbyboy.github.io/prospect-rss-feeds/redaksimanado-com--rmc.xml,OG,success,2025-11-29 13:50:02,Indonesia,redaksimanado.com,To Do,FALSE,,,FALSE,Newly discovered RSS feed
KutakNet,-,N/A,-,,Serbia,kutaknet.com,No feed generated,FALSE,,,FALSE,
Beograd.in,https://swelbyboy.github.io/prospect-rss-feeds/beograd-in.xml,OG,success,2025-11-29 13:50:10,Serbia,beograd.in,To Do,FALSE,,,FALSE,Newly discovered RSS feed
Podlasie24,https://swelbyboy.github.io/prospect-rss-feeds/podlasie24.xml,OG,success,2025-11-29 13:50:18,Poland,podlasie24.pl,To Do,FALSE,,,FALSE,Newly discovered RSS feed
Romanians in UK,-,N/A,-,,United Kingdom,romani.co.uk,No feed generated,FALSE,,,FALSE,
Turism Istoric,https://swelbyboy.github.io/prospect-rss-feeds/turism-istoric.xml,OG,success,2025-11-29 13:50:20,Romania,turismistoric.ro,To Do,FALSE,,,FALSE,Newly discovered RSS feed
Petronews Płock,https://swelbyboy.github.io/prospect-rss-feeds/petronews-płock.xml,OG,success,2025-11-29 13:50:29,Poland,petronews.pl,To Do,FALSE,,,FALSE,Newly discovered RSS feed
UnGeek,-,N/A,-,,Philippines,ungeek.ph,No feed generated,FALSE,,,FALSE,
Çankırı Haber18,https://swelbyboy.github.io/prospect-rss-feeds/çankırı-haber18.xml,OG,success,2025-11-29 13:50:32,Turkey,haber18.com,To Do,FALSE,,,FALSE,Newly discovered RSS feed
OldambtNu.nl,https://swelbyboy.github.io/prospect-rss-feeds/oldambtnu-nl.xml,OG,success,2025-11-29 13:50:38,Netherlands,oldambtnu.nl,To Do,FALSE,,,FALSE,Newly discovered RSS feed
Bp-i Autósok Közössége,https://swelbyboy.github.io/prospect-rss-feeds/bp-i-autósok-közössége.xml,OG,success,2025-11-29 13:50:44,Hungary,bpiautosok.hu,To Do,FALSE,,,FALSE,Newly discovered RSS feed
Narsingdi Times,-,N/A,-,,Bangladesh,narsingditimes.com,No feed generated,FALSE,,,FALSE,
StockWatch.pl,-,N/A,-,,Poland,stockwatch.pl,No feed generated,FALSE,,,FALSE,
Fagarasul Tau,https://swelbyboy.github.io/prospect-rss-feeds/fagarasul-tau.xml,OG,success,2025-12-02 11:51:37,Romania,fagarasultau.ro,To Do,FALSE,,,FALSE,Newly discovered RSS feed
PalEconomic,https://swelbyboy.github.io/prospect-rss-feeds/paleconomic.xml,OG,success,2025-11-29 13:50:49,Pakistan,smartindex.ps,To Do,FALSE,,,FALSE,Newly discovered RSS feed
T2BLive.com,-,N/A,-,,India,t2blive.com,No feed generated,FALSE,,,FALSE,
FashionUnited,-,N/A,-,,United Kingdom,fashionunited.uk,No feed generated,FALSE,,,FALSE,
Nigerian Lawyers,-,N/A,-,,Nigeria,nigeriabar.com,No feed generated,FALSE,,,FALSE,
ArcadiaPortal.gr,https://swelbyboy.github.io/prospect-rss-feeds/arcadiaportal-gr.xml,OG,success,2025-11-29 13:50:52,Greece,arcadiaportal.gr,To Do,FALSE,,,FALSE,Newly discovered RSS feed
Beregi Hírek,https://swelbyboy.github.io/prospect-rss-feeds/beregi-hírek.xml,OG,success,2025-11-29 13:51:04,Hungary,beregihirek.hu,To Do,FALSE,,,FALSE,Newly discovered RSS feed
Cult Faction,https://swelbyboy.github.io/prospect-rss-feeds/cult-faction.xml,OG,success,2025-11-29 11:46:29,United Kingdom,cultfaction.com,To Do,FALSE,,,FALSE,Newly discovered RSS feed
Hosa Digantha,https://swelbyboy.github.io/prospect-rss-feeds/hosa-digantha.xml,OG,success,2025-11-29 13:51:43,India,hosadigantha.com,To Do,FALSE,,,FALSE,Newly discovered RSS feed
BiałystokOnline.pl,-,N/A,-,,Poland,bialystokonline.pl,No feed generated,FALSE,,,FALSE,
Catological,https://swelbyboy.github.io/prospect-rss-feeds/catological.xml,OG,success,2025-11-29 11:46:39,United States,catological.com,To Do,FALSE,,,FALSE,Newly discovered RSS feed
leszno24.pl,-,N/A,-,,Poland,leszno24.pl,No feed generated,FALSE,,,FALSE,
aktual24.ro,https://swelbyboy.github.io/prospect-rss-feeds/aktual24-ro.xml,OG,success,2025-11-29 13:51:43,Romania,aktual24.ro,To Do,FALSE,,,FALSE,Newly discovered RSS feed
MissBloom.bg,-,N/A,-,,Bulgaria,missbloom.bg,No feed generated,FALSE,,,FALSE,
Kırcaali Haber Gazetesi,https://swelbyboy.github.io/prospect-rss-feeds/kırcaali-haber-gazetesi.xml,OG,success,2025-11-29 13:51:49,Bulgaria,kircaalihaber.com,To Do,FALSE,,,FALSE,Newly discovered RSS feed
apithano.gr,https://swelbyboy.github.io/prospect-rss-feeds/apithano-gr.xml,OG,success,2025-11-29 13:51:52,Greece,apithano.gr,To Do,FALSE,,,FALSE,Newly discovered RSS feed
881903.com 商業電台,-,N/A,-,,Taiwan,881903.com,No feed generated,FALSE,,,FALSE,
Kranosgr,https://swelbyboy.github.io/prospect-rss-feeds/kranosgr.xml,OG,success,2025-11-29 13:51:54,Greece,kranosgr.com,To Do,FALSE,,,FALSE,Newly discovered RSS feed
BorsaNasilOynanir.co,https://swelbyboy.github.io/prospect-rss-feeds/borsanasiloynanir-co.xml,OG,success,2025-11-29 13:52:09,Turkey,borsanasiloynanir.co,To Do,FALSE,,,FALSE,Newly discovered RSS feed
Muktinews24,-,N/A,-,,Bangladesh,muktinews24.com,No feed generated,FALSE,,,FALSE,
"Вестник ""Екип 7""",https://swelbyboy.github.io/prospect-rss-feeds/вестник--екип-7.xml,OG,success,2025-11-29 13:52:12,Bulgaria,ekip7.bg,To Do,FALSE,,,FALSE,Newly discovered RSS feed
Bollywood Galiyara,-,N/A,-,,India,bollywoodgaliyara.com,No feed generated,FALSE,,,FALSE,
Space Network,-,N/A,-,,Nigeria,thespacefm.com,No feed generated,FALSE,,,FALSE,
Tarun Bharat,-,N/A,-,,India,tarunbharat.com,No feed generated,FALSE,,,FALSE,
AllStar Basket,-,N/A,-,,Greece,allstarbasket.gr,No feed generated,FALSE,,,FALSE,
VoetbalRotterdam.nl,https://swelbyboy.github.io/prospect-rss-feeds/voetbalrotterdam-nl.xml,OG,success,2025-11-29 13:52:22,Netherlands,voetbalrotterdam.nl,To Do,FALSE,,,FALSE,Newly discovered RSS feed
Pi≈Çka rƒôczna Polski-sport.pl,https://swelbyboy.github.io/prospect-rss-feeds/pi-çka-rƒôczna-polski-sport-pl.xml,OG,success,2025-11-29 13:52:28,Poland,polski-sport.pl,To Do,FALSE,,,FALSE,Newly discovered RSS feed
Obiectiv.info,https://swelbyboy.github.io/prospect-rss-feeds/obiectiv-info.xml,OG,success,2025-11-29 13:52:30,Romania,obiectiv.info,To Do,FALSE,,,FALSE,Newly discovered RSS feed
Redpen.gr,https://swelbyboy.github.io/prospect-rss-feeds/redpen-gr.xml,OG,success,2025-12-02 11:51:54,Greece,redpen.gr,To Do,FALSE,,,FALSE,Newly discovered RSS feed
iSanok.pl,-,N/A,-,,Poland,isanok.pl,No feed generated,FALSE,,,FALSE,
Sarangberita.com,https://swelbyboy.github.io/prospect-rss-feeds/sarangberita-com.xml,OG,success,2025-11-29 13:52:33,Indonesia,sarangberita.com,To Do,FALSE,,,FALSE,Newly discovered RSS feed
Bogordaily.net,https://swelbyboy.github.io/prospect-rss-feeds/bogordaily-net.xml,OG,success,2025-11-29 13:52:36,Indonesia,bogordaily.net,To Do,FALSE,,,FALSE,Newly discovered RSS feed
Bucurestiul,https://swelbyboy.github.io/prospect-rss-feeds/bucurestiul.xml,OG,success,2025-11-29 13:52:39,Romania,bucurestiul.ro,To Do,FALSE,,,FALSE,Newly discovered RSS feed
Radio 999 BG,-,N/A,-,,Bulgaria,radio999bg.com,No feed generated,FALSE,,,FALSE,
GelreNieuws,https://swelbyboy.github.io/prospect-rss-feeds/gelrenieuws.xml,OG,success,2025-11-29 13:52:46,Netherlands,gelrenieuws.nl,To Do,FALSE,,,FALSE,Newly discovered RSS feed
Struma,-,N/A,-,,Bulgaria,struma.com,No feed generated,FALSE,,,FALSE,
Diva Dirt,https://swelbyboy.github.io/prospect-rss-feeds/diva-dirt.xml,OG,success,2025-11-29 11:46:41,United States,diva-dirt.com,To Do,FALSE,,,FALSE,Newly discovered RSS feed
BalraMagyar,https://swelbyboy.github.io/prospect-rss-feeds/balramagyar.xml,OG,success,2025-11-29 13:52:52,Hungary,balramagyar.hu,To Do,FALSE,,,FALSE,Newly discovered RSS feed
deWeekend,https://swelbyboy.github.io/prospect-rss-feeds/deweekend.xml,OG,success,2025-11-29 13:53:05,Romania,de-weekend.ro,To Do,FALSE,,,FALSE,Newly discovered RSS feed
Elle Croatia,https://swelbyboy.github.io/prospect-rss-feeds/elle-croatia.xml,OG,success,2025-11-29 13:53:07,Croatia,elle.hr,To Do,FALSE,,,FALSE,Newly discovered RSS feed
ÜNYE KENT Gazetesi,https://swelbyboy.github.io/prospect-rss-feeds/ünye-kent-gazetesi.xml,OG,success,2025-11-29 13:53:18,Turkey,unyekent.com,To Do,FALSE,,,FALSE,Newly discovered RSS feed
Action-News - новини oт България и света,https://swelbyboy.github.io/prospect-rss-feeds/action-news---новини-oт-българия-и-света.xml,OG,success,2025-11-29 13:53:21,Bulgaria,action-newsbg.eu,To Do,FALSE,,,FALSE,Newly discovered RSS feed
limnosreport.gr,https://swelbyboy.github.io/prospect-rss-feeds/limnosreport-gr.xml,OG,success,2025-11-29 13:53:38,Greece,limnosreport.gr,To Do,FALSE,,,FALSE,Newly discovered RSS feed
SA Music Magazine,https://swelbyboy.github.io/prospect-rss-feeds/sa-music-magazine.xml,OG,success,2025-11-29 13:53:39,South Africa,samusicmag.co.za,To Do,FALSE,,,FALSE,Newly discovered RSS feed
ANMO Sugoi,https://swelbyboy.github.io/prospect-rss-feeds/anmo-sugoi.xml,OG,success,2025-11-29 11:46:45,United States,anmosugoi.com,To Do,FALSE,,,FALSE,Newly discovered RSS feed
Game Channel,https://swelbyboy.github.io/prospect-rss-feeds/game-channel.xml,OG,success,2025-11-29 13:53:45,Hungary,gamechannel.hu,To Do,FALSE,,,FALSE,Newly discovered RSS feed
Alternativ Energia,-,N/A,-,,Hungary,alternativenergia.hu,No feed generated,FALSE,,,FALSE,
Kamubulteni.com,https://swelbyboy.github.io/prospect-rss-feeds/kamubulteni-com.xml,OG,success,2025-11-29 13:53:48,Turkey,kamubulteni.com,To Do,FALSE,,,FALSE,Newly discovered RSS feed
Gonewsindia,https://swelbyboy.github.io/prospect-rss-feeds/gonewsindia.xml,OG,success,2025-12-02 11:51:39,India,gonewsindia.com,To Do,FALSE,,,FALSE,Newly discovered RSS feed
Jammu-Kashmir Now,-,N/A,-,,India,jammukashmirnow.com,No feed generated,FALSE,,,FALSE,
Mai Vilag,https://swelbyboy.github.io/prospect-rss-feeds/mai-vilag.xml,RSS,success,2025-11-29 13:53:54,Hungary,maivilag.com,To Do,FALSE,,,FALSE,Newly discovered RSS feed
serresLife.gr,-,N/A,-,,Greece,serreslife.gr,No feed generated,FALSE,,,FALSE,
Sporten.com,https://swelbyboy.github.io/prospect-rss-feeds/sporten-com.xml,OG,success,2025-11-29 13:54:01,Poland,sporten.com,To Do,FALSE,,,FALSE,Newly discovered RSS feed
Niedziela.NL,-,N/A,-,,Netherlands,niedziela.nl,No feed generated,FALSE,,,FALSE,
Great Deals Singapore,https://swelbyboy.github.io/prospect-rss-feeds/great-deals-singapore.xml,RSS,success,2025-11-29 13:54:03,Singapore,greatdeals.com.sg,To Do,FALSE,,,FALSE,Newly discovered RSS feed
Evenimentul Neamt,-,N/A,-,,Romania,ziarulevenimentul.ro,No feed generated,FALSE,,,FALSE,
Piekielni,https://swelbyboy.github.io/prospect-rss-feeds/piekielni.xml,OG,success,2025-11-29 13:54:05,Poland,piekielni.pl,To Do,FALSE,,,FALSE,Newly discovered RSS feed
citynews.ro,https://swelbyboy.github.io/prospect-rss-feeds/citynews-ro.xml,OG,success,2025-11-29 13:54:13,Romania,citynews.ro,To Do,FALSE,,,FALSE,Newly discovered RSS feed
Plovdiv Now,https://swelbyboy.github.io/prospect-rss-feeds/plovdiv-now.xml,OG,success,2025-11-29 13:54:16,Bulgaria,plovdivnow.bg,To Do,FALSE,,,FALSE,Newly discovered RSS feed
Rawicz24,-,N/A,-,,Poland,rawicz24.pl,No feed generated,FALSE,,,FALSE,
Yipee,-,N/A,failed,2025-11-29 13:54:16,Taiwan,yipee.cc,No feed generated,FALSE,,,FALSE,Feed generation failed or no source feed found
Buna Vestire,https://swelbyboy.github.io/prospect-rss-feeds/buna-vestire.xml,OG,success,2025-11-29 13:54:20,Romania,buna-vestire.net,To Do,FALSE,,,FALSE,Newly discovered RSS feed
Varnentzi,https://swelbyboy.github.io/prospect-rss-feeds/varnentzi.xml,OG,success,2025-11-29 13:54:26,Bulgaria,varna24.bg,To Do,FALSE,,,FALSE,Newly discovered RSS feed
Alkmaar Centraal,https://swelbyboy.github.io/prospect-rss-feeds/alkmaar-centraal.xml,OG,success,2025-11-29 13:54:35,Netherlands,alkmaarcentraal.nl,To Do,FALSE,,,FALSE,Newly discovered RSS feed
ZHZ Actueel,-,N/A,-,,Netherlands,zhzactueel.nl,No feed generated,FALSE,,,FALSE,
Family,-,N/A,-,,Serbia,family.rs,No feed generated,FALSE,,,FALSE,
News 24 Romania,https://swelbyboy.github.io/prospect-rss-feeds/news-24-romania.xml,OG,success,2025-11-29 13:54:38,Romania,news24.ro,To Do,FALSE,,,FALSE,Newly discovered RSS feed
tsantiri.gr,https://swelbyboy.github.io/prospect-rss-feeds/tsantiri-gr.xml,OG,success,2025-11-29 13:54:54,Greece,tribune.gr,To Do,FALSE,,,FALSE,Newly discovered RSS feed
Empisteutiko.gr,https://swelbyboy.github.io/prospect-rss-feeds/empisteutiko-gr.xml,OG,success,2025-11-29 13:54:55,Greece,empisteutiko.gr,To Do,FALSE,,,FALSE,Newly discovered RSS feed
Bug.ba,https://swelbyboy.github.io/prospect-rss-feeds/bug-ba.xml,OG,success,2025-11-29 13:54:57,Bosnia and Herzegovina,bug.ba,To Do,FALSE,,,FALSE,Newly discovered RSS feed
KoszalinInfo.pl,https://swelbyboy.github.io/prospect-rss-feeds/koszalininfo-pl.xml,OG,success,2025-11-29 13:55:06,Poland,koszalininfo.pl,To Do,FALSE,,,FALSE,Newly discovered RSS feed
ummah24.com,https://swelbyboy.github.io/prospect-rss-feeds/ummah24-com.xml,OG,success,2025-11-29 13:55:42,Bangladesh,ummah24.com,To Do,FALSE,,,FALSE,Newly discovered RSS feed
Gniezno24.com,https://swelbyboy.github.io/prospect-rss-feeds/gniezno24-com.xml,OG,success,2025-11-29 13:55:46,Poland,gniezno24.com,To Do,FALSE,,,FALSE,Newly discovered RSS feed
Herkkusuu.fi,-,N/A,-,,Finland,herkkusuu.fi,No feed generated,FALSE,,,FALSE,
Życie Siedleckie,-,N/A,-,,Poland,zyciesiedleckie.pl,No feed generated,FALSE,,,FALSE,
Rock Rooster,https://swelbyboy.github.io/prospect-rss-feeds/rock-rooster.xml,OG,success,2025-11-29 13:55:49,Greece,rockrooster.gr,To Do,FALSE,,,FALSE,Newly discovered RSS feed
Polski Obserwator,-,N/A,-,,United Kingdom,polskiobserwator.de,No feed generated,FALSE,,,FALSE,
Leva Obala Beograda Info,https://swelbyboy.github.io/prospect-rss-feeds/leva-obala-beograda-info.xml,OG,success,2025-11-29 13:56:02,Serbia,lobi-info.rs,To Do,FALSE,,,FALSE,Newly discovered RSS feed
Klikaj.hr,https://swelbyboy.github.io/prospect-rss-feeds/klikaj-hr.xml,OG,success,2025-11-29 13:56:04,Croatia,klikaj.hr,To Do,FALSE,,,FALSE,Newly discovered RSS feed
EmlakWebTv,-,N/A,-,,Turkey,emlakwebtv.com,No feed generated,FALSE,,,FALSE,
Razi cu Lacrimi,https://swelbyboy.github.io/prospect-rss-feeds/razi-cu-lacrimi.xml,OG,success,2025-11-29 13:56:07,Romania,raziculacrimi.ro,To Do,FALSE,,,FALSE,Newly discovered RSS feed
Spotted: Starachowice,-,N/A,-,,Poland,spottedstarachowice.pl,No feed generated,FALSE,,,FALSE,
Vasarnap,https://swelbyboy.github.io/prospect-rss-feeds/vasarnap.xml,OG,success,2025-11-29 13:56:20,Hungary,vasarnap.hu,To Do,FALSE,,,FALSE,Newly discovered RSS feed
Reality TV World,https://swelbyboy.github.io/prospect-rss-feeds/reality-tv-world.xml,OG,success,2025-11-29 11:46:46,United States,realitytvworld.com,To Do,FALSE,,,FALSE,Newly discovered RSS feed
THE ILLEST,https://swelbyboy.github.io/prospect-rss-feeds/the-illest.xml,OG,success,2025-11-29 13:56:22,Poland,theillest.pl,To Do,FALSE,,,FALSE,Newly discovered RSS feed
Special Arad,-,N/A,-,,Romania,specialarad.ro,No feed generated,FALSE,,,FALSE,
Slavonski.hr,https://swelbyboy.github.io/prospect-rss-feeds/slavonski-hr.xml,OG,success,2025-11-29 13:56:28,Croatia,slavonski.hr,To Do,FALSE,,,FALSE,Newly discovered RSS feed
Concursoman,-,N/A,-,,Romania,concursoman.ro,No feed generated,FALSE,,,FALSE,
aviation24.pl,https://swelbyboy.github.io/prospect-rss-feeds/aviation24-pl.xml,OG,success,2025-11-29 13:56:44,Poland,aviation24.pl,To Do,FALSE,,,FALSE,Newly discovered RSS feed
VoiceBd24,https://swelbyboy.github.io/prospect-rss-feeds/voicebd24.xml,RSS,success,2025-11-29 13:56:46,Bangladesh,voicebd24.com,To Do,FALSE,,,FALSE,Newly discovered RSS feed
The Cover,https://swelbyboy.github.io/prospect-rss-feeds/the-cover.xml,OG,success,2025-11-29 13:56:50,Greece,thecover.gr,To Do,FALSE,,,FALSE,Newly discovered RSS feed
Drava Info,-,N/A,-,,Croatia,drava.info,No feed generated,FALSE,,,FALSE,
Miruh Bosne,https://swelbyboy.github.io/prospect-rss-feeds/miruh-bosne.xml,OG,success,2025-11-29 13:56:55,Bosnia and Herzegovina,miruhbosne.com,To Do,FALSE,,,FALSE,Newly discovered RSS feed
Daily Sokaler Somoy,-,N/A,-,,Bangladesh,dailysokalersomoy.com,No feed generated,FALSE,,,FALSE,
ClickMe,-,N/A,-,,Taiwan,clickme.net,No feed generated,FALSE,,,FALSE,
Dej24.ro,https://swelbyboy.github.io/prospect-rss-feeds/dej24-ro.xml,OG,success,2025-11-29 13:56:58,Romania,dej24.ro,To Do,FALSE,,,FALSE,Newly discovered RSS feed
Părinți de Nota 10,https://swelbyboy.github.io/prospect-rss-feeds/părinți-de-nota-10.xml,OG,success,2025-11-29 13:57:01,Romania,parintidenota10.ro,To Do,FALSE,,,FALSE,Newly discovered RSS feed
kawaly.tja.pl,-,N/A,-,,Poland,tja.pl,No feed generated,FALSE,,,FALSE,
Fanport,https://swelbyboy.github.io/prospect-rss-feeds/fanport.xml,OG,success,2025-11-29 13:57:06,India,fanport.in,To Do,FALSE,,,FALSE,Newly discovered RSS feed
DainikShiksha,-,N/A,-,,Bangladesh,dainikshiksha.com,No feed generated,FALSE,,,FALSE,
Glas Istre,https://swelbyboy.github.io/prospect-rss-feeds/glas-istre.xml,OG,success,2025-11-29 13:57:09,Croatia,glasistre.hr,To Do,FALSE,,,FALSE,Newly discovered RSS feed
Dubai OFW,-,N/A,-,,United Arab Emirates,dubaiofw.com,No feed generated,FALSE,,,FALSE,
Esgazete,https://swelbyboy.github.io/prospect-rss-feeds/esgazete.xml,OG,success,2025-11-29 13:57:13,Turkey,esgazete.com,To Do,FALSE,,,FALSE,Newly discovered RSS feed
Free Media Group,-,N/A,-,,Bulgaria,freemediagroup.bg,No feed generated,FALSE,,,FALSE,
Totally Rad Choppers,https://swelbyboy.github.io/prospect-rss-feeds/totally-rad-choppers.xml,OG,success,2025-11-29 11:46:47,United States,totallyradchoppers.com,To Do,FALSE,,,FALSE,Newly discovered RSS feed
Bizim Sakarya,-,N/A,-,,Turkey,bizimsakarya.com.tr,No feed generated,FALSE,,,FALSE,
Lex.bg,-,N/A,-,,Bulgaria,lex.bg,No feed generated,FALSE,,,FALSE,
Bucataria Romaneasca,https://swelbyboy.github.io/prospect-rss-feeds/bucataria-romaneasca.xml,OG,success,2025-12-02 11:39:40,Romania,bucataria-romaneasca.ro,To Do,FALSE,,,FALSE,Newly discovered RSS feed
Klubrádió,https://swelbyboy.github.io/prospect-rss-feeds/klubrádió.xml,OG,success,2025-11-29 13:57:20,Hungary,klubradio.hu,To Do,FALSE,,,FALSE,Newly discovered RSS feed
Cineramen,-,N/A,-,,Greece,cineramen.gr,No feed generated,FALSE,,,FALSE,
Urbanplayer.hu,https://swelbyboy.github.io/prospect-rss-feeds/urbanplayer-hu.xml,OG,success,2025-11-29 13:57:24,Hungary,urbanplayer.hu,To Do,FALSE,,,FALSE,Newly discovered RSS feed
Boka News,https://swelbyboy.github.io/prospect-rss-feeds/boka-news.xml,OG,success,2025-11-29 13:57:29,Croatia,bokanews.me,To Do,FALSE,,,FALSE,Newly discovered RSS feed
Gramerkagoj,-,OG,success,2025-11-29 13:57:30,Bangladesh,gramerkagoj.com,No feed generated,FALSE,,,FALSE,Feed generation failed or no source feed found
Békéscsaba Media Center,https://swelbyboy.github.io/prospect-rss-feeds/békéscsaba-media-center.xml,OG,success,2025-11-29 13:57:35,Hungary,behir.hu,To Do,FALSE,,,FALSE,Newly discovered RSS feed
Turgutlu Tivi,-,N/A,-,,Turkey,turgutlutivi.com,No feed generated,FALSE,,,FALSE,
Rybnik,-,N/A,-,,Poland,rybnik.com.pl,No feed generated,FALSE,,,FALSE,
Informator Brzeski,https://swelbyboy.github.io/prospect-rss-feeds/informator-brzeski.xml,OG,success,2025-11-29 13:57:47,Poland,informatorbrzeski.pl,To Do,FALSE,,,FALSE,Newly discovered RSS feed
medyagazete.com,https://swelbyboy.github.io/prospect-rss-feeds/medyagazete-com.xml,OG,success,2025-11-29 13:57:57,Turkey,medyagazete.com,To Do,FALSE,,,FALSE,Newly discovered RSS feed
Telemedia,https://swelbyboy.github.io/prospect-rss-feeds/telemedia.xml,RSS,success,2025-11-29 13:58:10,Bulgaria,telemedia.bg,To Do,FALSE,,,FALSE,Newly discovered RSS feed
Crossville News First,https://swelbyboy.github.io/prospect-rss-feeds/crossville-news-first.xml,OG,success,2025-11-29 11:46:50,United States,crossvillenews1st.com,To Do,FALSE,,,FALSE,Newly discovered RSS feed
Zajenata,https://swelbyboy.github.io/prospect-rss-feeds/zajenata.xml,RSS,success,2025-11-29 13:58:13,Bulgaria,zajenata.bg,To Do,FALSE,,,FALSE,Newly discovered RSS feed
Dzień Dobry Włocławek,-,N/A,-,,Poland,ddwloclawek.pl,No feed generated,FALSE,,,FALSE,
Forrás Rádió,-,N/A,-,,Hungary,forrasradio.hu,No feed generated,FALSE,,,FALSE,
aDupaRosnie.pl,-,N/A,-,,Poland,aduparosnie.pl,No feed generated,FALSE,,,FALSE,
TKN24.pl,https://swelbyboy.github.io/prospect-rss-feeds/tkn24-pl.xml,OG,success,2025-11-29 13:58:16,Poland,tkn24.pl,To Do,FALSE,,,FALSE,Newly discovered RSS feed
Sportalo,-,N/A,-,,Croatia,sportalo.hr,No feed generated,FALSE,,,FALSE,
Dinamani,https://swelbyboy.github.io/prospect-rss-feeds/dinamani.xml,OG,success,2025-11-29 13:58:19,India,dinamani.com,To Do,FALSE,,,FALSE,Newly discovered RSS feed
Shfleto.info,https://swelbyboy.github.io/prospect-rss-feeds/shfleto-info.xml,RSS,success,2025-11-29 13:58:20,Serbia,shfleto.info,To Do,FALSE,,,FALSE,Newly discovered RSS feed
Grodzisk News,https://swelbyboy.github.io/prospect-rss-feeds/grodzisk-news.xml,OG,success,2025-11-29 13:58:23,Poland,grodzisknews.pl,To Do,FALSE,,,FALSE,Newly discovered RSS feed
Singersroom.com,https://swelbyboy.github.io/prospect-rss-feeds/singersroom-com.xml,OG,success,2025-11-29 11:46:56,United States,singersroom.com,To Do,FALSE,,,FALSE,Newly discovered RSS feed
CNEWS,-,N/A,-,,Taiwan,cnews.com.tw,No feed generated,FALSE,,,FALSE,
Noticias Ya,https://swelbyboy.github.io/prospect-rss-feeds/noticias-ya.xml,OG,success,2025-11-29 11:46:57,United States,politicaya.com,To Do,FALSE,,,FALSE,Newly discovered RSS feed
LNG World News,https://swelbyboy.github.io/prospect-rss-feeds/lng-world-news.xml,OG,success,2025-11-29 13:58:25,Netherlands,lngworldnews.com,To Do,FALSE,,,FALSE,Newly discovered RSS feed
F5.pl,-,N/A,-,,Poland,f5.pl,No feed generated,FALSE,,,FALSE,
Astrolog Mira Markovic,-,N/A,-,,Serbia,astrologmira.com,No feed generated,FALSE,,,FALSE,
Skook News,https://swelbyboy.github.io/prospect-rss-feeds/skook-news.xml,OG,success,2025-11-29 11:46:58,United States,skooknews.com,To Do,FALSE,,,FALSE,Newly discovered RSS feed
Bihon.ro,https://swelbyboy.github.io/prospect-rss-feeds/bihon-ro.xml,OG,success,2025-11-29 13:58:31,Romania,bihon.ro,To Do,FALSE,,,FALSE,Newly discovered RSS feed
LeadersNG,https://swelbyboy.github.io/prospect-rss-feeds/leadersng.xml,OG,success,2025-11-29 11:47:09,United Kingdom,leaders.ng,To Do,FALSE,,,FALSE,Newly discovered RSS feed
Brodportal,https://swelbyboy.github.io/prospect-rss-feeds/brodportal.xml,OG,success,2025-11-29 13:58:35,Croatia,brodportal.hr,To Do,FALSE,,,FALSE,Newly discovered RSS feed
Smart-Money.co,https://swelbyboy.github.io/prospect-rss-feeds/smart-money-co.xml,OG,success,2025-12-02 11:51:46,Indonesia,smart-money.co,To Do,FALSE,,,FALSE,Newly discovered RSS feed
Influsser,https://swelbyboy.github.io/prospect-rss-feeds/influsser.xml,OG,success,2025-11-29 13:58:41,India,influsser.com,To Do,FALSE,,,FALSE,Newly discovered RSS feed
Prigorski,https://swelbyboy.github.io/prospect-rss-feeds/prigorski.xml,OG,success,2025-11-29 13:58:44,Croatia,prigorski.hr,To Do,FALSE,,,FALSE,Newly discovered RSS feed
365Bristol.com,-,N/A,-,,United Kingdom,365bristol.com,No feed generated,FALSE,,,FALSE,
Dinamalar Tamil News Paper Nellai and Nagercoil Ed,-,N/A,-,,India,dinamalarnellai.com,No feed generated,FALSE,,,FALSE,
Ommcom News,https://swelbyboy.github.io/prospect-rss-feeds/ommcom-news.xml,OG,success,2025-11-29 13:58:48,India,ommcomnews.com,To Do,FALSE,,,FALSE,Newly discovered RSS feed
Football Counter,-,N/A,-,,India,footballcounter.com,No feed generated,FALSE,,,FALSE,
Dainik Tribune,-,N/A,-,,India,dainiktribuneonline.com,No feed generated,FALSE,,,FALSE,
InfoCañuelas,-,N/A,-,,United States,infocanuelas.com,No feed generated,FALSE,,,FALSE,
Covering Katy News,https://swelbyboy.github.io/prospect-rss-feeds/covering-katy-news.xml,OG,success,2025-11-29 11:47:11,United States,coveringkaty.com,To Do,FALSE,,,FALSE,Newly discovered RSS feed
Scioto Post,https://swelbyboy.github.io/prospect-rss-feeds/scioto-post.xml,OG,success,2025-11-29 11:47:11,United States,sciotopost.com,To Do,FALSE,,,FALSE,Newly discovered RSS feed
Ponos Bosanski,-,N/A,-,,Bosnia and Herzegovina,bosanskadijaspora.com,No feed generated,FALSE,,,FALSE,
eOstroleka.pl,https://swelbyboy.github.io/prospect-rss-feeds/eostroleka-pl.xml,OG,success,2025-11-29 13:58:51,Poland,eostroleka.pl,To Do,FALSE,,,FALSE,Newly discovered RSS feed
DhiIslam,https://swelbyboy.github.io/prospect-rss-feeds/dhiislam.xml,OG,success,2025-11-29 11:47:24,United States,dhiislam.com,To Do,FALSE,,,FALSE,Newly discovered RSS feed
Gi-Media,https://swelbyboy.github.io/prospect-rss-feeds/gi-media.xml,OG,success,2025-11-29 11:47:28,United Kingdom,gi-media.co.uk,To Do,FALSE,,,FALSE,Newly discovered RSS feed
Mesara,https://swelbyboy.github.io/prospect-rss-feeds/mesara.xml,OG,success,2025-11-29 13:58:53,Greece,e-mesara.gr,To Do,FALSE,,,FALSE,Newly discovered RSS feed
Pontos News,https://swelbyboy.github.io/prospect-rss-feeds/pontos-news.xml,OG,success,2025-11-29 13:58:57,Greece,pontosnews.gr,To Do,FALSE,,,FALSE,Newly discovered RSS feed
LiteNews.hk,-,N/A,-,,Hong Kong,litenews.hk,No feed generated,FALSE,,,FALSE,
U-CAR,-,N/A,-,,Taiwan,u-car.com.tw,No feed generated,FALSE,,,FALSE,
Freebie Mom,-,N/A,-,,United States,freebiemom.com,No feed generated,FALSE,,,FALSE,
KCI Kutno - Kutnowskie Centrum Informacyjne,-,N/A,-,,Poland,kutno.net.pl,No feed generated,FALSE,,,FALSE,
OPolskie Ratownictwo,https://swelbyboy.github.io/prospect-rss-feeds/opolskie-ratownictwo.xml,OG,success,2025-11-29 13:59:03,Poland,ratownictwo.opole.pl,To Do,FALSE,,,FALSE,Newly discovered RSS feed
Haber Oku,-,N/A,-,,Turkey,birhaberoku.com,No feed generated,FALSE,,,FALSE,
Manisa Kulis Haber,https://swelbyboy.github.io/prospect-rss-feeds/manisa-kulis-haber.xml,OG,success,2025-11-29 13:59:07,Turkey,manisakulishaber.com,To Do,FALSE,,,FALSE,Newly discovered RSS feed
Trebinje,https://swelbyboy.github.io/prospect-rss-feeds/trebinje.xml,OG,success,2025-11-29 13:59:12,Bosnia and Herzegovina,etrebinje.com,To Do,FALSE,,,FALSE,Newly discovered RSS feed
BEBAC,https://swelbyboy.github.io/prospect-rss-feeds/bebac.xml,OG,success,2025-11-29 13:59:19,Serbia,bebac.com,To Do,FALSE,,,FALSE,Newly discovered RSS feed
The Guwahati Times,-,N/A,-,,India,theguwahatitimes.info,No feed generated,FALSE,,,FALSE,
Cars.ro,-,N/A,-,,Romania,cars.ro,No feed generated,FALSE,,,FALSE,
Kalem Gazetesi,https://swelbyboy.github.io/prospect-rss-feeds/kalem-gazetesi.xml,OG,success,2025-11-29 13:59:27,Turkey,canakkalekalem.com,To Do,FALSE,,,FALSE,Newly discovered RSS feed
Welingelichte Kringen,https://swelbyboy.github.io/prospect-rss-feeds/welingelichte-kringen.xml,OG,success,2025-11-29 13:59:32,Netherlands,welingelichtekringen.nl,To Do,FALSE,,,FALSE,Newly discovered RSS feed
Moja Ostrołęka,-,N/A,-,,Poland,moja-ostroleka.pl,No feed generated,FALSE,,,FALSE,
Χαϊδάρι Σήμερα,https://swelbyboy.github.io/prospect-rss-feeds/χαϊδάρι-σήμερα.xml,OG,success,2025-11-29 13:59:35,Greece,xaidarisimera.gr,To Do,FALSE,,,FALSE,Newly discovered RSS feed
Minap,https://swelbyboy.github.io/prospect-rss-feeds/minap.xml,OG,success,2025-11-29 13:59:38,Hungary,minap.hu,To Do,FALSE,,,FALSE,Newly discovered RSS feed
Proseuxi,https://swelbyboy.github.io/prospect-rss-feeds/proseuxi.xml,OG,success,2025-11-29 13:59:41,Greece,proseuxi.gr,To Do,FALSE,,,FALSE,Newly discovered RSS feed
Kültür Servisi,-,N/A,-,,Turkey,kulturservisi.com,No feed generated,FALSE,,,FALSE,
TL+,https://swelbyboy.github.io/prospect-rss-feeds/tl.xml,RSS,success,2025-11-29 13:59:45,Romania,tlplus.ro,To Do,FALSE,,,FALSE,Newly discovered RSS feed
Türkgün Gazetesi,https://swelbyboy.github.io/prospect-rss-feeds/türkgün-gazetesi.xml,OG,success,2025-11-29 13:59:48,Turkey,turkgun.com,To Do,FALSE,,,FALSE,Newly discovered RSS feed
HIT Televizija,-,N/A,-,,Bosnia and Herzegovina,rtvhit.com,No feed generated,FALSE,,,FALSE,
IThardware.pl,https://swelbyboy.github.io/prospect-rss-feeds/ithardware-pl.xml,OG,success,2025-11-29 13:59:50,Poland,ithardware.pl,To Do,FALSE,,,FALSE,Newly discovered RSS feed
GM Turizm & Yönetim Dergisi,-,N/A,-,,Turkey,gmdergi.com,No feed generated,FALSE,,,FALSE,
Portal Płock,-,N/A,-,,Poland,portalplock.pl,No feed generated,FALSE,,,FALSE,
Otisak,-,N/A,-,,Croatia,otisak.ba,No feed generated,FALSE,,,FALSE,
Juzne vesti,https://swelbyboy.github.io/prospect-rss-feeds/juzne-vesti.xml,OG,success,2025-11-29 13:59:52,Serbia,juznevesti.com,To Do,FALSE,,,FALSE,Newly discovered RSS feed
9vremparinti,https://swelbyboy.github.io/prospect-rss-feeds/9vremparinti.xml,OG,success,2025-11-29 13:59:55,Romania,9vremparinti.ro,To Do,FALSE,,,FALSE,Newly discovered RSS feed
Fouit,https://swelbyboy.github.io/prospect-rss-feeds/fouit.xml,OG,success,2025-11-29 13:59:57,Greece,fouit.gr,To Do,FALSE,,,FALSE,Newly discovered RSS feed
Topvesti.bg,-,N/A,-,,Bulgaria,topvesti.bg,No feed generated,FALSE,,,FALSE,
Genialne,https://swelbyboy.github.io/prospect-rss-feeds/genialne.xml,OG,success,2025-11-29 14:00:01,Poland,genialne.pl,To Do,FALSE,,,FALSE,Newly discovered RSS feed
mygazete.com,https://swelbyboy.github.io/prospect-rss-feeds/mygazete-com.xml,OG,success,2025-11-29 14:00:12,Turkey,mygazete.com,To Do,FALSE,,,FALSE,Newly discovered RSS feed
Radio Evros,https://swelbyboy.github.io/prospect-rss-feeds/radio-evros.xml,OG,success,2025-11-29 14:00:20,Greece,radioevros.gr,To Do,FALSE,,,FALSE,Newly discovered RSS feed
Newsnext Bangladesh,https://swelbyboy.github.io/prospect-rss-feeds/newsnext-bangladesh.xml,OG,success,2025-11-29 14:00:38,Bangladesh,newsnextbd.com,To Do,FALSE,,,FALSE,Newly discovered RSS feed
bigportal.ba,https://swelbyboy.github.io/prospect-rss-feeds/bigportal-ba.xml,OG,success,2025-11-29 14:00:45,Bosnia and Herzegovina,bigportal.ba,To Do,FALSE,,,FALSE,Newly discovered RSS feed
Gegonota24.gr,https://swelbyboy.github.io/prospect-rss-feeds/gegonota24-gr.xml,OG,success,2025-11-29 14:00:57,Greece,gegonota24.gr,To Do,FALSE,,,FALSE,Newly discovered RSS feed
The Windows Club,-,N/A,-,,India,thewindowsclub.com,No feed generated,FALSE,,,FALSE,
VGdanas,-,N/A,-,,Hungary,vgdanas.hr,No feed generated,FALSE,,,FALSE,
MojaOlesnica,-,N/A,-,,Poland,mojaolesnica.pl,No feed generated,FALSE,,,FALSE,
Partener TV,https://swelbyboy.github.io/prospect-rss-feeds/partener-tv.xml,OG,success,2025-11-29 14:01:02,Romania,tvpartener.ro,To Do,FALSE,,,FALSE,Newly discovered RSS feed
RTV Kontakt,https://swelbyboy.github.io/prospect-rss-feeds/rtv-kontakt.xml,OG,success,2025-11-29 14:01:04,Bosnia and Herzegovina,mojkontakt.com,To Do,FALSE,,,FALSE,Newly discovered RSS feed
Ziar de Cluj,https://swelbyboy.github.io/prospect-rss-feeds/ziar-de-cluj.xml,OG,success,2025-11-29 14:01:22,Romania,ziardecluj.ro,To Do,FALSE,,,FALSE,Newly discovered RSS feed
Footroll,-,N/A,-,,Poland,footroll.pl,No feed generated,FALSE,,,FALSE,
Maleviziotis.gr,-,N/A,-,,Greece,maleviziotis.gr,No feed generated,FALSE,,,FALSE,
KaposPont,https://swelbyboy.github.io/prospect-rss-feeds/kapospont.xml,OG,success,2025-11-29 14:01:29,Hungary,kapos.hu,To Do,FALSE,,,FALSE,Newly discovered RSS feed
Top News Bulgaria,https://swelbyboy.github.io/prospect-rss-feeds/top-news-bulgaria.xml,OG,success,2025-11-29 14:01:50,Bulgaria,topnewsbg.com,To Do,FALSE,,,FALSE,Newly discovered RSS feed
Heklanje,https://swelbyboy.github.io/prospect-rss-feeds/heklanje.xml,OG,success,2025-11-29 14:01:53,Croatia,heklanje.net,To Do,FALSE,,,FALSE,Newly discovered RSS feed
DramaQueen電視迷,https://swelbyboy.github.io/prospect-rss-feeds/dramaqueen電視迷.xml,OG,success,2025-11-29 14:01:57,Taiwan,dramaqueen.com.tw,To Do,FALSE,,,FALSE,Newly discovered RSS feed
Krknews,https://swelbyboy.github.io/prospect-rss-feeds/krknews.xml,OG,success,2025-11-29 14:02:00,Poland,krknews.pl,To Do,FALSE,,,FALSE,Newly discovered RSS feed
Prasinforos,https://swelbyboy.github.io/prospect-rss-feeds/prasinforos.xml,OG,success,2025-11-29 14:02:09,Greece,prasinoforos.gr,To Do,FALSE,,,FALSE,Newly discovered RSS feed
Telekom Sport,-,N/A,-,,Romania,telekomsport.ro,No feed generated,FALSE,,,FALSE,
Tekirdağ Yeni Haber,https://swelbyboy.github.io/prospect-rss-feeds/tekirdağ-yeni-haber.xml,OG,success,2025-11-29 14:02:13,Turkey,tekirdagyenihaber.com,To Do,FALSE,,,FALSE,Newly discovered RSS feed
"Ești femeie, ești minunată",https://swelbyboy.github.io/prospect-rss-feeds/ești-femeie--ești-minunată.xml,OG,success,2025-11-29 14:02:15,Romania,estiminunata.ro,To Do,FALSE,,,FALSE,Newly discovered RSS feed
Iatropedia,https://swelbyboy.github.io/prospect-rss-feeds/iatropedia.xml,OG,success,2025-11-29 14:02:17,Greece,iatropedia.gr,To Do,FALSE,,,FALSE,Newly discovered RSS feed
Tomislav News,-,N/A,-,,Croatia,tomislavnews.com,No feed generated,FALSE,,,FALSE,
Csepel.info,https://swelbyboy.github.io/prospect-rss-feeds/csepel-info.xml,OG,success,2025-12-02 11:51:52,Hungary,csepel.info,To Do,FALSE,,,FALSE,Newly discovered RSS feed
SNN,https://swelbyboy.github.io/prospect-rss-feeds/snn.xml,RSS,success,2025-11-29 11:47:30,United States,snntv.com,To Do,FALSE,,,FALSE,Newly discovered RSS feed
Iskam da Znam,https://swelbyboy.github.io/prospect-rss-feeds/iskam-da-znam.xml,OG,success,2025-11-29 14:02:27,Bulgaria,iskamdaznam.com,To Do,FALSE,,,FALSE,Newly discovered RSS feed
Haber Gazetesi,https://swelbyboy.github.io/prospect-rss-feeds/haber-gazetesi.xml,OG,success,2025-11-29 14:02:31,Turkey,habergazetesi.com.tr,To Do,FALSE,,,FALSE,Newly discovered RSS feed
KÁRPÁTALJA,https://swelbyboy.github.io/prospect-rss-feeds/kárpátalja.xml,OG,success,2025-11-29 14:02:33,Hungary,karpatalja.ma,To Do,FALSE,,,FALSE,Newly discovered RSS feed
Giortazo,-,N/A,-,,Greece,giortazo.gr,No feed generated,FALSE,,,FALSE,
Slobodna Bosna,-,N/A,-,,Bosnia and Herzegovina,slobodna-bosna.ba,No feed generated,FALSE,,,FALSE,
Damboviteanul,https://swelbyboy.github.io/prospect-rss-feeds/damboviteanul.xml,OG,success,2025-11-29 14:02:35,Romania,damboviteanul.com,To Do,FALSE,,,FALSE,Newly discovered RSS feed
Kozani,https://swelbyboy.github.io/prospect-rss-feeds/kozani.xml,OG,success,2025-11-29 14:02:41,Greece,kozani.tv,To Do,FALSE,,,FALSE,Newly discovered RSS feed
Dytikés Matiés,https://swelbyboy.github.io/prospect-rss-feeds/dytikés-matiés.xml,OG,success,2025-11-29 14:02:47,Greece,dytikesmaties.gr,To Do,FALSE,,,FALSE,Newly discovered RSS feed
Moja Kuhinja,https://swelbyboy.github.io/prospect-rss-feeds/moja-kuhinja.xml,RSS,success,2025-11-29 14:02:50,Croatia,domacikolaci.net,To Do,FALSE,,,FALSE,Newly discovered RSS feed
Evros News,-,OG,success,2025-11-29 14:02:53,Greece,evros-news.gr,No feed generated,FALSE,,,FALSE,Feed generation failed or no source feed found
Radio 5,-,N/A,-,,Poland,radio5.com.pl,No feed generated,FALSE,,,FALSE,
Bistriteanul.ro,https://swelbyboy.github.io/prospect-rss-feeds/bistriteanul-ro.xml,OG,success,2025-11-29 14:02:56,Romania,bistriteanul.ro,To Do,FALSE,,,FALSE,Newly discovered RSS feed
Shariful Rukon,-,N/A,-,,Bangladesh,ekusheypatrika.com,No feed generated,FALSE,,,FALSE,
Gaste24,-,N/A,-,,Turkey,gaste24.com,No feed generated,FALSE,,,FALSE,
Haromzsek,https://swelbyboy.github.io/prospect-rss-feeds/haromzsek.xml,OG,success,2025-11-29 14:02:59,Romania,3szek.ro,To Do,FALSE,,,FALSE,Newly discovered RSS feed
Dobojski Info,-,N/A,-,,Bosnia and Herzegovina,dobojski.info,No feed generated,FALSE,,,FALSE,
Torpedo Media,https://swelbyboy.github.io/prospect-rss-feeds/torpedo-media.xml,OG,success,2025-11-29 14:03:14,Croatia,torpedo.media,To Do,FALSE,,,FALSE,Newly discovered RSS feed
Kocaeli Denge,-,N/A,-,,Turkey,kocaelidenge.com,No feed generated,FALSE,,,FALSE,
tfipost.in,https://swelbyboy.github.io/prospect-rss-feeds/tfipost-in.xml,OG,success,2025-11-29 14:03:29,India,tfipost.in,To Do,FALSE,,,FALSE,Newly discovered RSS feed
Trebinje Danas,-,N/A,-,,Bosnia and Herzegovina,trebinjedanas.com,No feed generated,FALSE,,,FALSE,
Olympio Bima,https://swelbyboy.github.io/prospect-rss-feeds/olympio-bima.xml,OG,success,2025-11-29 14:03:35,Greece,olympiobima.gr,To Do,FALSE,,,FALSE,Newly discovered RSS feed
Gazetemizmir,https://swelbyboy.github.io/prospect-rss-feeds/gazetemizmir.xml,OG,success,2025-11-29 14:03:45,Turkey,gazetemizmir.com,To Do,FALSE,,,FALSE,Newly discovered RSS feed
Republica,https://swelbyboy.github.io/prospect-rss-feeds/republica.xml,OG,success,2025-11-29 14:03:51,Romania,republica.ro,To Do,FALSE,,,FALSE,Newly discovered RSS feed
Larisa City News,-,OG,success,2025-11-29 14:03:56,Greece,larisacitynews.gr,No feed generated,FALSE,,,FALSE,Feed generation failed or no source feed found
Piekno umyslu,https://swelbyboy.github.io/prospect-rss-feeds/piekno-umyslu.xml,OG,success,2025-11-29 14:04:06,Poland,pieknoumyslu.com,To Do,FALSE,,,FALSE,Newly discovered RSS feed
rama-prozor.info,https://swelbyboy.github.io/prospect-rss-feeds/rama-prozor-info.xml,OG,success,2025-11-29 14:04:10,Croatia,rama-prozor.info,To Do,FALSE,,,FALSE,Newly discovered RSS feed
The Bosnia TIMES,-,N/A,-,,Bosnia and Herzegovina,thebosniatimes.ba,No feed generated,FALSE,,,FALSE,
Transfery,https://swelbyboy.github.io/prospect-rss-feeds/transfery.xml,OG,success,2025-11-29 14:04:12,Poland,transfery.info,To Do,FALSE,,,FALSE,Newly discovered RSS feed
Showbiz Chika,https://swelbyboy.github.io/prospect-rss-feeds/showbiz-chika.xml,"OG (9), RSS (1)",success,2025-11-29 14:04:17,Philippines,showbizchika.net,To Do,FALSE,,,FALSE,Newly discovered RSS feed
DuList,https://swelbyboy.github.io/prospect-rss-feeds/dulist.xml,OG,success,2025-11-29 14:04:21,Croatia,dulist.hr,To Do,FALSE,,,FALSE,Newly discovered RSS feed
OTPOR.Media,https://swelbyboy.github.io/prospect-rss-feeds/otpor-media.xml,OG,success,2025-11-29 14:04:24,Croatia,otpor.media,To Do,FALSE,,,FALSE,Newly discovered RSS feed
KiKiNote,-,N/A,-,,Taiwan,kikinote.net,No feed generated,FALSE,,,FALSE,
"Вестник ""Посредник""",-,N/A,-,,Bulgaria,posredniknews.com,No feed generated,FALSE,,,FALSE,
Entertainment Corner,-,N/A,-,,India,entertainmentcorner.in,No feed generated,FALSE,,,FALSE,
94.9 Power FM,https://swelbyboy.github.io/prospect-rss-feeds/94-9-power-fm.xml,OG,success,2025-11-29 14:04:31,Australia,949powerfm.com.au,To Do,FALSE,,,FALSE,Newly discovered RSS feed
HamaraGhaziabad,-,N/A,-,,India,hamaraghaziabad.com,No feed generated,FALSE,,,FALSE,
Jobs in Nigeria Today,https://swelbyboy.github.io/prospect-rss-feeds/jobs-in-nigeria-today.xml,OG,success,2025-11-29 14:04:32,Nigeria,jobstoday.com.ng,To Do,FALSE,,,FALSE,Newly discovered RSS feed
Bolja Tuzla,-,N/A,-,,Bosnia and Herzegovina,boljatuzla.ba,No feed generated,FALSE,,,FALSE,
BB1.hu,https://swelbyboy.github.io/prospect-rss-feeds/bb1-hu.xml,OG,success,2025-11-29 14:04:35,Hungary,bball1.hu,To Do,FALSE,,,FALSE,Newly discovered RSS feed
Aapkarajasthan,https://swelbyboy.github.io/prospect-rss-feeds/aapkarajasthan.xml,OG,success,2025-11-29 14:04:42,India,aapkarajasthan.com,To Do,FALSE,,,FALSE,Newly discovered RSS feed
Alon.hu,https://swelbyboy.github.io/prospect-rss-feeds/alon-hu.xml,OG,success,2025-11-29 14:04:49,Hungary,alon.hu,To Do,FALSE,,,FALSE,Newly discovered RSS feed
Autovehicule Românești,-,N/A,-,,Romania,soferidinromania.ro,No feed generated,FALSE,,,FALSE,
Maine Stay Media,-,N/A,-,,United States,mainestaymedia.com,No feed generated,FALSE,,,FALSE,
inkhel.com,-,N/A,-,,India,inkhel.com,No feed generated,FALSE,,,FALSE,
almyrosinfo.gr,https://swelbyboy.github.io/prospect-rss-feeds/almyrosinfo-gr.xml,RSS,success,2025-11-29 14:05:14,Greece,almyrosinfo.gr,To Do,FALSE,,,FALSE,Newly discovered RSS feed
Daily Ajit,-,N/A,-,,India,ajitjalandhar.com,No feed generated,FALSE,,,FALSE,
Indulge,https://swelbyboy.github.io/prospect-rss-feeds/indulge.xml,OG,success,2025-11-29 14:05:20,India,indulgexpress.com,To Do,FALSE,,,FALSE,Newly discovered RSS feed
Bazaar Times,https://swelbyboy.github.io/prospect-rss-feeds/bazaar-times.xml,OG,success,2025-11-29 14:05:22,Turkey,bazaartimes.com,To Do,FALSE,,,FALSE,Newly discovered RSS feed
News Karnataka,https://swelbyboy.github.io/prospect-rss-feeds/news-karnataka.xml,OG,success,2025-11-29 14:05:44,India,newskarnataka.com,To Do,FALSE,,,FALSE,Newly discovered RSS feed
DEFY Wrestling,-,N/A,-,,United States,defywrestling.com,No feed generated,FALSE,,,FALSE,
Yo Vizag,-,N/A,-,,India,yovizag.com,No feed generated,FALSE,,,FALSE,
Thattukada,https://swelbyboy.github.io/prospect-rss-feeds/thattukada.xml,OG,success,2025-11-29 14:05:50,India,thattukada.org,To Do,FALSE,,,FALSE,Newly discovered RSS feed
Afyon Türkeli Gazetesi,https://swelbyboy.github.io/prospect-rss-feeds/afyon-türkeli-gazetesi.xml,OG,success,2025-11-29 14:05:57,Turkey,afyonturkeligazetesi.com,To Do,FALSE,,,FALSE,Newly discovered RSS feed
Calcutta News,-,N/A,-,,Bangladesh,calcuttanews.tv,No feed generated,FALSE,,,FALSE,
Kingbet,https://swelbyboy.github.io/prospect-rss-feeds/kingbet.xml,OG,success,2025-11-29 14:06:02,Greece,kingbet.net,To Do,FALSE,,,FALSE,Newly discovered RSS feed
De Schiedammer Online,-,N/A,-,,Netherlands,deschiedammeronline.nl,No feed generated,FALSE,,,FALSE,
Dsport.bg,https://swelbyboy.github.io/prospect-rss-feeds/dsport-bg.xml,OG,success,2025-11-29 14:06:07,Bulgaria,dsport.bg,To Do,FALSE,,,FALSE,Newly discovered RSS feed
kalamatatimes.gr,https://swelbyboy.github.io/prospect-rss-feeds/kalamatatimes-gr.xml,OG,success,2025-11-29 14:06:10,Greece,kalamatatimes.gr,To Do,FALSE,,,FALSE,Newly discovered RSS feed
Argo Nafplia,-,N/A,-,,Greece,argonafplia.gr,No feed generated,FALSE,,,FALSE,
Ajker Sylhet,-,N/A,-,,United Kingdom,ajkersylhet.com,No feed generated,FALSE,,,FALSE,
7 IASI,https://swelbyboy.github.io/prospect-rss-feeds/7-iasi.xml,OG,success,2025-11-29 14:06:13,Romania,7iasi.ro,To Do,FALSE,,,FALSE,Newly discovered RSS feed
India Herald Group of Publshers P Limited,https://swelbyboy.github.io/prospect-rss-feeds/india-herald-group-of-publshers-p-limited.xml,RSS,success,2025-11-29 14:06:15,India,indiaherald.com,To Do,FALSE,,,FALSE,Newly discovered RSS feed
Lipscomb Bisons,https://swelbyboy.github.io/prospect-rss-feeds/lipscomb-bisons.xml,OG,success,2025-11-29 11:47:44,United States,lipscombsports.com,To Do,FALSE,,,FALSE,Newly discovered RSS feed
EBS Radio,https://swelbyboy.github.io/prospect-rss-feeds/ebs-radio.xml,OG,success,2025-11-29 14:06:23,Romania,ebsradio.ro,To Do,FALSE,,,FALSE,Newly discovered RSS feed
Novinarnik,https://swelbyboy.github.io/prospect-rss-feeds/novinarnik.xml,OG,success,2025-11-29 14:06:28,Bulgaria,novinarnik.bg,To Do,FALSE,,,FALSE,Newly discovered RSS feed
TreloKouneli,https://swelbyboy.github.io/prospect-rss-feeds/trelokouneli.xml,OG,success,2025-11-29 14:06:35,Greece,trelokouneli.gr,To Do,FALSE,,,FALSE,Newly discovered RSS feed
Dakshin Bharat Rashtramat | The Hindi Daily,https://swelbyboy.github.io/prospect-rss-feeds/dakshin-bharat-rashtramat---the-hindi-daily.xml,OG,success,2025-11-29 14:07:13,India,dakshinbharat.com,To Do,FALSE,,,FALSE,Newly discovered RSS feed
Wyspa,https://swelbyboy.github.io/prospect-rss-feeds/wyspa.xml,OG,success,2025-11-29 14:07:25,Poland,wyspa.fm,To Do,FALSE,,,FALSE,Newly discovered RSS feed
Rewa Riyasat,https://swelbyboy.github.io/prospect-rss-feeds/rewa-riyasat.xml,OG,success,2025-11-29 14:07:31,India,rewariyasat.com,To Do,FALSE,,,FALSE,Newly discovered RSS feed
Békés Mátrix,-,N/A,-,,Hungary,bekesmatrix.hu,No feed generated,FALSE,,,FALSE,
Vima Orthodoxias,-,N/A,-,,Greece,vimaorthodoxias.gr,No feed generated,FALSE,,,FALSE,
Calisia,-,N/A,-,,Poland,calisia.pl,No feed generated,FALSE,,,FALSE,
Tennis.bg,https://swelbyboy.github.io/prospect-rss-feeds/tennis-bg.xml,OG,success,2025-11-29 14:07:34,Bulgaria,tennis.bg,To Do,FALSE,,,FALSE,Newly discovered RSS feed
Just for Jokes and Fun,https://swelbyboy.github.io/prospect-rss-feeds/just-for-jokes-and-fun.xml,OG,success,2025-11-29 11:47:46,United States,justfun247.com,To Do,FALSE,,,FALSE,Newly discovered RSS feed
Danica.hr,-,N/A,-,,Croatia,danica.hr,No feed generated,FALSE,,,FALSE,
Proinos Typos,https://swelbyboy.github.io/prospect-rss-feeds/proinos-typos.xml,OG,success,2025-11-29 14:07:45,Greece,proinos-typos.gr,To Do,FALSE,,,FALSE,Newly discovered RSS feed
620 CKRM,https://swelbyboy.github.io/prospect-rss-feeds/620-ckrm.xml,OG,success,2025-12-02 11:51:42,United States,620ckrm.com,To Do,FALSE,,,FALSE,Newly discovered RSS feed
СВОБОДНО СЛОВО,https://swelbyboy.github.io/prospect-rss-feeds/свободно-слово.xml,OG,success,2025-11-29 14:07:48,Bulgaria,svobodnoslovo.eu,To Do,FALSE,,,FALSE,Newly discovered RSS feed
照護線上,-,N/A,-,,Taiwan,careonline.com.tw,No feed generated,FALSE,,,FALSE,
Europost.gr,https://swelbyboy.github.io/prospect-rss-feeds/europost-gr.xml,OG,success,2025-11-29 14:07:51,Greece,europost.gr,To Do,FALSE,,,FALSE,Newly discovered RSS feed
Progressive Railroading,-,N/A,-,,United States,progressiverailroading.com,No feed generated,FALSE,,,FALSE,
Bună Ziua Făgăraș,https://swelbyboy.github.io/prospect-rss-feeds/bună-ziua-făgăraș.xml,OG,success,2025-12-02 11:51:47,Romania,bunaziuafagaras.ro,To Do,FALSE,,,FALSE,Newly discovered RSS feed
Manisa Denge Gazetesi,https://swelbyboy.github.io/prospect-rss-feeds/manisa-denge-gazetesi.xml,OG,success,2025-11-29 14:07:54,Turkey,manisadenge.com,To Do,FALSE,,,FALSE,Newly discovered RSS feed
Millennium Post,https://swelbyboy.github.io/prospect-rss-feeds/millennium-post.xml,OG,success,2025-11-29 14:08:00,India,millenniumpost.in,To Do,FALSE,,,FALSE,Newly discovered RSS feed
The North-Eastern Chronicle,-,N/A,-,,India,northeasternchronicle.in,No feed generated,FALSE,,,FALSE,
eTV,-,N/A,-,,Bulgaria,etv.bg,No feed generated,FALSE,,,FALSE,
ABC Medya,-,N/A,-,,Turkey,fotospor.com,No feed generated,FALSE,,,FALSE,
The Celtic Star,https://swelbyboy.github.io/prospect-rss-feeds/the-celtic-star.xml,OG,success,2025-11-29 11:47:48,United Kingdom,thecelticstar.com,To Do,FALSE,,,FALSE,Newly discovered RSS feed
Ziarul Rasunetul,https://swelbyboy.github.io/prospect-rss-feeds/ziarul-rasunetul.xml,OG,success,2025-11-29 14:08:02,Romania,rasunetul.ro,To Do,FALSE,,,FALSE,Newly discovered RSS feed
News Bengaluru Media,https://swelbyboy.github.io/prospect-rss-feeds/news-bengaluru-media.xml,OG,success,2025-11-29 14:08:31,India,newsbengaluru.com,To Do,FALSE,,,FALSE,Newly discovered RSS feed
DayNight.gr,https://swelbyboy.github.io/prospect-rss-feeds/daynight-gr.xml,OG,success,2025-11-29 14:08:40,Greece,daynight.gr,To Do,FALSE,,,FALSE,Newly discovered RSS feed
Zi de Zi,https://swelbyboy.github.io/prospect-rss-feeds/zi-de-zi.xml,OG,success,2025-11-29 14:08:49,Romania,zi-de-zi.ro,To Do,FALSE,,,FALSE,Newly discovered RSS feed
Aktuelno.ba,https://swelbyboy.github.io/prospect-rss-feeds/aktuelno-ba.xml,OG,success,2025-11-29 14:08:58,Bosnia and Herzegovina,aktuelno.ba,To Do,FALSE,,,FALSE,Newly discovered RSS feed
Arad24,https://swelbyboy.github.io/prospect-rss-feeds/arad24.xml,OG,success,2025-11-29 14:09:10,Romania,arad24.net,To Do,FALSE,,,FALSE,Newly discovered RSS feed
Gündem Gazetesidir,-,N/A,-,,Turkey,gundemgazetesi.com,No feed generated,FALSE,,,FALSE,
Catholica Ro,https://swelbyboy.github.io/prospect-rss-feeds/catholica-ro.xml,OG,success,2025-11-29 14:09:16,Romania,catholica.ro,To Do,FALSE,,,FALSE,Newly discovered RSS feed
TrebinjeLive,-,N/A,-,,Serbia,trebinjelive.info,No feed generated,FALSE,,,FALSE,
Bakan Soyer,https://swelbyboy.github.io/prospect-rss-feeds/bakan-soyer.xml,OG,success,2025-11-29 14:09:20,Turkey,egedesonsoz.com,To Do,FALSE,,,FALSE,Newly discovered RSS feed
Takvim,-,N/A,-,,Turkey,takvim.com.tr,No feed generated,FALSE,,,FALSE,
Notos Press,https://swelbyboy.github.io/prospect-rss-feeds/notos-press.xml,OG,success,2025-11-29 14:09:23,Greece,notospress.gr,To Do,FALSE,,,FALSE,Newly discovered RSS feed
Bevezetem,https://swelbyboy.github.io/prospect-rss-feeds/bevezetem.xml,OG,success,2025-11-29 14:09:27,Hungary,bevezetem.eu,To Do,FALSE,,,FALSE,Newly discovered RSS feed
TechGenyz,https://swelbyboy.github.io/prospect-rss-feeds/techgenyz.xml,OG,success,2025-11-29 14:09:37,India,techgenyz.com,To Do,FALSE,,,FALSE,Newly discovered RSS feed
Brighter Kashmir,-,N/A,-,,India,brighterkashmir.com,No feed generated,FALSE,,,FALSE,
Khabar Times,https://swelbyboy.github.io/prospect-rss-feeds/khabar-times.xml,OG,success,2025-11-29 14:09:43,India,khabartimes24.com,To Do,FALSE,,,FALSE,Newly discovered RSS feed
Ntv Telugu,https://swelbyboy.github.io/prospect-rss-feeds/ntv-telugu.xml,OG,success,2025-11-29 14:09:51,India,ntvtelugu.com,To Do,FALSE,,,FALSE,Newly discovered RSS feed
Akta.ba,https://swelbyboy.github.io/prospect-rss-feeds/akta-ba.xml,OG,success,2025-11-29 14:10:07,Bosnia and Herzegovina,akta.ba,To Do,FALSE,,,FALSE,Newly discovered RSS feed
Diarios Cambios Florida,https://swelbyboy.github.io/prospect-rss-feeds/diarios-cambios-florida.xml,OG,success,2025-11-29 11:47:53,United States,diariocambios.com,To Do,FALSE,,,FALSE,Newly discovered RSS feed
bd24entertainment,https://swelbyboy.github.io/prospect-rss-feeds/bd24entertainment.xml,OG,success,2025-11-29 14:10:17,Bangladesh,bd24report.com,To Do,FALSE,,,FALSE,Newly discovered RSS feed
IstraIN,-,N/A,-,,Croatia,istrain.hr,No feed generated,FALSE,,,FALSE,
Travel to Transylvania,https://swelbyboy.github.io/prospect-rss-feeds/travel-to-transylvania.xml,OG,success,2025-11-29 14:10:25,Hungary,traveltotransylvania.hu,To Do,FALSE,,,FALSE,Newly discovered RSS feed
cnanews24.com,https://swelbyboy.github.io/prospect-rss-feeds/cnanews24-com.xml,OG,success,2025-11-29 14:10:30,Bangladesh,cnanews24.com,To Do,FALSE,,,FALSE,Newly discovered RSS feed
Enjoy the Black Hills,https://swelbyboy.github.io/prospect-rss-feeds/enjoy-the-black-hills.xml,OG,success,2025-11-29 11:47:55,United States,howtoenjoytheblackhills.com,To Do,FALSE,,,FALSE,Newly discovered RSS feed
GMinfo.rs,https://swelbyboy.github.io/prospect-rss-feeds/gminfo-rs.xml,OG,success,2025-11-29 14:10:32,Serbia,gminfo.rs,To Do,FALSE,,,FALSE,Newly discovered RSS feed
Gargalianoionline,https://swelbyboy.github.io/prospect-rss-feeds/gargalianoionline.xml,OG,success,2025-11-29 14:10:38,Greece,gargalianoionline.gr,To Do,FALSE,,,FALSE,Newly discovered RSS feed
103.7 The Loon,https://swelbyboy.github.io/prospect-rss-feeds/103-7-the-loon.xml,OG,success,2025-11-29 11:47:59,United States,1037theloon.com,To Do,FALSE,,,FALSE,Newly discovered RSS feed
Konflikty.pl,https://swelbyboy.github.io/prospect-rss-feeds/konflikty-pl.xml,OG,success,2025-11-29 14:10:47,Poland,konflikty.pl,To Do,FALSE,,,FALSE,Newly discovered RSS feed
Peloponnisos Newspaper,https://swelbyboy.github.io/prospect-rss-feeds/peloponnisos-newspaper.xml,OG,success,2025-11-29 14:10:50,Greece,pelop.gr,To Do,FALSE,,,FALSE,Newly discovered RSS feed
Drukčiji Radio,-,N/A,-,,Bosnia and Herzegovina,drukciji.ba,No feed generated,FALSE,,,FALSE,
Diktyo TV,https://swelbyboy.github.io/prospect-rss-feeds/diktyo-tv.xml,OG,success,2025-11-29 14:11:09,Greece,diktyotv.gr,To Do,FALSE,,,FALSE,Newly discovered RSS feed
Jumper News,https://swelbyboy.github.io/prospect-rss-feeds/jumper-news.xml,OG,success,2025-11-29 11:48:07,United States,jumpernews.com,To Do,FALSE,,,FALSE,Newly discovered RSS feed
Punked.gr,-,N/A,-,,Greece,punked.gr,No feed generated,FALSE,,,FALSE,
Ghost Cult Magazine,-,N/A,-,,United Arab Emirates,ghostcultmag.com,No feed generated,FALSE,,,FALSE,
Codziennik Mlawski,https://swelbyboy.github.io/prospect-rss-feeds/codziennik-mlawski.xml,OG,success,2025-11-29 14:11:15,Poland,codziennikmlawski.pl,To Do,FALSE,,,FALSE,Newly discovered RSS feed
Panhandle Post,-,N/A,-,,United States,panhandlepost.com,No feed generated,FALSE,,,FALSE,
Agrárszektor.hu,https://swelbyboy.github.io/prospect-rss-feeds/agrárszektor-hu.xml,OG,success,2025-11-29 14:11:18,Hungary,agrarszektor.hu,To Do,FALSE,,,FALSE,Newly discovered RSS feed
Cretan Magazine,https://swelbyboy.github.io/prospect-rss-feeds/cretan-magazine.xml,OG,success,2025-11-29 14:11:27,Greece,cretanmagazine.gr,To Do,FALSE,,,FALSE,Newly discovered RSS feed
KCHI,https://swelbyboy.github.io/prospect-rss-feeds/kchi.xml,OG,success,2025-11-29 11:48:10,United States,kchi.com,To Do,FALSE,,,FALSE,Newly discovered RSS feed
Blue Arena,https://swelbyboy.github.io/prospect-rss-feeds/blue-arena.xml,OG,success,2025-11-29 14:11:30,Greece,bluearena.gr,To Do,FALSE,,,FALSE,Newly discovered RSS feed
DrenicaOnline,https://swelbyboy.github.io/prospect-rss-feeds/drenicaonline.xml,OG,success,2025-11-29 14:11:41,Serbia,drenicaonline.com,To Do,FALSE,,,FALSE,Newly discovered RSS feed
Biker Spirit Magazine,https://swelbyboy.github.io/prospect-rss-feeds/biker-spirit-magazine.xml,OG,success,2025-11-29 14:11:57,Greece,bikerspirit.net,To Do,FALSE,,,FALSE,Newly discovered RSS feed
Carzine.gr,-,N/A,-,,Greece,carzine.gr,No feed generated,FALSE,,,FALSE,
CAAN Design,https://swelbyboy.github.io/prospect-rss-feeds/caan-design.xml,OG,success,2025-11-29 11:48:13,United States,caandesign.com,To Do,FALSE,,,FALSE,Newly discovered RSS feed
Frog News,https://swelbyboy.github.io/prospect-rss-feeds/frog-news.xml,OG,success,2025-11-29 14:12:01,Bulgaria,frognews.bg,To Do,FALSE,,,FALSE,Newly discovered RSS feed
Shumen Television,https://swelbyboy.github.io/prospect-rss-feeds/shumen-television.xml,OG,success,2025-12-02 11:39:50,Bulgaria,tvshumen.bg,To Do,FALSE,,,FALSE,Newly discovered RSS feed
Tygodnik Solidarność,-,N/A,-,,Poland,tysol.pl,No feed generated,FALSE,,,FALSE,
HELLÓ Nyíregyháza,-,N/A,-,,Hungary,hellonyiregyhaza.hu,No feed generated,FALSE,,,FALSE,
Katharine McPhee News,https://swelbyboy.github.io/prospect-rss-feeds/katharine-mcphee-news.xml,OG,success,2025-11-29 11:48:14,United States,katharinemcphee.net,To Do,FALSE,,,FALSE,Newly discovered RSS feed
Care of Media,-,N/A,-,,India,careofmedia.com,No feed generated,FALSE,,,FALSE,
Galway Daily,https://swelbyboy.github.io/prospect-rss-feeds/galway-daily.xml,OG,success,2025-11-29 14:12:40,Ireland,galwaydaily.com,To Do,FALSE,,,FALSE,Newly discovered RSS feed
TeamPilipinas,https://swelbyboy.github.io/prospect-rss-feeds/teampilipinas.xml,"OG (7), RSS (3)",success,2025-11-29 14:12:46,Philippines,teampilipinas.info,To Do,FALSE,,,FALSE,Newly discovered RSS feed
Goalpost.gr,https://swelbyboy.github.io/prospect-rss-feeds/goalpost-gr.xml,OG,success,2025-11-29 14:12:50,Greece,goalpost.gr,To Do,FALSE,,,FALSE,Newly discovered RSS feed
zaPernik.com,https://swelbyboy.github.io/prospect-rss-feeds/zapernik-com.xml,OG,success,2025-11-29 14:13:01,Bulgaria,zapernik.com,To Do,FALSE,,,FALSE,Newly discovered RSS feed
MediaFokus,https://swelbyboy.github.io/prospect-rss-feeds/mediafokus.xml,OG,success,2025-11-29 14:13:08,Serbia,mediafokus.info,To Do,FALSE,,,FALSE,Newly discovered RSS feed
Fashion PULIS,https://swelbyboy.github.io/prospect-rss-feeds/fashion-pulis.xml,OG,success,2025-11-29 14:13:12,Philippines,fashionpulis.com,To Do,FALSE,,,FALSE,Newly discovered RSS feed
Geek Girl Authority,https://swelbyboy.github.io/prospect-rss-feeds/geek-girl-authority.xml,OG,success,2025-11-29 11:48:17,United States,geekgirlauthority.com,To Do,FALSE,,,FALSE,Newly discovered RSS feed
Androgeek,https://swelbyboy.github.io/prospect-rss-feeds/androgeek.xml,OG,success,2025-11-29 14:13:15,Hungary,androgeek.hu,To Do,FALSE,,,FALSE,Newly discovered RSS feed
Agiaparaskevi Guide,https://swelbyboy.github.io/prospect-rss-feeds/agiaparaskevi-guide.xml,OG,success,2025-11-29 14:13:17,Greece,agiaparaskevi-guide.gr,To Do,FALSE,,,FALSE,Newly discovered RSS feed
Radio Romania Oltenia-Craiova,-,N/A,-,,Romania,radiooltenia.ro,No feed generated,FALSE,,,FALSE,
James Cameron Online,-,N/A,-,,United States,jamescamerononline.com,No feed generated,FALSE,,,FALSE,
CKSport.pl,-,N/A,-,,Poland,cksport.pl,No feed generated,FALSE,,,FALSE,
Kosnews24.gr,-,N/A,-,,Greece,kosnews24.gr,No feed generated,FALSE,,,FALSE,
Cityportal.hr,https://swelbyboy.github.io/prospect-rss-feeds/cityportal-hr.xml,OG,success,2025-11-29 14:13:32,Croatia,cityportal.hr,To Do,FALSE,,,FALSE,Newly discovered RSS feed
"Viva 88,3 FM",https://swelbyboy.github.io/prospect-rss-feeds/viva-88-3-fm.xml,OG,success,2025-11-29 14:13:39,Greece,viva883.gr,To Do,FALSE,,,FALSE,Newly discovered RSS feed
e-krajna,-,N/A,-,,Poland,e-krajna.pl,No feed generated,FALSE,,,FALSE,
Iapopsi,-,N/A,-,,Greece,iapopsi.gr,No feed generated,FALSE,,,FALSE,
BG Independent Media,-,N/A,-,,United States,bgindependentmedia.org,No feed generated,FALSE,,,FALSE,
iCook,https://swelbyboy.github.io/prospect-rss-feeds/icook.xml,OG,success,2025-11-29 14:13:44,Taiwan,icook.tw,To Do,FALSE,,,FALSE,Newly discovered RSS feed
Dhaka Post,-,N/A,-,,Bangladesh,thedhakapost.com,No feed generated,FALSE,,,FALSE,
Radio Trebinje,-,N/A,-,,Bosnia and Herzegovina,radiotrebinje.com,No feed generated,FALSE,,,FALSE,
E Communications,https://swelbyboy.github.io/prospect-rss-feeds/e-communications.xml,OG,success,2025-11-29 11:48:20,United States,ecommnewsnetwork.com,To Do,FALSE,,,FALSE,Newly discovered RSS feed
Ferata,https://swelbyboy.github.io/prospect-rss-feeds/ferata.xml,OG,success,2025-11-29 14:13:48,Croatia,ferata.hr,To Do,FALSE,,,FALSE,Newly discovered RSS feed
Festhome,https://swelbyboy.github.io/prospect-rss-feeds/festhome.xml,OG,success,2025-11-29 11:48:24,United Kingdom,festhome.com,To Do,FALSE,,,FALSE,Newly discovered RSS feed
Argument,https://swelbyboy.github.io/prospect-rss-feeds/argument.xml,OG,success,2025-11-29 14:13:55,Romania,argument.ro,To Do,FALSE,,,FALSE,Newly discovered RSS feed
Gentikoule.gr,-,N/A,-,,Greece,gentikoule.gr,No feed generated,FALSE,,,FALSE,
Crimesite,https://swelbyboy.github.io/prospect-rss-feeds/crimesite.xml,OG,success,2025-11-29 14:14:02,Netherlands,crimesite.nl,To Do,FALSE,,,FALSE,Newly discovered RSS feed
Inspired By Maps,-,N/A,-,,United States,inspiredbymaps.com,No feed generated,FALSE,,,FALSE,
Catholic.net,-,N/A,-,,Bangladesh,catholic.net,No feed generated,FALSE,,,FALSE,
Global Rubber Market,-,N/A,-,,United States,globalrubbermarkets.com,No feed generated,FALSE,,,FALSE,
ELF Voetbal,https://swelbyboy.github.io/prospect-rss-feeds/elf-voetbal.xml,OG,success,2025-11-29 14:14:06,Netherlands,elfvoetbal.nl,To Do,FALSE,,,FALSE,Newly discovered RSS feed
TVNovini.bg,-,N/A,-,,Bulgaria,tvnovini.bg,No feed generated,FALSE,,,FALSE,
DitisRoden.nl,-,N/A,-,,Netherlands,ditisroden.nl,No feed generated,FALSE,,,FALSE,
Topiasi,-,N/A,-,,Romania,topiasi.ro,No feed generated,FALSE,,,FALSE,
GrevenaMedia,https://swelbyboy.github.io/prospect-rss-feeds/grevenamedia.xml,OG,success,2025-11-29 14:14:14,Greece,grevenamedia.gr,To Do,FALSE,,,FALSE,Newly discovered RSS feed
Uniquenews24.com,https://swelbyboy.github.io/prospect-rss-feeds/uniquenews24-com.xml,OG,success,2025-11-29 14:14:17,India,uniquenews24.com,To Do,FALSE,,,FALSE,Newly discovered RSS feed
DailyPost.gr,https://swelbyboy.github.io/prospect-rss-feeds/dailypost-gr.xml,OG,success,2025-11-29 14:14:20,Greece,dailypost.gr,To Do,FALSE,,,FALSE,Newly discovered RSS feed
Marosvásárhelyi Rádió,https://swelbyboy.github.io/prospect-rss-feeds/marosvásárhelyi-rádió.xml,OG,success,2025-11-29 14:14:28,Romania,marosvasarhelyiradio.ro,To Do,FALSE,,,FALSE,Newly discovered RSS feed
Gerçek İzmir,-,N/A,-,,Turkey,gercekizmir.com,No feed generated,FALSE,,,FALSE,
Hip-HopVibe.com,https://swelbyboy.github.io/prospect-rss-feeds/hip-hopvibe-com.xml,OG,success,2025-11-29 11:48:25,United States,hip-hopvibe.com,To Do,FALSE,,,FALSE,Newly discovered RSS feed
The Newspaper Greece,https://swelbyboy.github.io/prospect-rss-feeds/the-newspaper-greece.xml,OG,success,2025-11-29 14:14:34,Greece,thenewspaper.gr,To Do,FALSE,,,FALSE,Newly discovered RSS feed
LamiaReport.gr,https://swelbyboy.github.io/prospect-rss-feeds/lamiareport-gr.xml,OG,success,2025-11-29 14:14:36,Greece,lamiareport.gr,To Do,FALSE,,,FALSE,Newly discovered RSS feed
Kozan.gr,-,N/A,-,,Greece,kozan.gr,No feed generated,FALSE,,,FALSE,
harga.web.id,-,N/A,-,,Indonesia,harga.web.id,No feed generated,FALSE,,,FALSE,
vreslarisa.gr,https://swelbyboy.github.io/prospect-rss-feeds/vreslarisa-gr.xml,OG,success,2025-11-29 14:14:40,Greece,vreslarisa.gr,To Do,FALSE,,,FALSE,Newly discovered RSS feed
Haber54,-,N/A,failed,2025-11-29 14:14:40,Turkey,haber54.com.tr,No feed generated,FALSE,,,FALSE,Feed generation failed or no source feed found
Japan Elite,-,N/A,-,,Poland,japanelite.pl,No feed generated,FALSE,,,FALSE,
QuizPost,https://swelbyboy.github.io/prospect-rss-feeds/quizpost.xml,OG,success,2025-11-29 11:48:26,United States,quizpost.me,To Do,FALSE,,,FALSE,Newly discovered RSS feed
Oakland County Times,-,N/A,-,,United States,oaklandcounty115.com,No feed generated,FALSE,,,FALSE,
Pireasnews.gr,https://swelbyboy.github.io/prospect-rss-feeds/pireasnews-gr.xml,OG,success,2025-11-29 14:14:54,Greece,pireasnews.gr,To Do,FALSE,,,FALSE,Newly discovered RSS feed
oraiokastro24.gr,-,N/A,-,,Greece,oraiokastro24.gr,No feed generated,FALSE,,,FALSE,
Daily Driven,-,N/A,-,,Romania,dailydriven.ro,No feed generated,FALSE,,,FALSE,
Skala Times,-,N/A,-,,Greece,skalatimes.com,No feed generated,FALSE,,,FALSE,
Punctul,https://swelbyboy.github.io/prospect-rss-feeds/punctul.xml,OG,success,2025-11-29 14:14:59,Romania,punctul.ro,To Do,FALSE,,,FALSE,Newly discovered RSS feed
Palakkad News,-,N/A,-,,India,palakkadnews.in,No feed generated,FALSE,,,FALSE,
BD Sylhet News,https://swelbyboy.github.io/prospect-rss-feeds/bd-sylhet-news.xml,OG,success,2025-11-29 14:15:14,Bangladesh,bdsylhetnews.net,To Do,FALSE,,,FALSE,Newly discovered RSS feed
Turkinfo Hollanda Türk haber,https://swelbyboy.github.io/prospect-rss-feeds/turkinfo-hollanda-türk-haber.xml,OG,success,2025-11-29 14:15:26,Netherlands,turkinfo.nl,To Do,FALSE,,,FALSE,Newly discovered RSS feed
Monitorul de Neamț și Roman,https://swelbyboy.github.io/prospect-rss-feeds/monitorul-de-neamț-și-roman.xml,OG,success,2025-11-29 14:15:27,Romania,monitorulneamt.ro,To Do,FALSE,,,FALSE,Newly discovered RSS feed
Argolikes Eideseis,https://swelbyboy.github.io/prospect-rss-feeds/argolikes-eideseis.xml,OG,success,2025-11-29 14:15:40,Greece,argolikeseidhseis.gr,To Do,FALSE,,,FALSE,Newly discovered RSS feed
PTTL,-,N/A,-,,Greece,pttl.gr,No feed generated,FALSE,,,FALSE,
Karatzova,https://swelbyboy.github.io/prospect-rss-feeds/karatzova.xml,OG,success,2025-11-29 14:15:44,Greece,karatzova.com,To Do,FALSE,,,FALSE,Newly discovered RSS feed
Maistros Newspaper,-,N/A,-,,Greece,e-maistros.gr,No feed generated,FALSE,,,FALSE,
depart.gr,https://swelbyboy.github.io/prospect-rss-feeds/depart-gr.xml,OG,success,2025-11-29 14:16:20,Greece,depart.gr,To Do,FALSE,,,FALSE,Newly discovered RSS feed
Ora de Mediaș,https://swelbyboy.github.io/prospect-rss-feeds/ora-de-mediaș.xml,OG,success,2025-11-29 14:16:24,Romania,orademedias.ro,To Do,FALSE,,,FALSE,Newly discovered RSS feed
Phoronix,https://swelbyboy.github.io/prospect-rss-feeds/phoronix.xml,OG,success,2025-11-29 11:48:28,United States,phoronix.com,To Do,FALSE,,,FALSE,Newly discovered RSS feed
Kárpátalja hetilap,https://swelbyboy.github.io/prospect-rss-feeds/kárpátalja-hetilap.xml,OG,success,2025-11-29 14:16:28,Hungary,karpataljalap.net,To Do,FALSE,,,FALSE,Newly discovered RSS feed
River Country News,-,N/A,-,,United States,rivercountrynews.com,No feed generated,FALSE,,,FALSE,
The Billfold,-,N/A,-,,United States,thebillfold.com,No feed generated,FALSE,,,FALSE,
Peel en Maas Venray,-,N/A,-,,Netherlands,peelenmaasvenray.nl,No feed generated,FALSE,,,FALSE,
Beograduzivo,https://swelbyboy.github.io/prospect-rss-feeds/beograduzivo.xml,OG,success,2025-11-29 14:16:31,Serbia,beograduzivo.rs,To Do,FALSE,,,FALSE,Newly discovered RSS feed
Arion Radio,https://swelbyboy.github.io/prospect-rss-feeds/arion-radio.xml,OG,success,2025-11-29 14:16:35,Greece,arionradio.com,To Do,FALSE,,,FALSE,Newly discovered RSS feed
iAfrica,https://swelbyboy.github.io/prospect-rss-feeds/iafrica.xml,OG,success,2025-11-29 14:16:59,South Africa,iafrica.com,To Do,FALSE,,,FALSE,Newly discovered RSS feed
Mostarski.ba,https://swelbyboy.github.io/prospect-rss-feeds/mostarski-ba.xml,OG,success,2025-11-29 14:17:05,Bosnia and Herzegovina,mostarski.ba,To Do,FALSE,,,FALSE,Newly discovered RSS feed
Pi kanal,https://swelbyboy.github.io/prospect-rss-feeds/pi-kanal.xml,OG,success,2025-11-29 14:17:10,Serbia,pikanal.rs,To Do,FALSE,,,FALSE,Newly discovered RSS feed
Yellow Brick Cinema,-,N/A,-,,United States,yellowbrickcinema.com,No feed generated,FALSE,,,FALSE,
Express de Banat,https://swelbyboy.github.io/prospect-rss-feeds/express-de-banat.xml,OG,success,2025-11-29 14:17:10,Romania,expressdebanat.ro,To Do,FALSE,,,FALSE,Newly discovered RSS feed
Millet Gazetesi,https://swelbyboy.github.io/prospect-rss-feeds/millet-gazetesi.xml,OG,success,2025-11-29 14:17:17,Greece,milletgazetesi.gr,To Do,FALSE,,,FALSE,Newly discovered RSS feed
deal.com.mt,-,N/A,-,,Malta,deal.com.mt,No feed generated,FALSE,,,FALSE,
KampenOnline,https://swelbyboy.github.io/prospect-rss-feeds/kampenonline.xml,RSS,success,2025-11-29 14:17:21,Netherlands,kampenonline.nl,To Do,FALSE,,,FALSE,Newly discovered RSS feed
Bolec.Info,-,N/A,-,,Poland,bolec.info,No feed generated,FALSE,,,FALSE,
Allrounder,https://swelbyboy.github.io/prospect-rss-feeds/allrounder.xml,OG,success,2025-11-29 14:17:48,Bangladesh,allrounderbd.com,To Do,FALSE,,,FALSE,Newly discovered RSS feed
Preveza TODAY,https://swelbyboy.github.io/prospect-rss-feeds/preveza-today.xml,OG,success,2025-11-29 14:17:55,Greece,prevezatoday.gr,To Do,FALSE,,,FALSE,Newly discovered RSS feed
Olawa24,-,N/A,-,,Poland,olawa24.pl,No feed generated,FALSE,,,FALSE,
Εργατική Αλληλεγγύη,-,N/A,-,,Greece,ergatiki.gr,No feed generated,FALSE,,,FALSE,
Portal na Plus,https://swelbyboy.github.io/prospect-rss-feeds/portal-na-plus.xml,OG,success,2025-11-29 14:18:06,Poland,portalnaplus.pl,To Do,FALSE,,,FALSE,Newly discovered RSS feed
NOIZZ.hu,https://swelbyboy.github.io/prospect-rss-feeds/noizz-hu.xml,OG,success,2025-11-29 14:18:11,Hungary,noizz.hu,To Do,FALSE,,,FALSE,Newly discovered RSS feed
Palmos News,https://swelbyboy.github.io/prospect-rss-feeds/palmos-news.xml,OG,success,2025-11-29 14:18:13,Greece,palmosnews.gr,To Do,FALSE,,,FALSE,Newly discovered RSS feed
Layout.gr,https://swelbyboy.github.io/prospect-rss-feeds/layout-gr.xml,OG,success,2025-11-29 14:18:28,Greece,lay-out.gr,To Do,FALSE,,,FALSE,Newly discovered RSS feed
Westerwolde Actueel,https://swelbyboy.github.io/prospect-rss-feeds/westerwolde-actueel.xml,OG,success,2025-11-29 14:18:53,Netherlands,westerwoldeactueel.nl,To Do,FALSE,,,FALSE,Newly discovered RSS feed
Texelse Courant,-,N/A,-,,Netherlands,texelsecourant.nl,No feed generated,FALSE,,,FALSE,
Economic Confidential,https://swelbyboy.github.io/prospect-rss-feeds/economic-confidential.xml,OG,success,2025-11-29 14:18:53,Nigeria,economicconfidential.com,To Do,FALSE,,,FALSE,Newly discovered RSS feed
TV Zona Plus,https://swelbyboy.github.io/prospect-rss-feeds/tv-zona-plus.xml,OG,success,2025-11-29 14:19:06,Serbia,tvzonaplus.rs,To Do,FALSE,,,FALSE,Newly discovered RSS feed
Kids&Go Wyjazdy z dziećmi,https://swelbyboy.github.io/prospect-rss-feeds/kids-go-wyjazdy-z-dziećmi.xml,OG,success,2025-11-29 14:19:21,Poland,kidsandgo.pl,To Do,FALSE,,,FALSE,Newly discovered RSS feed
Worthy Talk BD,-,N/A,-,,Bangladesh,worthytalkbd.com,No feed generated,FALSE,,,FALSE,
West Wales Chronicle,-,N/A,-,,United Kingdom,westwaleschronicle.co.uk,No feed generated,FALSE,,,FALSE,
bilgoraj.com.pl,-,N/A,-,,Poland,bilgoraj.com.pl,No feed generated,FALSE,,,FALSE,
JobAlert.ie,-,N/A,-,,Ireland,jobalert.ie,No feed generated,FALSE,,,FALSE,
Timisoara Bulletin,https://swelbyboy.github.io/prospect-rss-feeds/timisoara-bulletin.xml,OG,success,2025-11-29 14:19:24,Romania,buletindetimisoara.ro,To Do,FALSE,,,FALSE,Newly discovered RSS feed
twojradom.pl,https://swelbyboy.github.io/prospect-rss-feeds/twojradom-pl.xml,OG,success,2025-11-29 14:19:27,Poland,twojradom.pl,To Do,FALSE,,,FALSE,Newly discovered RSS feed
Real Radio: KMMO,https://swelbyboy.github.io/prospect-rss-feeds/real-radio--kmmo.xml,OG,success,2025-11-29 11:48:31,United States,kmmo.com,To Do,FALSE,,,FALSE,Newly discovered RSS feed
Gnomip.gr,-,N/A,-,,Greece,gnomip.gr,No feed generated,FALSE,,,FALSE,
RTV EEN,https://swelbyboy.github.io/prospect-rss-feeds/rtv-een.xml,OG,success,2025-11-29 14:19:29,Netherlands,rtveen.nl,To Do,FALSE,,,FALSE,Newly discovered RSS feed
Scholarship Opportunities,-,N/A,-,,Netherlands,studyopportunities.online,No feed generated,FALSE,,,FALSE,
Aquafeed24,-,N/A,failed,2025-11-29 14:19:39,Greece,aquafeed24.com,No feed generated,FALSE,,,FALSE,Feed generation failed or no source feed found
WeRock.bg,-,N/A,-,,Bulgaria,werock.bg,No feed generated,FALSE,,,FALSE,
Katerini Sport,https://swelbyboy.github.io/prospect-rss-feeds/katerini-sport.xml,OG,success,2025-11-29 14:19:47,Greece,katerinisport.gr,To Do,FALSE,,,FALSE,Newly discovered RSS feed
Advocates Philippines,https://swelbyboy.github.io/prospect-rss-feeds/advocates-philippines.xml,OG,success,2025-11-29 14:19:59,Philippines,advocatesomi.com,To Do,FALSE,,,FALSE,Newly discovered RSS feed
Tyna.info.pl,-,N/A,-,,Poland,tyna.info.pl,No feed generated,FALSE,,,FALSE,
Romania24,https://swelbyboy.github.io/prospect-rss-feeds/romania24.xml,OG,success,2025-11-29 14:20:00,Romania,romania24.ro,To Do,FALSE,,,FALSE,Newly discovered RSS feed
Biljke Za,https://swelbyboy.github.io/prospect-rss-feeds/biljke-za.xml,OG,success,2025-11-29 14:20:16,Bosnia and Herzegovina,biljkeza.com,To Do,FALSE,,,FALSE,Newly discovered RSS feed
UK in Arabic,-,N/A,-,,United Kingdom,ukinarabic.co.uk,No feed generated,FALSE,,,FALSE,
AgrinioVOICE.gr,https://swelbyboy.github.io/prospect-rss-feeds/agriniovoice-gr.xml,OG,success,2025-11-29 14:20:18,Greece,agriniovoice.gr,To Do,FALSE,,,FALSE,Newly discovered RSS feed
Carrie,https://swelbyboy.github.io/prospect-rss-feeds/carrie.xml,OG,success,2025-11-29 14:20:35,Hungary,carrie.hu,To Do,FALSE,,,FALSE,Newly discovered RSS feed
westcity.gr,https://swelbyboy.github.io/prospect-rss-feeds/westcity-gr.xml,OG,success,2025-11-29 14:20:43,Greece,westcity.gr,To Do,FALSE,,,FALSE,Newly discovered RSS feed
Eldfesten,-,N/A,-,,Sweden,eldfesten.se,No feed generated,FALSE,,,FALSE,
Fansportu,https://swelbyboy.github.io/prospect-rss-feeds/fansportu.xml,OG,success,2025-11-29 14:21:00,Poland,fansportu.pl,To Do,FALSE,,,FALSE,Newly discovered RSS feed
SIRIS Asten Someren,-,N/A,-,,Netherlands,siris.nl,No feed generated,FALSE,,,FALSE,
Retete Prajituri si Mancaruri,https://swelbyboy.github.io/prospect-rss-feeds/retete-prajituri-si-mancaruri.xml,OG,success,2025-12-02 11:51:55,Romania,top24news.ro,To Do,FALSE,,,FALSE,Newly discovered RSS feed
Smag 31,https://swelbyboy.github.io/prospect-rss-feeds/smag-31.xml,RSS,success,2025-11-29 14:21:01,Ireland,smag31.com,To Do,FALSE,,,FALSE,Newly discovered RSS feed
Concursi Online,https://swelbyboy.github.io/prospect-rss-feeds/concursi-online.xml,RSS,success,2025-11-29 14:21:04,Romania,concursuri.biz,To Do,FALSE,,,FALSE,Newly discovered RSS feed
Élő Bolygónk,-,N/A,-,,Hungary,elobolygonk.hu,No feed generated,FALSE,,,FALSE,
Groot Nissewaard,-,N/A,-,,Netherlands,grootnissewaard.nl,No feed generated,FALSE,,,FALSE,
AgrinioTimes.gr,https://swelbyboy.github.io/prospect-rss-feeds/agriniotimes-gr.xml,OG,success,2025-11-29 14:21:08,Greece,agriniotimes.gr,To Do,FALSE,,,FALSE,Newly discovered RSS feed
Nakolei.pl,https://swelbyboy.github.io/prospect-rss-feeds/nakolei-pl.xml,OG,success,2025-11-29 14:21:11,Poland,nakolei.pl,To Do,FALSE,,,FALSE,Newly discovered RSS feed
ŚwiatWyścigów.pl,https://swelbyboy.github.io/prospect-rss-feeds/światwyścigów-pl.xml,OG,success,2025-11-29 14:21:13,Poland,swiatwyscigow.pl,To Do,FALSE,,,FALSE,Newly discovered RSS feed
Kliknieuws,-,N/A,-,,Netherlands,kliknieuws.nl,No feed generated,FALSE,,,FALSE,
TV Zagora,https://swelbyboy.github.io/prospect-rss-feeds/tv-zagora.xml,OG,success,2025-11-29 14:21:19,Bulgaria,zagoranews.bg,To Do,FALSE,,,FALSE,Newly discovered RSS feed
Świat Ciast,-,N/A,-,,Poland,swiatciast.pl,No feed generated,FALSE,,,FALSE,
Tychy News,https://swelbyboy.github.io/prospect-rss-feeds/tychy-news.xml,OG,success,2025-11-29 14:21:26,Poland,tychynews.pl,To Do,FALSE,,,FALSE,Newly discovered RSS feed
Patragoal,https://swelbyboy.github.io/prospect-rss-feeds/patragoal.xml,OG,success,2025-11-29 14:21:30,Greece,patragoal.gr,To Do,FALSE,,,FALSE,Newly discovered RSS feed
TWM+,-,N/A,-,,United States,twm.news,No feed generated,FALSE,,,FALSE,
Rijswijk.tv,https://swelbyboy.github.io/prospect-rss-feeds/rijswijk-tv.xml,OG,success,2025-11-29 14:21:36,Netherlands,rijswijk.tv,To Do,FALSE,,,FALSE,Newly discovered RSS feed
RTV Lukavac,https://swelbyboy.github.io/prospect-rss-feeds/rtv-lukavac.xml,OG,success,2025-11-29 14:21:37,Bosnia and Herzegovina,rtvlukavac.ba,To Do,FALSE,,,FALSE,Newly discovered RSS feed
PanoramaKutna.pl,https://swelbyboy.github.io/prospect-rss-feeds/panoramakutna-pl.xml,OG,success,2025-11-29 14:21:45,Poland,panoramakutna.pl,To Do,FALSE,,,FALSE,Newly discovered RSS feed
Aradean Guide,-,N/A,-,,Romania,ghidularadean.ro,No feed generated,FALSE,,,FALSE,
Irish Boxing,https://swelbyboy.github.io/prospect-rss-feeds/irish-boxing.xml,OG,success,2025-11-29 14:21:49,Ireland,irish-boxing.com,To Do,FALSE,,,FALSE,Newly discovered RSS feed
toftiaxa.gr,https://swelbyboy.github.io/prospect-rss-feeds/toftiaxa-gr.xml,OG,success,2025-11-29 14:21:54,Greece,toftiaxa.gr,To Do,FALSE,,,FALSE,Newly discovered RSS feed
zulawyimierzeja24.pl,-,N/A,-,,Poland,zulawyimierzeja24.pl,No feed generated,FALSE,,,FALSE,
Enoplos,https://swelbyboy.github.io/prospect-rss-feeds/enoplos.xml,OG,success,2025-11-29 14:21:56,Greece,enoplos.gr,To Do,FALSE,,,FALSE,Newly discovered RSS feed
powrotroberta.pl,https://swelbyboy.github.io/prospect-rss-feeds/powrotroberta-pl.xml,OG,success,2025-11-29 14:21:58,Poland,powrotroberta.pl,To Do,FALSE,,,FALSE,Newly discovered RSS feed
The Sen Times,-,N/A,-,,India,tkbsen.in,No feed generated,FALSE,,,FALSE,
GRYOnline.pl,https://swelbyboy.github.io/prospect-rss-feeds/gryonline-pl.xml,OG,success,2025-11-29 14:22:01,Poland,gry-online.pl,To Do,FALSE,,,FALSE,Newly discovered RSS feed
Glasul Cetatii,-,N/A,-,,Romania,glasulcetatii.ro,No feed generated,FALSE,,,FALSE,
PLBOLD.DK,https://swelbyboy.github.io/prospect-rss-feeds/plbold-dk.xml,OG,success,2025-11-29 14:22:03,Denmark,plbold.dk,To Do,FALSE,,,FALSE,Newly discovered RSS feed
Czytaj Rzeszów,-,N/A,-,,Poland,czytajrzeszow.pl,No feed generated,FALSE,,,FALSE,
Serialowa,https://swelbyboy.github.io/prospect-rss-feeds/serialowa.xml,OG,success,2025-11-29 14:22:07,Poland,serialowa.pl,To Do,FALSE,,,FALSE,Newly discovered RSS feed
Fulton County Expositor,-,N/A,-,,United States,fcnews.org,No feed generated,FALSE,,,FALSE,
Explore Jefferson,https://swelbyboy.github.io/prospect-rss-feeds/explore-jefferson.xml,OG,success,2025-11-29 11:48:34,United States,explorejeffersonpa.com,To Do,FALSE,,,FALSE,Newly discovered RSS feed
Drawskie Strony Internetowe,-,N/A,-,,Poland,dsi.net.pl,No feed generated,FALSE,,,FALSE,
Telewizja Limanowska,https://swelbyboy.github.io/prospect-rss-feeds/telewizja-limanowska.xml,OG,success,2025-11-29 14:22:18,Poland,tv28.pl,To Do,FALSE,,,FALSE,Newly discovered RSS feed
radiomax.gr,-,N/A,-,,Greece,radiomax.gr,No feed generated,FALSE,,,FALSE,
Hit Rádió.hu,https://swelbyboy.github.io/prospect-rss-feeds/hit-rádió-hu.xml,OG,success,2025-11-29 14:22:25,Hungary,hitradio.hu,To Do,FALSE,,,FALSE,Newly discovered RSS feed
serraikanea.gr,https://swelbyboy.github.io/prospect-rss-feeds/serraikanea-gr.xml,OG,success,2025-11-29 14:22:31,Greece,serraikanea.gr,To Do,FALSE,,,FALSE,Newly discovered RSS feed
01Portal,https://swelbyboy.github.io/prospect-rss-feeds/01portal.xml,OG,success,2025-11-29 14:22:33,Croatia,01portal.hr,To Do,FALSE,,,FALSE,Newly discovered RSS feed
Asociaţia Română de Nutriţie şi Dietetică (ARoND),https://swelbyboy.github.io/prospect-rss-feeds/asociaţia-română-de-nutriţie-şi-dietetică--arond.xml,OG,success,2025-12-02 11:51:46,Romania,nutritiedietetica.ro,To Do,FALSE,,,FALSE,Newly discovered RSS feed
medjugorje-info.com,https://swelbyboy.github.io/prospect-rss-feeds/medjugorje-info-com.xml,OG,success,2025-11-29 14:22:37,Croatia,medjugorje-info.com,To Do,FALSE,,,FALSE,Newly discovered RSS feed
Money Inc,-,N/A,-,,United States,moneyinc.com,No feed generated,FALSE,,,FALSE,
Lowiczanin.info,-,N/A,-,,Poland,lowiczanin.info,No feed generated,FALSE,,,FALSE,
Fagersta Nyheter,https://swelbyboy.github.io/prospect-rss-feeds/fagersta-nyheter.xml,OG,success,2025-11-29 14:22:42,Sweden,fagerstanyheter.com,To Do,FALSE,,,FALSE,Newly discovered RSS feed
Bucovina Media,-,N/A,-,,Romania,bucovinamedia.ro,No feed generated,FALSE,,,FALSE,
Ευρυτανικά ΝΕΑ,https://swelbyboy.github.io/prospect-rss-feeds/ευρυτανικά-νεα.xml,OG,success,2025-11-29 14:22:51,Greece,evrytanika.gr,To Do,FALSE,,,FALSE,Newly discovered RSS feed
Telewizja Walbrzych,-,N/A,-,,Poland,tvwalbrzych.pl,No feed generated,FALSE,,,FALSE,
TV Fagaras,https://swelbyboy.github.io/prospect-rss-feeds/tv-fagaras.xml,OG,success,2025-11-29 14:22:56,Romania,tvfagaras.ro,To Do,FALSE,,,FALSE,Newly discovered RSS feed
Epirusgate,https://swelbyboy.github.io/prospect-rss-feeds/epirusgate.xml,OG,success,2025-11-29 14:23:01,Greece,epirusgate.gr,To Do,FALSE,,,FALSE,Newly discovered RSS feed
Thessalianews.gr,-,N/A,-,,Greece,thessalianews.gr,No feed generated,FALSE,,,FALSE,
"The Book, The Film, The T-Shirt",https://swelbyboy.github.io/prospect-rss-feeds/the-book--the-film--the-t-shirt.xml,OG,success,2025-11-29 11:48:40,United Kingdom,thebookthefilmthetshirt.co.uk,To Do,FALSE,,,FALSE,Newly discovered RSS feed
The Paper,-,N/A,-,,Greece,thepaper.gr,No feed generated,FALSE,,,FALSE,
Idoma Voice,https://swelbyboy.github.io/prospect-rss-feeds/idoma-voice.xml,OG,success,2025-11-29 14:23:04,Nigeria,idomavoice.com,To Do,FALSE,,,FALSE,Newly discovered RSS feed
Atlanta's Frugal Mom,-,N/A,-,,United States,atlantasfrugalmom.com,No feed generated,FALSE,,,FALSE,
Framingham Source,https://swelbyboy.github.io/prospect-rss-feeds/framingham-source.xml,OG,success,2025-11-29 11:48:49,United Kingdom,framinghamsource.com,To Do,FALSE,,,FALSE,Newly discovered RSS feed
Art of Mathematics,https://swelbyboy.github.io/prospect-rss-feeds/art-of-mathematics.xml,OG,success,2025-11-29 11:48:52,United States,mathematicsart.com,To Do,FALSE,,,FALSE,Newly discovered RSS feed
epiotrkow.pl,-,N/A,-,,Poland,epiotrkow.pl,No feed generated,FALSE,,,FALSE,
LionhearTV,https://swelbyboy.github.io/prospect-rss-feeds/lionheartv.xml,OG,success,2025-11-29 14:23:04,Philippines,lionheartv.net,To Do,FALSE,,,FALSE,Newly discovered RSS feed
Roditel.bg,https://swelbyboy.github.io/prospect-rss-feeds/roditel-bg.xml,OG,success,2025-11-29 14:23:11,Bulgaria,roditel.bg,To Do,FALSE,,,FALSE,Newly discovered RSS feed
Bucuresti TV,https://swelbyboy.github.io/prospect-rss-feeds/bucuresti-tv.xml,OG,success,2025-12-02 11:51:53,Romania,bucurestitv.net,To Do,FALSE,,,FALSE,Newly discovered RSS feed
Balkani News English,-,N/A,-,,India,balkaninews.com,No feed generated,FALSE,,,FALSE,
ZanteTimes.GR,https://swelbyboy.github.io/prospect-rss-feeds/zantetimes-gr.xml,OG,success,2025-11-29 14:23:14,Greece,zantetimes.gr,To Do,FALSE,,,FALSE,Newly discovered RSS feed
TVOvermind,https://swelbyboy.github.io/prospect-rss-feeds/tvovermind.xml,OG,success,2025-11-29 11:49:07,United States,tvovermind.com,To Do,FALSE,,,FALSE,Newly discovered RSS feed
Ekalampaka,-,N/A,-,,Greece,ekalampaka.gr,No feed generated,FALSE,,,FALSE,
Euosmos,https://swelbyboy.github.io/prospect-rss-feeds/euosmos.xml,OG,success,2025-11-29 14:23:22,Greece,euosmos.gr,To Do,FALSE,,,FALSE,Newly discovered RSS feed
Svouranews.gr,https://swelbyboy.github.io/prospect-rss-feeds/svouranews-gr.xml,OG,success,2025-11-29 14:23:25,Greece,svouranews.gr,To Do,FALSE,,,FALSE,Newly discovered RSS feed
Stord24,https://swelbyboy.github.io/prospect-rss-feeds/stord24.xml,OG,success,2025-11-29 14:23:27,Norway,stord24.no,To Do,FALSE,,,FALSE,Newly discovered RSS feed
Theprp.com,https://swelbyboy.github.io/prospect-rss-feeds/theprp-com.xml,OG,success,2025-11-29 11:49:09,United States,theprp.com,To Do,FALSE,,,FALSE,Newly discovered RSS feed
Anatolh Online,https://swelbyboy.github.io/prospect-rss-feeds/anatolh-online.xml,"OG (3), RSS (7)",success,2025-11-29 14:23:30,Greece,anatolh.com,To Do,FALSE,,,FALSE,Newly discovered RSS feed
Regional Media,-,N/A,-,,United States,regionalmedia.info,No feed generated,FALSE,,,FALSE,
Lipički Compas,-,N/A,-,,Croatia,compas.com.hr,No feed generated,FALSE,,,FALSE,
The Black Detour,-,N/A,-,,United States,theblackdetour.com,No feed generated,FALSE,,,FALSE,
Hollywood Outbreak,https://swelbyboy.github.io/prospect-rss-feeds/hollywood-outbreak.xml,OG,success,2025-11-29 11:49:11,United States,hollywoodoutbreak.com,To Do,FALSE,,,FALSE,Newly discovered RSS feed
Kujawska Media Group,-,N/A,-,,Poland,mojakruszwica.pl,No feed generated,FALSE,,,FALSE,
Kerkyrasimera,https://swelbyboy.github.io/prospect-rss-feeds/kerkyrasimera.xml,OG,success,2025-11-29 14:23:33,Greece,kerkyrasimera.gr,To Do,FALSE,,,FALSE,Newly discovered RSS feed
Evia Zoom,https://swelbyboy.github.io/prospect-rss-feeds/evia-zoom.xml,OG,success,2025-11-29 14:23:35,Greece,eviazoom.gr,To Do,FALSE,,,FALSE,Newly discovered RSS feed
Utánpótlássport.hu 62 sportág friss hírei egy helyen,https://swelbyboy.github.io/prospect-rss-feeds/utánpótlássport-hu-62-sportág-friss-hírei-egy-helyen.xml,RSS,success,2025-11-29 14:23:37,Hungary,utanpotlassport.hu,To Do,FALSE,,,FALSE,Newly discovered RSS feed
Carture,https://swelbyboy.github.io/prospect-rss-feeds/carture.xml,OG,success,2025-11-29 14:23:40,Taiwan,carture.com.tw,To Do,FALSE,,,FALSE,Newly discovered RSS feed
Football Transfers,https://swelbyboy.github.io/prospect-rss-feeds/football-transfers.xml,OG,success,2025-11-29 11:49:23,United Kingdom,footballtransfers.com,To Do,FALSE,,,FALSE,Newly discovered RSS feed
Cooktop Cove,-,N/A,-,,United States,cooktopcove.com,No feed generated,FALSE,,,FALSE,
Uskvijesti.ba,https://swelbyboy.github.io/prospect-rss-feeds/uskvijesti-ba.xml,OG,success,2025-11-29 14:23:42,Bosnia and Herzegovina,uskvijesti.ba,To Do,FALSE,,,FALSE,Newly discovered RSS feed
Dot Daily Dose,https://swelbyboy.github.io/prospect-rss-feeds/dot-daily-dose.xml,OG,success,2025-11-29 14:23:46,Philippines,dotdailydose.net,To Do,FALSE,,,FALSE,Newly discovered RSS feed
Biskotto,https://swelbyboy.github.io/prospect-rss-feeds/biskotto.xml,OG,success,2025-11-29 11:49:39,United States,biskotto.gr,To Do,FALSE,,,FALSE,Newly discovered RSS feed
Фронтал,https://swelbyboy.github.io/prospect-rss-feeds/фронтал.xml,OG,success,2025-11-29 14:23:50,Serbia,frontal.ba,To Do,FALSE,,,FALSE,Newly discovered RSS feed
Inside The Iggles,https://swelbyboy.github.io/prospect-rss-feeds/inside-the-iggles.xml,OG,success,2025-11-29 11:49:43,United States,insidetheiggles.com,To Do,FALSE,,,FALSE,Newly discovered RSS feed
SuomiF1,-,N/A,-,,Finland,suomif1.com,No feed generated,FALSE,,,FALSE,
Quraan College,-,N/A,-,,Pakistan,quraancollege.com,No feed generated,FALSE,,,FALSE,
Glasul Aradului,https://swelbyboy.github.io/prospect-rss-feeds/glasul-aradului.xml,OG,success,2025-11-29 14:23:56,Romania,glsa.ro,To Do,FALSE,,,FALSE,Newly discovered RSS feed
ACMilan24.com,https://swelbyboy.github.io/prospect-rss-feeds/acmilan24-com.xml,OG,success,2025-11-29 14:24:01,Poland,acmilan24.com,To Do,FALSE,,,FALSE,Newly discovered RSS feed
TV2 Bornholm,-,"OG (7), RSS (3)",success,2025-11-29 14:24:04,Denmark,tv2bornholm.dk,No feed generated,FALSE,,,FALSE,Feed generation failed or no source feed found
Pet Sitting,-,N/A,-,,Greece,pet-sitting.gr,No feed generated,FALSE,,,FALSE,
EIvanec,-,N/A,-,,Croatia,eivanec.com,No feed generated,FALSE,,,FALSE,
Unite Asia,https://swelbyboy.github.io/prospect-rss-feeds/unite-asia.xml,OG,success,2025-11-29 14:24:23,Singapore,uniteasia.org,To Do,FALSE,,,FALSE,Newly discovered RSS feed
Notibomba (NB),https://swelbyboy.github.io/prospect-rss-feeds/notibomba--nb.xml,OG,success,2025-11-29 11:49:45,United States,notibomba.com,To Do,FALSE,,,FALSE,Newly discovered RSS feed
Chojna24,https://swelbyboy.github.io/prospect-rss-feeds/chojna24.xml,OG,success,2025-11-29 14:24:25,Poland,chojna24.pl,To Do,FALSE,,,FALSE,Newly discovered RSS feed
Stirea Zilei,https://swelbyboy.github.io/prospect-rss-feeds/stirea-zilei.xml,OG,success,2025-11-29 14:24:28,Romania,stireazilei.com,To Do,FALSE,,,FALSE,Newly discovered RSS feed
Feel the words,-,N/A,-,,India,feelthewords.com,No feed generated,FALSE,,,FALSE,
BDC Televizija,-,N/A,-,,Bosnia and Herzegovina,brcko.tv,No feed generated,FALSE,,,FALSE,
Periodista,https://swelbyboy.github.io/prospect-rss-feeds/periodista.xml,OG,success,2025-11-29 14:24:30,Greece,periodista.gr,To Do,FALSE,,,FALSE,Newly discovered RSS feed
Kaposvár Most,https://swelbyboy.github.io/prospect-rss-feeds/kaposvár-most.xml,OG,success,2025-11-29 14:24:45,Hungary,kaposvarmost.hu,To Do,FALSE,,,FALSE,Newly discovered RSS feed
Expert,https://swelbyboy.github.io/prospect-rss-feeds/expert.xml,OG,success,2025-11-29 14:24:53,Bulgaria,expert.bg,To Do,FALSE,,,FALSE,Newly discovered RSS feed
Sun Signs,https://swelbyboy.github.io/prospect-rss-feeds/sun-signs.xml,OG,success,2025-11-29 11:49:47,United States,sunsigns.org,To Do,FALSE,,,FALSE,Newly discovered RSS feed
Schools that Rock SA,https://swelbyboy.github.io/prospect-rss-feeds/schools-that-rock-sa.xml,OG,success,2025-11-29 14:25:22,South Africa,schoolsthatrock.co.za,To Do,FALSE,,,FALSE,Newly discovered RSS feed
e Lubin,-,N/A,-,,Poland,elubin.pl,No feed generated,FALSE,,,FALSE,
Zinapost.gr,-,N/A,-,,Greece,zinapost.gr,No feed generated,FALSE,,,FALSE,
Online Nytt,https://swelbyboy.github.io/prospect-rss-feeds/online-nytt.xml,OG,success,2025-11-29 14:25:28,Norway,onlinenytt.com,To Do,FALSE,,,FALSE,Newly discovered RSS feed
Defend the Catholic Faith,https://swelbyboy.github.io/prospect-rss-feeds/defend-the-catholic-faith.xml,RSS,success,2025-11-29 14:25:35,Philippines,dcfvanguards.com,To Do,FALSE,,,FALSE,Newly discovered RSS feed
DND Pakistan,https://swelbyboy.github.io/prospect-rss-feeds/dnd-pakistan.xml,OG,success,2025-11-29 14:25:43,Pakistan,dnd.com.pk,To Do,FALSE,,,FALSE,Newly discovered RSS feed
Reč Naroda Požarevac,https://swelbyboy.github.io/prospect-rss-feeds/reč-naroda-požarevac.xml,OG,success,2025-11-29 14:25:56,Serbia,recnaroda.co.rs,To Do,FALSE,,,FALSE,Newly discovered RSS feed
US Malayali,-,N/A,-,,United States,usmalayali.com,No feed generated,FALSE,,,FALSE,
Jago Sylhet,-,N/A,-,,Bangladesh,jagosylhet.news,No feed generated,FALSE,,,FALSE,
Cronica Vaii Jiului,https://swelbyboy.github.io/prospect-rss-feeds/cronica-vaii-jiului.xml,OG,success,2025-11-29 14:25:59,Romania,cronicavj.ro,To Do,FALSE,,,FALSE,Newly discovered RSS feed
Tusochaczew,-,N/A,-,,Poland,tusochaczew.pl,No feed generated,FALSE,,,FALSE,
Gostyn24.pl,-,N/A,-,,Poland,gostyn24.pl,No feed generated,FALSE,,,FALSE,
Ti Nea Larissa,-,N/A,-,,Greece,tinealarissa.gr,No feed generated,FALSE,,,FALSE,
SibenikNews,-,N/A,-,,Hungary,mok.hr,No feed generated,FALSE,,,FALSE,
Radiomures,https://swelbyboy.github.io/prospect-rss-feeds/radiomures.xml,OG,failed,2025-11-29 14:26:06,Romania,radiomures.ro,To Do,FALSE,,,FALSE,Newly discovered RSS feed
Sözmedia,https://swelbyboy.github.io/prospect-rss-feeds/sözmedia.xml,OG,success,2025-11-29 14:26:09,Romania,sozmedia.ro,To Do,FALSE,,,FALSE,Newly discovered RSS feed
Het Nieuws Vandaag,-,N/A,-,,Netherlands,hetnieuwsvandaag.be,No feed generated,FALSE,,,FALSE,
Scena,https://swelbyboy.github.io/prospect-rss-feeds/scena.xml,OG,success,2025-11-29 14:26:28,Croatia,scena.hr,To Do,FALSE,,,FALSE,Newly discovered RSS feed
PravasiExpress,https://swelbyboy.github.io/prospect-rss-feeds/pravasiexpress.xml,OG,success,2025-11-29 14:26:28,Singapore,pravasiexpress.com,To Do,FALSE,,,FALSE,Newly discovered RSS feed
ModaHayat,-,N/A,failed,2025-11-29 14:26:29,Turkey,modahayat.com,No feed generated,FALSE,,,FALSE,Feed generation failed or no source feed found
Lefkada Press,https://swelbyboy.github.io/prospect-rss-feeds/lefkada-press.xml,OG,success,2025-11-29 14:26:31,Greece,lefkadapress.gr,To Do,FALSE,,,FALSE,Newly discovered RSS feed
RDN Nowy Sacz,https://swelbyboy.github.io/prospect-rss-feeds/rdn-nowy-sacz.xml,OG,success,2025-11-29 14:26:41,Poland,rdn.pl,To Do,FALSE,,,FALSE,Newly discovered RSS feed
gsmManiaK,https://swelbyboy.github.io/prospect-rss-feeds/gsmmaniak.xml,OG,success,2025-11-29 14:26:47,Poland,gsmmaniak.pl,To Do,FALSE,,,FALSE,Newly discovered RSS feed
Athletic Media Group,-,N/A,-,,Greece,athleticmediagroup.com,No feed generated,FALSE,,,FALSE,
Rock Overdose,-,N/A,-,,Greece,rockoverdose.gr,No feed generated,FALSE,,,FALSE,
Víctor Báez,https://swelbyboy.github.io/prospect-rss-feeds/víctor-báez.xml,OG,success,2025-11-29 11:49:47,United States,vicbaez.com,To Do,FALSE,,,FALSE,Newly discovered RSS feed
AEK Passion,https://swelbyboy.github.io/prospect-rss-feeds/aek-passion.xml,OG,success,2025-12-02 11:40:15,Greece,aekpassion.gr,To Do,FALSE,,,FALSE,Newly discovered RSS feed
Radio Radom,https://swelbyboy.github.io/prospect-rss-feeds/radio-radom.xml,OG,success,2025-11-29 14:26:57,Poland,radioradom.pl,To Do,FALSE,,,FALSE,Newly discovered RSS feed
MessolonghiNews,https://swelbyboy.github.io/prospect-rss-feeds/messolonghinews.xml,OG,success,2025-11-29 14:27:03,Greece,messolonghinews.gr,To Do,FALSE,,,FALSE,Newly discovered RSS feed
Manset Haber,https://swelbyboy.github.io/prospect-rss-feeds/manset-haber.xml,OG,success,2025-11-29 14:27:16,Turkey,mansethaber.at,To Do,FALSE,,,FALSE,Newly discovered RSS feed
Radio Unirea FM,https://swelbyboy.github.io/prospect-rss-feeds/radio-unirea-fm.xml,OG,success,2025-11-29 14:27:22,Romania,radiounirea.ro,To Do,FALSE,,,FALSE,Newly discovered RSS feed
epiloges.tv,https://swelbyboy.github.io/prospect-rss-feeds/epiloges-tv.xml,OG,success,2025-11-29 14:27:25,Greece,epiloges.tv,To Do,FALSE,,,FALSE,Newly discovered RSS feed
Sarkarnama,https://swelbyboy.github.io/prospect-rss-feeds/sarkarnama.xml,OG,success,2025-11-29 14:27:26,India,sarkarnama.in,To Do,FALSE,,,FALSE,Newly discovered RSS feed
eSanok.pl,https://swelbyboy.github.io/prospect-rss-feeds/esanok-pl.xml,OG,success,2025-11-29 14:27:35,Poland,esanok.pl,To Do,FALSE,,,FALSE,Newly discovered RSS feed
Faktopedia,-,N/A,-,,Poland,faktopedia.pl,No feed generated,FALSE,,,FALSE,
Bulgarian Military,https://swelbyboy.github.io/prospect-rss-feeds/bulgarian-military.xml,OG,success,2025-11-29 14:27:36,Bulgaria,bulgarianmilitary.com,To Do,FALSE,,,FALSE,Newly discovered RSS feed
Exquis,https://swelbyboy.github.io/prospect-rss-feeds/exquis.xml,OG,success,2025-11-29 14:27:53,Romania,exquis.ro,To Do,FALSE,,,FALSE,Newly discovered RSS feed
Replica - Info HD,https://swelbyboy.github.io/prospect-rss-feeds/replica---info-hd.xml,OG,success,2025-11-29 14:28:32,Romania,replicahd.ro,To Do,FALSE,,,FALSE,Newly discovered RSS feed
Tygodnik Zamojski,-,N/A,-,,Poland,tygodnikzamojski.pl,No feed generated,FALSE,,,FALSE,
Voice of Rodopi online,https://swelbyboy.github.io/prospect-rss-feeds/voice-of-rodopi-online.xml,OG,success,2025-11-29 14:28:46,Greece,fonirodopis.gr,To Do,FALSE,,,FALSE,Newly discovered RSS feed
mother-father,-,N/A,-,,Hungary,anyasapas.hu,No feed generated,FALSE,,,FALSE,
Gs Press,-,N/A,-,,Croatia,gspress.net,No feed generated,FALSE,,,FALSE,
polnocna.tv,https://swelbyboy.github.io/prospect-rss-feeds/polnocna-tv.xml,OG,success,2025-11-29 14:28:51,Poland,polnocna.tv,To Do,FALSE,,,FALSE,Newly discovered RSS feed
Gazeta de Botosani,https://swelbyboy.github.io/prospect-rss-feeds/gazeta-de-botosani.xml,OG,success,2025-11-29 14:28:55,Romania,gazetabt.ro,To Do,FALSE,,,FALSE,Newly discovered RSS feed
Viorel Balan,https://swelbyboy.github.io/prospect-rss-feeds/viorel-balan.xml,OG,success,2025-11-29 14:29:02,Romania,batranete.com,To Do,FALSE,,,FALSE,Newly discovered RSS feed
Kanal 6,https://swelbyboy.github.io/prospect-rss-feeds/kanal-6.xml,OG,success,2025-11-29 14:29:10,Bulgaria,kanal6.tv,To Do,FALSE,,,FALSE,Newly discovered RSS feed
WithGuitars,https://swelbyboy.github.io/prospect-rss-feeds/withguitars.xml,RSS,success,2025-11-29 11:50:04,United States,withguitars.com,To Do,FALSE,,,FALSE,Newly discovered RSS feed
BBALL.bg,-,OG,success,2025-11-29 14:29:19,Bulgaria,bball.bg,No feed generated,FALSE,,,FALSE,Feed generation failed or no source feed found
RailAdvent,https://swelbyboy.github.io/prospect-rss-feeds/railadvent.xml,OG,success,2025-11-29 11:50:16,United Kingdom,railadvent.co.uk,To Do,FALSE,,,FALSE,Newly discovered RSS feed
Timisoara Stiri,https://swelbyboy.github.io/prospect-rss-feeds/timisoara-stiri.xml,OG,success,2025-11-29 14:29:29,Romania,timisoarastiri.ro,To Do,FALSE,,,FALSE,Newly discovered RSS feed
Ki24,-,N/A,-,,Poland,ki24.info,No feed generated,FALSE,,,FALSE,
GreekPress.gr,-,N/A,-,,Greece,greekpress.gr,No feed generated,FALSE,,,FALSE,
Imero Dromos,-,N/A,-,,Greece,imerodromos.gr,No feed generated,FALSE,,,FALSE,
Kezdő5,https://swelbyboy.github.io/prospect-rss-feeds/kezdő5.xml,OG,success,2025-11-29 14:29:32,Hungary,kezdo5.hu,To Do,FALSE,,,FALSE,Newly discovered RSS feed
SuperSafeway,https://swelbyboy.github.io/prospect-rss-feeds/supersafeway.xml,OG,success,2025-11-29 11:50:20,United States,supersafeway.com,To Do,FALSE,,,FALSE,Newly discovered RSS feed
Centrul Media BucPress Cernăuți,https://swelbyboy.github.io/prospect-rss-feeds/centrul-media-bucpress-cernăuți.xml,OG,success,2025-11-29 14:29:34,Romania,bucpress.eu,To Do,FALSE,,,FALSE,Newly discovered RSS feed
CorfuPress.com,-,N/A,-,,Greece,corfupress.com,No feed generated,FALSE,,,FALSE,
CNA News,https://swelbyboy.github.io/prospect-rss-feeds/cna-news.xml,OG,success,2025-11-29 14:29:56,Greece,cna.gr,To Do,FALSE,,,FALSE,Newly discovered RSS feed
Užička Nedelja,https://swelbyboy.github.io/prospect-rss-feeds/užička-nedelja.xml,OG,success,2025-11-29 14:29:58,Serbia,uzickanedelja.rs,To Do,FALSE,,,FALSE,Newly discovered RSS feed
KrushiNama,https://swelbyboy.github.io/prospect-rss-feeds/krushinama.xml,OG,success,2025-12-02 11:40:13,India,krushinama.com,To Do,FALSE,,,FALSE,Newly discovered RSS feed
Kaposvári Programok,https://swelbyboy.github.io/prospect-rss-feeds/kaposvári-programok.xml,OG,success,2025-11-29 14:30:02,Hungary,kaposvariprogramok.hu,To Do,FALSE,,,FALSE,Newly discovered RSS feed
Bangla Post,https://swelbyboy.github.io/prospect-rss-feeds/bangla-post.xml,OG,success,2025-11-29 14:30:11,Bangladesh,banglapost.co.uk,To Do,FALSE,,,FALSE,Newly discovered RSS feed
Locuri de Munca,https://swelbyboy.github.io/prospect-rss-feeds/locuri-de-munca.xml,OG,success,2025-12-02 11:51:46,Romania,locurimunca.net,To Do,FALSE,,,FALSE,Newly discovered RSS feed
Twoja Słupca.pl,https://swelbyboy.github.io/prospect-rss-feeds/twoja-słupca-pl.xml,OG,success,2025-11-29 14:30:13,Poland,twojaslupca.pl,To Do,FALSE,,,FALSE,Newly discovered RSS feed
evros24.gr,https://swelbyboy.github.io/prospect-rss-feeds/evros24-gr.xml,OG,success,2025-11-29 14:30:16,Greece,evros24.gr,To Do,FALSE,,,FALSE,Newly discovered RSS feed
Jóportál,-,N/A,-,,Hungary,joportal.hu,No feed generated,FALSE,,,FALSE,
Kriti 24,-,N/A,-,,Greece,kriti24.gr,No feed generated,FALSE,,,FALSE,
Radio Piekary,-,N/A,-,,Poland,radiopiekary.pl,No feed generated,FALSE,,,FALSE,
Komló Média,-,N/A,-,,Hungary,komlomedia.hu,No feed generated,FALSE,,,FALSE,
e-tetRadio.gr,https://swelbyboy.github.io/prospect-rss-feeds/e-tetradio-gr.xml,OG,success,2025-11-29 14:30:20,Greece,e-tetradio.gr,To Do,FALSE,,,FALSE,Newly discovered RSS feed
Bujanovačke,https://swelbyboy.github.io/prospect-rss-feeds/bujanovačke.xml,OG,success,2025-11-29 14:30:37,Serbia,bujanovacke.co.rs,To Do,FALSE,,,FALSE,Newly discovered RSS feed
WSJM,https://swelbyboy.github.io/prospect-rss-feeds/wsjm.xml,OG,success,2025-11-29 11:50:27,United States,wsjm.com,To Do,FALSE,,,FALSE,Newly discovered RSS feed
Marathon Press,https://swelbyboy.github.io/prospect-rss-feeds/marathon-press.xml,OG,success,2025-11-29 14:30:54,Greece,news.marathonpress.gr,To Do,FALSE,,,FALSE,Newly discovered RSS feed
Odkrywamy Zakryte,https://swelbyboy.github.io/prospect-rss-feeds/odkrywamy-zakryte.xml,RSS,success,2025-11-29 14:30:58,Poland,odkrywamyzakryte.com,To Do,FALSE,,,FALSE,Newly discovered RSS feed
Format3A,https://swelbyboy.github.io/prospect-rss-feeds/format3a.xml,OG,success,2025-11-29 14:31:02,Poland,format3a.pl,To Do,FALSE,,,FALSE,Newly discovered RSS feed
Dolina Lašve,https://swelbyboy.github.io/prospect-rss-feeds/dolina-lašve.xml,OG,success,2025-11-29 14:31:13,Croatia,dolinalasve.info,To Do,FALSE,,,FALSE,Newly discovered RSS feed
ArenaLarissa.gr,https://swelbyboy.github.io/prospect-rss-feeds/arenalarissa-gr.xml,OG,success,2025-11-29 14:31:17,Greece,arenalarissa.gr,To Do,FALSE,,,FALSE,Newly discovered RSS feed
Blackbox Nigeria,https://swelbyboy.github.io/prospect-rss-feeds/blackbox-nigeria.xml,OG,success,2025-11-29 14:31:20,Nigeria,blackboxnigeria.com,To Do,FALSE,,,FALSE,Newly discovered RSS feed
Handbal Mania,https://swelbyboy.github.io/prospect-rss-feeds/handbal-mania.xml,OG,success,2025-11-29 14:31:28,Romania,handbalmania.ro,To Do,FALSE,,,FALSE,Newly discovered RSS feed
NTV Arena,https://swelbyboy.github.io/prospect-rss-feeds/ntv-arena.xml,OG,success,2025-11-29 14:31:31,Bosnia and Herzegovina,ntvarena.com,To Do,FALSE,,,FALSE,Newly discovered RSS feed
Idei Amenajari,https://swelbyboy.github.io/prospect-rss-feeds/idei-amenajari.xml,OG,success,2025-11-29 14:31:38,Romania,ideiamenajari.ro,To Do,FALSE,,,FALSE,Newly discovered RSS feed
OlesnicaInfo.pl,https://swelbyboy.github.io/prospect-rss-feeds/olesnicainfo-pl.xml,OG,success,2025-11-29 14:31:41,Poland,olesnicainfo.pl,To Do,FALSE,,,FALSE,Newly discovered RSS feed
trikalaenimerosi.gr,https://swelbyboy.github.io/prospect-rss-feeds/trikalaenimerosi-gr.xml,OG,success,2025-11-29 14:31:45,Greece,trikalaenimerosi.gr,To Do,FALSE,,,FALSE,Newly discovered RSS feed
НАКРАТКО,-,N/A,-,,Bulgaria,nakratko.bg,No feed generated,FALSE,,,FALSE,
kosmoslarissa.gr,https://swelbyboy.github.io/prospect-rss-feeds/kosmoslarissa-gr.xml,OG,success,2025-11-29 14:31:49,Greece,kosmoslarissa.gr,To Do,FALSE,,,FALSE,Newly discovered RSS feed
Radio Plus Radom,-,N/A,-,,Poland,radioplus.com.pl,No feed generated,FALSE,,,FALSE,
Akdeniz Manşet Gazetesi,https://swelbyboy.github.io/prospect-rss-feeds/akdeniz-manşet-gazetesi.xml,OG,success,2025-11-29 14:31:52,Turkey,akdenizmanset.com.tr,To Do,FALSE,,,FALSE,Newly discovered RSS feed
Rethnea.gr,https://swelbyboy.github.io/prospect-rss-feeds/rethnea-gr.xml,OG,success,2025-11-29 14:31:59,Greece,rethnea.gr,To Do,FALSE,,,FALSE,Newly discovered RSS feed
Mouzakinews.gr,-,N/A,-,,Greece,mouzakinews.gr,No feed generated,FALSE,,,FALSE,
MojaModriča.info,-,N/A,-,,Bosnia and Herzegovina,mojamodrica.info,No feed generated,FALSE,,,FALSE,
Chicago Desavanja,-,N/A,-,,Serbia,chicagodesavanja.us,No feed generated,FALSE,,,FALSE,
Patratora.news,-,N/A,-,,Greece,patratora.news,No feed generated,FALSE,,,FALSE,
Impuls Portal,https://swelbyboy.github.io/prospect-rss-feeds/impuls-portal.xml,OG,success,2025-11-29 14:32:06,Bosnia and Herzegovina,impulsportal.net,To Do,FALSE,,,FALSE,Newly discovered RSS feed
ProBraila,https://swelbyboy.github.io/prospect-rss-feeds/probraila.xml,OG,success,2025-11-29 14:32:09,Romania,probr.ro,To Do,FALSE,,,FALSE,Newly discovered RSS feed
Proti News,https://swelbyboy.github.io/prospect-rss-feeds/proti-news.xml,OG,success,2025-11-29 14:32:19,Greece,protinews.com.gr,To Do,FALSE,,,FALSE,Newly discovered RSS feed
Dordt Centraal,https://swelbyboy.github.io/prospect-rss-feeds/dordt-centraal.xml,OG,success,2025-11-29 14:32:22,Netherlands,dordtcentraal.nl,To Do,FALSE,,,FALSE,Newly discovered RSS feed
Minden Oké,-,N/A,-,,Hungary,mindenoke.hu,No feed generated,FALSE,,,FALSE,
BizLaw,https://swelbyboy.github.io/prospect-rss-feeds/bizlaw.xml,OG,success,2025-11-29 14:32:27,Romania,bizlaw.md,To Do,FALSE,,,FALSE,Newly discovered RSS feed
Κίνημα Υπέρβαση,https://swelbyboy.github.io/prospect-rss-feeds/κίνημα-υπέρβαση.xml,OG,success,2025-11-29 14:32:34,Greece,kinima-ypervasi.gr,To Do,FALSE,,,FALSE,Newly discovered RSS feed
Przeambitni.pl,https://swelbyboy.github.io/prospect-rss-feeds/przeambitni-pl.xml,OG,success,2025-11-29 14:32:36,Poland,przeambitni.pl,To Do,FALSE,,,FALSE,Newly discovered RSS feed
KIDSinfo,https://swelbyboy.github.io/prospect-rss-feeds/kidsinfo.xml,OG,success,2025-11-29 14:32:48,Bosnia and Herzegovina,kidsinfo.ba,To Do,FALSE,,,FALSE,Newly discovered RSS feed
CityBuzz,https://swelbyboy.github.io/prospect-rss-feeds/citybuzz.xml,OG,success,2025-11-29 14:32:51,Poland,citybuzz.pl,To Do,FALSE,,,FALSE,Newly discovered RSS feed
Bingöl Sürmanşet,https://swelbyboy.github.io/prospect-rss-feeds/bingöl-sürmanşet.xml,OG,success,2025-11-29 14:32:55,Turkey,bingolsurmanset.com,To Do,FALSE,,,FALSE,Newly discovered RSS feed
MessiniaLive,https://swelbyboy.github.io/prospect-rss-feeds/messinialive.xml,OG,success,2025-11-29 14:33:08,Greece,messinialive.gr,To Do,FALSE,,,FALSE,Newly discovered RSS feed
Proti Online,https://swelbyboy.github.io/prospect-rss-feeds/proti-online.xml,OG,success,2025-11-29 14:33:10,Greece,protionline.gr,To Do,FALSE,,,FALSE,Newly discovered RSS feed
Basketbolig.com,https://swelbyboy.github.io/prospect-rss-feeds/basketbolig-com.xml,OG,success,2025-11-29 14:33:14,Turkey,basketbolig.com,To Do,FALSE,,,FALSE,Newly discovered RSS feed
Xiakoslaos.gr,https://swelbyboy.github.io/prospect-rss-feeds/xiakoslaos-gr.xml,OG,success,2025-11-29 14:33:20,Greece,xiakoslaos.gr,To Do,FALSE,,,FALSE,Newly discovered RSS feed
Radio Prnjavor,https://swelbyboy.github.io/prospect-rss-feeds/radio-prnjavor.xml,OG,success,2025-11-29 14:33:35,Bosnia and Herzegovina,prnjavorlive.info,To Do,FALSE,,,FALSE,Newly discovered RSS feed
Polskie Radio Koszalin,-,N/A,-,,Poland,prk24.pl,No feed generated,FALSE,,,FALSE,
Vršac,https://swelbyboy.github.io/prospect-rss-feeds/vršac.xml,OG,success,2025-11-29 14:33:44,Serbia,evrsac.rs,To Do,FALSE,,,FALSE,Newly discovered RSS feed
Eemskrant,https://swelbyboy.github.io/prospect-rss-feeds/eemskrant.xml,OG,success,2025-11-29 14:33:47,Netherlands,eemskrant.nl,To Do,FALSE,,,FALSE,Newly discovered RSS feed
Buzoienii,https://swelbyboy.github.io/prospect-rss-feeds/buzoienii.xml,OG,success,2025-11-29 14:33:56,Romania,buzoienii.ro,To Do,FALSE,,,FALSE,Newly discovered RSS feed
Zoosos,-,N/A,-,,Greece,zoosos.gr,No feed generated,FALSE,,,FALSE,
Ozon Press,-,N/A,-,,Bosnia and Herzegovina,ozonpress.net,No feed generated,FALSE,,,FALSE,
Αλεξάνδρεια-Γιδάς,https://swelbyboy.github.io/prospect-rss-feeds/αλεξάνδρεια-γιδάς.xml,OG,success,2025-11-29 14:34:06,Greece,alexandreia-gidas.gr,To Do,FALSE,,,FALSE,Newly discovered RSS feed
Pinguin Radio,-,N/A,-,,Netherlands,pinguinradio.com,No feed generated,FALSE,,,FALSE,
Przyślij Przepis,https://swelbyboy.github.io/prospect-rss-feeds/przyślij-przepis.xml,OG,success,2025-11-29 14:34:13,Poland,przyslijprzepis.pl,To Do,FALSE,,,FALSE,Newly discovered RSS feed
Radio Vrbovec,https://swelbyboy.github.io/prospect-rss-feeds/radio-vrbovec.xml,OG,success,2025-11-29 14:34:22,Croatia,radiovrbovec.hr,To Do,FALSE,,,FALSE,Newly discovered RSS feed
MojDoboj.info,-,N/A,-,,Bosnia and Herzegovina,mojdoboj.info,No feed generated,FALSE,,,FALSE,
Mediariket,https://swelbyboy.github.io/prospect-rss-feeds/mediariket.xml,OG,success,2025-11-29 14:34:33,Sweden,mediariket.se,To Do,FALSE,,,FALSE,Newly discovered RSS feed
Bonaire Nu,-,N/A,-,,Netherlands,bonaire.nu,No feed generated,FALSE,,,FALSE,
ziarulteleormanul,https://swelbyboy.github.io/prospect-rss-feeds/ziarulteleormanul.xml,OG,success,2025-11-29 14:34:40,Romania,ziarulteleormanul.ro,To Do,FALSE,,,FALSE,Newly discovered RSS feed
Gorj Online,https://swelbyboy.github.io/prospect-rss-feeds/gorj-online.xml,OG,success,2025-11-29 14:34:45,Romania,gorjonline.ro,To Do,FALSE,,,FALSE,Newly discovered RSS feed
Zdrave.net,https://swelbyboy.github.io/prospect-rss-feeds/zdrave-net.xml,OG,success,2025-11-29 14:35:00,Bulgaria,zdrave.net,To Do,FALSE,,,FALSE,Newly discovered RSS feed
Alanya Time Haber,https://swelbyboy.github.io/prospect-rss-feeds/alanya-time-haber.xml,OG,success,2025-11-29 14:35:03,Turkey,alanyatimehaber.com,To Do,FALSE,,,FALSE,Newly discovered RSS feed
irafina.gr,https://swelbyboy.github.io/prospect-rss-feeds/irafina-gr.xml,OG,success,2025-11-29 14:35:08,Greece,irafina.gr,To Do,FALSE,,,FALSE,Newly discovered RSS feed
Kaboutjie,https://swelbyboy.github.io/prospect-rss-feeds/kaboutjie.xml,OG,success,2025-11-29 14:35:09,South Africa,kaboutjie.com,To Do,FALSE,,,FALSE,Newly discovered RSS feed
Fajny Ogród,https://swelbyboy.github.io/prospect-rss-feeds/fajny-ogród.xml,RSS,success,2025-11-29 14:35:11,Poland,fajnyogrod.pl,To Do,FALSE,,,FALSE,Newly discovered RSS feed
Makó Hiradó,https://swelbyboy.github.io/prospect-rss-feeds/makó-hiradó.xml,OG,success,2025-11-29 14:35:14,Hungary,makohirado.hu,To Do,FALSE,,,FALSE,Newly discovered RSS feed
Plovdiv News,https://swelbyboy.github.io/prospect-rss-feeds/plovdiv-news.xml,OG,success,2025-11-29 14:35:31,Bulgaria,plovdivnews.bg,To Do,FALSE,,,FALSE,Newly discovered RSS feed
BarcelonaFC.dk,https://swelbyboy.github.io/prospect-rss-feeds/barcelonafc-dk.xml,OG,success,2025-11-29 14:35:36,Denmark,barcelonafc.dk,To Do,FALSE,,,FALSE,Newly discovered RSS feed
Acheloos TV,https://swelbyboy.github.io/prospect-rss-feeds/acheloos-tv.xml,OG,success,2025-11-29 14:35:49,Greece,acheloostv.gr,To Do,FALSE,,,FALSE,Newly discovered RSS feed
lwowecki.info,https://swelbyboy.github.io/prospect-rss-feeds/lwowecki-info.xml,OG,success,2025-11-29 14:35:58,Poland,lwowecki.info,To Do,FALSE,,,FALSE,Newly discovered RSS feed
Epirus Online,https://swelbyboy.github.io/prospect-rss-feeds/epirus-online.xml,OG,success,2025-11-29 14:36:08,Greece,epirusonline.gr,To Do,FALSE,,,FALSE,Newly discovered RSS feed
ΑΛΗΘΕΙΑ,https://swelbyboy.github.io/prospect-rss-feeds/αληθεια.xml,OG,success,2025-11-29 14:36:23,Greece,alithia.gr,To Do,FALSE,,,FALSE,Newly discovered RSS feed
Gazeta Ostrowiecka,-,N/A,-,,Poland,ostrowiecka.pl,No feed generated,FALSE,,,FALSE,
Haagse Topsport,https://swelbyboy.github.io/prospect-rss-feeds/haagse-topsport.xml,OG,success,2025-11-29 14:36:39,Netherlands,haagsetopsport.nl,To Do,FALSE,,,FALSE,Newly discovered RSS feed
FlevoPost,-,N/A,-,,Netherlands,flevopost.nl,No feed generated,FALSE,,,FALSE,
WPU24.pl,-,N/A,-,,Poland,wpu24.pl,No feed generated,FALSE,,,FALSE,
Moto Asocijacija Srbije,-,N/A,-,,Serbia,motoasocijacijasrbije.com,No feed generated,FALSE,,,FALSE,
Skokinarciarskie.pl,https://swelbyboy.github.io/prospect-rss-feeds/skokinarciarskie-pl.xml,OG,success,2025-11-29 14:36:43,Poland,skokinarciarskie.pl,To Do,FALSE,,,FALSE,Newly discovered RSS feed
Newsmag GR,https://swelbyboy.github.io/prospect-rss-feeds/newsmag-gr.xml,OG,success,2025-11-29 14:36:58,Greece,newsmag.gr,To Do,FALSE,,,FALSE,Newly discovered RSS feed
Headliner.rs,https://swelbyboy.github.io/prospect-rss-feeds/headliner-rs.xml,OG,success,2025-11-29 14:37:05,Serbia,headliner.rs,To Do,FALSE,,,FALSE,Newly discovered RSS feed
Lamia Ole,https://swelbyboy.github.io/prospect-rss-feeds/lamia-ole.xml,OG,success,2025-11-29 14:37:24,Greece,lamiaole.gr,To Do,FALSE,,,FALSE,Newly discovered RSS feed
Novinata.bg,https://swelbyboy.github.io/prospect-rss-feeds/novinata-bg.xml,OG,success,2025-11-29 14:37:26,Bulgaria,novinata.bg,To Do,FALSE,,,FALSE,Newly discovered RSS feed
KISS INFO,https://swelbyboy.github.io/prospect-rss-feeds/kiss-info.xml,OG,success,2025-11-29 14:37:35,Serbia,kissinfo.rs,To Do,FALSE,,,FALSE,Newly discovered RSS feed
Global View Forex Trading,https://swelbyboy.github.io/prospect-rss-feeds/global-view-forex-trading.xml,OG,success,2025-11-29 11:50:43,United States,global-view.com,To Do,FALSE,,,FALSE,Newly discovered RSS feed
Telewizja Kujawy,https://swelbyboy.github.io/prospect-rss-feeds/telewizja-kujawy.xml,OG,success,2025-11-29 14:37:42,Poland,kujawy.info,To Do,FALSE,,,FALSE,Newly discovered RSS feed
Besza-Behu,https://swelbyboy.github.io/prospect-rss-feeds/besza-behu.xml,OG,success,2025-11-29 14:37:48,Hungary,5percblog.hu,To Do,FALSE,,,FALSE,Newly discovered RSS feed
Primul 11,https://swelbyboy.github.io/prospect-rss-feeds/primul-11.xml,OG,success,2025-11-29 14:38:00,Romania,primul11.com,To Do,FALSE,,,FALSE,Newly discovered RSS feed
Prlogos,-,N/A,-,,Greece,prlogos.gr,No feed generated,FALSE,,,FALSE,
Pesti Bulvár,-,N/A,-,,Hungary,pestibulvar.hu,No feed generated,FALSE,,,FALSE,
Painted Furniture Ideas,https://swelbyboy.github.io/prospect-rss-feeds/painted-furniture-ideas.xml,OG,success,2025-11-29 11:50:46,United States,paintedfurnitureideas.com,To Do,FALSE,,,FALSE,Newly discovered RSS feed
Bangladesh Pratidin,https://swelbyboy.github.io/prospect-rss-feeds/bangladesh-pratidin.xml,OG,success,2025-11-29 14:38:02,Bangladesh,bd-pratidin.com,To Do,FALSE,,,FALSE,Newly discovered RSS feed
Buna Ziua Brasov,-,N/A,-,,Romania,bzb.ro,No feed generated,FALSE,,,FALSE,
Poreština.info,https://swelbyboy.github.io/prospect-rss-feeds/poreština-info.xml,OG,success,2025-11-29 14:38:10,Croatia,porestina.info,To Do,FALSE,,,FALSE,Newly discovered RSS feed
ProAlba,https://swelbyboy.github.io/prospect-rss-feeds/proalba.xml,OG,success,2025-12-02 11:51:53,Romania,proalba.ro,To Do,FALSE,,,FALSE,Newly discovered RSS feed
Kolozsvári Szalonna és Hir-Telen Beszólunk,https://swelbyboy.github.io/prospect-rss-feeds/kolozsvári-szalonna-és-hir-telen-beszólunk.xml,OG,success,2025-11-29 14:38:26,Hungary,kolozsvaros.com,To Do,FALSE,,,FALSE,Newly discovered RSS feed
Game Life,https://swelbyboy.github.io/prospect-rss-feeds/game-life.xml,OG,success,2025-11-29 14:38:38,Taiwan,gamelife.tw,To Do,FALSE,,,FALSE,Newly discovered RSS feed
Sportrikala.gr,https://swelbyboy.github.io/prospect-rss-feeds/sportrikala-gr.xml,OG,success,2025-11-29 14:38:41,Greece,sportrikala.gr,To Do,FALSE,,,FALSE,Newly discovered RSS feed
trenirai.bg,https://swelbyboy.github.io/prospect-rss-feeds/trenirai-bg.xml,OG,success,2025-11-29 14:38:44,Bulgaria,trenirai.bg,To Do,FALSE,,,FALSE,Newly discovered RSS feed
Radio Centrum,https://swelbyboy.github.io/prospect-rss-feeds/radio-centrum.xml,OG,success,2025-11-29 14:38:53,Poland,rc.fm,To Do,FALSE,,,FALSE,Newly discovered RSS feed
Przegląd Koniński,-,N/A,-,,Poland,przegladkoninski.pl,No feed generated,FALSE,,,FALSE,
Nogradifutball,-,N/A,-,,Hungary,nogradifutball.hu,No feed generated,FALSE,,,FALSE,
MetkovicNET,https://swelbyboy.github.io/prospect-rss-feeds/metkovicnet.xml,OG,success,2025-11-29 14:38:58,Croatia,metkovicnet.com,To Do,FALSE,,,FALSE,Newly discovered RSS feed
Provaton,https://swelbyboy.github.io/prospect-rss-feeds/provaton.xml,"OG (8), RSS (2)",success,2025-11-29 14:39:08,Bulgaria,provaton.bg,To Do,FALSE,,,FALSE,Newly discovered RSS feed
Mój Powiat Lipski,https://swelbyboy.github.io/prospect-rss-feeds/mój-powiat-lipski.xml,OG,success,2025-11-29 14:39:17,Poland,mojelipsko.info,To Do,FALSE,,,FALSE,Newly discovered RSS feed
Kostajnica,-,N/A,-,,Croatia,kostajnica.com,No feed generated,FALSE,,,FALSE,
Alanya Postası,-,N/A,-,,Turkey,alanyapostasi.com.tr,No feed generated,FALSE,,,FALSE,
Dlisted,-,N/A,-,,United States,dlisted.com,No feed generated,FALSE,,,FALSE,
Tylko Kobiecy Futbol,https://swelbyboy.github.io/prospect-rss-feeds/tylko-kobiecy-futbol.xml,OG,success,2025-11-29 14:39:20,Poland,tylkokobiecyfutbol.pl,To Do,FALSE,,,FALSE,Newly discovered RSS feed
Hart van Hellendoorn,-,N/A,-,,Netherlands,hartvanhellendoorn.nl,No feed generated,FALSE,,,FALSE,
Racyja.com,https://swelbyboy.github.io/prospect-rss-feeds/racyja-com.xml,RSS,success,2025-11-29 14:39:25,Poland,racyja.com,To Do,FALSE,,,FALSE,Newly discovered RSS feed
St Kilda Twilight Market,https://swelbyboy.github.io/prospect-rss-feeds/st-kilda-twilight-market.xml,OG,success,2025-11-29 14:39:28,Australia,stkildatwilightmarket.com,To Do,FALSE,,,FALSE,Newly discovered RSS feed
Het Amsterdamsche Voetbal,https://swelbyboy.github.io/prospect-rss-feeds/het-amsterdamsche-voetbal.xml,"OG (8), RSS (2)",success,2025-11-29 14:39:29,Netherlands,hetamsterdamschevoetbal.nl,To Do,FALSE,,,FALSE,Newly discovered RSS feed
Co Na Mieście - Częstochowa,-,N/A,-,,Poland,conamiescie.info,No feed generated,FALSE,,,FALSE,
infopodkarpacie.pl,https://swelbyboy.github.io/prospect-rss-feeds/infopodkarpacie-pl.xml,OG,success,2025-11-29 14:39:33,Poland,infopodkarpacie.pl,To Do,FALSE,,,FALSE,Newly discovered RSS feed
NewsLubuski.pl,https://swelbyboy.github.io/prospect-rss-feeds/newslubuski-pl.xml,OG,success,2025-11-29 14:39:42,Poland,newslubuski.pl,To Do,FALSE,,,FALSE,Newly discovered RSS feed
Roland Gazeta,-,N/A,-,,Poland,roland-gazeta.pl,No feed generated,FALSE,,,FALSE,
Municipality of Kalamata,-,N/A,-,,Greece,kalamata.gr,No feed generated,FALSE,,,FALSE,
Radio1.hr,https://swelbyboy.github.io/prospect-rss-feeds/radio1-hr.xml,OG,success,2025-11-29 14:40:02,Croatia,radio1.hr,To Do,FALSE,,,FALSE,Newly discovered RSS feed
Mistrzowie.org,https://swelbyboy.github.io/prospect-rss-feeds/mistrzowie-org.xml,OG,success,2025-11-29 14:40:13,Poland,mistrzowie.org,To Do,FALSE,,,FALSE,Newly discovered RSS feed
US Arab Radio,https://swelbyboy.github.io/prospect-rss-feeds/us-arab-radio.xml,OG,success,2025-11-29 11:50:49,United States,arabradio.us,To Do,FALSE,,,FALSE,Newly discovered RSS feed
cinarfm.gr,-,N/A,-,,Greece,cinarfm.gr,No feed generated,FALSE,,,FALSE,
Trifillakia,https://swelbyboy.github.io/prospect-rss-feeds/trifillakia.xml,OG,success,2025-11-29 14:40:20,Greece,trifillakia.gr,To Do,FALSE,,,FALSE,Newly discovered RSS feed
Clasic Radio,https://swelbyboy.github.io/prospect-rss-feeds/clasic-radio.xml,OG,success,2025-11-29 14:40:24,Romania,clasicradio.ro,To Do,FALSE,,,FALSE,Newly discovered RSS feed
Apokoronas life,https://swelbyboy.github.io/prospect-rss-feeds/apokoronas-life.xml,OG,success,2025-11-29 14:40:27,Greece,apokoronaslife.gr,To Do,FALSE,,,FALSE,Newly discovered RSS feed
Servus Hunedoara,https://swelbyboy.github.io/prospect-rss-feeds/servus-hunedoara.xml,OG,success,2025-11-29 14:40:28,Romania,servuspress.ro,To Do,FALSE,,,FALSE,Newly discovered RSS feed
Fox 42 KPTM,https://swelbyboy.github.io/prospect-rss-feeds/fox-42-kptm.xml,OG,success,2025-11-29 11:50:49,United States,fox42kptm.com,To Do,FALSE,,,FALSE,Newly discovered RSS feed
iraklis1908,-,N/A,-,,Greece,iraklis1908.gr,No feed generated,FALSE,,,FALSE,
Trikala365,-,N/A,-,,Greece,trikala365.gr,No feed generated,FALSE,,,FALSE,
Jastrzębie,-,N/A,-,,Poland,tujastrzebie.pl,No feed generated,FALSE,,,FALSE,
Tempo24,https://swelbyboy.github.io/prospect-rss-feeds/tempo24.xml,OG,success,2025-11-29 14:40:32,Greece,tempo24.news,To Do,FALSE,,,FALSE,Newly discovered RSS feed
Független Nemzet,-,N/A,-,,Hungary,fuggetlennemzet.hu,No feed generated,FALSE,,,FALSE,
e-sadownictwo.pl,-,N/A,-,,Poland,e-sadownictwo.pl,No feed generated,FALSE,,,FALSE,
Sliedrecht24,https://swelbyboy.github.io/prospect-rss-feeds/sliedrecht24.xml,OG,success,2025-11-29 14:40:33,Netherlands,sliedrecht24.nl,To Do,FALSE,,,FALSE,Newly discovered RSS feed
Mediwietsite,https://swelbyboy.github.io/prospect-rss-feeds/mediwietsite.xml,OG,success,2025-11-29 14:40:48,Netherlands,mediwietsite.nl,To Do,FALSE,,,FALSE,Newly discovered RSS feed
MP1st,https://swelbyboy.github.io/prospect-rss-feeds/mp1st.xml,OG,success,2025-11-29 11:50:53,United States,mp1st.com,To Do,FALSE,,,FALSE,Newly discovered RSS feed
Belge.com.tr,https://swelbyboy.github.io/prospect-rss-feeds/belge-com-tr.xml,OG,success,2025-11-29 14:40:53,Turkey,belge.com.tr,To Do,FALSE,,,FALSE,Newly discovered RSS feed
ikamien.pl,https://swelbyboy.github.io/prospect-rss-feeds/ikamien-pl.xml,OG,success,2025-11-29 14:40:55,Poland,ikamien.pl,To Do,FALSE,,,FALSE,Newly discovered RSS feed
Marshall County Daily,https://swelbyboy.github.io/prospect-rss-feeds/marshall-county-daily.xml,OG,success,2025-11-29 11:51:03,United States,marshallcountydaily.com,To Do,FALSE,,,FALSE,Newly discovered RSS feed
Grude Online,-,N/A,-,,Croatia,grude-online.info,No feed generated,FALSE,,,FALSE,
Regionieuws Hoogeveen,https://swelbyboy.github.io/prospect-rss-feeds/regionieuws-hoogeveen.xml,OG,success,2025-11-29 14:41:15,Netherlands,regionieuwshoogeveen.nl,To Do,FALSE,,,FALSE,Newly discovered RSS feed
DTS24,https://swelbyboy.github.io/prospect-rss-feeds/dts24.xml,OG,success,2025-11-29 14:41:17,Poland,dts24.pl,To Do,FALSE,,,FALSE,Newly discovered RSS feed
Arcadia 93.8,https://swelbyboy.github.io/prospect-rss-feeds/arcadia-93-8.xml,OG,success,2025-11-29 14:41:23,Greece,arcadia938.gr,To Do,FALSE,,,FALSE,Newly discovered RSS feed
FWS.GR Fueled With Sports,https://swelbyboy.github.io/prospect-rss-feeds/fws-gr-fueled-with-sports.xml,OG,success,2025-12-02 11:51:56,Greece,fws.gr,To Do,FALSE,,,FALSE,Newly discovered RSS feed
Firefighting Greece,https://swelbyboy.github.io/prospect-rss-feeds/firefighting-greece.xml,OG,success,2025-11-29 14:41:26,Greece,firefightingreece.gr,To Do,FALSE,,,FALSE,Newly discovered RSS feed
faragency.bg,https://swelbyboy.github.io/prospect-rss-feeds/faragency-bg.xml,OG,success,2025-11-29 14:41:32,Bulgaria,faragency.bg,To Do,FALSE,,,FALSE,Newly discovered RSS feed
Sajomente,-,N/A,-,,Hungary,sajomente.hu,No feed generated,FALSE,,,FALSE,
Radio Oko,https://swelbyboy.github.io/prospect-rss-feeds/radio-oko.xml,OG,success,2025-11-29 14:41:47,Poland,radiooko.pl,To Do,FALSE,,,FALSE,Newly discovered RSS feed
Frøya.no,-,N/A,-,,Norway,froya.no,No feed generated,FALSE,,,FALSE,
Campustimes.press,-,N/A,-,,Bangladesh,campustimes.press,No feed generated,FALSE,,,FALSE,
Kárpáti Igaz Szó,https://swelbyboy.github.io/prospect-rss-feeds/kárpáti-igaz-szó.xml,OG,success,2025-11-29 14:41:50,Hungary,kiszo.net,To Do,FALSE,,,FALSE,Newly discovered RSS feed
Trikala Day,https://swelbyboy.github.io/prospect-rss-feeds/trikala-day.xml,OG,success,2025-11-29 14:41:54,Greece,trikaladay.gr,To Do,FALSE,,,FALSE,Newly discovered RSS feed
Curierul.ro,-,N/A,-,,Romania,curierul.ro,No feed generated,FALSE,,,FALSE,
Simurg Media,https://swelbyboy.github.io/prospect-rss-feeds/simurg-media.xml,OG,success,2025-11-29 14:42:05,Bosnia and Herzegovina,stav.ba,To Do,FALSE,,,FALSE,Newly discovered RSS feed
logodiatrofis.gr,https://swelbyboy.github.io/prospect-rss-feeds/logodiatrofis-gr.xml,OG,success,2025-12-02 11:51:51,Greece,logodiatrofis.gr,To Do,FALSE,,,FALSE,Newly discovered RSS feed
fronda.pl,-,N/A,-,,Poland,fronda.pl,No feed generated,FALSE,,,FALSE,
PlayZine,https://swelbyboy.github.io/prospect-rss-feeds/playzine.xml,OG,success,2025-11-29 14:42:08,Serbia,play.co.rs,To Do,FALSE,,,FALSE,Newly discovered RSS feed
Verena.gr,https://swelbyboy.github.io/prospect-rss-feeds/verena-gr.xml,OG,success,2025-11-29 14:42:11,Greece,verena.gr,To Do,FALSE,,,FALSE,Newly discovered RSS feed
Kecsup hírek,-,N/A,-,,Hungary,kecsup.hu,No feed generated,FALSE,,,FALSE,
Veriu.info,https://swelbyboy.github.io/prospect-rss-feeds/veriu-info.xml,OG,success,2025-11-29 14:42:15,Serbia,veriu.info,To Do,FALSE,,,FALSE,Newly discovered RSS feed
Orthosongbad,https://swelbyboy.github.io/prospect-rss-feeds/orthosongbad.xml,OG,success,2025-11-29 14:42:27,Bangladesh,orthosongbad.com,To Do,FALSE,,,FALSE,Newly discovered RSS feed
The FAQ,https://swelbyboy.github.io/prospect-rss-feeds/the-faq.xml,OG,success,2025-11-29 14:42:29,Greece,thefaq.gr,To Do,FALSE,,,FALSE,Newly discovered RSS feed
InformaTeca,https://swelbyboy.github.io/prospect-rss-feeds/informateca.xml,OG,success,2025-11-29 14:42:38,Romania,informateca.ro,To Do,FALSE,,,FALSE,Newly discovered RSS feed
Kiss13,-,N/A,-,,Bulgaria,kiss13.net,No feed generated,FALSE,,,FALSE,
KNAC.COM,https://swelbyboy.github.io/prospect-rss-feeds/knac-com.xml,OG,success,2025-11-29 11:51:13,United States,knac.com,To Do,FALSE,,,FALSE,Newly discovered RSS feed
Haber 20 Denizli,-,N/A,-,,Turkey,haber20denizli.com,No feed generated,FALSE,,,FALSE,
LimnosFM100,-,N/A,-,,Greece,limnosfm100.gr,No feed generated,FALSE,,,FALSE,
Konkursi za posao - Općina Tešanj,https://swelbyboy.github.io/prospect-rss-feeds/konkursi-za-posao---općina-tešanj.xml,OG,success,2025-11-29 14:42:44,Croatia,jelah.info,To Do,FALSE,,,FALSE,Newly discovered RSS feed
Northbasket.gr,https://swelbyboy.github.io/prospect-rss-feeds/northbasket-gr.xml,OG,success,2025-11-29 14:42:49,Greece,northbasket.gr,To Do,FALSE,,,FALSE,Newly discovered RSS feed
Radio Krizevci,https://swelbyboy.github.io/prospect-rss-feeds/radio-krizevci.xml,OG,success,2025-11-29 14:42:51,Hungary,radiokrizevci.hr,To Do,FALSE,,,FALSE,Newly discovered RSS feed
Devilpage.pl,-,N/A,-,,Poland,devilpage.pl,No feed generated,FALSE,,,FALSE,
Metalfan.nl,https://swelbyboy.github.io/prospect-rss-feeds/metalfan-nl.xml,OG,success,2025-11-29 14:42:53,Netherlands,metalfan.nl,To Do,FALSE,,,FALSE,Newly discovered RSS feed
Radio Brcko,-,N/A,-,,Bosnia and Herzegovina,radiobrcko.ba,No feed generated,FALSE,,,FALSE,
Semberija Info,https://swelbyboy.github.io/prospect-rss-feeds/semberija-info.xml,RSS,success,2025-11-29 14:42:54,Bosnia and Herzegovina,semberija.info,To Do,FALSE,,,FALSE,Newly discovered RSS feed
Polonia Birmingham,-,N/A,-,,Poland,bham.pl,No feed generated,FALSE,,,FALSE,
iLamia.gr,https://swelbyboy.github.io/prospect-rss-feeds/ilamia-gr.xml,OG,success,2025-11-29 14:43:05,Greece,ilamia.gr,To Do,FALSE,,,FALSE,Newly discovered RSS feed
Filmtopp.se,https://swelbyboy.github.io/prospect-rss-feeds/filmtopp-se.xml,OG,success,2025-11-29 14:43:10,Sweden,filmtopp.se,To Do,FALSE,,,FALSE,Newly discovered RSS feed
Radio Mrežnica,https://swelbyboy.github.io/prospect-rss-feeds/radio-mrežnica.xml,OG,success,2025-11-29 14:43:12,Croatia,radio-mreznica.hr,To Do,FALSE,,,FALSE,Newly discovered RSS feed
Informator Stolicy,-,N/A,-,,Poland,informator-stolicy.pl,No feed generated,FALSE,,,FALSE,
Nieuws op Beeld,https://swelbyboy.github.io/prospect-rss-feeds/nieuws-op-beeld.xml,OG,failed,2025-11-29 14:43:42,Netherlands,nieuwsopbeeld.nl,To Do,FALSE,,,FALSE,Newly discovered RSS feed
KNSI News,https://swelbyboy.github.io/prospect-rss-feeds/knsi-news.xml,OG,success,2025-12-02 11:51:53,United States,knsiradio.com,To Do,FALSE,,,FALSE,Newly discovered RSS feed
Fanaripress.gr,-,N/A,-,,Greece,fanaripress.gr,No feed generated,FALSE,,,FALSE,
Olsztyn24,-,N/A,-,,Poland,olsztyn24.com,No feed generated,FALSE,,,FALSE,
Matchfit Football,-,N/A,-,,United Kingdom,matchfitconditioning.com,No feed generated,FALSE,,,FALSE,
e-sterea.gr,-,N/A,-,,Greece,e-sterea.gr,No feed generated,FALSE,,,FALSE,
Schaatsen.nl,-,N/A,-,,Netherlands,schaatsen.nl,No feed generated,FALSE,,,FALSE,
inTurda.ro,https://swelbyboy.github.io/prospect-rss-feeds/inturda-ro.xml,OG,success,2025-11-29 14:43:46,Romania,inturda.ro,To Do,FALSE,,,FALSE,Newly discovered RSS feed
Под лупа,https://swelbyboy.github.io/prospect-rss-feeds/под-лупа.xml,OG,success,2025-11-29 14:43:59,Bulgaria,burgas-podlupa.com,To Do,FALSE,,,FALSE,Newly discovered RSS feed
Sjeverni.info,-,N/A,-,,Croatia,sjeverni.info,No feed generated,FALSE,,,FALSE,
Fit Wiedza,https://swelbyboy.github.io/prospect-rss-feeds/fit-wiedza.xml,OG,success,2025-11-29 14:44:02,Poland,fitwiedza.pl,To Do,FALSE,,,FALSE,Newly discovered RSS feed
Digital Information World,https://swelbyboy.github.io/prospect-rss-feeds/digital-information-world.xml,OG,success,2025-11-29 14:44:04,Pakistan,digitalinformationworld.com,To Do,FALSE,,,FALSE,Newly discovered RSS feed
EClujeanul,https://swelbyboy.github.io/prospect-rss-feeds/eclujeanul.xml,OG,success,2025-11-29 14:44:06,Romania,eclujeanul.ro,To Do,FALSE,,,FALSE,Newly discovered RSS feed
Fonien.gr,https://swelbyboy.github.io/prospect-rss-feeds/fonien-gr.xml,OG,success,2025-11-29 14:44:09,Greece,fonien.gr,To Do,FALSE,,,FALSE,Newly discovered RSS feed
Logospellas.gr,https://swelbyboy.github.io/prospect-rss-feeds/logospellas-gr.xml,OG,success,2025-11-29 14:44:41,Greece,logospellas.gr,To Do,FALSE,,,FALSE,Newly discovered RSS feed
Haberler,-,N/A,-,,Turkey,terorsehitleri.com,No feed generated,FALSE,,,FALSE,
e-Volos,https://swelbyboy.github.io/prospect-rss-feeds/e-volos.xml,OG,success,2025-11-29 14:44:55,Greece,e-volos.gr,To Do,FALSE,,,FALSE,Newly discovered RSS feed
BlogKommoton Greece,-,N/A,-,,Greece,blogkommoton.gr,No feed generated,FALSE,,,FALSE,
BCOS TV,-,N/A,-,,Nigeria,bcos.tv,No feed generated,FALSE,,,FALSE,
Silistra News,https://swelbyboy.github.io/prospect-rss-feeds/silistra-news.xml,OG,success,2025-11-29 14:44:57,Bulgaria,silistranews.net,To Do,FALSE,,,FALSE,Newly discovered RSS feed
Gamekapocs,https://swelbyboy.github.io/prospect-rss-feeds/gamekapocs.xml,OG,success,2025-11-29 14:45:38,Hungary,gamekapocs.hu,To Do,FALSE,,,FALSE,Newly discovered RSS feed
Gavros.gr,-,N/A,-,,Greece,gavros.gr,No feed generated,FALSE,,,FALSE,
Startup Cafe,https://swelbyboy.github.io/prospect-rss-feeds/startup-cafe.xml,OG,success,2025-11-29 14:45:40,Romania,startupcafe.ro,To Do,FALSE,,,FALSE,Newly discovered RSS feed
XXsports.org,-,N/A,-,,Greece,xxsports.org,No feed generated,FALSE,,,FALSE,
Brasov Metropolitan,https://swelbyboy.github.io/prospect-rss-feeds/brasov-metropolitan.xml,OG,success,2025-11-29 14:46:07,Romania,brasovmetropolitan.ro,To Do,FALSE,,,FALSE,Newly discovered RSS feed
Kamubiz.com,-,N/A,-,,Turkey,kamubiz.com,No feed generated,FALSE,,,FALSE,
news.krakow.pl,-,N/A,-,,Poland,news.krakow.pl,No feed generated,FALSE,,,FALSE,
DesTora,https://swelbyboy.github.io/prospect-rss-feeds/destora.xml,OG,success,2025-11-29 14:46:17,Greece,destora.com,To Do,FALSE,,,FALSE,Newly discovered RSS feed
Uzice,https://swelbyboy.github.io/prospect-rss-feeds/uzice.xml,RSS,success,2025-11-29 14:46:28,Serbia,uzice.online,To Do,FALSE,,,FALSE,Newly discovered RSS feed
Pick&Roll,https://swelbyboy.github.io/prospect-rss-feeds/pick-roll.xml,OG,success,2025-11-29 14:46:35,Greece,pickandroll.gr,To Do,FALSE,,,FALSE,Newly discovered RSS feed
Kronike Velike Gorice,https://swelbyboy.github.io/prospect-rss-feeds/kronike-velike-gorice.xml,OG,success,2025-11-29 14:46:46,Croatia,kronikevg.com,To Do,FALSE,,,FALSE,Newly discovered RSS feed
PrismaSport.gr,-,N/A,-,,Greece,prismanews.gr,No feed generated,FALSE,,,FALSE,
Jabar News,https://swelbyboy.github.io/prospect-rss-feeds/jabar-news.xml,OG,success,2025-11-29 14:46:50,Indonesia,jabarnews.com,To Do,FALSE,,,FALSE,Newly discovered RSS feed
Milos Voice,https://swelbyboy.github.io/prospect-rss-feeds/milos-voice.xml,OG,success,2025-11-29 14:46:52,Greece,milosvoice.gr,To Do,FALSE,,,FALSE,Newly discovered RSS feed
Życie Powiatu na Mazowszu,https://swelbyboy.github.io/prospect-rss-feeds/życie-powiatu-na-mazowszu.xml,OG,success,2025-11-29 14:47:02,Poland,zyciepw.pl,To Do,FALSE,,,FALSE,Newly discovered RSS feed
Arad Online,https://swelbyboy.github.io/prospect-rss-feeds/arad-online.xml,OG,success,2025-11-29 14:47:11,Romania,aradon.ro,To Do,FALSE,,,FALSE,Newly discovered RSS feed
Emanyan,-,N/A,-,,Taiwan,emanyan.com,No feed generated,FALSE,,,FALSE,
Päivän Lehti,https://swelbyboy.github.io/prospect-rss-feeds/päivän-lehti.xml,OG,success,2025-11-29 14:47:18,Finland,paivanlehti.fi,To Do,FALSE,,,FALSE,Newly discovered RSS feed
Portal Włocławek,-,N/A,-,,Poland,portalwloclawek.pl,No feed generated,FALSE,,,FALSE,
Kronika požeško-slavonska,-,N/A,-,,Croatia,pozeska-kronika.hr,No feed generated,FALSE,,,FALSE,
StiriSuceava.net,https://swelbyboy.github.io/prospect-rss-feeds/stirisuceava-net.xml,OG,success,2025-11-29 14:47:20,Romania,stirisuceava.net,To Do,FALSE,,,FALSE,Newly discovered RSS feed
N4G,https://swelbyboy.github.io/prospect-rss-feeds/n4g.xml,OG,success,2025-11-29 11:51:18,United Kingdom,n4g.com,To Do,FALSE,,,FALSE,Newly discovered RSS feed
WOS Media,-,N/A,-,,Netherlands,wos.nl,No feed generated,FALSE,,,FALSE,
Gilabola,https://swelbyboy.github.io/prospect-rss-feeds/gilabola.xml,OG,success,2025-11-29 14:47:25,Indonesia,gilabola.com,To Do,FALSE,,,FALSE,Newly discovered RSS feed
Your Harlow.Com,-,N/A,-,,United Kingdom,yourharlow.com,No feed generated,FALSE,,,FALSE,
Kalimera-Arkadia.gr,https://swelbyboy.github.io/prospect-rss-feeds/kalimera-arkadia-gr.xml,OG,success,2025-11-29 14:47:38,Greece,kalimera-arkadia.gr,To Do,FALSE,,,FALSE,Newly discovered RSS feed
Calea Europeană,https://swelbyboy.github.io/prospect-rss-feeds/calea-europeană.xml,OG,success,2025-11-29 14:47:41,Romania,caleaeuropeana.ro,To Do,FALSE,,,FALSE,Newly discovered RSS feed
Keep on Trucking,https://swelbyboy.github.io/prospect-rss-feeds/keep-on-trucking.xml,OG,success,2025-12-02 11:40:02,United Kingdom,keepontrucking.uk,To Do,FALSE,,,FALSE,Newly discovered RSS feed
beritasumut.com,-,N/A,-,,Indonesia,beritasumut.com,No feed generated,FALSE,,,FALSE,
Libero Portal,https://swelbyboy.github.io/prospect-rss-feeds/libero-portal.xml,OG,success,2025-12-02 11:40:31,Croatia,liberoportal.hr,To Do,FALSE,,,FALSE,Newly discovered RSS feed
Gradski Portal 018,https://swelbyboy.github.io/prospect-rss-feeds/gradski-portal-018.xml,OG,success,2025-11-29 14:47:47,Serbia,gradskiportal018.rs,To Do,FALSE,,,FALSE,Newly discovered RSS feed
Radio Głos,https://swelbyboy.github.io/prospect-rss-feeds/radio-głos.xml,OG,success,2025-11-29 14:47:55,Poland,radioglos.pl,To Do,FALSE,,,FALSE,Newly discovered RSS feed
Życie Pabianic,https://swelbyboy.github.io/prospect-rss-feeds/życie-pabianic.xml,OG,success,2025-11-29 14:47:59,Poland,nowezyciepabianic.pl,To Do,FALSE,,,FALSE,Newly discovered RSS feed
Tygodnik Gwarek,-,N/A,-,,Poland,gwarek.com.pl,No feed generated,FALSE,,,FALSE,
Rock 'N' Load,https://swelbyboy.github.io/prospect-rss-feeds/rock--n--load.xml,OG,success,2025-11-29 11:51:25,United States,rocknloadmag.com,To Do,FALSE,,,FALSE,Newly discovered RSS feed
Oh Mami Street food,https://swelbyboy.github.io/prospect-rss-feeds/oh-mami-street-food.xml,OG,success,2025-11-29 14:48:07,Greece,fonikastorias.gr,To Do,FALSE,,,FALSE,Newly discovered RSS feed
Crochet Blog,https://swelbyboy.github.io/prospect-rss-feeds/crochet-blog.xml,OG,success,2025-11-29 11:51:32,United States,crochetblog.net,To Do,FALSE,,,FALSE,Newly discovered RSS feed
Zonnestraaltjes,https://swelbyboy.github.io/prospect-rss-feeds/zonnestraaltjes.xml,OG,success,2025-11-29 14:48:09,Netherlands,spectrummagazine.nl,To Do,FALSE,,,FALSE,Newly discovered RSS feed
SokolkaTV,-,N/A,-,,Poland,sokolka.tv,No feed generated,FALSE,,,FALSE,
MeaCulpa.gr,https://swelbyboy.github.io/prospect-rss-feeds/meaculpa-gr.xml,OG,success,2025-11-29 14:48:12,Greece,meaculpa.gr,To Do,FALSE,,,FALSE,Newly discovered RSS feed
WHVO,https://swelbyboy.github.io/prospect-rss-feeds/whvo.xml,"OG (9), RSS (1)",success,2025-11-29 11:51:39,United States,whvoradio.com,To Do,FALSE,,,FALSE,Newly discovered RSS feed
kalymnos-news.gr,https://swelbyboy.github.io/prospect-rss-feeds/kalymnos-news-gr.xml,OG,success,2025-11-29 14:48:15,Greece,kalymnos-news.gr,To Do,FALSE,,,FALSE,Newly discovered RSS feed
Trakya'nin Sesi,https://swelbyboy.github.io/prospect-rss-feeds/trakya-nin-sesi.xml,OG,success,2025-11-29 14:48:26,Greece,trakyaninsesi.com,To Do,FALSE,,,FALSE,Newly discovered RSS feed
e-communio.ro,-,N/A,-,,Romania,e-communio.ro,No feed generated,FALSE,,,FALSE,
I epochí,-,N/A,-,,Greece,epohi.gr,No feed generated,FALSE,,,FALSE,
民視全球新聞,-,N/A,-,,Taiwan,ftvnews.com.tw,No feed generated,FALSE,,,FALSE,
Bodrum Olay Gazetesi,https://swelbyboy.github.io/prospect-rss-feeds/bodrum-olay-gazetesi.xml,OG,success,2025-11-29 14:48:36,Turkey,bodrumolay.com,To Do,FALSE,,,FALSE,Newly discovered RSS feed
Floga Sport,-,N/A,-,,Greece,flogasport.gr,No feed generated,FALSE,,,FALSE,
國家政策研究基金會,https://swelbyboy.github.io/prospect-rss-feeds/國家政策研究基金會.xml,OG,success,2025-11-29 14:48:44,Taiwan,npf.org.tw,To Do,FALSE,,,FALSE,Newly discovered RSS feed
Portal KRUG,https://swelbyboy.github.io/prospect-rss-feeds/portal-krug.xml,OG,success,2025-11-29 14:48:54,Serbia,krug.rs,To Do,FALSE,,,FALSE,Newly discovered RSS feed
pravdabl.com,https://swelbyboy.github.io/prospect-rss-feeds/pravdabl-com.xml,OG,success,2025-11-29 14:48:58,Bosnia and Herzegovina,pravdabl.com,To Do,FALSE,,,FALSE,Newly discovered RSS feed
Trikki Press,https://swelbyboy.github.io/prospect-rss-feeds/trikki-press.xml,OG,success,2025-11-29 14:49:12,Greece,trikkipress.gr,To Do,FALSE,,,FALSE,Newly discovered RSS feed
W Cieniu Jupiterów,-,N/A,-,,Poland,wcj24.pl,No feed generated,FALSE,,,FALSE,
Helló Dél-Somogy,https://swelbyboy.github.io/prospect-rss-feeds/helló-dél-somogy.xml,OG,success,2025-11-29 14:49:28,Hungary,hellodelsomogy.hu,To Do,FALSE,,,FALSE,Newly discovered RSS feed
Lintas Gayo,-,N/A,failed,2025-11-29 14:49:29,Indonesia,lintasgayo.co,No feed generated,FALSE,,,FALSE,Feed generation failed or no source feed found
Sumeks.co,https://swelbyboy.github.io/prospect-rss-feeds/sumeks-co.xml,OG,success,2025-11-29 14:49:35,Indonesia,sumeks.co,To Do,FALSE,,,FALSE,Newly discovered RSS feed
TelePaks - Paksi Hírnök,https://swelbyboy.github.io/prospect-rss-feeds/telepaks---paksi-hírnök.xml,OG,success,2025-11-29 14:49:42,Hungary,telepaks.net,To Do,FALSE,,,FALSE,Newly discovered RSS feed
Osvit-Radio Zvornik,https://swelbyboy.github.io/prospect-rss-feeds/osvit-radio-zvornik.xml,OG,success,2025-11-29 14:49:44,Bosnia and Herzegovina,radioosvit.com,To Do,FALSE,,,FALSE,Newly discovered RSS feed
Lintas Papua,-,N/A,-,,Indonesia,lintaspapua.com,No feed generated,FALSE,,,FALSE,
Sangonet,https://swelbyboy.github.io/prospect-rss-feeds/sangonet.xml,RSS,success,2025-11-29 14:50:55,South Africa,ngopulse.org,To Do,FALSE,,,FALSE,Newly discovered RSS feed
Радио Фоча,-,N/A,-,,Bosnia and Herzegovina,radiofoca.com,No feed generated,FALSE,,,FALSE,
Nacionalno,-,N/A,-,,Croatia,nacionalno.hr,No feed generated,FALSE,,,FALSE,
LamiaSports,-,N/A,-,,Greece,lamiasports.com,No feed generated,FALSE,,,FALSE,
tacno.net,https://swelbyboy.github.io/prospect-rss-feeds/tacno-net.xml,OG,success,2025-11-29 14:50:58,Croatia,tacno.net,To Do,FALSE,,,FALSE,Newly discovered RSS feed
Rejtélyek Szigete,https://swelbyboy.github.io/prospect-rss-feeds/rejtélyek-szigete.xml,OG,success,2025-11-29 14:51:01,Bulgaria,rejtelyekszigete.com,To Do,FALSE,,,FALSE,Newly discovered RSS feed
Sugar Free Press,https://swelbyboy.github.io/prospect-rss-feeds/sugar-free-press.xml,OG,success,2025-11-29 14:51:12,Greece,sugarfreepress.gr,To Do,FALSE,,,FALSE,Newly discovered RSS feed
Sorok Között Könyves Blog,https://swelbyboy.github.io/prospect-rss-feeds/sorok-között-könyves-blog.xml,OG,success,2025-11-29 14:51:20,Hungary,sorok-kozott.hu,To Do,FALSE,,,FALSE,Newly discovered RSS feed
Salon24.pl,-,N/A,-,,Poland,salon24.pl,No feed generated,FALSE,,,FALSE,
White Wolf Pack,https://swelbyboy.github.io/prospect-rss-feeds/white-wolf-pack.xml,OG,success,2025-11-29 11:51:41,United States,whitewolfpack.com,To Do,FALSE,,,FALSE,Newly discovered RSS feed
United News of Bangladesh,-,N/A,-,,Bangladesh,unb.com.bd,No feed generated,FALSE,,,FALSE,
trikalaIN,https://swelbyboy.github.io/prospect-rss-feeds/trikalain.xml,OG,success,2025-11-29 14:51:22,Greece,trikalain.gr,To Do,FALSE,,,FALSE,Newly discovered RSS feed
ManUtd.pl,https://swelbyboy.github.io/prospect-rss-feeds/manutd-pl.xml,OG,success,2025-12-02 11:52:05,Poland,manutd.pl,To Do,FALSE,,,FALSE,Newly discovered RSS feed
Harian Aceh Indonesia,-,N/A,-,,Indonesia,harianaceh.co.id,No feed generated,FALSE,,,FALSE,
Tetragwno.gr,https://swelbyboy.github.io/prospect-rss-feeds/tetragwno-gr.xml,OG,success,2025-11-29 14:51:25,Greece,tetragwno.gr,To Do,FALSE,,,FALSE,Newly discovered RSS feed
Disco Polo,https://swelbyboy.github.io/prospect-rss-feeds/disco-polo.xml,OG,success,2025-11-29 14:51:31,Poland,disco-polo.info,To Do,FALSE,,,FALSE,Newly discovered RSS feed
GenPI.co,-,N/A,-,,Indonesia,genpi.co,No feed generated,FALSE,,,FALSE,
Gazeta Krotoszyńska,-,N/A,-,,Poland,krotoszynska.pl,No feed generated,FALSE,,,FALSE,
Index-ba,-,N/A,-,,Bosnia and Herzegovina,index.ba,No feed generated,FALSE,,,FALSE,
InShorts Marathi,https://swelbyboy.github.io/prospect-rss-feeds/inshorts-marathi.xml,OG,success,2025-11-29 14:51:35,India,inshortsmarathi.com,To Do,FALSE,,,FALSE,Newly discovered RSS feed
Krupljani.ba,https://swelbyboy.github.io/prospect-rss-feeds/krupljani-ba.xml,OG,success,2025-11-29 14:51:41,Bosnia and Herzegovina,krupljani.ba,To Do,FALSE,,,FALSE,Newly discovered RSS feed
Radar Sukabumi,https://swelbyboy.github.io/prospect-rss-feeds/radar-sukabumi.xml,OG,success,2025-11-29 14:52:07,Indonesia,radarsukabumi.com,To Do,FALSE,,,FALSE,Newly discovered RSS feed
Shake Up Learning,https://swelbyboy.github.io/prospect-rss-feeds/shake-up-learning.xml,OG,success,2025-11-29 11:51:47,United States,shakeuplearning.com,To Do,FALSE,,,FALSE,Newly discovered RSS feed
likewoman.gr,https://swelbyboy.github.io/prospect-rss-feeds/likewoman-gr.xml,OG,success,2025-11-29 14:52:15,Greece,likewoman.gr,To Do,FALSE,,,FALSE,Newly discovered RSS feed
www.kalabakacity.gr,https://swelbyboy.github.io/prospect-rss-feeds/www-kalabakacity-gr.xml,OG,success,2025-11-29 14:52:17,Greece,kalabakacity.gr,To Do,FALSE,,,FALSE,Newly discovered RSS feed
Toplicke Vesti,https://swelbyboy.github.io/prospect-rss-feeds/toplicke-vesti.xml,OG,success,2025-11-29 14:52:25,Serbia,toplickevesti.com,To Do,FALSE,,,FALSE,Newly discovered RSS feed
Nema zabranjenih,https://swelbyboy.github.io/prospect-rss-feeds/nema-zabranjenih.xml,OG,success,2025-11-29 14:52:39,Croatia,nemazabranjenih.rs,To Do,FALSE,,,FALSE,Newly discovered RSS feed
Loutraki365,https://swelbyboy.github.io/prospect-rss-feeds/loutraki365.xml,OG,success,2025-11-29 14:52:42,Greece,loutraki365.gr,To Do,FALSE,,,FALSE,Newly discovered RSS feed
Sentra Kastorias,-,N/A,-,,Greece,sentra.com.gr,No feed generated,FALSE,,,FALSE,
TV Nova Pula,https://swelbyboy.github.io/prospect-rss-feeds/tv-nova-pula.xml,OG,success,2025-11-29 14:52:50,Croatia,tvnova.hr,To Do,FALSE,,,FALSE,Newly discovered RSS feed
rpn.gr,https://swelbyboy.github.io/prospect-rss-feeds/rpn-gr.xml,OG,success,2025-12-02 11:51:56,Greece,rpn.gr,To Do,FALSE,,,FALSE,Newly discovered RSS feed
Θεσσαλία Τηλεόραση,https://swelbyboy.github.io/prospect-rss-feeds/θεσσαλία-τηλεόραση.xml,OG,success,2025-11-29 14:52:55,Greece,thessaliatv.gr,To Do,FALSE,,,FALSE,Newly discovered RSS feed
sinor.bg,-,N/A,-,,Bulgaria,sinor.bg,No feed generated,FALSE,,,FALSE,
Ola Thessaloniki,-,N/A,-,,Greece,olathessaloniki.com,No feed generated,FALSE,,,FALSE,
RomKat.ro,https://swelbyboy.github.io/prospect-rss-feeds/romkat-ro.xml,OG,success,2025-11-29 14:53:05,Romania,romkat.ro,To Do,FALSE,,,FALSE,Newly discovered RSS feed
نداء الوطن,-,N/A,-,,United States,nedaelwatan.com,No feed generated,FALSE,,,FALSE,
La Liiga,https://swelbyboy.github.io/prospect-rss-feeds/la-liiga.xml,OG,success,2025-11-29 14:53:10,Finland,laliiga.com,To Do,FALSE,,,FALSE,Newly discovered RSS feed
Brus Online,https://swelbyboy.github.io/prospect-rss-feeds/brus-online.xml,OG,success,2025-11-29 14:53:21,Serbia,brusonline.com,To Do,FALSE,,,FALSE,Newly discovered RSS feed
Punjabi Jagran,-,N/A,-,,India,punjabijagran.com,No feed generated,FALSE,,,FALSE,
Infonews24.gr,-,N/A,-,,Greece,infonews24.gr,No feed generated,FALSE,,,FALSE,
Angroid,https://swelbyboy.github.io/prospect-rss-feeds/angroid.xml,OG,success,2025-11-29 14:53:23,Greece,angroid.gr,To Do,FALSE,,,FALSE,Newly discovered RSS feed
eTravel News,-,N/A,-,,Greece,etravelnews.gr,No feed generated,FALSE,,,FALSE,
Longevity,https://swelbyboy.github.io/prospect-rss-feeds/longevity.xml,OG,success,2025-11-29 11:51:49,United States,longevitylive.com,To Do,FALSE,,,FALSE,Newly discovered RSS feed
Strefa Wydarzeń,-,N/A,-,,Poland,strefawydarzen.pl,No feed generated,FALSE,,,FALSE,
HelpPost,https://swelbyboy.github.io/prospect-rss-feeds/helppost.xml,OG,success,2025-11-29 14:53:27,Greece,helppost.gr,To Do,FALSE,,,FALSE,Newly discovered RSS feed
aris.re,-,N/A,-,,Greece,aris.re,No feed generated,FALSE,,,FALSE,
Campbellsville Tigers,https://swelbyboy.github.io/prospect-rss-feeds/campbellsville-tigers.xml,OG,success,2025-11-29 11:52:02,United States,campbellsvilletigers.com,To Do,FALSE,,,FALSE,Newly discovered RSS feed
Plaster Łódzki,-,N/A,-,,Poland,plasterlodzki.pl,No feed generated,FALSE,,,FALSE,
ILIJAS.info,https://swelbyboy.github.io/prospect-rss-feeds/ilijas-info.xml,OG,success,2025-11-29 14:53:31,Bosnia and Herzegovina,ilijas.info,To Do,FALSE,,,FALSE,Newly discovered RSS feed
SmartParents,-,N/A,-,,Singapore,smartparents.sg,No feed generated,FALSE,,,FALSE,
The Clockwork Orange Times,https://swelbyboy.github.io/prospect-rss-feeds/the-clockwork-orange-times.xml,OG,success,2025-11-29 14:53:35,Greece,kourdistoportocali.com,To Do,FALSE,,,FALSE,Newly discovered RSS feed
ePrice.HK 香港手機評測 格價 資訊站,https://swelbyboy.github.io/prospect-rss-feeds/eprice-hk-香港手機評測-格價-資訊站.xml,OG,success,2025-11-29 14:53:43,Hong Kong,eprice.com.hk,To Do,FALSE,,,FALSE,Newly discovered RSS feed
Posusje Net,https://swelbyboy.github.io/prospect-rss-feeds/posusje-net.xml,OG,success,2025-11-29 14:53:45,Croatia,posusje.net,To Do,FALSE,,,FALSE,Newly discovered RSS feed
Edirne Ahval Gazetesi,https://swelbyboy.github.io/prospect-rss-feeds/edirne-ahval-gazetesi.xml,OG,success,2025-11-29 14:53:49,Turkey,edirneahval.com,To Do,FALSE,,,FALSE,Newly discovered RSS feed
TijuaNotas,https://swelbyboy.github.io/prospect-rss-feeds/tijuanotas.xml,OG,success,2025-11-29 11:52:07,United States,tijuanotas.com,To Do,FALSE,,,FALSE,Newly discovered RSS feed
vladarka.com,https://swelbyboy.github.io/prospect-rss-feeds/vladarka-com.xml,OG,success,2025-11-29 14:53:52,Bosnia and Herzegovina,vladarka.com,To Do,FALSE,,,FALSE,Newly discovered RSS feed
Zeropese,-,N/A,-,,Serbia,zeropese.com,No feed generated,FALSE,,,FALSE,
reprezent.ba,https://swelbyboy.github.io/prospect-rss-feeds/reprezent-ba.xml,"OG (1), RSS (9)",success,2025-11-29 14:54:20,Bosnia and Herzegovina,reprezent.ba,To Do,FALSE,,,FALSE,Newly discovered RSS feed
syrostoday.gr,https://swelbyboy.github.io/prospect-rss-feeds/syrostoday-gr.xml,OG,success,2025-11-29 14:54:27,Greece,syrostoday.gr,To Do,FALSE,,,FALSE,Newly discovered RSS feed
Hayat Mutfakta,https://swelbyboy.github.io/prospect-rss-feeds/hayat-mutfakta.xml,OG,success,2025-11-29 14:54:28,Turkey,hayatmutfakta.com,To Do,FALSE,,,FALSE,Newly discovered RSS feed
Plant Care Today,https://swelbyboy.github.io/prospect-rss-feeds/plant-care-today.xml,OG,success,2025-11-29 11:52:09,United States,plantcaretoday.com,To Do,FALSE,,,FALSE,Newly discovered RSS feed
TV 10,https://swelbyboy.github.io/prospect-rss-feeds/tv-10.xml,OG,success,2025-11-29 14:54:31,Greece,tv10.gr,To Do,FALSE,,,FALSE,Newly discovered RSS feed
Radio televizija Bor,-,N/A,-,,Serbia,rtvbor.rs,No feed generated,FALSE,,,FALSE,
وكالة أخبار المرأة,https://swelbyboy.github.io/prospect-rss-feeds/وكالة-أخبار-المرأة.xml,OG,success,2025-11-29 14:54:35,United Arab Emirates,wonews.net,To Do,FALSE,,,FALSE,Newly discovered RSS feed
Orthodoxia.online,-,N/A,-,,Greece,orthodoxia.online,No feed generated,FALSE,,,FALSE,
Μαργαρίτες Μάντολες,https://swelbyboy.github.io/prospect-rss-feeds/μαργαρίτες-μάντολες.xml,OG,success,2025-11-29 14:54:37,Greece,mantoles.net,To Do,FALSE,,,FALSE,Newly discovered RSS feed
Readers' Favorite,-,N/A,-,,United States,readersfavorite.com,No feed generated,FALSE,,,FALSE,
Jugoslovenska Narodna Armija,https://swelbyboy.github.io/prospect-rss-feeds/jugoslovenska-narodna-armija.xml,OG,success,2025-11-29 14:54:44,Croatia,nova-yuga.info,To Do,FALSE,,,FALSE,Newly discovered RSS feed
Ανεξάρτητος,-,N/A,-,,Greece,anexartitos.gr,No feed generated,FALSE,,,FALSE,
Ostrowski Portal Internetowy,-,N/A,-,,Poland,ostrowmaz.com,No feed generated,FALSE,,,FALSE,
Rajshah iPost,-,N/A,-,,Bangladesh,rajshahipost.com,No feed generated,FALSE,,,FALSE,
Radio Kosova e Lire,https://swelbyboy.github.io/prospect-rss-feeds/radio-kosova-e-lire.xml,OG,success,2025-11-29 14:54:51,Croatia,radiokosovaelire.com,To Do,FALSE,,,FALSE,Newly discovered RSS feed
Grude.com,-,N/A,-,,Bosnia and Herzegovina,grude.com,No feed generated,FALSE,,,FALSE,
Fevgato.gr - Tattoo,-,N/A,-,,Greece,fevgato.gr,No feed generated,FALSE,,,FALSE,
Moreto.Net,https://swelbyboy.github.io/prospect-rss-feeds/moreto-net.xml,OG,success,2025-11-29 14:54:54,Bulgaria,moreto.net,To Do,FALSE,,,FALSE,Newly discovered RSS feed
Ανοιχτό Παράθυρο,https://swelbyboy.github.io/prospect-rss-feeds/ανοιχτό-παράθυρο.xml,OG,success,2025-11-29 14:54:58,Greece,anoixtoparathyro.gr,To Do,FALSE,,,FALSE,Newly discovered RSS feed
Stiri Romania,-,N/A,-,,Romania,diacaf.com,No feed generated,FALSE,,,FALSE,
B106 Hip Hop & RnB,https://swelbyboy.github.io/prospect-rss-feeds/b106-hip-hop---rnb.xml,OG,success,2025-11-29 11:52:12,United States,myb106.com,To Do,FALSE,,,FALSE,Newly discovered RSS feed
Tele M Neamt,https://swelbyboy.github.io/prospect-rss-feeds/tele-m-neamt.xml,OG,success,2025-11-29 14:55:01,Romania,telemneamt.net,To Do,FALSE,,,FALSE,Newly discovered RSS feed
RTTNews,-,N/A,-,,United States,rttnews.com,No feed generated,FALSE,,,FALSE,
Tvnea.com,https://swelbyboy.github.io/prospect-rss-feeds/tvnea-com.xml,OG,success,2025-11-29 14:55:04,Greece,tvnea.com,To Do,FALSE,,,FALSE,Newly discovered RSS feed
WVUB,https://swelbyboy.github.io/prospect-rss-feeds/wvub.xml,OG,success,2025-11-29 11:52:12,United States,wvub.org,To Do,FALSE,,,FALSE,Newly discovered RSS feed
SportsAddict.gr,https://swelbyboy.github.io/prospect-rss-feeds/sportsaddict-gr.xml,OG,success,2025-11-29 14:55:14,Greece,sportsaddict.gr,To Do,FALSE,,,FALSE,Newly discovered RSS feed
NAŠICE - Vijesti,https://swelbyboy.github.io/prospect-rss-feeds/našice---vijesti.xml,OG,success,2025-11-29 14:55:16,Croatia,nasice.com,To Do,FALSE,,,FALSE,Newly discovered RSS feed
Sliven Press,https://swelbyboy.github.io/prospect-rss-feeds/sliven-press.xml,OG,success,2025-11-29 14:55:23,Bulgaria,slivenpress.bg,To Do,FALSE,,,FALSE,Newly discovered RSS feed
GoSumut.com,https://swelbyboy.github.io/prospect-rss-feeds/gosumut-com.xml,RSS,success,2025-11-29 14:55:30,Indonesia,gosumut.com,To Do,FALSE,,,FALSE,Newly discovered RSS feed
leutar.net,https://swelbyboy.github.io/prospect-rss-feeds/leutar-net.xml,OG,success,2025-11-29 14:55:39,Serbia,leutar.net,To Do,FALSE,,,FALSE,Newly discovered RSS feed
iSokolka,https://swelbyboy.github.io/prospect-rss-feeds/isokolka.xml,OG,success,2025-11-29 14:55:45,Poland,isokolka.eu,To Do,FALSE,,,FALSE,Newly discovered RSS feed
STRAJK.eu,https://swelbyboy.github.io/prospect-rss-feeds/strajk-eu.xml,OG,success,2025-11-29 14:55:49,Poland,strajk.eu,To Do,FALSE,,,FALSE,Newly discovered RSS feed
TigerDroppings.com,-,N/A,-,,United States,tigerdroppings.com,No feed generated,FALSE,,,FALSE,
WhatNext,https://swelbyboy.github.io/prospect-rss-feeds/whatnext.xml,OG,success,2025-11-29 14:55:52,Poland,whatnext.pl,To Do,FALSE,,,FALSE,Newly discovered RSS feed
Alldaynews.gr,https://swelbyboy.github.io/prospect-rss-feeds/alldaynews-gr.xml,OG,success,2025-11-29 14:56:05,Greece,alldaynews.gr,To Do,FALSE,,,FALSE,Newly discovered RSS feed
liverpool.gr,https://swelbyboy.github.io/prospect-rss-feeds/liverpool-gr.xml,OG,success,2025-11-29 14:56:07,Greece,liverpool.gr,To Do,FALSE,,,FALSE,Newly discovered RSS feed
fokusjabar.co.id,https://swelbyboy.github.io/prospect-rss-feeds/fokusjabar-co-id.xml,OG,success,2025-11-29 14:56:47,Indonesia,fokusjabar.id,To Do,FALSE,,,FALSE,Newly discovered RSS feed
Ploče Online,https://swelbyboy.github.io/prospect-rss-feeds/ploče-online.xml,OG,success,2025-11-29 14:56:53,Croatia,ploce.com.hr,To Do,FALSE,,,FALSE,Newly discovered RSS feed
CECCAR Business Magazine,-,N/A,-,,Romania,ceccarbusinessmagazine.ro,No feed generated,FALSE,,,FALSE,
Maxitis.gr,https://swelbyboy.github.io/prospect-rss-feeds/maxitis-gr.xml,RSS,success,2025-11-29 14:57:00,Greece,maxitis.gr,To Do,FALSE,,,FALSE,Newly discovered RSS feed
PC Invasion,https://swelbyboy.github.io/prospect-rss-feeds/pc-invasion.xml,OG,success,2025-11-29 11:52:13,United States,pcinvasion.com,To Do,FALSE,,,FALSE,Newly discovered RSS feed
En Kocaeli Haber Sitesi,-,N/A,-,,Turkey,enkocaeli.com,No feed generated,FALSE,,,FALSE,
ROOTBLOG,https://swelbyboy.github.io/prospect-rss-feeds/rootblog.xml,OG,success,2025-11-29 14:57:08,Poland,rootblog.pl,To Do,FALSE,,,FALSE,Newly discovered RSS feed
Αργολικά,https://swelbyboy.github.io/prospect-rss-feeds/αργολικά.xml,OG,success,2025-11-29 14:57:16,Greece,argolika.gr,To Do,FALSE,,,FALSE,Newly discovered RSS feed
Syros Agenda,https://swelbyboy.github.io/prospect-rss-feeds/syros-agenda.xml,OG,success,2025-11-29 14:57:20,Greece,syros-agenda.gr,To Do,FALSE,,,FALSE,Newly discovered RSS feed
Reportaz Net,https://swelbyboy.github.io/prospect-rss-feeds/reportaz-net.xml,OG,success,2025-11-29 14:57:41,Greece,reportaznet.gr,To Do,FALSE,,,FALSE,Newly discovered RSS feed
Εφημερίδα Κοζάνη - efkozani.gr - kozani,https://swelbyboy.github.io/prospect-rss-feeds/εφημερίδα-κοζάνη---efkozani-gr---kozani.xml,"OG (9), RSS (1)",success,2025-11-29 14:58:00,Greece,efkozani.gr,To Do,FALSE,,,FALSE,Newly discovered RSS feed
Antalya Burada,https://swelbyboy.github.io/prospect-rss-feeds/antalya-burada.xml,OG,success,2025-11-29 14:58:04,Turkey,antalyaburada.com,To Do,FALSE,,,FALSE,Newly discovered RSS feed
Oxygen Media,https://swelbyboy.github.io/prospect-rss-feeds/oxygen-media.xml,RSS,success,2025-11-29 14:58:07,Hungary,oxygenmedia.hu,To Do,FALSE,,,FALSE,Newly discovered RSS feed
dikgazete.com,https://swelbyboy.github.io/prospect-rss-feeds/dikgazete-com.xml,OG,success,2025-12-02 11:40:11,Turkey,dikgazete.com,To Do,FALSE,,,FALSE,Newly discovered RSS feed
প্রাণের নওগাঁ - Praner Naogaon,-,N/A,-,,Bangladesh,naogaondorpon.com,No feed generated,FALSE,,,FALSE,
Karabük Kent Haber,https://swelbyboy.github.io/prospect-rss-feeds/karabük-kent-haber.xml,OG,success,2025-11-29 14:58:10,Turkey,karabukkenthaber.com,To Do,FALSE,,,FALSE,Newly discovered RSS feed
Lubartów24,https://swelbyboy.github.io/prospect-rss-feeds/lubartów24.xml,OG,success,2025-11-29 14:58:20,Poland,lubartow24.pl,To Do,FALSE,,,FALSE,Newly discovered RSS feed
TekliÄ‡.hr,https://swelbyboy.github.io/prospect-rss-feeds/tekliä--hr.xml,OG,success,2025-11-29 14:58:22,Croatia,teklic.hr,To Do,FALSE,,,FALSE,Newly discovered RSS feed
Vesti-OnLine.com,https://swelbyboy.github.io/prospect-rss-feeds/vesti-online-com.xml,OG,success,2025-11-29 14:58:32,Serbia,vesti-online.com,To Do,FALSE,,,FALSE,Newly discovered RSS feed
Times.bg,https://swelbyboy.github.io/prospect-rss-feeds/times-bg.xml,OG,success,2025-11-29 14:58:37,Bulgaria,times.bg,To Do,FALSE,,,FALSE,Newly discovered RSS feed
Radio Hit Lasi,https://swelbyboy.github.io/prospect-rss-feeds/radio-hit-lasi.xml,OG,success,2025-11-29 14:58:46,Romania,radiohit.ro,To Do,FALSE,,,FALSE,Newly discovered RSS feed
PAOKVoice,https://swelbyboy.github.io/prospect-rss-feeds/paokvoice.xml,OG,success,2025-11-29 14:58:48,Greece,paokvoice.com,To Do,FALSE,,,FALSE,Newly discovered RSS feed
Starea Presei,https://swelbyboy.github.io/prospect-rss-feeds/starea-presei.xml,OG,success,2025-11-29 14:58:52,Romania,stareapresei.ro,To Do,FALSE,,,FALSE,Newly discovered RSS feed
Radio Biper,-,N/A,-,,Poland,radiobiper.info,No feed generated,FALSE,,,FALSE,
台灣新聞雲,https://swelbyboy.github.io/prospect-rss-feeds/台灣新聞雲.xml,OG,success,2025-11-29 14:58:59,Taiwan,886.news,To Do,FALSE,,,FALSE,Newly discovered RSS feed
"Bielski Rynek - ludzie, miejsca, wydarzenia",-,N/A,-,,Poland,bielskirynek.pl,No feed generated,FALSE,,,FALSE,
Videolu Tarifler,https://swelbyboy.github.io/prospect-rss-feeds/videolu-tarifler.xml,RSS,success,2025-11-29 14:59:05,Turkey,videolutarifim.com,To Do,FALSE,,,FALSE,Newly discovered RSS feed
Rural Sprout,https://swelbyboy.github.io/prospect-rss-feeds/rural-sprout.xml,OG,success,2025-11-29 11:52:14,United Kingdom,ruralsprout.com,To Do,FALSE,,,FALSE,Newly discovered RSS feed
Genesis Cinema,-,N/A,-,,United Kingdom,genesiscinema.co.uk,No feed generated,FALSE,,,FALSE,
PamePreveza.gr,-,N/A,-,,Greece,prevezanews.gr,No feed generated,FALSE,,,FALSE,
Kanizsa Televízió,https://swelbyboy.github.io/prospect-rss-feeds/kanizsa-televízió.xml,OG,success,2025-11-29 14:59:08,Hungary,kanizsatv.hu,To Do,FALSE,,,FALSE,Newly discovered RSS feed
Novinite.bg,https://swelbyboy.github.io/prospect-rss-feeds/novinite-bg.xml,OG,success,2025-11-29 14:59:12,Bulgaria,novinite.bg,To Do,FALSE,,,FALSE,Newly discovered RSS feed
"Ράδιο Λέχοβο 97,1",https://swelbyboy.github.io/prospect-rss-feeds/ράδιο-λέχοβο-97-1.xml,OG,success,2025-11-29 14:59:26,Greece,radio-lehovo.gr,To Do,FALSE,,,FALSE,Newly discovered RSS feed
EBulgaria.bg,https://swelbyboy.github.io/prospect-rss-feeds/ebulgaria-bg.xml,OG,success,2025-12-02 11:52:05,Bulgaria,ebulgaria.bg,To Do,FALSE,,,FALSE,Newly discovered RSS feed
naxostimes.gr,https://swelbyboy.github.io/prospect-rss-feeds/naxostimes-gr.xml,OG,success,2025-12-02 11:40:25,Greece,naxostimes.gr,To Do,FALSE,,,FALSE,Newly discovered RSS feed
Info Prijedor,https://swelbyboy.github.io/prospect-rss-feeds/info-prijedor.xml,OG,success,2025-11-29 14:59:36,Bosnia and Herzegovina,infoprijedor.ba,To Do,FALSE,,,FALSE,Newly discovered RSS feed
Paramythia,https://swelbyboy.github.io/prospect-rss-feeds/paramythia.xml,OG,success,2025-11-29 14:59:39,Greece,paramythia-online.gr,To Do,FALSE,,,FALSE,Newly discovered RSS feed
Novi Standard,-,N/A,-,,Serbia,standard.rs,No feed generated,FALSE,,,FALSE,
Istria - Terra Magica,https://swelbyboy.github.io/prospect-rss-feeds/istria---terra-magica.xml,OG,success,2025-11-29 14:59:54,Croatia,istriaterramagica.eu,To Do,FALSE,,,FALSE,Newly discovered RSS feed
Taylorvilledailynews.com,-,N/A,-,,United States,taylorvilledailynews.com,No feed generated,FALSE,,,FALSE,
egeolay,https://swelbyboy.github.io/prospect-rss-feeds/egeolay.xml,OG,success,2025-11-29 15:00:07,Turkey,egeolay.com,To Do,FALSE,,,FALSE,Newly discovered RSS feed
Katerinas Recipes,https://swelbyboy.github.io/prospect-rss-feeds/katerinas-recipes.xml,OG,success,2025-11-29 15:00:23,Greece,katerinasrecipes.com,To Do,FALSE,,,FALSE,Newly discovered RSS feed
Ziarul Hunedoreanului,https://swelbyboy.github.io/prospect-rss-feeds/ziarul-hunedoreanului.xml,OG,success,2025-11-29 15:00:26,Romania,zhd.ro,To Do,FALSE,,,FALSE,Newly discovered RSS feed
health4you.gr,-,N/A,-,,Greece,health4you.gr,No feed generated,FALSE,,,FALSE,
Ziare BOTOSANI,https://swelbyboy.github.io/prospect-rss-feeds/ziare-botosani.xml,RSS,success,2025-11-29 15:00:29,Romania,ziarebotosani.ro,To Do,FALSE,,,FALSE,Newly discovered RSS feed
Ziar de Suceava,https://swelbyboy.github.io/prospect-rss-feeds/ziar-de-suceava.xml,OG,success,2025-11-29 15:00:40,Romania,ziardesuceava.ro,To Do,FALSE,,,FALSE,Newly discovered RSS feed
Gostinin.info,-,N/A,-,,Poland,gostynin.info,No feed generated,FALSE,,,FALSE,
12 Vima,https://swelbyboy.github.io/prospect-rss-feeds/12-vima.xml,OG,success,2025-11-29 15:00:53,Greece,12vima.gr,To Do,FALSE,,,FALSE,Newly discovered RSS feed
1923.ro,-,N/A,-,,Romania,1923.ro,No feed generated,FALSE,,,FALSE,
VolosTV,https://swelbyboy.github.io/prospect-rss-feeds/volostv.xml,OG,success,2025-11-29 15:00:57,Greece,newsvolos.com,To Do,FALSE,,,FALSE,Newly discovered RSS feed
OK! Magazine Greece,https://swelbyboy.github.io/prospect-rss-feeds/ok--magazine-greece.xml,OG,success,2025-11-29 15:01:01,Greece,okmag.gr,To Do,FALSE,,,FALSE,Newly discovered RSS feed
Haber 380,https://swelbyboy.github.io/prospect-rss-feeds/haber-380.xml,OG,success,2025-11-29 15:01:05,Turkey,haber380.com,To Do,FALSE,,,FALSE,Newly discovered RSS feed
Mika Magazine,https://swelbyboy.github.io/prospect-rss-feeds/mika-magazine.xml,OG,success,2025-11-29 15:01:30,Bulgaria,mikamagazine.com,To Do,FALSE,,,FALSE,Newly discovered RSS feed
Ziarul Star Sibian,https://swelbyboy.github.io/prospect-rss-feeds/ziarul-star-sibian.xml,OG,success,2025-11-29 15:01:35,Romania,starsibian.ro,To Do,FALSE,,,FALSE,Newly discovered RSS feed
XS Noize,https://swelbyboy.github.io/prospect-rss-feeds/xs-noize.xml,OG,success,2025-11-29 11:52:21,United States,xsnoize.com,To Do,FALSE,,,FALSE,Newly discovered RSS feed
Novi Dani,-,N/A,-,,Croatia,novidani.com,No feed generated,FALSE,,,FALSE,
Independent News Greece,-,N/A,-,,Greece,independentnews.gr,No feed generated,FALSE,,,FALSE,
Kokkinos Law Firm,https://swelbyboy.github.io/prospect-rss-feeds/kokkinos-law-firm.xml,OG,success,2025-11-29 15:01:47,Greece,kokkinoslawfirm.com,To Do,FALSE,,,FALSE,Newly discovered RSS feed
Halo Wieluń,https://swelbyboy.github.io/prospect-rss-feeds/halo-wieluń.xml,OG,success,2025-11-29 15:01:50,Poland,halo.wielun.pl,To Do,FALSE,,,FALSE,Newly discovered RSS feed
Mix That Drink,https://swelbyboy.github.io/prospect-rss-feeds/mix-that-drink.xml,OG,success,2025-11-29 11:52:22,United Kingdom,mixthatdrink.com,To Do,FALSE,,,FALSE,Newly discovered RSS feed
Betcosmos,https://swelbyboy.github.io/prospect-rss-feeds/betcosmos.xml,OG,success,2025-11-29 15:01:53,Greece,betcosmos.com,To Do,FALSE,,,FALSE,Newly discovered RSS feed
Csipos,https://swelbyboy.github.io/prospect-rss-feeds/csipos.xml,OG,success,2025-11-29 15:02:05,Hungary,mcsipos.hu,To Do,FALSE,,,FALSE,Newly discovered RSS feed
Arcadia-Sports Gr,-,N/A,-,,Greece,arcadiasports.gr,No feed generated,FALSE,,,FALSE,
Tribune.bg,https://tribune.bg/bg/rss/,Discovered-autodiscovery,N/A,,Bulgaria,tribune.bg,To Do,FALSE,,,FALSE,Newly discovered RSS feed
"Radio eM 107,6 FM",https://swelbyboy.github.io/prospect-rss-feeds/radio-em-107-6-fm.xml,OG,success,2025-11-29 15:02:14,Poland,radioem.pl,To Do,FALSE,,,FALSE,Newly discovered RSS feed
SuperPortal 24,-,N/A,-,,Poland,superportal24.pl,No feed generated,FALSE,,,FALSE,
ScienceBlog.com,https://swelbyboy.github.io/prospect-rss-feeds/scienceblog-com.xml,OG,success,2025-11-29 11:52:25,United Kingdom,scienceblog.com,To Do,FALSE,,,FALSE,Newly discovered RSS feed
TalkersCode,https://swelbyboy.github.io/prospect-rss-feeds/talkerscode.xml,OG,success,2025-11-29 15:02:20,India,talkerscode.com,To Do,FALSE,,,FALSE,Newly discovered RSS feed
emprosnet.gr,-,N/A,-,,Greece,emprosnet.gr,No feed generated,FALSE,,,FALSE,
ThePunkSite.com,https://swelbyboy.github.io/prospect-rss-feeds/thepunksite-com.xml,OG,success,2025-11-29 11:52:26,United States,thepunksite.com,To Do,FALSE,,,FALSE,Newly discovered RSS feed
debica24.eu,-,N/A,-,,Poland,debica24.eu,No feed generated,FALSE,,,FALSE,
Plovdiv Time,-,N/A,-,,Bulgaria,plovdivtime.bg,No feed generated,FALSE,,,FALSE,
Ugytudjuk.hu,https://swelbyboy.github.io/prospect-rss-feeds/ugytudjuk-hu.xml,OG,success,2025-11-29 15:02:26,Hungary,ugytudjuk.hu,To Do,FALSE,,,FALSE,Newly discovered RSS feed
Odoraş,-,N/A,-,,Romania,odoras.md,No feed generated,FALSE,,,FALSE,
Page News,-,N/A,-,,Greece,pagenews.gr,No feed generated,FALSE,,,FALSE,
Jelonka,-,N/A,-,,Poland,jelonka.com,No feed generated,FALSE,,,FALSE,
Tunera.info,https://swelbyboy.github.io/prospect-rss-feeds/tunera-info.xml,OG,success,2025-11-29 15:02:29,Croatia,tunera.info,To Do,FALSE,,,FALSE,Newly discovered RSS feed
Sfina.gr,-,N/A,-,,Greece,sfina.gr,No feed generated,FALSE,,,FALSE,
Kazanlak,https://swelbyboy.github.io/prospect-rss-feeds/kazanlak.xml,OG,success,2025-11-29 15:02:33,Bulgaria,kazanlak.com,To Do,FALSE,,,FALSE,Newly discovered RSS feed
stirilazi.ro,https://swelbyboy.github.io/prospect-rss-feeds/stirilazi-ro.xml,OG,success,2025-11-29 15:02:36,Romania,stirilazi.ro,To Do,FALSE,,,FALSE,Newly discovered RSS feed
Press4 News,-,N/A,-,,India,press4news.live,No feed generated,FALSE,,,FALSE,
Canakkale Haber,https://swelbyboy.github.io/prospect-rss-feeds/canakkale-haber.xml,OG,success,2025-11-29 15:02:45,Turkey,canakkalehaber.com,To Do,FALSE,,,FALSE,Newly discovered RSS feed
Star 106.3 Townsville,https://swelbyboy.github.io/prospect-rss-feeds/star-106-3-townsville.xml,OG,success,2025-11-29 15:02:52,Australia,star1063.com.au,To Do,FALSE,,,FALSE,Newly discovered RSS feed
Dalmatinski nogomet,https://swelbyboy.github.io/prospect-rss-feeds/dalmatinski-nogomet.xml,OG,success,2025-11-29 15:02:58,Croatia,dalmatinskinogomet.hr,To Do,FALSE,,,FALSE,Newly discovered RSS feed
Gazete Yenigün,-,N/A,-,,Turkey,gazeteyenigun.com.tr,No feed generated,FALSE,,,FALSE,
Korte Kapsels,https://swelbyboy.github.io/prospect-rss-feeds/korte-kapsels.xml,OG,success,2025-11-29 15:03:01,Netherlands,korte-kapsels.com,To Do,FALSE,,,FALSE,Newly discovered RSS feed
Polska Płyta / Polska Muzyka,https://swelbyboy.github.io/prospect-rss-feeds/polska-płyta---polska-muzyka.xml,OG,success,2025-11-29 15:03:06,Poland,polskaplyta-polskamuzyka.pl,To Do,FALSE,,,FALSE,Newly discovered RSS feed
Klikni.hr,https://swelbyboy.github.io/prospect-rss-feeds/klikni-hr.xml,OG,success,2025-11-29 15:03:11,Croatia,klikni.hr,To Do,FALSE,,,FALSE,Newly discovered RSS feed
Enduro Hub,-,N/A,-,,South Africa,endurohub.co.za,No feed generated,FALSE,,,FALSE,
Glas Kotor-Varosa,https://swelbyboy.github.io/prospect-rss-feeds/glas-kotor-varosa.xml,OG,success,2025-11-29 15:03:17,Bosnia and Herzegovina,glaskotorvarosa.com,To Do,FALSE,,,FALSE,Newly discovered RSS feed
Kartv,https://swelbyboy.github.io/prospect-rss-feeds/kartv.xml,OG,success,2025-11-29 15:03:19,Turkey,kartv.net,To Do,FALSE,,,FALSE,Newly discovered RSS feed
GlasGacke.hr,-,N/A,-,,Croatia,glasgacke.hr,No feed generated,FALSE,,,FALSE,
Borba.me,https://swelbyboy.github.io/prospect-rss-feeds/borba-me.xml,OG,success,2025-11-29 15:03:34,Serbia,borba.me,To Do,FALSE,,,FALSE,Newly discovered RSS feed
Radio Z-Rock,-,N/A,-,,Bulgaria,zrock.bg,No feed generated,FALSE,,,FALSE,
Kvorum Silistra,-,N/A,-,,Bulgaria,kvorum-silistra.info,No feed generated,FALSE,,,FALSE,
Makarska Danas,https://swelbyboy.github.io/prospect-rss-feeds/makarska-danas.xml,OG,success,2025-11-29 15:03:39,Croatia,makarska-danas.com,To Do,FALSE,,,FALSE,Newly discovered RSS feed
Radar Sampit,https://swelbyboy.github.io/prospect-rss-feeds/radar-sampit.xml,OG,success,2025-11-29 15:03:56,Indonesia,radarsampit.com,To Do,FALSE,,,FALSE,Newly discovered RSS feed
RTVTK,https://swelbyboy.github.io/prospect-rss-feeds/rtvtk.xml,OG,success,2025-11-29 15:03:59,Bosnia and Herzegovina,rtvtk.ba,To Do,FALSE,,,FALSE,Newly discovered RSS feed
基督教今日報,-,N/A,-,,Taiwan,cdn-news.org,No feed generated,FALSE,,,FALSE,
DenNews.bg,https://swelbyboy.github.io/prospect-rss-feeds/dennews-bg.xml,OG,success,2025-11-29 15:04:05,Bulgaria,dennews.bg,To Do,FALSE,,,FALSE,Newly discovered RSS feed
Yes Punjab,https://swelbyboy.github.io/prospect-rss-feeds/yes-punjab.xml,OG,success,2025-11-29 15:04:19,India,yespunjab.com,To Do,FALSE,,,FALSE,Newly discovered RSS feed
Orizontes Press,https://swelbyboy.github.io/prospect-rss-feeds/orizontes-press.xml,OG,success,2025-11-29 15:04:31,Greece,orizontespress.gr,To Do,FALSE,,,FALSE,Newly discovered RSS feed
Apuseni Info,https://swelbyboy.github.io/prospect-rss-feeds/apuseni-info.xml,OG,success,2025-12-02 11:52:02,Romania,apuseni.info,To Do,FALSE,,,FALSE,Newly discovered RSS feed
Ta Nea tis Mikrospilias 24,-,N/A,-,,Greece,taneatismikrospilias24.com,No feed generated,FALSE,,,FALSE,
Newn Media Group,https://swelbyboy.github.io/prospect-rss-feeds/newn-media-group.xml,OG,success,2025-11-29 15:04:36,Greece,newn.gr,To Do,FALSE,,,FALSE,Newly discovered RSS feed
Muğla Gazetesi,https://swelbyboy.github.io/prospect-rss-feeds/muğla-gazetesi.xml,OG,success,2025-11-29 15:04:39,Turkey,muglagazetesi.com.tr,To Do,FALSE,,,FALSE,Newly discovered RSS feed
Radio NET 101.9 & Sport Fm Lamia,https://swelbyboy.github.io/prospect-rss-feeds/radio-net-101-9---sport-fm-lamia.xml,OG,success,2025-11-29 15:04:41,Greece,radio-net.gr,To Do,FALSE,,,FALSE,Newly discovered RSS feed
Personel Sağlık NET,https://swelbyboy.github.io/prospect-rss-feeds/personel-sağlık-net.xml,OG,success,2025-11-29 15:04:45,Turkey,saglikpersoneli.com.tr,To Do,FALSE,,,FALSE,Newly discovered RSS feed
Manager.ba,https://swelbyboy.github.io/prospect-rss-feeds/manager-ba.xml,OG,success,2025-11-29 15:05:06,Bosnia and Herzegovina,manager.ba,To Do,FALSE,,,FALSE,Newly discovered RSS feed
KORENI - List Srba iz rasejanja,https://swelbyboy.github.io/prospect-rss-feeds/koreni---list-srba-iz-rasejanja.xml,OG,success,2025-12-02 11:40:25,Serbia,koreni.rs,To Do,FALSE,,,FALSE,Newly discovered RSS feed
Radio Kakanj 87.9 MHz,https://swelbyboy.github.io/prospect-rss-feeds/radio-kakanj-87-9-mhz.xml,OG,success,2025-11-29 15:05:30,Croatia,radiokakanj.co.ba,To Do,FALSE,,,FALSE,Newly discovered RSS feed
N1 TV,https://swelbyboy.github.io/prospect-rss-feeds/n1-tv.xml,OG,success,2025-11-29 15:05:48,Romania,n1tv.ro,To Do,FALSE,,,FALSE,Newly discovered RSS feed
WorldAuthors.Org,https://swelbyboy.github.io/prospect-rss-feeds/worldauthors-org.xml,OG,success,2025-11-29 11:52:28,United States,worldauthors.org,To Do,FALSE,,,FALSE,Newly discovered RSS feed
Kastoria365,https://swelbyboy.github.io/prospect-rss-feeds/kastoria365.xml,OG,success,2025-11-29 15:05:54,Greece,kastoria365.gr,To Do,FALSE,,,FALSE,Newly discovered RSS feed
Oradea in direct,https://swelbyboy.github.io/prospect-rss-feeds/oradea-in-direct.xml,OG,success,2025-11-29 15:05:58,Romania,oradeaindirect.ro,To Do,FALSE,,,FALSE,Newly discovered RSS feed
Marmaris Haber,https://swelbyboy.github.io/prospect-rss-feeds/marmaris-haber.xml,OG,success,2025-11-29 15:06:01,Turkey,marmarishaber.net,To Do,FALSE,,,FALSE,Newly discovered RSS feed
Soccerlive.gr,https://swelbyboy.github.io/prospect-rss-feeds/soccerlive-gr.xml,OG,success,2025-12-02 11:40:23,Greece,soccerlive.gr,To Do,FALSE,,,FALSE,Newly discovered RSS feed
BL Portal,https://swelbyboy.github.io/prospect-rss-feeds/bl-portal.xml,OG,success,2025-11-29 15:06:04,Bosnia and Herzegovina,bl-portal.com,To Do,FALSE,,,FALSE,Newly discovered RSS feed
Radio România Brașov FM,https://swelbyboy.github.io/prospect-rss-feeds/radio-românia-brașov-fm.xml,OG,success,2025-11-29 15:06:08,Romania,radiobrasovfm.ro,To Do,FALSE,,,FALSE,Newly discovered RSS feed
Habercim19,https://swelbyboy.github.io/prospect-rss-feeds/habercim19.xml,OG,success,2025-11-29 15:06:13,Turkey,habercim19.com,To Do,FALSE,,,FALSE,Newly discovered RSS feed
Gazete Trakya,https://swelbyboy.github.io/prospect-rss-feeds/gazete-trakya.xml,OG,success,2025-11-29 15:06:50,Turkey,gazetetrakya.com,To Do,FALSE,,,FALSE,Newly discovered RSS feed
Warszawa.pl,-,N/A,-,,Poland,warszawa.pl,No feed generated,FALSE,,,FALSE,
Ugljevik Info,https://swelbyboy.github.io/prospect-rss-feeds/ugljevik-info.xml,RSS,success,2025-11-29 15:06:51,Bosnia and Herzegovina,ugljevik.info,To Do,FALSE,,,FALSE,Newly discovered RSS feed
Sylhetprothidin24.com - সিলেট প্রতিদিন২৪.কম,-,N/A,-,,Bangladesh,sylhetprothidin24.com,No feed generated,FALSE,,,FALSE,
Ο Επιχειρηματιας epixirimatias.gr,-,N/A,-,,Greece,epixirimatias.gr,No feed generated,FALSE,,,FALSE,
ManisaTürk,https://swelbyboy.github.io/prospect-rss-feeds/manisatürk.xml,RSS,success,2025-11-29 15:06:55,Turkey,manisaturk.com,To Do,FALSE,,,FALSE,Newly discovered RSS feed
Sjever.hr,-,N/A,-,,Croatia,sjever.hr,No feed generated,FALSE,,,FALSE,
Sport.ro,https://swelbyboy.github.io/prospect-rss-feeds/sport-ro.xml,OG,success,2025-11-29 15:07:14,Romania,sport.ro,To Do,FALSE,,,FALSE,Newly discovered RSS feed
Desherpata,https://swelbyboy.github.io/prospect-rss-feeds/desherpata.xml,OG,success,2025-11-29 15:07:15,Bangladesh,desherpata.com,To Do,FALSE,,,FALSE,Newly discovered RSS feed
Inotos.gr,https://swelbyboy.github.io/prospect-rss-feeds/inotos-gr.xml,OG,success,2025-11-29 15:07:19,Greece,inotos.gr,To Do,FALSE,,,FALSE,Newly discovered RSS feed
Дневне Новине Правда,https://swelbyboy.github.io/prospect-rss-feeds/дневне-новине-правда.xml,OG,success,2025-11-29 15:07:22,Serbia,pravda.rs,To Do,FALSE,,,FALSE,Newly discovered RSS feed
Gazete Havadis,https://swelbyboy.github.io/prospect-rss-feeds/gazete-havadis.xml,OG,success,2025-11-29 15:07:25,Turkey,cerkezkoyhavadis.com,To Do,FALSE,,,FALSE,Newly discovered RSS feed
Enimerosi247,https://swelbyboy.github.io/prospect-rss-feeds/enimerosi247.xml,OG,success,2025-11-29 15:07:28,Greece,enimerosi247.eu,To Do,FALSE,,,FALSE,Newly discovered RSS feed
Halkın Sesi Gazetesi,https://swelbyboy.github.io/prospect-rss-feeds/halkın-sesi-gazetesi.xml,OG,success,2025-11-29 15:07:31,Turkey,halkinsesi.com.tr,To Do,FALSE,,,FALSE,Newly discovered RSS feed
SportActive.gr - Peiraiotika.gr,https://swelbyboy.github.io/prospect-rss-feeds/sportactive-gr---peiraiotika-gr.xml,OG,success,2025-11-29 15:07:35,Greece,peiraiotika.gr,To Do,FALSE,,,FALSE,Newly discovered RSS feed
Treći Svijet,-,N/A,-,,Bosnia and Herzegovina,trecisvijet.com,No feed generated,FALSE,,,FALSE,
The Highland Times,https://swelbyboy.github.io/prospect-rss-feeds/the-highland-times.xml,OG,success,2025-11-29 11:52:31,United Kingdom,thehighlandtimes.com,To Do,FALSE,,,FALSE,Newly discovered RSS feed
stagonnews.gr,https://swelbyboy.github.io/prospect-rss-feeds/stagonnews-gr.xml,OG,success,2025-11-29 15:07:42,Greece,stagonnews.gr,To Do,FALSE,,,FALSE,Newly discovered RSS feed
raciborz.com.pl,https://swelbyboy.github.io/prospect-rss-feeds/raciborz-com-pl.xml,OG,success,2025-11-29 15:07:57,Poland,raciborz.com.pl,To Do,FALSE,,,FALSE,Newly discovered RSS feed
Komotini24.gr,https://swelbyboy.github.io/prospect-rss-feeds/komotini24-gr.xml,OG,success,2025-11-29 15:08:12,Greece,komotini24.gr,To Do,FALSE,,,FALSE,Newly discovered RSS feed
The Isle of Thanet News,-,N/A,-,,United Kingdom,theisleofthanetnews.com,No feed generated,FALSE,,,FALSE,
The Next Edition News,-,N/A,-,,Nigeria,nextedition.com.ng,No feed generated,FALSE,,,FALSE,
Denizli Muhabir,https://swelbyboy.github.io/prospect-rss-feeds/denizli-muhabir.xml,OG,success,2025-11-29 15:08:21,Turkey,denizlimuhabir.com,To Do,FALSE,,,FALSE,Newly discovered RSS feed
Głos 24,-,N/A,-,,Poland,glos24.pl,No feed generated,FALSE,,,FALSE,
Igeek Phone,https://swelbyboy.github.io/prospect-rss-feeds/igeek-phone.xml,OG,success,2025-11-29 11:52:32,United States,igeekphone.com,To Do,FALSE,,,FALSE,Newly discovered RSS feed
Aksaray 68 haber,https://swelbyboy.github.io/prospect-rss-feeds/aksaray-68-haber.xml,OG,success,2025-11-29 15:08:24,Turkey,aksaray68haber.com.tr,To Do,FALSE,,,FALSE,Newly discovered RSS feed
Cumsa.ro,https://swelbyboy.github.io/prospect-rss-feeds/cumsa-ro.xml,OG,success,2025-11-29 15:08:28,Romania,cumsa.ro,To Do,FALSE,,,FALSE,Newly discovered RSS feed
Etcetera.hu,https://swelbyboy.github.io/prospect-rss-feeds/etcetera-hu.xml,OG,failed,2025-11-29 15:08:58,Hungary,etcetera.hu,To Do,FALSE,,,FALSE,Newly discovered RSS feed
Ege Postası,-,N/A,-,,Turkey,egepostasi.com,No feed generated,FALSE,,,FALSE,
Aydın Yeni Ufuk Gazetesi,https://swelbyboy.github.io/prospect-rss-feeds/aydın-yeni-ufuk-gazetesi.xml,OG,success,2025-11-29 15:09:02,Turkey,aydinyeniufuk.com.tr,To Do,FALSE,,,FALSE,Newly discovered RSS feed
police24.pl,-,N/A,-,,Poland,police24.pl,No feed generated,FALSE,,,FALSE,
Reporter de Iași,-,N/A,-,,Romania,reporteris.ro,No feed generated,FALSE,,,FALSE,
Volosday,https://swelbyboy.github.io/prospect-rss-feeds/volosday.xml,OG,success,2025-11-29 15:09:04,Greece,volosday.gr,To Do,FALSE,,,FALSE,Newly discovered RSS feed
Εφημερίδα ΕΡΜΗΣ / ermisnews.gr,https://swelbyboy.github.io/prospect-rss-feeds/εφημερίδα-ερμης---ermisnews-gr.xml,OG,success,2025-11-29 15:09:12,Greece,ermisnews.gr,To Do,FALSE,,,FALSE,Newly discovered RSS feed
startbih.ba,-,N/A,-,,Croatia,startbih.ba,No feed generated,FALSE,,,FALSE,
Radio Novi Grad,-,N/A,-,,Bosnia and Herzegovina,radionovigrad.com,No feed generated,FALSE,,,FALSE,
PlanowanieWesela.pl,-,N/A,-,,Poland,planowaniewesela.pl,No feed generated,FALSE,,,FALSE,
Radio Donji Vakuf,https://swelbyboy.github.io/prospect-rss-feeds/radio-donji-vakuf.xml,RSS,success,2025-11-29 15:09:19,Bosnia and Herzegovina,radiodonjivakuf.com.ba,To Do,FALSE,,,FALSE,Newly discovered RSS feed
Ziarul Românesc Spania,https://swelbyboy.github.io/prospect-rss-feeds/ziarul-românesc-spania.xml,OG,success,2025-11-29 15:09:24,Romania,ziarulromanesc.es,To Do,FALSE,,,FALSE,Newly discovered RSS feed
Ami Naxi Radio,https://swelbyboy.github.io/prospect-rss-feeds/ami-naxi-radio.xml,OG,success,2025-11-29 15:09:27,Serbia,amiradio.rs,To Do,FALSE,,,FALSE,Newly discovered RSS feed
Fib Haber,https://swelbyboy.github.io/prospect-rss-feeds/fib-haber.xml,OG,success,2025-11-29 15:09:30,Turkey,fibhaber.com,To Do,FALSE,,,FALSE,Newly discovered RSS feed
TeleM Iași,https://swelbyboy.github.io/prospect-rss-feeds/telem-iași.xml,OG,success,2025-11-29 15:09:37,Romania,telem.ro,To Do,FALSE,,,FALSE,Newly discovered RSS feed
Zirve Kıbrıs,-,N/A,-,,Turkey,zirvekibris.com,No feed generated,FALSE,,,FALSE,
Ege Telgraf,-,N/A,-,,Turkey,egetelgraf.com,No feed generated,FALSE,,,FALSE,
Orthodoxia News Agency,-,N/A,-,,Greece,orthodoxianewsagency.gr,No feed generated,FALSE,,,FALSE,
Κοντασας,https://swelbyboy.github.io/prospect-rss-feeds/κοντασας.xml,OG,success,2025-11-29 15:09:43,Greece,kontasas.gr,To Do,FALSE,,,FALSE,Newly discovered RSS feed
Bursa Sancak,https://swelbyboy.github.io/prospect-rss-feeds/bursa-sancak.xml,OG,success,2025-11-29 15:09:47,Turkey,bursasancak.com.tr,To Do,FALSE,,,FALSE,Newly discovered RSS feed
vrilissianews.gr,https://swelbyboy.github.io/prospect-rss-feeds/vrilissianews-gr.xml,OG,success,2025-11-29 15:09:52,Greece,vrilissianews.gr,To Do,FALSE,,,FALSE,Newly discovered RSS feed
Gölcük Haber,https://swelbyboy.github.io/prospect-rss-feeds/gölcük-haber.xml,OG,success,2025-11-29 15:10:05,Turkey,golcukhaber.com.tr,To Do,FALSE,,,FALSE,Newly discovered RSS feed
Radio 2ST,https://swelbyboy.github.io/prospect-rss-feeds/radio-2st.xml,OG,success,2025-11-29 15:10:13,Australia,2st.com.au,To Do,FALSE,,,FALSE,Newly discovered RSS feed
Krook Media Oy,-,N/A,-,,Finland,krookmedia.fi,No feed generated,FALSE,,,FALSE,
iEidiseis.gr,https://swelbyboy.github.io/prospect-rss-feeds/ieidiseis-gr.xml,OG,success,2025-11-29 15:10:17,Greece,ieidiseis.gr,To Do,FALSE,,,FALSE,Newly discovered RSS feed
Vranje News,https://swelbyboy.github.io/prospect-rss-feeds/vranje-news.xml,OG,success,2025-11-29 15:10:20,Serbia,vranjenews.rs,To Do,FALSE,,,FALSE,Newly discovered RSS feed
Daily Engineering,-,N/A,-,,United States,dailyengineering.com,No feed generated,FALSE,,,FALSE,
Max Woman,https://swelbyboy.github.io/prospect-rss-feeds/max-woman.xml,OG,success,2025-11-29 15:10:26,India,maxwoman.in,To Do,FALSE,,,FALSE,Newly discovered RSS feed
Telegrama,-,N/A,-,,Romania,telegrama.ro,No feed generated,FALSE,,,FALSE,
Ekhon Khobor,-,N/A,-,,India,ekhonkhobor.com,No feed generated,FALSE,,,FALSE,
School Pathram,-,N/A,-,,India,schoolpathram.com,No feed generated,FALSE,,,FALSE,
Haberler Ankara,-,N/A,-,,Turkey,haberlerankara.com,No feed generated,FALSE,,,FALSE,
KORONAfm100,https://swelbyboy.github.io/prospect-rss-feeds/koronafm100.xml,OG,success,2025-11-29 15:10:36,Hungary,koronafm100.hu,To Do,FALSE,,,FALSE,Newly discovered RSS feed
Καλύτερη Λαμία,https://swelbyboy.github.io/prospect-rss-feeds/καλύτερη-λαμία.xml,OG,success,2025-11-29 15:10:38,Greece,kaliterilamia.gr,To Do,FALSE,,,FALSE,Newly discovered RSS feed
Knitting Galeri,-,N/A,-,,India,isinyoulow.com,No feed generated,FALSE,,,FALSE,
Maraş Pusula Haber,https://swelbyboy.github.io/prospect-rss-feeds/maraş-pusula-haber.xml,OG,success,2025-11-29 15:10:42,Turkey,maraspusula.com,To Do,FALSE,,,FALSE,Newly discovered RSS feed
Cookta,https://swelbyboy.github.io/prospect-rss-feeds/cookta.xml,OG,success,2025-11-29 15:10:46,Hungary,cookta.hu,To Do,FALSE,,,FALSE,Newly discovered RSS feed
The Hungarian Times,-,N/A,-,,Hungary,thehungariantimes.hu,No feed generated,FALSE,,,FALSE,
Ramski Vjesnik,https://swelbyboy.github.io/prospect-rss-feeds/ramski-vjesnik.xml,OG,success,2025-11-29 15:10:48,Croatia,ramski-vjesnik.ba,To Do,FALSE,,,FALSE,Newly discovered RSS feed
Info112.pl,-,N/A,-,,Poland,info112.pl,No feed generated,FALSE,,,FALSE,
Kayseri Yerel Haber,https://swelbyboy.github.io/prospect-rss-feeds/kayseri-yerel-haber.xml,OG,success,2025-11-29 15:10:52,Turkey,kayseriyerelhaber.com,To Do,FALSE,,,FALSE,Newly discovered RSS feed
Kayseri İlk Haber,https://swelbyboy.github.io/prospect-rss-feeds/kayseri-i-lk-haber.xml,OG,success,2025-11-29 15:10:57,Turkey,kayseriilkhaber.com,To Do,FALSE,,,FALSE,Newly discovered RSS feed
Bölge Haber,https://swelbyboy.github.io/prospect-rss-feeds/bölge-haber.xml,OG,success,2025-11-29 15:11:03,Turkey,bolgehaber67.net,To Do,FALSE,,,FALSE,Newly discovered RSS feed
Vansesi Gazetesi,https://swelbyboy.github.io/prospect-rss-feeds/vansesi-gazetesi.xml,OG,success,2025-11-29 15:11:06,Turkey,vansesigazetesi.com,To Do,FALSE,,,FALSE,Newly discovered RSS feed
Samsun Kent Haber,https://swelbyboy.github.io/prospect-rss-feeds/samsun-kent-haber.xml,OG,success,2025-11-29 15:11:17,Turkey,samsunkenthaber.com.tr,To Do,FALSE,,,FALSE,Newly discovered RSS feed
Turgutlu Yankı Gazetesi,-,N/A,-,,Turkey,turgutluyanki.com,No feed generated,FALSE,,,FALSE,
Nethaber,https://swelbyboy.github.io/prospect-rss-feeds/nethaber.xml,OG,success,2025-11-29 15:11:20,Turkey,nethaber.com,To Do,FALSE,,,FALSE,Newly discovered RSS feed
Kar360 Haber,https://swelbyboy.github.io/prospect-rss-feeds/kar360-haber.xml,OG,success,2025-11-29 15:11:25,Turkey,kar360.com,To Do,FALSE,,,FALSE,Newly discovered RSS feed
eZiarultău,https://swelbyboy.github.io/prospect-rss-feeds/eziarultău.xml,OG,success,2025-11-29 15:11:37,Romania,eziarultau.ro,To Do,FALSE,,,FALSE,Newly discovered RSS feed
Trabzon Haber 24,https://swelbyboy.github.io/prospect-rss-feeds/trabzon-haber-24.xml,OG,success,2025-11-29 15:11:40,Turkey,trabzonhaber24.com,To Do,FALSE,,,FALSE,Newly discovered RSS feed
Kent Yaşam Gazetesi,https://swelbyboy.github.io/prospect-rss-feeds/kent-yaşam-gazetesi.xml,OG,success,2025-11-29 15:11:45,Turkey,yasamgazetesi.com.tr,To Do,FALSE,,,FALSE,Newly discovered RSS feed
Yaşadıkça Engelliler Haber ve Bilgi Portalı,https://swelbyboy.github.io/prospect-rss-feeds/yaşadıkça-engelliler-haber-ve-bilgi-portalı.xml,OG,success,2025-11-29 15:12:04,Turkey,yasadikca.com,To Do,FALSE,,,FALSE,Newly discovered RSS feed
University of Lodz,-,N/A,-,,Poland,lodz.pl,No feed generated,FALSE,,,FALSE,
Yeni Kocaeli,https://swelbyboy.github.io/prospect-rss-feeds/yeni-kocaeli.xml,OG,success,2025-11-29 15:12:16,Turkey,yenikocaeli.com,To Do,FALSE,,,FALSE,Newly discovered RSS feed
Konya Postası,https://swelbyboy.github.io/prospect-rss-feeds/konya-postası.xml,OG,success,2025-11-29 15:12:19,Turkey,konyapostasi.com.tr,To Do,FALSE,,,FALSE,Newly discovered RSS feed
Geyve Medya,https://swelbyboy.github.io/prospect-rss-feeds/geyve-medya.xml,OG,success,2025-11-29 15:12:25,Turkey,geyvemedya.com,To Do,FALSE,,,FALSE,Newly discovered RSS feed
Kcen-tv,-,N/A,-,,United States,kcentv.com,No feed generated,FALSE,,,FALSE,
Vanda Haber,https://swelbyboy.github.io/prospect-rss-feeds/vanda-haber.xml,OG,success,2025-11-29 15:12:34,Turkey,vandahaber.com,To Do,FALSE,,,FALSE,Newly discovered RSS feed
Çapakçur Gazetesi,https://swelbyboy.github.io/prospect-rss-feeds/çapakçur-gazetesi.xml,OG,success,2025-11-29 15:12:37,Turkey,capakcurgazetesi.com.tr,To Do,FALSE,,,FALSE,Newly discovered RSS feed
Barikada,https://swelbyboy.github.io/prospect-rss-feeds/barikada.xml,OG,success,2025-11-29 15:12:39,Romania,barikada.ro,To Do,FALSE,,,FALSE,Newly discovered RSS feed
Denizli 20 Haber,https://swelbyboy.github.io/prospect-rss-feeds/denizli-20-haber.xml,OG,success,2025-11-29 15:12:42,Turkey,denizli20haber.com,To Do,FALSE,,,FALSE,Newly discovered RSS feed
Selo,-,N/A,-,,Bulgaria,selo.bg,No feed generated,FALSE,,,FALSE,
İzmir Kent Haber,https://swelbyboy.github.io/prospect-rss-feeds/i-zmir-kent-haber.xml,OG,success,2025-11-29 15:12:50,Turkey,izmirkenthaber.com.tr,To Do,FALSE,,,FALSE,Newly discovered RSS feed
Voleybolun Sesi,https://swelbyboy.github.io/prospect-rss-feeds/voleybolun-sesi.xml,"OG (9), RSS (1)",success,2025-11-29 15:12:53,Turkey,voleybolunsesi.com,To Do,FALSE,,,FALSE,Newly discovered RSS feed
Wieści24.pl,https://swelbyboy.github.io/prospect-rss-feeds/wieści24-pl.xml,OG,success,2025-11-29 15:12:58,Poland,wiesci24.pl,To Do,FALSE,,,FALSE,Newly discovered RSS feed
Erzurum Pusula Gazetesi,https://swelbyboy.github.io/prospect-rss-feeds/erzurum-pusula-gazetesi.xml,OG,success,2025-11-29 15:13:05,Turkey,gazetepusula.net,To Do,FALSE,,,FALSE,Newly discovered RSS feed
Хай Клуб,-,N/A,-,,Bulgaria,hiclub.bg,No feed generated,FALSE,,,FALSE,
Kahraman TV,-,N/A,-,,Turkey,kahramantv.com,No feed generated,FALSE,,,FALSE,
नेपाली समाचार,-,N/A,-,,India,purakhabar.com,No feed generated,FALSE,,,FALSE,
Μεταξύ μας,https://swelbyboy.github.io/prospect-rss-feeds/μεταξύ-μας.xml,OG,success,2025-11-29 15:13:14,Greece,metaximas.org,To Do,FALSE,,,FALSE,Newly discovered RSS feed
PoligrafF.net,https://swelbyboy.github.io/prospect-rss-feeds/poligraff-net.xml,OG,success,2025-11-29 15:13:20,Bulgaria,poligraff.net,To Do,FALSE,,,FALSE,Newly discovered RSS feed
Adapazarı Akşam Haberleri Gazetesi,-,N/A,-,,Turkey,aksamhaberleri.com.tr,No feed generated,FALSE,,,FALSE,
আলোকিত চাটখিল,-,N/A,-,,Bangladesh,alokitochatkhil.com,No feed generated,FALSE,,,FALSE,
RacersGuide.com,https://swelbyboy.github.io/prospect-rss-feeds/racersguide-com.xml,RSS,success,2025-11-29 11:52:45,United States,racersguide.com,To Do,FALSE,,,FALSE,Newly discovered RSS feed
Özgür Bolu,-,N/A,-,,Turkey,ozgurbolu.com,No feed generated,FALSE,,,FALSE,
Visokoin,-,N/A,-,,Bosnia and Herzegovina,visokoin.com,No feed generated,FALSE,,,FALSE,
शताब्दी न्यूज़,-,N/A,-,,India,shatabdinews.com,No feed generated,FALSE,,,FALSE,
Taşımacılar,-,N/A,-,,Turkey,tasimacilar.com,No feed generated,FALSE,,,FALSE,
Αρχείον Πολιτισμού,https://swelbyboy.github.io/prospect-rss-feeds/αρχείον-πολιτισμού.xml,OG,success,2025-11-29 15:13:22,Greece,arxeion-politismou.gr,To Do,FALSE,,,FALSE,Newly discovered RSS feed
Antivirus Magazine,-,N/A,-,,Greece,avmag.gr,No feed generated,FALSE,,,FALSE,
Hellenicdailynews,-,N/A,-,,United States,hellenicdailynewsny.com,No feed generated,FALSE,,,FALSE,
Almapiac.com,-,N/A,-,,Hungary,almapiac.com,No feed generated,FALSE,,,FALSE,
Taitung News,https://swelbyboy.github.io/prospect-rss-feeds/taitung-news.xml,OG,success,2025-11-29 15:13:27,Taiwan,taitung.news,To Do,FALSE,,,FALSE,Newly discovered RSS feed
Haber48,https://swelbyboy.github.io/prospect-rss-feeds/haber48.xml,OG,success,2025-11-29 15:13:32,Turkey,haber48.com.tr,To Do,FALSE,,,FALSE,Newly discovered RSS feed
Tunsori femei,-,N/A,-,,Romania,stemir.org,No feed generated,FALSE,,,FALSE,
Râmnicu Vâlcea Week Rvw,https://swelbyboy.github.io/prospect-rss-feeds/râmnicu-vâlcea-week-rvw.xml,OG,success,2025-11-29 15:13:41,Romania,ramnicuvalceaweek.ro,To Do,FALSE,,,FALSE,Newly discovered RSS feed
WMMQ,https://swelbyboy.github.io/prospect-rss-feeds/wmmq.xml,OG,success,2025-11-29 11:52:48,United States,wmmq.com,To Do,FALSE,,,FALSE,Newly discovered RSS feed
Gazete Gebze,https://swelbyboy.github.io/prospect-rss-feeds/gazete-gebze.xml,OG,success,2025-11-29 15:13:44,Turkey,gazetegebze.com.tr,To Do,FALSE,,,FALSE,Newly discovered RSS feed
Timeline.gr,https://swelbyboy.github.io/prospect-rss-feeds/timeline-gr.xml,OG,success,2025-11-29 15:13:48,Greece,timeline.gr,To Do,FALSE,,,FALSE,Newly discovered RSS feed
Patna News,-,N/A,-,,India,patnanewslive.com,No feed generated,FALSE,,,FALSE,
enwsi.gr,-,N/A,-,,Greece,enwsi.gr,No feed generated,FALSE,,,FALSE,
Filmy Focus,https://swelbyboy.github.io/prospect-rss-feeds/filmy-focus.xml,OG,success,2025-12-02 11:52:00,India,filmyfocus.com,To Do,FALSE,,,FALSE,Newly discovered RSS feed
Ajans News,https://swelbyboy.github.io/prospect-rss-feeds/ajans-news.xml,OG,success,2025-12-02 11:52:08,Turkey,ajansnews.com.tr,To Do,FALSE,,,FALSE,Newly discovered RSS feed
Hürfikir Gazetesi,https://swelbyboy.github.io/prospect-rss-feeds/hürfikir-gazetesi.xml,OG,success,2025-11-29 15:14:03,Turkey,hurfikir.com.tr,To Do,FALSE,,,FALSE,Newly discovered RSS feed
Zak Insider.com,-,N/A,-,,Greece,zak-insider.com,No feed generated,FALSE,,,FALSE,
Turkey News,https://swelbyboy.github.io/prospect-rss-feeds/turkey-news.xml,OG,success,2025-11-29 15:14:05,Turkey,turk-now.com,To Do,FALSE,,,FALSE,Newly discovered RSS feed
Dincolo De Sport,https://swelbyboy.github.io/prospect-rss-feeds/dincolo-de-sport.xml,OG,success,2025-11-29 15:14:14,Romania,dincolodesport.eu,To Do,FALSE,,,FALSE,Newly discovered RSS feed
Dzień Dobry Sopot,-,N/A,-,,Poland,esopot.pl,No feed generated,FALSE,,,FALSE,
Akgazete,-,N/A,-,,Turkey,akgazete.com.tr,No feed generated,FALSE,,,FALSE,
Площад Славейков,https://swelbyboy.github.io/prospect-rss-feeds/площад-славейков.xml,OG,success,2025-11-29 15:14:18,Bulgaria,ploshtadslaveikov.com,To Do,FALSE,,,FALSE,Newly discovered RSS feed
Pervasız,https://swelbyboy.github.io/prospect-rss-feeds/pervasız.xml,OG,success,2025-11-29 15:14:22,Turkey,pervasiz.com.tr,To Do,FALSE,,,FALSE,Newly discovered RSS feed
Haber ADS,https://swelbyboy.github.io/prospect-rss-feeds/haber-ads.xml,OG,success,2025-11-29 15:14:27,Turkey,haberads.com,To Do,FALSE,,,FALSE,Newly discovered RSS feed
Çorum Yayla Haber Gazetesi,-,N/A,-,,Turkey,yaylahaber.com.tr,No feed generated,FALSE,,,FALSE,
Yeni Haber,https://swelbyboy.github.io/prospect-rss-feeds/yeni-haber.xml,OG,success,2025-11-29 15:14:30,Turkey,yenihaberden.com,To Do,FALSE,,,FALSE,Newly discovered RSS feed
Yozgat Gazetesi,-,N/A,-,,Turkey,yozgatgazetesi.com,No feed generated,FALSE,,,FALSE,
New Herald News,-,N/A,-,,United States,newherald.news,No feed generated,FALSE,,,FALSE,
Karadeniz Gazetesi,-,N/A,-,,Turkey,karadenizgazete.com.tr,No feed generated,FALSE,,,FALSE,
Yeni Marmara Gazetesi,https://swelbyboy.github.io/prospect-rss-feeds/yeni-marmara-gazetesi.xml,OG,success,2025-11-29 15:14:34,Turkey,yenimarmaragazetesi.com,To Do,FALSE,,,FALSE,Newly discovered RSS feed
Brenham Banner Press,https://swelbyboy.github.io/prospect-rss-feeds/brenham-banner-press.xml,OG,success,2025-11-29 11:52:49,United States,kwhi.com,To Do,FALSE,,,FALSE,Newly discovered RSS feed
Marksist,https://swelbyboy.github.io/prospect-rss-feeds/marksist.xml,OG,success,2025-11-29 15:14:47,Turkey,marksist.org,To Do,FALSE,,,FALSE,Newly discovered RSS feed
Alexandroupoli Online,https://swelbyboy.github.io/prospect-rss-feeds/alexandroupoli-online.xml,OG,success,2025-11-29 15:14:49,Greece,alexpolisonline.com,To Do,FALSE,,,FALSE,Newly discovered RSS feed
Karaman Haber,https://swelbyboy.github.io/prospect-rss-feeds/karaman-haber.xml,OG,success,2025-11-29 15:14:52,Turkey,karamanhaber.com,To Do,FALSE,,,FALSE,Newly discovered RSS feed
Comillar Kagoj,https://swelbyboy.github.io/prospect-rss-feeds/comillar-kagoj.xml,OG,success,2025-11-29 15:14:54,Bangladesh,comillarkagoj.com,To Do,FALSE,,,FALSE,Newly discovered RSS feed
Maraş Gündem,https://swelbyboy.github.io/prospect-rss-feeds/maraş-gündem.xml,OG,success,2025-11-29 15:14:58,Turkey,marasgundem.com.tr,To Do,FALSE,,,FALSE,Newly discovered RSS feed
Yenişehir Yörem Gazetesi,https://swelbyboy.github.io/prospect-rss-feeds/yenişehir-yörem-gazetesi.xml,OG,success,2025-11-29 15:15:02,Turkey,yenisehiryorem.com,To Do,FALSE,,,FALSE,Newly discovered RSS feed
Meb Personel,https://swelbyboy.github.io/prospect-rss-feeds/meb-personel.xml,OG,success,2025-11-29 15:15:04,Turkey,mebpersonel.com,To Do,FALSE,,,FALSE,Newly discovered RSS feed
LarissaPress,https://swelbyboy.github.io/prospect-rss-feeds/larissapress.xml,OG,success,2025-11-29 15:15:09,Greece,larissapress.gr,To Do,FALSE,,,FALSE,Newly discovered RSS feed
Fiction & Entertainment,-,N/A,-,,India,fiction247.com,No feed generated,FALSE,,,FALSE,
En Línea BC,-,N/A,-,,United States,enlineabc.com.mx,No feed generated,FALSE,,,FALSE,
Antyradio,-,N/A,-,,Poland,antyradio.pl,No feed generated,FALSE,,,FALSE,
RESPECT,https://swelbyboy.github.io/prospect-rss-feeds/respect.xml,OG,success,2025-11-29 11:52:50,United States,respect-mag.com,To Do,FALSE,,,FALSE,Newly discovered RSS feed
ΦΙΛΟΙ ΕΣΦΙΓΜΕΝΟΥ,-,N/A,-,,Greece,filoi-esfigmenou.com,No feed generated,FALSE,,,FALSE,
Wwsb,-,N/A,-,,United States,mysuncoast.com,No feed generated,FALSE,,,FALSE,
Farmers Guardian,https://swelbyboy.github.io/prospect-rss-feeds/farmers-guardian.xml,OG,success,2025-11-29 11:52:55,United Kingdom,fginsight.com,To Do,FALSE,,,FALSE,Newly discovered RSS feed
Kjan,-,N/A,-,,United States,kjan.com,No feed generated,FALSE,,,FALSE,
康健雜誌,-,N/A,-,,Taiwan,commonhealth.com.tw,No feed generated,FALSE,,,FALSE,
Изгодни оферти,-,N/A,-,,Bulgaria,izgodni.bg,No feed generated,FALSE,,,FALSE,
MaltaWinds,https://swelbyboy.github.io/prospect-rss-feeds/maltawinds.xml,OG,success,2025-11-29 15:15:12,Malta,maltawinds.com,To Do,FALSE,,,FALSE,Newly discovered RSS feed
Gamebrott.com Limited,https://swelbyboy.github.io/prospect-rss-feeds/gamebrott-com-limited.xml,OG,success,2025-11-29 15:15:29,Indonesia,gamebrott.com,To Do,FALSE,,,FALSE,Newly discovered RSS feed
Grand Café Szeged,-,N/A,-,,Hungary,szeged.hu,No feed generated,FALSE,,,FALSE,
Kgns Tv,-,N/A,-,,United States,kgns.tv,No feed generated,FALSE,,,FALSE,
Tv3 Sport,https://swelbyboy.github.io/prospect-rss-feeds/tv3-sport.xml,OG,success,2025-11-29 15:15:37,Denmark,tv3sport.dk,To Do,FALSE,,,FALSE,Newly discovered RSS feed
El Gerió Digital,https://swelbyboy.github.io/prospect-rss-feeds/el-gerió-digital.xml,OG,success,2025-11-29 11:52:58,United States,gerio.cat,To Do,FALSE,,,FALSE,Newly discovered RSS feed
Scandinavia Online AS,-,N/A,-,,Norway,sol.no,No feed generated,FALSE,,,FALSE,
Triple M,-,N/A,-,,Australia,triplem.com.au,No feed generated,FALSE,,,FALSE,
The 97.3FM,https://swelbyboy.github.io/prospect-rss-feeds/the-97-3fm.xml,OG,success,2025-11-29 15:15:43,Australia,973fm.com.au,To Do,FALSE,,,FALSE,Newly discovered RSS feed
JobcenterNigeria,-,N/A,-,,Nigeria,jobcenternigeria.com,No feed generated,FALSE,,,FALSE,
Rogers Radio Group,-,N/A,-,,United States,citynews.ca,No feed generated,FALSE,,,FALSE,
profitipp.hu,-,N/A,-,,Hungary,profitipp.hu,No feed generated,FALSE,,,FALSE,
"Српско-руско пријатељство """"Братство""""",https://swelbyboy.github.io/prospect-rss-feeds/српско-руско-пријатељство---братство.xml,OG,success,2025-11-29 15:15:49,Bosnia and Herzegovina,srpbratstvo.org,To Do,FALSE,,,FALSE,Newly discovered RSS feed
Revista 110,https://swelbyboy.github.io/prospect-rss-feeds/revista-110.xml,OG,success,2025-11-29 11:53:05,United States,revista110.online,To Do,FALSE,,,FALSE,Newly discovered RSS feed
The Veterinary News & Views,https://swelbyboy.github.io/prospect-rss-feeds/the-veterinary-news---views.xml,OG,success,2025-11-29 15:15:53,Pakistan,vetnewsandviews.com,To Do,FALSE,,,FALSE,Newly discovered RSS feed
Nea Farsala,https://swelbyboy.github.io/prospect-rss-feeds/nea-farsala.xml,OG,success,2025-11-29 15:16:19,Greece,neafarsala.gr,To Do,FALSE,,,FALSE,Newly discovered RSS feed
Abba Thammudu,https://swelbyboy.github.io/prospect-rss-feeds/abba-thammudu.xml,OG,success,2025-11-29 15:16:26,India,oktelugu.com,To Do,FALSE,,,FALSE,Newly discovered RSS feed
Op1,-,N/A,-,,Netherlands,op1npo.nl,No feed generated,FALSE,,,FALSE,
Polis Magazino,https://swelbyboy.github.io/prospect-rss-feeds/polis-magazino.xml,OG,success,2025-11-29 15:16:44,Greece,polismagazino.gr,To Do,FALSE,,,FALSE,Newly discovered RSS feed
Radio JAT,-,N/A,-,,Serbia,radiojat.rs,No feed generated,FALSE,,,FALSE,
Serayu news,https://swelbyboy.github.io/prospect-rss-feeds/serayu-news.xml,OG,success,2025-11-29 15:16:53,Indonesia,serayunews.com,To Do,FALSE,,,FALSE,Newly discovered RSS feed
Ktvl Television 10,https://swelbyboy.github.io/prospect-rss-feeds/ktvl-television-10.xml,OG,success,2025-11-29 11:53:05,United States,ktvl.com,To Do,FALSE,,,FALSE,Newly discovered RSS feed
NortheEcambia.com,https://swelbyboy.github.io/prospect-rss-feeds/northeecambia-com.xml,"OG (9), RSS (1)",success,2025-11-29 11:53:05,United States,northescambia.com,To Do,FALSE,,,FALSE,Newly discovered RSS feed
Κατοχικά Νέα,https://swelbyboy.github.io/prospect-rss-feeds/κατοχικά-νέα.xml,OG,success,2025-11-29 15:17:03,Greece,katohika.gr,To Do,FALSE,,,FALSE,Newly discovered RSS feed
"Evripos 90,0 FM",https://swelbyboy.github.io/prospect-rss-feeds/evripos-90-0-fm.xml,OG,success,2025-11-29 15:17:06,Greece,90fm.gr,To Do,FALSE,,,FALSE,Newly discovered RSS feed
Wnem,-,N/A,-,,United States,wnem.com,No feed generated,FALSE,,,FALSE,
News Live,-,N/A,-,,India,newslivetv.com,No feed generated,FALSE,,,FALSE,
Głos Powiatu Średzkiego,-,N/A,-,,Poland,glospowiatusredzkiego.pl,No feed generated,FALSE,,,FALSE,
Yeniçağ Gazetesi,https://swelbyboy.github.io/prospect-rss-feeds/yeniçağ-gazetesi.xml,OG,success,2025-11-29 15:17:12,Turkey,yenicaggazetesi.com.tr,To Do,FALSE,,,FALSE,Newly discovered RSS feed
αθηνόραμα,-,N/A,-,,Greece,athinorama.gr,No feed generated,FALSE,,,FALSE,
Radio Timisoara,https://swelbyboy.github.io/prospect-rss-feeds/radio-timisoara.xml,OG,success,2025-11-29 15:17:21,Romania,radiotimisoara.ro,To Do,FALSE,,,FALSE,Newly discovered RSS feed
Suryan FM,https://swelbyboy.github.io/prospect-rss-feeds/suryan-fm.xml,OG,success,2025-11-29 15:17:38,India,suryanfm.in,To Do,FALSE,,,FALSE,Newly discovered RSS feed
ТЕМА СПОРТ,https://swelbyboy.github.io/prospect-rss-feeds/тема-спорт.xml,OG,success,2025-11-29 15:17:40,Bulgaria,temasport.com,To Do,FALSE,,,FALSE,Newly discovered RSS feed
Mongabay-Indonesia,https://swelbyboy.github.io/prospect-rss-feeds/mongabay-indonesia.xml,OG,success,2025-11-29 15:17:42,Indonesia,mongabay.co.id,To Do,FALSE,,,FALSE,Newly discovered RSS feed
Napolovina,-,N/A,-,,Bulgaria,napolovina.com,No feed generated,FALSE,,,FALSE,
INSIDE,https://swelbyboy.github.io/prospect-rss-feeds/inside.xml,OG,success,2025-11-29 15:17:50,Taiwan,inside.com.tw,To Do,FALSE,,,FALSE,Newly discovered RSS feed
DOCTORTV.net,-,N/A,-,,Bangladesh,doctortv.net,No feed generated,FALSE,,,FALSE,
e-Asfalistiki,-,N/A,-,,Greece,e-asfalistiki.gr,No feed generated,FALSE,,,FALSE,
Wessex FM,-,N/A,-,,United Kingdom,wessexfm.com,No feed generated,FALSE,,,FALSE,
Πάμε Μπάλα,-,N/A,-,,Greece,pamebala.gr,No feed generated,FALSE,,,FALSE,
Wfxl,-,N/A,-,,United States,wfxl.com,No feed generated,FALSE,,,FALSE,
Straight.gt,-,N/A,-,,Greece,straight.gr,No feed generated,FALSE,,,FALSE,
Nandighosha TV,https://swelbyboy.github.io/prospect-rss-feeds/nandighosha-tv.xml,OG,success,2025-11-29 15:17:53,India,nandighoshatv.com,To Do,FALSE,,,FALSE,Newly discovered RSS feed
Thrive Global Greece,https://swelbyboy.github.io/prospect-rss-feeds/thrive-global-greece.xml,OG,success,2025-11-29 15:17:55,Greece,thriveglobal.gr,To Do,FALSE,,,FALSE,Newly discovered RSS feed
ΡΑΔΙΟ ΒΕΡΑ,https://swelbyboy.github.io/prospect-rss-feeds/ραδιο-βερα.xml,OG,success,2025-11-29 15:17:57,Greece,radiovera.gr,To Do,FALSE,,,FALSE,Newly discovered RSS feed
Sparkt,https://swelbyboy.github.io/prospect-rss-feeds/sparkt.xml,OG,success,2025-11-29 11:53:08,United States,sparkt.com,To Do,FALSE,,,FALSE,Newly discovered RSS feed
Български Новини,https://swelbyboy.github.io/prospect-rss-feeds/български-новини.xml,OG,success,2025-11-29 15:18:05,Bulgaria,newsbg.eu,To Do,FALSE,,,FALSE,Newly discovered RSS feed
Kocaeli Televizyon ve Radyo A.Ş,-,N/A,-,,Turkey,kocaelitv.com.tr,No feed generated,FALSE,,,FALSE,
96fm,https://swelbyboy.github.io/prospect-rss-feeds/96fm.xml,OG,success,2025-11-29 15:18:10,Australia,96fm.com.au,To Do,FALSE,,,FALSE,Newly discovered RSS feed
Kunp,https://swelbyboy.github.io/prospect-rss-feeds/kunp.xml,OG,success,2025-11-29 11:53:08,United States,kunptv.com,To Do,FALSE,,,FALSE,Newly discovered RSS feed
The Lantern Media Group,https://swelbyboy.github.io/prospect-rss-feeds/the-lantern-media-group.xml,OG,success,2025-11-29 11:53:11,United States,thelantern.com,To Do,FALSE,,,FALSE,Newly discovered RSS feed
Times Herald-Record,-,N/A,-,,United States,recordonline.com,No feed generated,FALSE,,,FALSE,
Bartlesville Examiner Enterprise,-,N/A,-,,United States,examiner-enterprise.com,No feed generated,FALSE,,,FALSE,
Sonora Jakarta 92.0 FM,-,N/A,-,,Indonesia,sonora.co.id,No feed generated,FALSE,,,FALSE,
National Daily Newspaper,https://swelbyboy.github.io/prospect-rss-feeds/national-daily-newspaper.xml,OG,success,2025-11-29 15:18:16,Nigeria,nationaldailyng.com,To Do,FALSE,,,FALSE,Newly discovered RSS feed
Desh Rupantor,-,N/A,-,,Bangladesh,deshrupantor.com,No feed generated,FALSE,,,FALSE,
Ekonomista,-,N/A,-,,Poland,ekonomista.info.pl,No feed generated,FALSE,,,FALSE,
PT Kilat Republik Indonesia,-,N/A,-,,Indonesia,kilat.com,No feed generated,FALSE,,,FALSE,
Pirate FM,-,N/A,-,,United Kingdom,piratefm.co.uk,No feed generated,FALSE,,,FALSE,
Nbc 24,https://swelbyboy.github.io/prospect-rss-feeds/nbc-24.xml,OG,success,2025-11-29 11:53:11,United States,nbc24.com,To Do,FALSE,,,FALSE,Newly discovered RSS feed
702,-,N/A,-,,South Africa,702.co.za,No feed generated,FALSE,,,FALSE,
Παρατηρητής,-,N/A,-,,Greece,serresparatiritis.gr,No feed generated,FALSE,,,FALSE,
Divatikon.hu,https://swelbyboy.github.io/prospect-rss-feeds/divatikon-hu.xml,OG,success,2025-11-29 15:18:32,Hungary,divatikon.hu,To Do,FALSE,,,FALSE,Newly discovered RSS feed
A CineMániás - Az online filmmagazin,-,N/A,-,,United States,acinemanias.com,No feed generated,FALSE,,,FALSE,
Pinoy Desserts by PingDesserts.com,https://swelbyboy.github.io/prospect-rss-feeds/pinoy-desserts-by-pingdesserts-com.xml,OG,success,2025-11-29 15:18:36,Philippines,pingdesserts.com,To Do,FALSE,,,FALSE,Newly discovered RSS feed
إعلام العرب,https://swelbyboy.github.io/prospect-rss-feeds/إعلام-العرب.xml,OG,success,2025-11-29 15:18:46,United Arab Emirates,i3lam-al3arab.com,To Do,FALSE,,,FALSE,Newly discovered RSS feed
ERTV,https://swelbyboy.github.io/prospect-rss-feeds/ertv.xml,OG,success,2025-11-29 15:18:49,Turkey,ertv.com.tr,To Do,FALSE,,,FALSE,Newly discovered RSS feed
EstereoCatolica.com,-,N/A,-,,United States,estereocatolica.com,No feed generated,FALSE,,,FALSE,
DOTTO TV,https://swelbyboy.github.io/prospect-rss-feeds/dotto-tv.xml,OG,success,2025-11-29 15:18:52,Romania,dottotv.ro,To Do,FALSE,,,FALSE,Newly discovered RSS feed
Macedonia News,https://swelbyboy.github.io/prospect-rss-feeds/macedonia-news.xml,RSS,success,2025-11-29 11:53:19,United States,mkdnews.com,To Do,FALSE,,,FALSE,Newly discovered RSS feed
The Real Chelsea Fans,-,OG,success,2025-11-29 11:53:23,United Kingdom,therealchelseafans.com,No feed generated,FALSE,,,FALSE,Feed generation failed or no source feed found
Рецепты. Типичный Кулинар,-,N/A,-,,United States,tipichnyjkulinar.com,No feed generated,FALSE,,,FALSE,
Go Jackie Go,-,N/A,-,,United States,gojackiego.com,No feed generated,FALSE,,,FALSE,
سكاي برس - Skypress,-,N/A,-,,United States,skypressiq.net,No feed generated,FALSE,,,FALSE,
The Independent Characters,https://swelbyboy.github.io/prospect-rss-feeds/the-independent-characters.xml,OG,success,2025-11-29 11:53:24,United States,theindependentcharacters.com,To Do,FALSE,,,FALSE,Newly discovered RSS feed
News portal SBplus.hr,-,N/A,-,,Croatia,sbplus.hr,No feed generated,FALSE,,,FALSE,
Geyve Haber,-,N/A,-,,United States,geyvehaber.com,No feed generated,FALSE,,,FALSE,
BoalkhaliNews,-,N/A,-,,Bangladesh,boalkhalinews.com,No feed generated,FALSE,,,FALSE,
boishakhinews24.com,https://swelbyboy.github.io/prospect-rss-feeds/boishakhinews24-com.xml,OG,success,2025-11-29 15:18:56,Bangladesh,boishakhinews24.com,To Do,FALSE,,,FALSE,Newly discovered RSS feed
Delicioase,https://swelbyboy.github.io/prospect-rss-feeds/delicioase.xml,OG,success,2025-11-29 15:19:08,Romania,gustoase.net,To Do,FALSE,,,FALSE,Newly discovered RSS feed
БАгиня,https://swelbyboy.github.io/prospect-rss-feeds/багиня.xml,OG,success,2025-11-29 11:53:26,United States,onpin.xyz,To Do,FALSE,,,FALSE,Newly discovered RSS feed
健身動起來,https://swelbyboy.github.io/prospect-rss-feeds/健身動起來.xml,OG,failed,2025-11-29 11:53:36,United States,jianshenrun.com,To Do,FALSE,,,FALSE,Newly discovered RSS feed
Travel With Mapsofworld.com,https://swelbyboy.github.io/prospect-rss-feeds/travel-with-mapsofworld-com.xml,OG,success,2025-11-29 11:54:00,United States,mapsofworld.com,To Do,FALSE,,,FALSE,Newly discovered RSS feed
Sapunko,https://swelbyboy.github.io/prospect-rss-feeds/sapunko.xml,OG,success,2025-11-29 15:19:10,Bosnia and Herzegovina,sapunko.com,To Do,FALSE,,,FALSE,Newly discovered RSS feed
Social Samvad,https://swelbyboy.github.io/prospect-rss-feeds/social-samvad.xml,OG,success,2025-11-29 15:19:17,India,socialsamvad.com,To Do,FALSE,,,FALSE,Newly discovered RSS feed
Jornal Primeira Hora,-,N/A,-,,Serbia,primeirahora.rs,No feed generated,FALSE,,,FALSE,
Поезија суштине,-,N/A,-,,Serbia,poezijasustine.rs,No feed generated,FALSE,,,FALSE,
Najjeftinija Putovanja,https://swelbyboy.github.io/prospect-rss-feeds/najjeftinija-putovanja.xml,OG,success,2025-11-29 15:19:40,Croatia,putujmojeftino.com,To Do,FALSE,,,FALSE,Newly discovered RSS feed
Időinfó-MetKép,https://swelbyboy.github.io/prospect-rss-feeds/időinfó-metkép.xml,OG,success,2025-11-29 15:19:49,Hungary,metkep.hu,To Do,FALSE,,,FALSE,Newly discovered RSS feed
Matrixsynth,https://swelbyboy.github.io/prospect-rss-feeds/matrixsynth.xml,OG,success,2025-11-29 11:54:03,United States,matrixsynth.com,To Do,FALSE,,,FALSE,Newly discovered RSS feed
Arkeoloji ve Sanat Yayınları,-,N/A,-,,Turkey,arkeolojisanat.com,No feed generated,FALSE,,,FALSE,
NouveautesTele,https://swelbyboy.github.io/prospect-rss-feeds/nouveautestele.xml,OG,success,2025-11-29 11:54:05,United States,nouveautes-tele.com,To Do,FALSE,,,FALSE,Newly discovered RSS feed
Mundoperfecto.net,https://swelbyboy.github.io/prospect-rss-feeds/mundoperfecto-net.xml,OG,success,2025-11-29 11:54:08,United States,mundoperfecto.net,To Do,FALSE,,,FALSE,Newly discovered RSS feed
Glas Zajeƒçara,-,N/A,-,,United States,glas-zajecara.com,No feed generated,FALSE,,,FALSE,
Restaurante de lux,https://swelbyboy.github.io/prospect-rss-feeds/restaurante-de-lux.xml,OG,success,2025-11-29 15:19:54,Romania,restaurantedelux.ro,To Do,FALSE,,,FALSE,Newly discovered RSS feed
paokwall.gr,-,N/A,-,,Greece,paokwall.gr,No feed generated,FALSE,,,FALSE,
HYPE Singapore,https://swelbyboy.github.io/prospect-rss-feeds/hype-singapore.xml,OG,success,2025-11-29 11:54:46,United States,hypesingapore.com,To Do,FALSE,,,FALSE,Newly discovered RSS feed
ІнфоПростір,https://swelbyboy.github.io/prospect-rss-feeds/інфопростір.xml,OG,success,2025-11-29 11:54:59,United States,agrimpasa.com,To Do,FALSE,,,FALSE,Newly discovered RSS feed
La Jugada Financiera,https://swelbyboy.github.io/prospect-rss-feeds/la-jugada-financiera.xml,RSS,success,2025-11-29 11:55:04,United States,lajugadafinanciera.com,To Do,FALSE,,,FALSE,Newly discovered RSS feed
CreateDebate,-,N/A,-,,United States,createdebate.com,No feed generated,FALSE,,,FALSE,
Blog do Paulo Nunes,https://swelbyboy.github.io/prospect-rss-feeds/blog-do-paulo-nunes.xml,OG,success,2025-11-29 11:55:12,United States,blogdopaulonunes.com,To Do,FALSE,,,FALSE,Newly discovered RSS feed
চট্টগ্রাম নিউজ,https://swelbyboy.github.io/prospect-rss-feeds/চট-টগ-র-ম-ন-উজ.xml,OG,success,2025-11-29 15:21:12,Bangladesh,chattogramnews.com,To Do,FALSE,,,FALSE,Newly discovered RSS feed
ROTKA,https://swelbyboy.github.io/prospect-rss-feeds/rotka.xml,OG,success,2025-11-29 11:55:17,United States,rotka.org,To Do,FALSE,,,FALSE,Newly discovered RSS feed
Gazeta do Norte,https://swelbyboy.github.io/prospect-rss-feeds/gazeta-do-norte.xml,OG,success,2025-11-29 11:55:19,United States,gazetadonorte.com,To Do,FALSE,,,FALSE,Newly discovered RSS feed
–ì—Ä–æ–¥–Ω–æ 24,https://swelbyboy.github.io/prospect-rss-feeds/ì-ä-æ---ω-æ-24.xml,OG,success,2025-11-29 11:55:33,United States,grodno24.com,To Do,FALSE,,,FALSE,Newly discovered RSS feed
Manithan,https://swelbyboy.github.io/prospect-rss-feeds/manithan.xml,OG,success,2025-11-29 15:21:21,India,manithan.com,To Do,FALSE,,,FALSE,Newly discovered RSS feed
Best Folk Medicine,https://swelbyboy.github.io/prospect-rss-feeds/best-folk-medicine.xml,OG,success,2025-11-29 15:21:30,Norway,bestfolkmedicine.com,To Do,FALSE,,,FALSE,Newly discovered RSS feed
Desmoheart - Motorcycles Parts & Accessories Shop,-,N/A,-,,United States,desmoheart.com,No feed generated,FALSE,,,FALSE,
InbiciMagazine,https://swelbyboy.github.io/prospect-rss-feeds/inbicimagazine.xml,OG,success,2025-11-29 11:55:39,United States,inbici.net,To Do,FALSE,,,FALSE,Newly discovered RSS feed
Teach Montessori,-,N/A,-,,United States,teach-montessori.org,No feed generated,FALSE,,,FALSE,
รวมสูตรขนมต่างๆ,-,N/A,-,,United States,romsood.com,No feed generated,FALSE,,,FALSE,
ロンドン掲示板,https://swelbyboy.github.io/prospect-rss-feeds/ロンドン掲示板.xml,OG,success,2025-11-29 11:55:44,United States,kaigai-bbs.com,To Do,FALSE,,,FALSE,Newly discovered RSS feed
Robin's Marketplace: Early Bird Specials Discounts,-,N/A,-,,United States,robinspost.com,No feed generated,FALSE,,,FALSE,
GroupBuya 優惠＋著數,-,N/A,-,,Hong Kong,groupbuya.com,No feed generated,FALSE,,,FALSE,
Horóscopo Tauro,-,N/A,-,,United States,horoscoposdeldia.net,No feed generated,FALSE,,,FALSE,
–ë—ä–ª–≥–∞—Ä—Å–∫–∏—Ç–µ –∫–ª—é–∫–∏,https://swelbyboy.github.io/prospect-rss-feeds/ë-ä-ª-----ä-å-----ç-µ----ª-é.xml,OG,success,2025-11-29 11:55:47,United States,kliuki.net,To Do,FALSE,,,FALSE,Newly discovered RSS feed
–ü—É—à–∫–∏–Ω—Å–∫–∞—è,https://swelbyboy.github.io/prospect-rss-feeds/ü-é-à-----ω-å-----è.xml,OG,success,2025-11-29 11:55:49,United States,pushkinska.net,To Do,FALSE,,,FALSE,Newly discovered RSS feed
Ochelaristi,-,N/A,-,,Romania,topzece10.net,No feed generated,FALSE,,,FALSE,
Teleprensa Cádiz,-,N/A,-,,United States,teleprensa.com,No feed generated,FALSE,,,FALSE,
Cocina y Recetas Fáciles,https://swelbyboy.github.io/prospect-rss-feeds/cocina-y-recetas-fáciles.xml,RSS,success,2025-11-29 11:55:50,United States,cocinayrecetasfaciles.com,To Do,FALSE,,,FALSE,Newly discovered RSS feed
Sz√≠nes Vil√°g,-,N/A,-,,Hungary,szinesvilag.com,No feed generated,FALSE,,,FALSE,
Maroussi.city,https://swelbyboy.github.io/prospect-rss-feeds/maroussi-city.xml,OG,success,2025-11-29 11:56:11,United States,maroussi.city,To Do,FALSE,,,FALSE,Newly discovered RSS feed
Windermere Sun,https://swelbyboy.github.io/prospect-rss-feeds/windermere-sun.xml,OG,success,2025-11-29 11:56:14,United States,windermeresun.com,To Do,FALSE,,,FALSE,Newly discovered RSS feed
"Richard's New Zealand - Old, Nostalgic, History, P",-,N/A,-,,United States,madonnewzealand.com,No feed generated,FALSE,,,FALSE,
Shiksha News,-,N/A,-,,India,shikshanews.com,No feed generated,FALSE,,,FALSE,
Basketplus.gr,https://swelbyboy.github.io/prospect-rss-feeds/basketplus-gr.xml,OG,success,2025-11-29 15:21:36,Greece,basketplus.gr,To Do,FALSE,,,FALSE,Newly discovered RSS feed
Meet Animals,https://swelbyboy.github.io/prospect-rss-feeds/meet-animals.xml,OG,success,2025-11-29 11:56:16,United States,themindcircle.com,To Do,FALSE,,,FALSE,Newly discovered RSS feed
وظائف الامارات,https://swelbyboy.github.io/prospect-rss-feeds/وظائف-الامارات.xml,OG,success,2025-11-29 15:21:38,United Arab Emirates,uouo15.net,To Do,FALSE,,,FALSE,Newly discovered RSS feed
Aimim,-,N/A,-,,India,naiduniya24.com,No feed generated,FALSE,,,FALSE,
我不想聽大道理，我只想聽故事,-,N/A,-,,United States,touch-story.com,No feed generated,FALSE,,,FALSE,
Cappadonna,-,N/A,-,,United States,glfent.com,No feed generated,FALSE,,,FALSE,
Ispovesti,-,N/A,-,,Serbia,ispovesti.com,No feed generated,FALSE,,,FALSE,
Simplistically Living,https://swelbyboy.github.io/prospect-rss-feeds/simplistically-living.xml,OG,success,2025-11-29 11:56:18,United States,simplisticallyliving.com,To Do,FALSE,,,FALSE,Newly discovered RSS feed
Nosotros los Arquitectos,https://swelbyboy.github.io/prospect-rss-feeds/nosotros-los-arquitectos.xml,OG,success,2025-11-29 11:56:32,United States,nosotros-los-arquitectos.com,To Do,FALSE,,,FALSE,Newly discovered RSS feed
T√†ng Th∆∞ C√°c,-,N/A,-,,United States,tangthucac.com,No feed generated,FALSE,,,FALSE,
KuakataNews.Com,-,N/A,-,,Bangladesh,kuakatanews.com.bd,No feed generated,FALSE,,,FALSE,
Hbnews24,-,N/A,-,,United States,hbnews24.com,No feed generated,FALSE,,,FALSE,
Android Jefe,https://swelbyboy.github.io/prospect-rss-feeds/android-jefe.xml,OG,success,2025-11-29 11:56:32,United States,androidjefe.com,To Do,FALSE,,,FALSE,Newly discovered RSS feed
Les gourmands méditerranéens,-,N/A,-,,United States,gourmand-mediterraneens.com,No feed generated,FALSE,,,FALSE,
Carla Snuggs - Posh Beauty Blog,-,N/A,-,,United States,poshbeautyblog.com,No feed generated,FALSE,,,FALSE,
সকল চাকরির খবর,-,N/A,-,,United States,jobsholders.com,No feed generated,FALSE,,,FALSE,
ExtraescolaresyOcio,https://swelbyboy.github.io/prospect-rss-feeds/extraescolaresyocio.xml,OG,success,2025-11-29 11:56:45,United States,extraescolaresyocio.com,To Do,FALSE,,,FALSE,Newly discovered RSS feed
مجلة ماهيتاب,https://swelbyboy.github.io/prospect-rss-feeds/مجلة-ماهيتاب.xml,OG,success,2025-11-29 11:56:59,United States,mahetab.com,To Do,FALSE,,,FALSE,Newly discovered RSS feed
רחובות היום - אתר החדשות של העיר רחובות,https://swelbyboy.github.io/prospect-rss-feeds/רחובות-היום---אתר-החדשות-של-העיר-רחובות.xml,OG,success,2025-11-29 11:57:03,United States,news08.net,To Do,FALSE,,,FALSE,Newly discovered RSS feed
ladyfutsal,-,N/A,-,,United States,ladyfutsal.com,No feed generated,FALSE,,,FALSE,
Daily Ajker Barta - দৈনিক আজকের বার্তা,https://swelbyboy.github.io/prospect-rss-feeds/daily-ajker-barta---দ-ন-ক-আজক-র-ব-র-ত.xml,OG,success,2025-11-29 15:22:00,Bangladesh,dailyajkerbarta.com,To Do,FALSE,,,FALSE,Newly discovered RSS feed
A Gazeta do Acre,https://swelbyboy.github.io/prospect-rss-feeds/a-gazeta-do-acre.xml,OG,success,2025-11-29 11:57:04,United States,agazetadoacre.com,To Do,FALSE,,,FALSE,Newly discovered RSS feed
Radio Vocea Sufletului,-,N/A,-,,Romania,radioulsufletului.ro,No feed generated,FALSE,,,FALSE,
UAinKrakow.pl,https://swelbyboy.github.io/prospect-rss-feeds/uainkrakow-pl.xml,OG,success,2025-11-29 15:22:04,Poland,uainkrakow.pl,To Do,FALSE,,,FALSE,Newly discovered RSS feed
Shaharbeen TIMES,https://swelbyboy.github.io/prospect-rss-feeds/shaharbeen-times.xml,OG,success,2025-11-29 11:57:15,United States,shaharbeen.com,To Do,FALSE,,,FALSE,Newly discovered RSS feed
Y hoy qué comemos,-,N/A,-,,United States,yhoyquecomemos.com,No feed generated,FALSE,,,FALSE,
TAS RADIO - BEOGRAD,-,N/A,-,,United States,pinkradio.com,No feed generated,FALSE,,,FALSE,
Electrobuzz,-,N/A,-,,United States,electrobuzz.net,No feed generated,FALSE,,,FALSE,
AKTUAL,-,N/A,-,,Indonesia,revistaktual.com,No feed generated,FALSE,,,FALSE,
Recepti,-,N/A,-,,United States,recepti.com,No feed generated,FALSE,,,FALSE,
Motorland,-,N/A,-,,United States,motorlands.net,No feed generated,FALSE,,,FALSE,
Sylheter Kantho,-,N/A,-,,United States,sylheterkantho.com,No feed generated,FALSE,,,FALSE,
NosoloGamer,-,N/A,-,,United States,nosologamer.com,No feed generated,FALSE,,,FALSE,
Adult Humor,https://swelbyboy.github.io/prospect-rss-feeds/adult-humor.xml,OG,success,2025-11-29 11:57:25,United States,itsadulthumor.com,To Do,FALSE,,,FALSE,Newly discovered RSS feed
Bocchescucite,https://swelbyboy.github.io/prospect-rss-feeds/bocchescucite.xml,OG,success,2025-11-29 11:57:28,United States,bocchescucite.org,To Do,FALSE,,,FALSE,Newly discovered RSS feed
KiloCalorii,https://swelbyboy.github.io/prospect-rss-feeds/kilocalorii.xml,OG,success,2025-11-29 15:22:07,Romania,kilocalorii.ro,To Do,FALSE,,,FALSE,Newly discovered RSS feed
Haber Yorum Gazetesi,https://swelbyboy.github.io/prospect-rss-feeds/haber-yorum-gazetesi.xml,OG,success,2025-11-29 11:57:37,United States,haberyorumgazetesi.com,To Do,FALSE,,,FALSE,Newly discovered RSS feed
Kartal Haber,-,N/A,-,,Turkey,kartalhaber.com,No feed generated,FALSE,,,FALSE,
Кошерный Днепр,https://swelbyboy.github.io/prospect-rss-feeds/кошерный-днепр.xml,OG,success,2025-11-29 11:57:40,United States,politeka.net,To Do,FALSE,,,FALSE,Newly discovered RSS feed
976-TUNA.com,-,N/A,-,,United States,976-tuna.com,No feed generated,FALSE,,,FALSE,
U-12ジュニアサッカーワールドチャレンジ,-,N/A,-,,United States,u12-juniorsoccer-wc.com,No feed generated,FALSE,,,FALSE,
hotnews24bd.com,https://swelbyboy.github.io/prospect-rss-feeds/hotnews24bd-com.xml,OG,success,2025-12-02 11:52:00,Bangladesh,hotnews24bd.com,To Do,FALSE,,,FALSE,Newly discovered RSS feed
Oglasi Balkan,-,N/A,-,,United States,oglasibalkan.com,No feed generated,FALSE,,,FALSE,
ИНФОМРЕЖА,https://swelbyboy.github.io/prospect-rss-feeds/инфомрежа.xml,OG,success,2025-11-29 15:22:10,Bulgaria,infomreja.bg,To Do,FALSE,,,FALSE,Newly discovered RSS feed
Food Evolution,-,N/A,-,,Philippines,foodevolution.com.ph,No feed generated,FALSE,,,FALSE,
Tempos Galegos,https://swelbyboy.github.io/prospect-rss-feeds/tempos-galegos.xml,OG,success,2025-11-29 11:57:43,United States,temposgalegos.com,To Do,FALSE,,,FALSE,Newly discovered RSS feed
Timlo Net,-,N/A,-,,Indonesia,timlo.net,No feed generated,FALSE,,,FALSE,
Actualidad saharaui,https://swelbyboy.github.io/prospect-rss-feeds/actualidad-saharaui.xml,OG,success,2025-11-29 11:57:49,United States,noteolvidesdelsaharaoccidental.org,To Do,FALSE,,,FALSE,Newly discovered RSS feed
Mobilita Palermo,https://swelbyboy.github.io/prospect-rss-feeds/mobilita-palermo.xml,OG,success,2025-11-29 11:57:54,United States,mobilita.org,To Do,FALSE,,,FALSE,Newly discovered RSS feed
Vozim.HR,https://swelbyboy.github.io/prospect-rss-feeds/vozim-hr.xml,OG,success,2025-11-29 15:22:13,Croatia,vozim.hr,To Do,FALSE,,,FALSE,Newly discovered RSS feed
Sudigali,https://swelbyboy.github.io/prospect-rss-feeds/sudigali.xml,OG,success,2025-11-29 11:58:02,United States,sudigali.com,To Do,FALSE,,,FALSE,Newly discovered RSS feed
AEK Fans Blog,https://swelbyboy.github.io/prospect-rss-feeds/aek-fans-blog.xml,OG,success,2025-11-29 15:22:16,Greece,aek21fans.gr,To Do,FALSE,,,FALSE,Newly discovered RSS feed
Eveniment Valcean,https://swelbyboy.github.io/prospect-rss-feeds/eveniment-valcean.xml,OG,success,2025-11-29 15:22:20,Romania,evenimentvalcean.ro,To Do,FALSE,,,FALSE,Newly discovered RSS feed
Natun Gati - নতুন গতি,https://swelbyboy.github.io/prospect-rss-feeds/natun-gati---নত-ন-গত.xml,OG,success,2025-12-02 11:52:38,India,natungati.in,To Do,FALSE,,,FALSE,Newly discovered RSS feed
Brock Mathews,https://swelbyboy.github.io/prospect-rss-feeds/brock-mathews.xml,OG,success,2025-11-29 11:58:08,United States,j104radio.com,To Do,FALSE,,,FALSE,Newly discovered RSS feed
Hollywood News Daily,https://swelbyboy.github.io/prospect-rss-feeds/hollywood-news-daily.xml,OG,success,2025-11-29 11:58:09,United States,hollywoodnewsdaily.com,To Do,FALSE,,,FALSE,Newly discovered RSS feed
Ελεύθερη Ενημέρωση - Ελλάδα,-,N/A,-,,Greece,elenews.gr,No feed generated,FALSE,,,FALSE,
infoiberico.com,https://swelbyboy.github.io/prospect-rss-feeds/infoiberico-com.xml,OG,success,2025-11-29 11:58:12,United States,infoiberico.com,To Do,FALSE,,,FALSE,Newly discovered RSS feed
Priyo Bandhu Bengali,https://swelbyboy.github.io/prospect-rss-feeds/priyo-bandhu-bengali.xml,OG,success,2025-11-29 15:22:25,India,priyobandhu.com,To Do,FALSE,,,FALSE,Newly discovered RSS feed
–ï—Ä–∫—Ä–∞–º–∞—Å- –ò–Ω—Ñ–æ—Ä–º–∞—Ü–∏–æ–Ω–Ω—ã–π –¶–µ–Ω—Ç—Ä,https://swelbyboy.github.io/prospect-rss-feeds/ï-ä---ä---º---å---ò-ω-ñ-æ-ä-º---ü---æ-ω-ω-ã-π----µ-ω-ç-ä.xml,OG,success,2025-11-29 11:58:15,United States,yerkramas.org,To Do,FALSE,,,FALSE,Newly discovered RSS feed
Muda News,-,N/A,-,,Indonesia,mudanews.com,No feed generated,FALSE,,,FALSE,
Boxeo De Colombia,https://swelbyboy.github.io/prospect-rss-feeds/boxeo-de-colombia.xml,RSS,success,2025-11-29 11:58:15,United States,boxeodecolombia.com,To Do,FALSE,,,FALSE,Newly discovered RSS feed
Metal Building Homes,-,N/A,-,,United States,metal-building-homes.com,No feed generated,FALSE,,,FALSE,
Moje-Gniezno.pl,https://swelbyboy.github.io/prospect-rss-feeds/moje-gniezno-pl.xml,OG,success,2025-11-29 15:22:27,Poland,moje-gniezno.pl,To Do,FALSE,,,FALSE,Newly discovered RSS feed
Sportski Portal,https://swelbyboy.github.io/prospect-rss-feeds/sportski-portal.xml,OG,success,2025-11-29 15:22:30,Serbia,sportskiportal.rs,To Do,FALSE,,,FALSE,Newly discovered RSS feed
Reporteros de Banqueta,https://swelbyboy.github.io/prospect-rss-feeds/reporteros-de-banqueta.xml,OG,success,2025-11-29 11:58:19,United States,reporterosdebanqueta.com,To Do,FALSE,,,FALSE,Newly discovered RSS feed
Combinacionganadora,-,N/A,-,,United States,combinacionganadora.com,No feed generated,FALSE,,,FALSE,
Addicted To Quack,https://swelbyboy.github.io/prospect-rss-feeds/addicted-to-quack.xml,OG,success,2025-11-29 11:58:20,United States,addictedtoquack.com,To Do,FALSE,,,FALSE,Newly discovered RSS feed
The Bible and Prophecy,https://swelbyboy.github.io/prospect-rss-feeds/the-bible-and-prophecy.xml,OG,success,2025-11-29 11:58:33,United States,raptureready.com,To Do,FALSE,,,FALSE,Newly discovered RSS feed
MTB-VCO.com,https://swelbyboy.github.io/prospect-rss-feeds/mtb-vco-com.xml,OG,success,2025-11-29 11:58:39,United States,mtb-vco.com,To Do,FALSE,,,FALSE,Newly discovered RSS feed
GazeteÇORLU,https://swelbyboy.github.io/prospect-rss-feeds/gazeteçorlu.xml,OG,success,2025-11-29 15:22:34,Turkey,gazetecorlu.com,To Do,FALSE,,,FALSE,Newly discovered RSS feed
Radio Onda Tica,https://swelbyboy.github.io/prospect-rss-feeds/radio-onda-tica.xml,OG,success,2025-11-29 11:58:39,United States,ondaticaonline.com,To Do,FALSE,,,FALSE,Newly discovered RSS feed
Egyszerű Gyors Receptek,https://swelbyboy.github.io/prospect-rss-feeds/egyszerű-gyors-receptek.xml,OG,success,2025-11-29 11:58:44,United States,egyszerugyorsreceptek.com,To Do,FALSE,,,FALSE,Newly discovered RSS feed
Megatrend univerzitet,-,N/A,-,,Serbia,megatrend.edu.rs,No feed generated,FALSE,,,FALSE,
Carta de México,-,N/A,-,,United States,cartademexico.com,No feed generated,FALSE,,,FALSE,
Kovács Zoltán,-,N/A,-,,Hungary,abouthungary.hu,No feed generated,FALSE,,,FALSE,
vocentar.com,https://swelbyboy.github.io/prospect-rss-feeds/vocentar-com.xml,OG,success,2025-11-29 11:58:46,United States,vocentar.com,To Do,FALSE,,,FALSE,Newly discovered RSS feed
"Love Radio 97,5 Athens",-,N/A,-,,Greece,loveradio.gr,No feed generated,FALSE,,,FALSE,
Aula Mexiquense,-,N/A,-,,United States,aulamexiquense.com,No feed generated,FALSE,,,FALSE,
Bóg Honor Ojczyzna,-,N/A,-,,Poland,prostozmostu.pl,No feed generated,FALSE,,,FALSE,
Eight Forums,-,N/A,-,,United States,eightforums.com,No feed generated,FALSE,,,FALSE,
Sports Pundit,-,N/A,-,,United States,sportspundit.com,No feed generated,FALSE,,,FALSE,
Meherpur News,https://swelbyboy.github.io/prospect-rss-feeds/meherpur-news.xml,OG,success,2025-11-29 15:22:55,Bangladesh,meherpurnews.com,To Do,FALSE,,,FALSE,Newly discovered RSS feed
Argolida Planet.,https://swelbyboy.github.io/prospect-rss-feeds/argolida-planet.xml,OG,success,2025-11-29 11:59:02,United States,argolidaplanet.com,To Do,FALSE,,,FALSE,Newly discovered RSS feed
Porozmawiajmy o Pieniądzach,-,N/A,-,,Poland,aplikuj.pl,No feed generated,FALSE,,,FALSE,
Nie lubię tego,-,N/A,-,,Poland,memownia.pl,No feed generated,FALSE,,,FALSE,
Law Of Attraction With Meditation,https://swelbyboy.github.io/prospect-rss-feeds/law-of-attraction-with-meditation.xml,OG,success,2025-11-29 11:59:05,United States,lawofattractionwithmeditation.com,To Do,FALSE,,,FALSE,Newly discovered RSS feed
nnbd24.net এনএনবিডি২৪.নেট,-,N/A,-,,Bangladesh,nnbd24.net,No feed generated,FALSE,,,FALSE,
Ziarul Lupa,-,N/A,-,,Romania,lupamea.ro,No feed generated,FALSE,,,FALSE,
Leo Burtisan,-,N/A,-,,United Kingdom,leoburtisan.com,No feed generated,FALSE,,,FALSE,
Recipe Roost,https://swelbyboy.github.io/prospect-rss-feeds/recipe-roost.xml,OG,success,2025-11-29 11:59:08,United States,reciperoost.com,To Do,FALSE,,,FALSE,Newly discovered RSS feed
文 Gιяls Zone,https://swelbyboy.github.io/prospect-rss-feeds/文-gιяls-zone.xml,OG,success,2025-11-29 15:23:01,Bangladesh,inkbd.com,To Do,FALSE,,,FALSE,Newly discovered RSS feed
daily-news.gr,-,N/A,-,,Greece,daily-news.gr,No feed generated,FALSE,,,FALSE,
KynoClub,https://swelbyboy.github.io/prospect-rss-feeds/kynoclub.xml,OG,success,2025-11-29 15:23:05,Greece,kynoclub.gr,To Do,FALSE,,,FALSE,Newly discovered RSS feed
Tapeciarnia.pl - tapety na pulpit,https://swelbyboy.github.io/prospect-rss-feeds/tapeciarnia-pl---tapety-na-pulpit.xml,OG,success,2025-11-29 15:23:07,Poland,tapeciarnia.pl,To Do,FALSE,,,FALSE,Newly discovered RSS feed
Cinema Suceava,https://swelbyboy.github.io/prospect-rss-feeds/cinema-suceava.xml,OG,success,2025-11-29 15:23:13,Romania,cinemasuceava.ro,To Do,FALSE,,,FALSE,Newly discovered RSS feed
Optimus Haber,-,N/A,-,,United States,optimushaber.com,No feed generated,FALSE,,,FALSE,
CiutƒÉ Daniela,https://swelbyboy.github.io/prospect-rss-feeds/ciutƒé-daniela.xml,OG,success,2025-11-29 15:23:28,Romania,buletindecarei.ro,To Do,FALSE,,,FALSE,Newly discovered RSS feed
ThailandTIP,https://swelbyboy.github.io/prospect-rss-feeds/thailandtip.xml,OG,success,2025-11-29 11:59:19,United States,thailandtip.info,To Do,FALSE,,,FALSE,Newly discovered RSS feed
"Psihologija, ljubav, zdravlje, lifestyle",https://swelbyboy.github.io/prospect-rss-feeds/psihologija--ljubav--zdravlje--lifestyle.xml,OG,success,2025-11-29 15:23:32,Serbia,bgonline.rs,To Do,FALSE,,,FALSE,Newly discovered RSS feed
"Astuces, Bricolage et Décor",https://swelbyboy.github.io/prospect-rss-feeds/astuces--bricolage-et-décor.xml,OG,success,2025-11-29 11:59:21,United States,ideescreatives.net,To Do,FALSE,,,FALSE,Newly discovered RSS feed
Tech N Techie,https://swelbyboy.github.io/prospect-rss-feeds/tech-n-techie.xml,OG,success,2025-11-29 15:23:40,New Zealand,techntechie.com,To Do,FALSE,,,FALSE,Newly discovered RSS feed
Аз подкрепям българския спорт,https://swelbyboy.github.io/prospect-rss-feeds/аз-подкрепям-българския-спорт.xml,OG,success,2025-11-29 15:23:52,Bulgaria,7sport.net,To Do,FALSE,,,FALSE,Newly discovered RSS feed
Info Sud-Est,https://swelbyboy.github.io/prospect-rss-feeds/info-sud-est.xml,OG,success,2025-11-29 15:23:56,Romania,info-sud-est.ro,To Do,FALSE,,,FALSE,Newly discovered RSS feed
WEIS Radio,https://swelbyboy.github.io/prospect-rss-feeds/weis-radio.xml,OG,success,2025-11-29 11:59:26,United States,weisradio.com,To Do,FALSE,,,FALSE,Newly discovered RSS feed
SuaraNasional,-,N/A,-,,Indonesia,suaranasional.com,No feed generated,FALSE,,,FALSE,
Három Határ Hírei,https://swelbyboy.github.io/prospect-rss-feeds/három-határ-hírei.xml,OG,success,2025-11-29 15:24:01,Hungary,haromhatar.hu,To Do,FALSE,,,FALSE,Newly discovered RSS feed
Hojas al Viento,https://swelbyboy.github.io/prospect-rss-feeds/hojas-al-viento.xml,RSS,success,2025-11-29 11:59:30,United States,liberaciondelamadretierra.org,To Do,FALSE,,,FALSE,Newly discovered RSS feed
জাতীয় বিশ্ববিদ্যালয় National University,https://swelbyboy.github.io/prospect-rss-feeds/জ-ত-য়-ব-শ-বব-দ-য-লয়-national-university.xml,OG,success,2025-11-29 15:24:11,Bangladesh,educationsinbd.com,To Do,FALSE,,,FALSE,Newly discovered RSS feed
সিলেটের সকাল,-,N/A,-,,United States,sylhetersokal.com,No feed generated,FALSE,,,FALSE,
Cadbull,-,N/A,-,,India,cadbull.com,No feed generated,FALSE,,,FALSE,
Студент,-,N/A,-,,Serbia,magazinstudent.rs,No feed generated,FALSE,,,FALSE,
Deƒüisim Medya,https://swelbyboy.github.io/prospect-rss-feeds/deƒüisim-medya.xml,RSS,success,2025-11-29 11:59:31,United States,degisimmedya.com,To Do,FALSE,,,FALSE,Newly discovered RSS feed
YellowRadio.gr,https://swelbyboy.github.io/prospect-rss-feeds/yellowradio-gr.xml,OG,success,2025-11-29 15:24:17,Greece,yellowradio.gr,To Do,FALSE,,,FALSE,Newly discovered RSS feed
Hindu,-,N/A,-,,United States,hindujagruti.org,No feed generated,FALSE,,,FALSE,
Flavorite,https://swelbyboy.github.io/prospect-rss-feeds/flavorite.xml,OG,success,2025-11-29 11:59:36,United States,flavorite.net,To Do,FALSE,,,FALSE,Newly discovered RSS feed
Voice of Sylhet - ভয়েস অব সিলেট,https://swelbyboy.github.io/prospect-rss-feeds/voice-of-sylhet---ভয়-স-অব-স-ল-ট.xml,RSS,success,2025-11-29 15:24:33,Bangladesh,voiceofsylhet.com,To Do,FALSE,,,FALSE,Newly discovered RSS feed
Max Maharashtra,https://swelbyboy.github.io/prospect-rss-feeds/max-maharashtra.xml,OG,success,2025-11-29 15:24:41,India,maxmaharashtra.com,To Do,FALSE,,,FALSE,Newly discovered RSS feed
Православна Србија,https://swelbyboy.github.io/prospect-rss-feeds/православна-србија.xml,OG,success,2025-11-29 15:24:44,Serbia,espreso.co.rs,To Do,FALSE,,,FALSE,Newly discovered RSS feed
Âú∞ÈúáNews,https://swelbyboy.github.io/prospect-rss-feeds/âú-èúánews.xml,OG,success,2025-11-29 11:59:39,United States,jishin-news.com,To Do,FALSE,,,FALSE,Newly discovered RSS feed
David Berger,https://swelbyboy.github.io/prospect-rss-feeds/david-berger.xml,OG,success,2025-11-29 11:59:42,United States,philosophia-perennis.com,To Do,FALSE,,,FALSE,Newly discovered RSS feed
ESISC - European Strategic Intelligence & Security,-,N/A,-,,United States,esisc.org,No feed generated,FALSE,,,FALSE,
Menterwolde.info,https://swelbyboy.github.io/prospect-rss-feeds/menterwolde-info.xml,RSS,success,2025-11-29 11:59:44,United States,menterwolde.info,To Do,FALSE,,,FALSE,Newly discovered RSS feed
DlaPolski.pl,https://swelbyboy.github.io/prospect-rss-feeds/dlapolski-pl.xml,OG,success,2025-11-29 15:24:51,Poland,dlapolski.pl,To Do,FALSE,,,FALSE,Newly discovered RSS feed
вестник Сега,https://swelbyboy.github.io/prospect-rss-feeds/вестник-сега.xml,OG,success,2025-11-29 15:24:53,Bulgaria,segabg.com,To Do,FALSE,,,FALSE,Newly discovered RSS feed
気になる、記になる,https://swelbyboy.github.io/prospect-rss-feeds/気になる-記になる.xml,OG,success,2025-11-29 11:59:49,United States,taisy0.com,To Do,FALSE,,,FALSE,Newly discovered RSS feed
Empleo Lérida,https://swelbyboy.github.io/prospect-rss-feeds/empleo-lérida.xml,OG,success,2025-11-29 11:59:52,United States,rdn24.com,To Do,FALSE,,,FALSE,Newly discovered RSS feed
FaktyKielce24.pl,https://swelbyboy.github.io/prospect-rss-feeds/faktykielce24-pl.xml,OG,success,2025-11-29 15:25:06,Poland,faktykielce24.pl,To Do,FALSE,,,FALSE,Newly discovered RSS feed
Tygodnik Sieci,https://swelbyboy.github.io/prospect-rss-feeds/tygodnik-sieci.xml,OG,success,2025-11-29 15:25:08,Poland,wsieciprawdy.pl,To Do,FALSE,,,FALSE,Newly discovered RSS feed
Face Of Nation,-,N/A,-,,India,faceofnation.news,No feed generated,FALSE,,,FALSE,
News Beritabersatu.com,https://swelbyboy.github.io/prospect-rss-feeds/news-beritabersatu-com.xml,OG,success,2025-11-29 15:25:10,Indonesia,beritabersatu.com,To Do,FALSE,,,FALSE,Newly discovered RSS feed
Rzecz Krotoszy≈Ñska,-,N/A,-,,Poland,rzeczkrotoszynska.pl,No feed generated,FALSE,,,FALSE,
Orasul Timisoara,https://swelbyboy.github.io/prospect-rss-feeds/orasul-timisoara.xml,OG,success,2025-11-29 15:25:17,Romania,orasul-timisoara.ro,To Do,FALSE,,,FALSE,Newly discovered RSS feed
Deszkavízió,https://swelbyboy.github.io/prospect-rss-feeds/deszkavízió.xml,OG,success,2025-11-29 15:25:22,Hungary,deszkavizio.hu,To Do,FALSE,,,FALSE,Newly discovered RSS feed
OraNews.net,https://swelbyboy.github.io/prospect-rss-feeds/oranews-net.xml,OG,success,2025-11-29 11:59:56,United States,oranews.net,To Do,FALSE,,,FALSE,Newly discovered RSS feed
Recipecs,https://swelbyboy.github.io/prospect-rss-feeds/recipecs.xml,OG,success,2025-11-29 11:59:57,United States,recipecs.com,To Do,FALSE,,,FALSE,Newly discovered RSS feed
YeniG√∂lc√ºk,-,N/A,-,,Turkey,yenigolcuk.com,No feed generated,FALSE,,,FALSE,
Eikones.top,https://swelbyboy.github.io/prospect-rss-feeds/eikones-top.xml,OG,success,2025-11-29 12:00:01,United States,eikones.top,To Do,FALSE,,,FALSE,Newly discovered RSS feed
shomoysangbad.com,https://swelbyboy.github.io/prospect-rss-feeds/shomoysangbad-com.xml,OG,success,2025-11-29 15:25:25,Bangladesh,shomoysangbad.com,To Do,FALSE,,,FALSE,Newly discovered RSS feed
ziarulargesul.ro,https://swelbyboy.github.io/prospect-rss-feeds/ziarulargesul-ro.xml,OG,success,2025-11-29 15:25:28,Romania,ziarulargesul.ro,To Do,FALSE,,,FALSE,Newly discovered RSS feed
Royal Vision Education Counselling - Private Limit,https://swelbyboy.github.io/prospect-rss-feeds/royal-vision-education-counselling---private-limit.xml,OG,success,2025-11-29 15:25:30,Pakistan,royalvision.com.pk,To Do,FALSE,,,FALSE,Newly discovered RSS feed
Dakarprivee People,-,N/A,-,,United States,dakarprivee.com,No feed generated,FALSE,,,FALSE,
KiloRețete,https://swelbyboy.github.io/prospect-rss-feeds/kilorețete.xml,OG,success,2025-11-29 15:25:33,Romania,kiloretete.ro,To Do,FALSE,,,FALSE,Newly discovered RSS feed
PBN24,https://swelbyboy.github.io/prospect-rss-feeds/pbn24.xml,OG,success,2025-12-02 11:52:32,Bangladesh,pbn24.com,To Do,FALSE,,,FALSE,Newly discovered RSS feed
ScienceIndex,https://swelbyboy.github.io/prospect-rss-feeds/scienceindex.xml,RSS,success,2025-11-29 12:00:02,United States,eurekamag.com,To Do,FALSE,,,FALSE,Newly discovered RSS feed
Posmetro Padang,https://swelbyboy.github.io/prospect-rss-feeds/posmetro-padang.xml,OG,success,2025-11-29 15:26:15,Indonesia,posmetropadang.co.id,To Do,FALSE,,,FALSE,Newly discovered RSS feed
Jabberjays,-,N/A,-,,United States,jabberjays.net,No feed generated,FALSE,,,FALSE,
Ultramagazin.ba,https://swelbyboy.github.io/prospect-rss-feeds/ultramagazin-ba.xml,OG,success,2025-11-29 15:26:28,Bosnia and Herzegovina,ultra.ba,To Do,FALSE,,,FALSE,Newly discovered RSS feed
Kayseri Gündem Gazetesi ( kayseri haberleri ),https://swelbyboy.github.io/prospect-rss-feeds/kayseri-gündem-gazetesi---kayseri-haberleri.xml,OG,success,2025-11-29 15:26:32,Turkey,kayserigundem.com.tr,To Do,FALSE,,,FALSE,Newly discovered RSS feed
Зодиите БГ,https://swelbyboy.github.io/prospect-rss-feeds/зодиите-бг.xml,OG,success,2025-11-29 15:26:35,Bulgaria,novinibg.eu,To Do,FALSE,,,FALSE,Newly discovered RSS feed
Trikalazoom.gr,-,N/A,-,,Greece,trikalazoom.gr,No feed generated,FALSE,,,FALSE,
Ubaw.pl,-,N/A,-,,Poland,twojenowinki.pl,No feed generated,FALSE,,,FALSE,
The DragFlick,-,N/A,-,,United Kingdom,thedragflick.com,No feed generated,FALSE,,,FALSE,
The Complete Malayali,https://swelbyboy.github.io/prospect-rss-feeds/the-complete-malayali.xml,OG,success,2025-11-29 15:26:43,India,onlinemalayali.in,To Do,FALSE,,,FALSE,Newly discovered RSS feed
Oceana County Press,-,N/A,-,,United States,oceanacountypress.com,No feed generated,FALSE,,,FALSE,
Vismaya News,-,N/A,-,,India,vismayanews.in,No feed generated,FALSE,,,FALSE,
Fatih G√ºrb√ºz,https://swelbyboy.github.io/prospect-rss-feeds/fatih-g-ºrb-ºz.xml,OG,success,2025-11-29 15:26:51,Turkey,antalyaguncel.com,To Do,FALSE,,,FALSE,Newly discovered RSS feed
e-HandBall.gr,https://swelbyboy.github.io/prospect-rss-feeds/e-handball-gr.xml,OG,success,2025-11-29 15:27:00,Greece,e-handball.gr,To Do,FALSE,,,FALSE,Newly discovered RSS feed
Νέα Τηλεόραση Κρήτης Neatv Gr,https://swelbyboy.github.io/prospect-rss-feeds/νέα-τηλεόραση-κρήτης-neatv-gr.xml,OG,success,2025-11-29 15:27:11,Greece,neatv.gr,To Do,FALSE,,,FALSE,Newly discovered RSS feed
ВАРНА новини,-,N/A,-,,Bulgaria,varnanovini.bg,No feed generated,FALSE,,,FALSE,
花蓮買屋-廖泉盛,-,N/A,-,,Taiwan,myhomes.com.tw,No feed generated,FALSE,,,FALSE,
ziemiadebicka.pl,https://swelbyboy.github.io/prospect-rss-feeds/ziemiadebicka-pl.xml,OG,success,2025-11-29 15:27:14,Poland,ziemiadebicka.pl,To Do,FALSE,,,FALSE,Newly discovered RSS feed
Jakab P√©ter,https://swelbyboy.github.io/prospect-rss-feeds/jakab-p--ter.xml,OG,success,2025-11-29 15:27:16,Hungary,jobbik.hu,To Do,FALSE,,,FALSE,Newly discovered RSS feed
stoplekto.gr,https://swelbyboy.github.io/prospect-rss-feeds/stoplekto-gr.xml,OG,success,2025-11-29 15:27:19,Greece,stoplekto.gr,To Do,FALSE,,,FALSE,Newly discovered RSS feed
Cantinho do Video,https://swelbyboy.github.io/prospect-rss-feeds/cantinho-do-video.xml,OG,success,2025-11-29 12:00:12,United States,cantinhodovideo.com,To Do,FALSE,,,FALSE,Newly discovered RSS feed
–ë—ä–ª–≥–∞—Ä—Å–∫–∏ –ù–∞—Ü–∏–æ–Ω–∞–ª–∏—Å—Ç–∏—á–µ—Å–∫–∏ –§–æ—Ä—É–º,https://swelbyboy.github.io/prospect-rss-feeds/ë-ä-ª-----ä-å------ù---ü---æ-ω---ª---å-ç---á-µ-å--------æ-ä-é-º.xml,RSS,success,2025-11-29 15:27:23,Bulgaria,bg-nacionalisti.org,To Do,FALSE,,,FALSE,Newly discovered RSS feed
Pelita Sumsel,-,N/A,-,,Indonesia,pelitasumsel.com,No feed generated,FALSE,,,FALSE,
Daily Taskeen,https://swelbyboy.github.io/prospect-rss-feeds/daily-taskeen.xml,OG,success,2025-11-29 15:27:37,India,dailytaskeen.com,To Do,FALSE,,,FALSE,Newly discovered RSS feed
Proste przepisy na smaczne potrawy,-,N/A,-,,Poland,flyb.pl,No feed generated,FALSE,,,FALSE,
Media Aceh,-,N/A,-,,Indonesia,mediaaceh.co,No feed generated,FALSE,,,FALSE,
casapost.ro,https://swelbyboy.github.io/prospect-rss-feeds/casapost-ro.xml,OG,success,2025-11-29 15:27:44,Romania,casapost.ro,To Do,FALSE,,,FALSE,Newly discovered RSS feed
Polskie Radio WRKL 910 AM,https://swelbyboy.github.io/prospect-rss-feeds/polskie-radio-wrkl-910-am.xml,OG,success,2025-11-29 12:00:18,United States,polskieradio.com,To Do,FALSE,,,FALSE,Newly discovered RSS feed
BoomPhilly,https://swelbyboy.github.io/prospect-rss-feeds/boomphilly.xml,RSS,success,2025-11-29 12:00:20,United States,1039hiphop.com,To Do,FALSE,,,FALSE,Newly discovered RSS feed
Riauin.com,-,N/A,-,,Indonesia,riauin.com,No feed generated,FALSE,,,FALSE,
مفكر حر دوت اورج,https://swelbyboy.github.io/prospect-rss-feeds/مفكر-حر-دوت-اورج.xml,OG,success,2025-11-29 12:00:29,United States,mufakerhur.org,To Do,FALSE,,,FALSE,Newly discovered RSS feed
Συλλογιέμαι Ελεύθερα,https://swelbyboy.github.io/prospect-rss-feeds/συλλογιέμαι-ελεύθερα.xml,"OG (9), RSS (1)",success,2025-11-29 12:00:34,United States,gegonotstomikroskpio.com,To Do,FALSE,,,FALSE,Newly discovered RSS feed
সরকারি চাকরির খবর,-,N/A,-,,Bangladesh,alljobscircularbd.com,No feed generated,FALSE,,,FALSE,
Opinyon Bicol,-,N/A,-,,Philippines,opinyon.net,No feed generated,FALSE,,,FALSE,
SistersM,https://swelbyboy.github.io/prospect-rss-feeds/sistersm.xml,OG,success,2025-11-29 15:27:54,Poland,sistersm.net,To Do,FALSE,,,FALSE,Newly discovered RSS feed
Mercinews.com,https://swelbyboy.github.io/prospect-rss-feeds/mercinews-com.xml,OG,success,2025-11-29 15:28:14,Indonesia,mercinews.com,To Do,FALSE,,,FALSE,Newly discovered RSS feed
otorider.com,https://swelbyboy.github.io/prospect-rss-feeds/otorider-com.xml,OG,success,2025-11-29 15:28:46,Indonesia,otorider.com,To Do,FALSE,,,FALSE,Newly discovered RSS feed
imankatolik.or.id,-,N/A,-,,Indonesia,imankatolik.or.id,No feed generated,FALSE,,,FALSE,
আবেগি হৃদয়,-,N/A,-,,Bangladesh,thenation24.com,No feed generated,FALSE,,,FALSE,
Sektör Gazetesi,https://swelbyboy.github.io/prospect-rss-feeds/sektör-gazetesi.xml,OG,success,2025-11-29 15:28:55,Turkey,salihlisektorgazetesi.com,To Do,FALSE,,,FALSE,Newly discovered RSS feed
BistritaBusiness.ro,https://swelbyboy.github.io/prospect-rss-feeds/bistritabusiness-ro.xml,OG,success,2025-11-29 15:28:58,Romania,bistritabusiness.ro,To Do,FALSE,,,FALSE,Newly discovered RSS feed
Ziar de Bistrita,https://swelbyboy.github.io/prospect-rss-feeds/ziar-de-bistrita.xml,OG,success,2025-11-29 15:29:20,Romania,ziardebistrita.ro,To Do,FALSE,,,FALSE,Newly discovered RSS feed
Ktv Televizija,https://swelbyboy.github.io/prospect-rss-feeds/ktv-televizija.xml,OG,success,2025-11-29 15:29:23,Serbia,ktv.rs,To Do,FALSE,,,FALSE,Newly discovered RSS feed
–°–ø–∏—Å–∞–Ω–∏–µ –ò–∫–æ–Ω–æ–º–∏—Å—Ç,https://swelbyboy.github.io/prospect-rss-feeds/ø---å---ω---µ--ò---æ-ω-æ-º---å-ç.xml,OG,success,2025-11-29 15:29:33,Bulgaria,iconomist.bg,To Do,FALSE,,,FALSE,Newly discovered RSS feed
مدرس اون لاين,-,N/A,failed,2025-11-29 12:00:38,United States,modars1.com,No feed generated,FALSE,,,FALSE,Feed generation failed or no source feed found
Lotnictwo Aviation International,https://swelbyboy.github.io/prospect-rss-feeds/lotnictwo-aviation-international.xml,OG,success,2025-11-29 15:29:36,Poland,zbiam.pl,To Do,FALSE,,,FALSE,Newly discovered RSS feed
প্রবাসী বাংলা নিউজ,-,N/A,-,,Bangladesh,truebanglanews.com,No feed generated,FALSE,,,FALSE,
De Grote Improvisatieshow,-,N/A,-,,Netherlands,degroteimprovisatieshow.nl,No feed generated,FALSE,,,FALSE,
Odia Mo Bhasa,https://swelbyboy.github.io/prospect-rss-feeds/odia-mo-bhasa.xml,OG,success,2025-11-29 15:29:45,India,online16media.com,To Do,FALSE,,,FALSE,Newly discovered RSS feed
Koubanezos,https://swelbyboy.github.io/prospect-rss-feeds/koubanezos.xml,OG,success,2025-11-29 15:29:51,Greece,koubanezos.gr,To Do,FALSE,,,FALSE,Newly discovered RSS feed
Cocinarte recetas,-,N/A,-,,United States,cocinarterecetas.com,No feed generated,FALSE,,,FALSE,
Kamion EB és Fesztivál,https://swelbyboy.github.io/prospect-rss-feeds/kamion-eb-és-fesztivál.xml,OG,success,2025-11-29 15:29:54,Hungary,kamionfesztival.hu,To Do,FALSE,,,FALSE,Newly discovered RSS feed
Go Fetch,-,N/A,-,,United States,itsgoneviral.com,No feed generated,FALSE,,,FALSE,
SukabumiUpdate.com,-,N/A,-,,Indonesia,sukabumiupdate.com,No feed generated,FALSE,,,FALSE,
VolgendeVideo.nl - Trending,-,N/A,-,,Netherlands,volgendevideo.nl,No feed generated,FALSE,,,FALSE,
รอบรั้วทั่วไทย LIVE,https://swelbyboy.github.io/prospect-rss-feeds/รอบร--วท--วไทย-live.xml,OG,success,2025-11-29 12:00:54,United States,esanunity.com,To Do,FALSE,,,FALSE,Newly discovered RSS feed
Всеки следобед с Криси,https://swelbyboy.github.io/prospect-rss-feeds/всеки-следобед-с-криси.xml,"OG (8), RSS (2)",success,2025-11-29 15:29:57,Bulgaria,kanal3.bg,To Do,FALSE,,,FALSE,Newly discovered RSS feed
Country Music Nation,https://swelbyboy.github.io/prospect-rss-feeds/country-music-nation.xml,OG,success,2025-11-29 12:00:56,United States,countrymusicnation.com,To Do,FALSE,,,FALSE,Newly discovered RSS feed
ROSUPERTOP.ro,https://swelbyboy.github.io/prospect-rss-feeds/rosupertop-ro.xml,OG,success,2025-12-02 11:52:05,Romania,rosupertop.ro,To Do,FALSE,,,FALSE,Newly discovered RSS feed
KilkennyNow.ie,-,N/A,-,,Ireland,kilkennynow.ie,No feed generated,FALSE,,,FALSE,
Svenska PC Gamer,https://swelbyboy.github.io/prospect-rss-feeds/svenska-pc-gamer.xml,OG,success,2025-11-29 15:29:59,Sweden,pcgamer.se,To Do,FALSE,,,FALSE,Newly discovered RSS feed
網路居家王,-,N/A,-,,Taiwan,vrhouse.com.tw,No feed generated,FALSE,,,FALSE,
Poscigi Gorzow,https://swelbyboy.github.io/prospect-rss-feeds/poscigi-gorzow.xml,OG,success,2025-11-29 15:30:09,Poland,poscigi.pl,To Do,FALSE,,,FALSE,Newly discovered RSS feed
好想去喔,-,N/A,-,,Taiwan,lookit.tw,No feed generated,FALSE,,,FALSE,
Jurnalul,https://swelbyboy.github.io/prospect-rss-feeds/jurnalul.xml,OG,success,2025-11-29 15:30:12,Romania,jurnalul.ro,To Do,FALSE,,,FALSE,Newly discovered RSS feed
SON TV,https://swelbyboy.github.io/prospect-rss-feeds/son-tv.xml,OG,success,2025-11-29 15:30:21,Turkey,son.tv,To Do,FALSE,,,FALSE,Newly discovered RSS feed
Наша газета Объявления,-,N/A,-,,Ireland,russianireland.com,No feed generated,FALSE,,,FALSE,
Gazeta Prishtina,-,N/A,-,,Serbia,gazetaprishtina.info,No feed generated,FALSE,,,FALSE,
Serendib news,https://swelbyboy.github.io/prospect-rss-feeds/serendib-news.xml,OG,success,2025-11-29 15:30:25,Australia,serendibnews.com.au,To Do,FALSE,,,FALSE,Newly discovered RSS feed
Trabzon'dur Yolumuz,-,N/A,-,,Turkey,gazeteistanbul.com,No feed generated,FALSE,,,FALSE,
The Daily Amader Kantha,https://swelbyboy.github.io/prospect-rss-feeds/the-daily-amader-kantha.xml,OG,success,2025-12-02 11:52:16,Bangladesh,amaderkantha.com,To Do,FALSE,,,FALSE,Newly discovered RSS feed
Posmetro Online,-,N/A,-,,Indonesia,posmetro.co,No feed generated,FALSE,,,FALSE,
Cotidianul Agricol,https://swelbyboy.github.io/prospect-rss-feeds/cotidianul-agricol.xml,OG,success,2025-11-29 15:30:30,Romania,cotidianulagricol.ro,To Do,FALSE,,,FALSE,Newly discovered RSS feed
Eflatun Haber,https://swelbyboy.github.io/prospect-rss-feeds/eflatun-haber.xml,RSS,success,2025-11-29 15:30:38,Turkey,eflatunhaber.com.tr,To Do,FALSE,,,FALSE,Newly discovered RSS feed
Polityczek.pl,-,N/A,-,,Poland,polityczek.pl,No feed generated,FALSE,,,FALSE,
Z NET,https://swelbyboy.github.io/prospect-rss-feeds/z-net.xml,OG,failed,2025-11-29 15:31:12,Croatia,znet.hr,To Do,FALSE,,,FALSE,Newly discovered RSS feed
UP Tak,-,N/A,-,,India,uptak.in,No feed generated,FALSE,,,FALSE,
Once Upon a Time Biblioteka,-,N/A,-,,Bulgaria,disco.bg,No feed generated,FALSE,,,FALSE,
Dubsmash  Tamil,https://swelbyboy.github.io/prospect-rss-feeds/dubsmash--tamil.xml,OG,success,2025-12-02 11:40:26,India,newstamila.com,To Do,FALSE,,,FALSE,Newly discovered RSS feed
BetMarket.gr,https://swelbyboy.github.io/prospect-rss-feeds/betmarket-gr.xml,OG,success,2025-11-29 15:31:24,Greece,betmarket.gr,To Do,FALSE,,,FALSE,Newly discovered RSS feed
SijoriKepri.Com,-,N/A,-,,Indonesia,sijorikepri.com,No feed generated,FALSE,,,FALSE,
KPEL News,https://swelbyboy.github.io/prospect-rss-feeds/kpel-news.xml,OG,success,2025-11-29 12:01:05,United States,kpel965.com,To Do,FALSE,,,FALSE,Newly discovered RSS feed
Alex News,-,N/A,-,,South Africa,alexnews.co.za,No feed generated,FALSE,,,FALSE,
NDC mediagroep,-,N/A,-,,Netherlands,ndcmediagroep.nl,No feed generated,FALSE,,,FALSE,
Κωνσταντίνα Παπαδοπούλου,https://swelbyboy.github.io/prospect-rss-feeds/κωνσταντίνα-παπαδοπούλου.xml,OG,success,2025-12-02 11:40:34,Greece,1069.gr,To Do,FALSE,,,FALSE,Newly discovered RSS feed
Demokraatti.fi,https://swelbyboy.github.io/prospect-rss-feeds/demokraatti-fi.xml,OG,success,2025-11-29 15:31:36,Finland,demokraatti.fi,To Do,FALSE,,,FALSE,Newly discovered RSS feed
The TOC,https://swelbyboy.github.io/prospect-rss-feeds/the-toc.xml,OG,failed,2025-11-29 15:31:38,Greece,thetoc.gr,To Do,FALSE,,,FALSE,Newly discovered RSS feed
Jepi zë,-,N/A,-,,Serbia,jepize.com,No feed generated,FALSE,,,FALSE,
SkyGOAL.gr,-,N/A,-,,Greece,skygoal.gr,No feed generated,FALSE,,,FALSE,
Nepalese Voice,https://swelbyboy.github.io/prospect-rss-feeds/nepalese-voice.xml,OG,success,2025-11-29 15:31:40,Australia,nepalesevoice.com,To Do,FALSE,,,FALSE,Newly discovered RSS feed
Newcastle Connected News,https://swelbyboy.github.io/prospect-rss-feeds/newcastle-connected-news.xml,OG,success,2025-11-29 12:01:25,United Kingdom,neconnected.co.uk,To Do,FALSE,,,FALSE,Newly discovered RSS feed
Chillizet,-,N/A,-,,Poland,chillizet.pl,No feed generated,FALSE,,,FALSE,
Phandroid,-,N/A,-,,United States,phandroid.com,No feed generated,FALSE,,,FALSE,
Lokshahi News,https://swelbyboy.github.io/prospect-rss-feeds/lokshahi-news.xml,OG,success,2025-11-29 15:31:52,India,lokshahi.com,To Do,FALSE,,,FALSE,Newly discovered RSS feed
Dinamika Jambi,https://swelbyboy.github.io/prospect-rss-feeds/dinamika-jambi.xml,OG,success,2025-11-29 15:31:57,Indonesia,dinamikajambi.com,To Do,FALSE,,,FALSE,Newly discovered RSS feed
Wat Schagen denkt,https://swelbyboy.github.io/prospect-rss-feeds/wat-schagen-denkt.xml,OG,success,2025-11-29 15:31:59,Netherlands,noordkopcentraal.nl,To Do,FALSE,,,FALSE,Newly discovered RSS feed
Lako do posla - Državne institucije,-,N/A,-,,Serbia,lakodoposla.com,No feed generated,FALSE,,,FALSE,
ONE NEWS BD,-,N/A,-,,Bangladesh,onenewsbd.com,No feed generated,FALSE,,,FALSE,
EURACTIV.pl,-,N/A,-,,Poland,euractiv.pl,No feed generated,FALSE,,,FALSE,
Gregory D. Evans,https://swelbyboy.github.io/prospect-rss-feeds/gregory-d--evans.xml,OG,success,2025-12-02 11:40:27,United States,gregorydevans.com,To Do,FALSE,,,FALSE,Newly discovered RSS feed
Kendte.dk,-,N/A,-,,Denmark,kendte.dk,No feed generated,FALSE,,,FALSE,
Permissos Νέα,https://swelbyboy.github.io/prospect-rss-feeds/permissos-νέα.xml,OG,success,2025-11-29 15:32:12,Greece,permissos.gr,To Do,FALSE,,,FALSE,Newly discovered RSS feed
MediaNarodowe.com,https://swelbyboy.github.io/prospect-rss-feeds/medianarodowe-com.xml,OG,success,2025-12-02 11:52:07,Poland,medianarodowe.com,To Do,FALSE,,,FALSE,Newly discovered RSS feed
elperiodic.com,https://swelbyboy.github.io/prospect-rss-feeds/elperiodic-com.xml,OG,success,2025-11-29 12:01:29,United States,elperiodic.com,To Do,FALSE,,,FALSE,Newly discovered RSS feed
97.5 Y-Country,https://swelbyboy.github.io/prospect-rss-feeds/97-5-y-country.xml,OG,success,2025-11-29 12:01:38,United States,975ycountry.com,To Do,FALSE,,,FALSE,Newly discovered RSS feed
Patiala Politics,https://swelbyboy.github.io/prospect-rss-feeds/patiala-politics.xml,OG,success,2025-11-29 15:32:15,India,patialapolitics.com,To Do,FALSE,,,FALSE,Newly discovered RSS feed
97.3 The Dawg,https://swelbyboy.github.io/prospect-rss-feeds/97-3-the-dawg.xml,OG,success,2025-11-29 12:01:41,United States,973thedawg.com,To Do,FALSE,,,FALSE,Newly discovered RSS feed
ins.ba,-,N/A,-,,Bosnia and Herzegovina,ins.ba,No feed generated,FALSE,,,FALSE,
Sokolac sport - МОСИ Соколац,https://swelbyboy.github.io/prospect-rss-feeds/sokolac-sport---моси-соколац.xml,OG,success,2025-12-02 11:40:57,Bosnia and Herzegovina,opstinasokolac.net,To Do,FALSE,,,FALSE,Newly discovered RSS feed
Vlaardings Nieuws,-,N/A,-,,Netherlands,vlaardingsnieuws.nl,No feed generated,FALSE,,,FALSE,
Radio-televizija Visoko,https://swelbyboy.github.io/prospect-rss-feeds/radio-televizija-visoko.xml,OG,success,2025-11-29 15:32:31,Bosnia and Herzegovina,visoko-rtv.ba,To Do,FALSE,,,FALSE,Newly discovered RSS feed
Prospective Pixie Dust,-,N/A,-,,United States,prospectivepixiedust.com,No feed generated,FALSE,,,FALSE,
Варна е по-хубава,https://swelbyboy.github.io/prospect-rss-feeds/варна-е-по-хубава.xml,RSS,success,2025-11-29 15:32:34,Bulgaria,novinite.eu,To Do,FALSE,,,FALSE,Newly discovered RSS feed
The Highland County Press,https://swelbyboy.github.io/prospect-rss-feeds/the-highland-county-press.xml,RSS,success,2025-11-29 12:01:44,United States,highlandcountypress.com,To Do,FALSE,,,FALSE,Newly discovered RSS feed
Hindusthan Samachar,-,N/A,-,,India,hs.news,No feed generated,FALSE,,,FALSE,
TerazRaciborz.pl,-,N/A,-,,Poland,terazraciborz.pl,No feed generated,FALSE,,,FALSE,
promoklocki.pl,-,N/A,-,,Poland,promoklocki.pl,No feed generated,FALSE,,,FALSE,
Rika．栗卡食光,https://swelbyboy.github.io/prospect-rss-feeds/rika-栗卡食光.xml,OG,success,2025-11-29 15:32:39,Taiwan,rika.tw,To Do,FALSE,,,FALSE,Newly discovered RSS feed
Fresh News Greece,https://swelbyboy.github.io/prospect-rss-feeds/fresh-news-greece.xml,OG,success,2025-11-29 15:32:42,Greece,fresh-news.eu,To Do,FALSE,,,FALSE,Newly discovered RSS feed
Espejo del Poder,https://swelbyboy.github.io/prospect-rss-feeds/espejo-del-poder.xml,OG,success,2025-11-29 12:01:45,United States,espejodelpoder.com,To Do,FALSE,,,FALSE,Newly discovered RSS feed
MaxBet sport,https://swelbyboy.github.io/prospect-rss-feeds/maxbet-sport.xml,OG,success,2025-11-29 15:32:52,Serbia,maxbetsport.rs,To Do,FALSE,,,FALSE,Newly discovered RSS feed
H Δύναμη της Προσφοράς,-,N/A,-,,Greece,dinamiprosforas.gr,No feed generated,FALSE,,,FALSE,
Gurugram News Network,https://swelbyboy.github.io/prospect-rss-feeds/gurugram-news-network.xml,OG,failed,2025-11-29 15:32:53,India,gurugramnewsnetwork.com,To Do,FALSE,,,FALSE,Newly discovered RSS feed
"Star fm 93,3 Grevena TV",https://swelbyboy.github.io/prospect-rss-feeds/star-fm-93-3-grevena-tv.xml,RSS,success,2025-11-29 15:33:16,Greece,star-fm.gr,To Do,FALSE,,,FALSE,Newly discovered RSS feed
Presente Morelos,https://swelbyboy.github.io/prospect-rss-feeds/presente-morelos.xml,OG,success,2025-11-29 12:01:46,United States,presentemorelos.com,To Do,FALSE,,,FALSE,Newly discovered RSS feed
Newstv24.com,https://swelbyboy.github.io/prospect-rss-feeds/newstv24-com.xml,OG,success,2025-11-29 15:33:30,Bangladesh,newstv24.com,To Do,FALSE,,,FALSE,Newly discovered RSS feed
kriti360.gr,-,N/A,-,,Greece,eparxies.gr,No feed generated,FALSE,,,FALSE,
"Ruber.id. apa adanya, enak dibaca, mencerahkan",https://swelbyboy.github.io/prospect-rss-feeds/ruber-id--apa-adanya--enak-dibaca--mencerahkan.xml,OG,success,2025-11-29 15:33:37,Indonesia,ruber.id,To Do,FALSE,,,FALSE,Newly discovered RSS feed
National Pleasure 2011,-,N/A,-,,Norway,depression.org.nz,No feed generated,FALSE,,,FALSE,
unmute,https://swelbyboy.github.io/prospect-rss-feeds/unmute.xml,OG,success,2025-11-29 15:33:42,India,theunmute.com,To Do,FALSE,,,FALSE,Newly discovered RSS feed
Weekly Blitz,https://swelbyboy.github.io/prospect-rss-feeds/weekly-blitz.xml,OG,success,2025-11-29 15:33:43,Bangladesh,weeklyblitz.net,To Do,FALSE,,,FALSE,Newly discovered RSS feed
India CSR Network,https://swelbyboy.github.io/prospect-rss-feeds/india-csr-network.xml,OG,success,2025-11-29 15:34:01,India,indiacsr.in,To Do,FALSE,,,FALSE,Newly discovered RSS feed
Good News Today,-,N/A,-,,India,gnttv.com,No feed generated,FALSE,,,FALSE,
krsumsel.com,-,N/A,-,,Indonesia,krsumsel.com,No feed generated,FALSE,,,FALSE,
SSiTVSA,-,N/A,-,,South Africa,ssitv.africa,No feed generated,FALSE,,,FALSE,
Eidiseis247greece,https://swelbyboy.github.io/prospect-rss-feeds/eidiseis247greece.xml,OG,success,2025-11-29 15:34:07,Greece,eidiseis247.gr,To Do,FALSE,,,FALSE,Newly discovered RSS feed
Corporate Sangbad,https://swelbyboy.github.io/prospect-rss-feeds/corporate-sangbad.xml,OG,success,2025-11-29 15:34:39,Bangladesh,corporatesangbad.com,To Do,FALSE,,,FALSE,Newly discovered RSS feed
Literature,https://swelbyboy.github.io/prospect-rss-feeds/literature.xml,OG,success,2025-11-29 15:34:47,Greece,literature.gr,To Do,FALSE,,,FALSE,Newly discovered RSS feed
Radio KISS,-,N/A,-,,Finland,kiss.fi,No feed generated,FALSE,,,FALSE,
Social News XYZ,https://swelbyboy.github.io/prospect-rss-feeds/social-news-xyz.xml,OG,success,2025-11-29 12:01:49,United States,socialnews.xyz,To Do,FALSE,,,FALSE,Newly discovered RSS feed
The Cross WTSB 105.5 FM / 1090 AM Carolina's Chris,-,N/A,-,,United States,truthnetwork.com,No feed generated,FALSE,,,FALSE,
WAKG,https://swelbyboy.github.io/prospect-rss-feeds/wakg.xml,OG,success,2025-11-29 12:01:56,United States,wakg.com,To Do,FALSE,,,FALSE,Newly discovered RSS feed
Kupastuntas.co,https://swelbyboy.github.io/prospect-rss-feeds/kupastuntas-co.xml,OG,success,2025-11-29 15:34:54,Indonesia,kupastuntas.co,To Do,FALSE,,,FALSE,Newly discovered RSS feed
Ελευθερία Τζανακούλη,-,N/A,-,,Greece,pineiosnews.gr,No feed generated,FALSE,,,FALSE,
Manam Daily,-,N/A,-,,India,manamnews.com,No feed generated,FALSE,,,FALSE,
patrasTimes.gr,https://swelbyboy.github.io/prospect-rss-feeds/patrastimes-gr.xml,"OG (6), RSS (4)",success,2025-11-29 15:34:58,Greece,patrastimes.gr,To Do,FALSE,,,FALSE,Newly discovered RSS feed
LigaNews Greece,-,N/A,-,,Greece,liganews.gr,No feed generated,FALSE,,,FALSE,
SportsJOE.ie,https://swelbyboy.github.io/prospect-rss-feeds/sportsjoe-ie.xml,OG,success,2025-11-29 15:35:02,Ireland,sportsjoe.ie,To Do,FALSE,,,FALSE,Newly discovered RSS feed
Living Out Loud,-,N/A,-,,United States,lol-la.com,No feed generated,FALSE,,,FALSE,
Cofradíastv Andalucía,https://swelbyboy.github.io/prospect-rss-feeds/cofradíastv-andalucía.xml,OG,success,2025-11-29 12:02:02,United States,cofradiastv.com,To Do,FALSE,,,FALSE,Newly discovered RSS feed
Ulipur.com - উলিপুর ডট কম,-,N/A,-,,Bangladesh,ulipur.com,No feed generated,FALSE,,,FALSE,
reteteculinare.ro,https://swelbyboy.github.io/prospect-rss-feeds/reteteculinare-ro.xml,OG,success,2025-11-29 15:35:05,Romania,reteteculinare.ro,To Do,FALSE,,,FALSE,Newly discovered RSS feed
Un site de muzica,-,N/A,-,,Romania,unsitedemuzica.ro,No feed generated,FALSE,,,FALSE,
Tribun-Maluku.com,https://swelbyboy.github.io/prospect-rss-feeds/tribun-maluku-com.xml,OG,success,2025-11-29 15:35:12,Indonesia,tribun-maluku.com,To Do,FALSE,,,FALSE,Newly discovered RSS feed
CQN: Celtic Quick News,https://swelbyboy.github.io/prospect-rss-feeds/cqn--celtic-quick-news.xml,OG,success,2025-11-29 12:02:04,United Kingdom,celticquicknews.co.uk,To Do,FALSE,,,FALSE,Newly discovered RSS feed
Abadikini.com,https://swelbyboy.github.io/prospect-rss-feeds/abadikini-com.xml,"OG (7), RSS (3)",success,2025-11-29 15:35:45,Indonesia,abadikini.com,To Do,FALSE,,,FALSE,Newly discovered RSS feed
The News,-,N/A,-,,Hungary,thenews.hu,No feed generated,FALSE,,,FALSE,
Oguz Sahan,https://swelbyboy.github.io/prospect-rss-feeds/oguz-sahan.xml,OG,success,2025-11-29 15:35:54,Turkey,oguzsahan.com,To Do,FALSE,,,FALSE,Newly discovered RSS feed
ΓΥΝΑΙΚΑ,-,N/A,-,,Greece,igynaika.gr,No feed generated,FALSE,,,FALSE,
Bontang Post,https://swelbyboy.github.io/prospect-rss-feeds/bontang-post.xml,OG,success,2025-11-29 15:36:07,Indonesia,bontangpost.id,To Do,FALSE,,,FALSE,Newly discovered RSS feed
OSM TV,https://swelbyboy.github.io/prospect-rss-feeds/osm-tv.xml,OG,success,2025-11-29 15:36:16,Bosnia and Herzegovina,is-radio.com,To Do,FALSE,,,FALSE,Newly discovered RSS feed
Haberdar Gazetesi,https://swelbyboy.github.io/prospect-rss-feeds/haberdar-gazetesi.xml,OG,success,2025-11-29 15:36:20,Turkey,haberdar.com.tr,To Do,FALSE,,,FALSE,Newly discovered RSS feed
Kurier Lubelski,https://swelbyboy.github.io/prospect-rss-feeds/kurier-lubelski.xml,RSS,success,2025-11-29 15:36:21,Poland,kurierlubelski.pl,To Do,FALSE,,,FALSE,Newly discovered RSS feed
Info Birač,https://swelbyboy.github.io/prospect-rss-feeds/info-birač.xml,OG,success,2025-11-29 15:36:23,Bosnia and Herzegovina,infobirac.net,To Do,FALSE,,,FALSE,Newly discovered RSS feed
Medjugorje-News Kraljica Mira,https://swelbyboy.github.io/prospect-rss-feeds/medjugorje-news-kraljica-mira.xml,OG,success,2025-11-29 15:36:30,Bosnia and Herzegovina,medjugorje-news.com,To Do,FALSE,,,FALSE,Newly discovered RSS feed
Party-Sound.pl,-,N/A,-,,Poland,party-sound.pl,No feed generated,FALSE,,,FALSE,
otodriver.com,https://swelbyboy.github.io/prospect-rss-feeds/otodriver-com.xml,OG,success,2025-11-29 15:36:50,Indonesia,otodriver.com,To Do,FALSE,,,FALSE,Newly discovered RSS feed
Prameya,https://swelbyboy.github.io/prospect-rss-feeds/prameya.xml,OG,success,2025-11-29 15:37:16,India,prameya.com,To Do,FALSE,,,FALSE,Newly discovered RSS feed
Pierianews.gr,https://swelbyboy.github.io/prospect-rss-feeds/pierianews-gr.xml,OG,success,2025-11-29 15:37:18,Greece,pierianews.gr,To Do,FALSE,,,FALSE,Newly discovered RSS feed
Bombo Radyo Philippines,https://swelbyboy.github.io/prospect-rss-feeds/bombo-radyo-philippines.xml,OG,success,2025-11-29 15:37:22,Philippines,bomboradyo.com,To Do,FALSE,,,FALSE,Newly discovered RSS feed
Az-jenata,-,N/A,-,,Bulgaria,az-jenata.bg,No feed generated,FALSE,,,FALSE,
FCUpdate,https://swelbyboy.github.io/prospect-rss-feeds/fcupdate.xml,OG,success,2025-11-29 15:37:26,Netherlands,fcupdate.nl,To Do,FALSE,,,FALSE,Newly discovered RSS feed
Naijalog,https://swelbyboy.github.io/prospect-rss-feeds/naijalog.xml,OG,success,2025-11-29 15:37:27,Nigeria,naijalog.com,To Do,FALSE,,,FALSE,Newly discovered RSS feed
Sabah News Islamabad,https://swelbyboy.github.io/prospect-rss-feeds/sabah-news-islamabad.xml,"OG (9), RSS (1)",success,2025-11-29 15:37:55,Pakistan,sabahnews.net,To Do,FALSE,,,FALSE,Newly discovered RSS feed
Webster Parish Journal,https://swelbyboy.github.io/prospect-rss-feeds/webster-parish-journal.xml,OG,success,2025-11-29 12:02:12,United States,websterparishjournal.com,To Do,FALSE,,,FALSE,Newly discovered RSS feed
Sammy Williams Center,-,N/A,-,,United States,blueridgenow.com,No feed generated,FALSE,,,FALSE,
The Punjab Wire,https://swelbyboy.github.io/prospect-rss-feeds/the-punjab-wire.xml,OG,success,2025-11-29 12:02:13,United States,thepunjabwire.com,To Do,FALSE,,,FALSE,Newly discovered RSS feed
Πατρις Καθημερινη Πρωινη Εφημεριδα,-,N/A,-,,Greece,patris.gr,No feed generated,FALSE,,,FALSE,
KVRR,https://swelbyboy.github.io/prospect-rss-feeds/kvrr.xml,OG,success,2025-11-29 12:02:13,United States,kvrr.com,To Do,FALSE,,,FALSE,Newly discovered RSS feed
Daily Jang,-,N/A,-,,Pakistan,jang.com.pk,No feed generated,FALSE,,,FALSE,
BusinessDay,-,N/A,-,,Nigeria,businessdayonline.com,No feed generated,FALSE,,,FALSE,
The Daily Khulnanchal- দৈনিক খুলনাঞ্চল,https://swelbyboy.github.io/prospect-rss-feeds/the-daily-khulnanchal--দ-ন-ক-খ-লন-ঞ-চল.xml,RSS,success,2025-11-29 12:02:24,United States,khulnanchal.com,To Do,FALSE,,,FALSE,Newly discovered RSS feed
Called To Freedom Fellowship,-,N/A,-,,United States,daily-jeff.com,No feed generated,FALSE,,,FALSE,
SKG Sports,-,N/A,-,,Greece,skgsports.gr,No feed generated,FALSE,,,FALSE,
The Daily Manobkantha,-,N/A,-,,Bangladesh,manobkantha.com,No feed generated,FALSE,,,FALSE,
dailysportsbd.com,-,N/A,-,,Bangladesh,dailysportsbd.com,No feed generated,FALSE,,,FALSE,
The Post,-,N/A,-,,Hungary,thepost.hu,No feed generated,FALSE,,,FALSE,
WBBJ 7 Eyewitness News,https://swelbyboy.github.io/prospect-rss-feeds/wbbj-7-eyewitness-news.xml,OG,success,2025-11-29 12:02:25,United States,wbbjtv.com,To Do,FALSE,,,FALSE,Newly discovered RSS feed
Matteo Mongelli,https://swelbyboy.github.io/prospect-rss-feeds/matteo-mongelli.xml,OG,success,2025-11-29 12:02:27,United States,tuttoatalanta.com,To Do,FALSE,,,FALSE,Newly discovered RSS feed
Attractions Near Me,https://swelbyboy.github.io/prospect-rss-feeds/attractions-near-me.xml,OG,success,2025-11-29 12:02:39,United Kingdom,attractionsnearme.co.uk,To Do,FALSE,,,FALSE,Newly discovered RSS feed
Hashtag U,https://swelbyboy.github.io/prospect-rss-feeds/hashtag-u.xml,OG,success,2025-11-29 15:38:04,India,hashtagu.in,To Do,FALSE,,,FALSE,Newly discovered RSS feed
Jambi Seru,https://swelbyboy.github.io/prospect-rss-feeds/jambi-seru.xml,OG,success,2025-11-29 15:38:11,Indonesia,jambiseru.com,To Do,FALSE,,,FALSE,Newly discovered RSS feed
Raj Express,-,N/A,-,,India,rajexpress.co,No feed generated,FALSE,,,FALSE,
cambio,https://swelbyboy.github.io/prospect-rss-feeds/cambio.xml,OG,success,2025-11-29 12:02:48,United States,cambio.com,To Do,FALSE,,,FALSE,Newly discovered RSS feed
Μολών Λαβέ,https://swelbyboy.github.io/prospect-rss-feeds/μολών-λαβέ.xml,OG,success,2025-11-29 15:38:13,Greece,molwnlave.net,To Do,FALSE,,,FALSE,Newly discovered RSS feed
Black Crow Media,https://swelbyboy.github.io/prospect-rss-feeds/black-crow-media.xml,OG,success,2025-11-29 12:02:51,United States,valdostatoday.com,To Do,FALSE,,,FALSE,Newly discovered RSS feed
GPFans,-,N/A,-,,United States,gpfans.com,No feed generated,FALSE,,,FALSE,
Alokito News 24,-,N/A,-,,Bangladesh,alokitonews24.com,No feed generated,FALSE,,,FALSE,
Aller Media AB,https://swelbyboy.github.io/prospect-rss-feeds/aller-media-ab.xml,RSS,success,2025-11-29 15:38:18,Sweden,aller.se,To Do,FALSE,,,FALSE,Newly discovered RSS feed
Πέρα από τα όρια,https://swelbyboy.github.io/prospect-rss-feeds/πέρα-από-τα-όρια.xml,OG,success,2025-11-29 15:38:30,Greece,super-fm.gr,To Do,FALSE,,,FALSE,Newly discovered RSS feed
The Record-Online,-,N/A,-,,United States,therecord-online.com,No feed generated,FALSE,,,FALSE,
Fightful,https://swelbyboy.github.io/prospect-rss-feeds/fightful.xml,OG,success,2025-11-29 12:02:52,United States,fightful.com,To Do,FALSE,,,FALSE,Newly discovered RSS feed
Vipnews,https://swelbyboy.github.io/prospect-rss-feeds/vipnews.xml,OG,success,2025-11-29 15:38:34,Greece,vipnews.gr,To Do,FALSE,,,FALSE,Newly discovered RSS feed
Dalfsennet Nieuws,https://swelbyboy.github.io/prospect-rss-feeds/dalfsennet-nieuws.xml,OG,success,2025-11-29 15:38:36,Netherlands,dalfsennet.nl,To Do,FALSE,,,FALSE,Newly discovered RSS feed
Super League,-,N/A,-,,Greece,filathlos.gr,No feed generated,FALSE,,,FALSE,
GirlStyle Singapore,-,N/A,-,,Singapore,girlstyle.com,No feed generated,FALSE,,,FALSE,
Tialoto,-,N/A,-,,Bulgaria,tialoto.bg,No feed generated,FALSE,,,FALSE,
Brown Brothers,https://swelbyboy.github.io/prospect-rss-feeds/brown-brothers.xml,OG,success,2025-11-29 15:38:37,Singapore,brownbrothers.io,To Do,FALSE,,,FALSE,Newly discovered RSS feed
MIKRILIGA,https://swelbyboy.github.io/prospect-rss-feeds/mikriliga.xml,OG,success,2025-11-29 15:38:40,Greece,mikriliga.com,To Do,FALSE,,,FALSE,Newly discovered RSS feed
Nawaiwaqt,-,N/A,-,,Pakistan,nawaiwaqt.com.pk,No feed generated,FALSE,,,FALSE,
《哈佛商業評論》全球繁體中文版,-,N/A,-,,Taiwan,hbrtaiwan.com,No feed generated,FALSE,,,FALSE,
MileikaNea.gr,https://swelbyboy.github.io/prospect-rss-feeds/mileikanea-gr.xml,OG,success,2025-11-29 15:38:53,Greece,mileikanea.gr,To Do,FALSE,,,FALSE,Newly discovered RSS feed
myGlogow,-,N/A,-,,Poland,myglogow.pl,No feed generated,FALSE,,,FALSE,
Meemetoranje,https://swelbyboy.github.io/prospect-rss-feeds/meemetoranje.xml,OG,success,2025-11-29 15:38:58,Netherlands,meemetoranje.nl,To Do,FALSE,,,FALSE,Newly discovered RSS feed
Το Αεροδρόμιο,https://swelbyboy.github.io/prospect-rss-feeds/το-αεροδρόμιο.xml,"OG (9), RSS (1)",success,2025-11-29 15:40:13,Greece,toaerodromio.gr,To Do,FALSE,,,FALSE,Newly discovered RSS feed
East Coast Online,-,N/A,-,,India,eastcoastdaily.com,No feed generated,FALSE,,,FALSE,
Codigo Esports,-,N/A,-,,United States,codigoesports.com,No feed generated,FALSE,,,FALSE,
The Herald News,-,N/A,-,,United States,heraldnews.com,No feed generated,FALSE,,,FALSE,
Bystra Grażyna,https://swelbyboy.github.io/prospect-rss-feeds/bystra-grażyna.xml,OG,success,2025-11-29 15:40:22,Poland,przy-garach.pl,To Do,FALSE,,,FALSE,Newly discovered RSS feed
Profile News,-,N/A,-,,United States,profilenews.com,No feed generated,FALSE,,,FALSE,
Hachette Filipacchi Medias,-,N/A,-,,United States,elle.com.tw,No feed generated,FALSE,,,FALSE,
RNZ,-,N/A,-,,New Zealand,rnz.co.nz,No feed generated,FALSE,,,FALSE,
Híradó,-,N/A,-,,Hungary,hirado.hu,No feed generated,FALSE,,,FALSE,
AkhisarHaber.net,https://swelbyboy.github.io/prospect-rss-feeds/akhisarhaber-net.xml,OG,success,2025-11-29 15:40:26,Turkey,akhisarhaber.net,To Do,FALSE,,,FALSE,Newly discovered RSS feed
Anfieldwatch,https://swelbyboy.github.io/prospect-rss-feeds/anfieldwatch.xml,OG,success,2025-11-29 15:40:47,Netherlands,anfieldwatch.co.uk,To Do,FALSE,,,FALSE,Newly discovered RSS feed
Investor,-,N/A,-,,Bulgaria,investor.bg,No feed generated,FALSE,,,FALSE,
SurmaNews24.net,https://swelbyboy.github.io/prospect-rss-feeds/surmanews24-net.xml,OG,success,2025-11-29 15:40:49,Bangladesh,surmanews24.net,To Do,FALSE,,,FALSE,Newly discovered RSS feed
Explore Your Town Inc,https://swelbyboy.github.io/prospect-rss-feeds/explore-your-town-inc.xml,OG,success,2025-11-29 12:02:53,United States,explorevenango.com,To Do,FALSE,,,FALSE,Newly discovered RSS feed
MMA.pl,https://swelbyboy.github.io/prospect-rss-feeds/mma-pl.xml,OG,success,2025-11-29 15:40:51,Poland,mma.pl,To Do,FALSE,,,FALSE,Newly discovered RSS feed
महाराष्ट्रनामा,https://swelbyboy.github.io/prospect-rss-feeds/मह-र-ष-ट-रन-म.xml,OG,success,2025-11-29 15:41:05,India,maharashtranama.com,To Do,FALSE,,,FALSE,Newly discovered RSS feed
Gol,-,N/A,-,,Bulgaria,gol.bg,No feed generated,FALSE,,,FALSE,
Massa News,https://swelbyboy.github.io/prospect-rss-feeds/massa-news.xml,OG,success,2025-11-29 12:02:59,United States,massanews.com,To Do,FALSE,,,FALSE,Newly discovered RSS feed
D Magazine,https://swelbyboy.github.io/prospect-rss-feeds/d-magazine.xml,OG,success,2025-12-02 11:52:02,United States,dmagazine.com,To Do,TRUE,,,FALSE,Has existing newsletter - not searched for RSS yet
Product Hunt,https://swelbyboy.github.io/prospect-rss-feeds/product-hunt.xml,OG,success,2025-12-02 11:52:03,United States,producthunt.com,To Do,TRUE,,,FALSE,Has existing newsletter - not searched for RSS yet
Manteca Bulletin,https://swelbyboy.github.io/prospect-rss-feeds/manteca-bulletin.xml,OG,success,2025-12-02 11:52:15,United States,mantecabulletin.com,To Do,TRUE,,,FALSE,Has existing newsletter - not searched for RSS yet
ATL Lantbrukets Affärstidning,https://swelbyboy.github.io/prospect-rss-feeds/atl-lantbrukets-affärstidning.xml,OG,success,2025-12-02 11:52:12,Sweden,atl.nu,To Do,TRUE,,,FALSE,Has existing newsletter - not searched for RSS yet
Qué Pasa Media,https://swelbyboy.github.io/prospect-rss-feeds/qué-pasa-media.xml,OG,success,2025-12-02 11:52:14,United States,quepasamedia.com,To Do,TRUE,,,FALSE,Has existing newsletter - not searched for RSS yet
Mail & Guardian [SA],https://swelbyboy.github.io/prospect-rss-feeds/mail---guardian--sa.xml,OG,success,2025-12-02 11:52:09,South Africa,mg.co.za,To Do,TRUE,,,FALSE,Has existing newsletter - not searched for RSS yet
Island Echo Ltd,-,N/A,-,,United Kingdom,islandecho.co.uk,No feed generated,TRUE,,,FALSE,RSS discovery attempted - no feed found
MiNDFOOD,-,N/A,-,,Australia,mindfood.com,No feed generated,TRUE,,,FALSE,RSS discovery attempted - no feed found
Vezess,https://swelbyboy.github.io/prospect-rss-feeds/vezess.xml,OG,success,2025-12-02 11:52:08,Hungary,vezess.hu,To Do,TRUE,,,FALSE,Has existing newsletter - not searched for RSS yet
The Denizen,https://swelbyboy.github.io/prospect-rss-feeds/the-denizen.xml,OG,success,2025-12-02 11:52:10,New Zealand,thedenizen.co.nz,To Do,TRUE,,,FALSE,Has existing newsletter - not searched for RSS yet
Laha Magazine,-,N/A,-,,United Arab Emirates,lahamag.com,No feed generated,TRUE,,,FALSE,RSS discovery attempted - no feed found
Huffington Post (US),-,N/A,-,,United States,huffpost.com,No feed generated,TRUE,,,FALSE,RSS discovery attempted - no feed found
Stereogum,https://swelbyboy.github.io/prospect-rss-feeds/stereogum.xml,OG,success,2025-12-02 11:52:09,United States,stereogum.com,To Do,TRUE,,,FALSE,Has existing newsletter - not searched for RSS yet
Avisen.dk,-,N/A,-,,Denmark,avisen.dk,No feed generated,TRUE,,,FALSE,RSS discovery attempted - no feed found
Imperial Valley Press,-,N/A,-,,United States,ivpressonline.com,No feed generated,TRUE,,,FALSE,RSS discovery attempted - no feed found
House & Garden,https://swelbyboy.github.io/prospect-rss-feeds/house---garden.xml,OG,success,2025-12-02 11:52:08,United Kingdom,houseandgarden.co.uk,To Do,TRUE,,,FALSE,Has existing newsletter - not searched for RSS yet
Newbury News and Media,-,N/A,-,,United Kingdom,newburytoday.co.uk,No feed generated,TRUE,,,FALSE,RSS discovery attempted - no feed found
Histmag.org,https://swelbyboy.github.io/prospect-rss-feeds/histmag-org.xml,OG,success,2025-12-02 11:52:12,Poland,histmag.org,To Do,TRUE,,,FALSE,Has existing newsletter - not searched for RSS yet
Eleftheros Typos,https://swelbyboy.github.io/prospect-rss-feeds/eleftheros-typos.xml,OG,success,2025-12-02 11:52:10,Greece,eleftherostypos.gr,To Do,TRUE,,,FALSE,Has existing newsletter - not searched for RSS yet
Happy Mag,https://swelbyboy.github.io/prospect-rss-feeds/happy-mag.xml,OG,success,2025-12-02 11:52:10,Australia,happymag.tv,To Do,TRUE,,,FALSE,Has existing newsletter - not searched for RSS yet
Collective Hub,https://swelbyboy.github.io/prospect-rss-feeds/collective-hub.xml,OG,success,2025-12-02 11:40:36,Australia,collectivehub.com,To Do,TRUE,,,FALSE,Has existing newsletter - not searched for RSS yet
Brooklyn Institute for Social Research,https://swelbyboy.github.io/prospect-rss-feeds/brooklyn-institute-for-social-research.xml,OG,success,2025-12-02 11:52:14,United States,thebrooklyninstitute.com,To Do,TRUE,,,FALSE,Has existing newsletter - not searched for RSS yet
5 Towns Jewish Times,https://swelbyboy.github.io/prospect-rss-feeds/5-towns-jewish-times.xml,OG,success,2025-12-02 11:40:31,United States,5tjt.com,To Do,TRUE,,,FALSE,Has existing newsletter - not searched for RSS yet
Sweetcrude Reports,https://swelbyboy.github.io/prospect-rss-feeds/sweetcrude-reports.xml,OG,success,2025-12-02 11:52:17,Nigeria,sweetcrudereports.com,To Do,TRUE,,,FALSE,Has existing newsletter - not searched for RSS yet
Search Magazine,-,N/A,-,,Sweden,searchmagazine.se,No feed generated,TRUE,,,FALSE,RSS discovery attempted - no feed found
Dagen,-,N/A,-,,Norway,dagen.no,No feed generated,TRUE,,,FALSE,RSS discovery attempted - no feed found
Urban List,https://swelbyboy.github.io/prospect-rss-feeds/urban-list.xml,OG,success,2025-12-02 11:52:15,Australia,theurbanlist.com,To Do,TRUE,,,FALSE,Has existing newsletter - not searched for RSS yet
Inside Higher Ed,https://swelbyboy.github.io/prospect-rss-feeds/inside-higher-ed.xml,OG,success,2025-12-02 11:52:13,United States,insidehighered.com,To Do,TRUE,,,FALSE,Has existing newsletter - not searched for RSS yet
Farrelly Atkinson Limited,https://swelbyboy.github.io/prospect-rss-feeds/farrelly-atkinson-limited.xml,OG,success,2025-12-02 11:52:15,United Kingdom,road.cc,To Do,TRUE,,,FALSE,Has existing newsletter - not searched for RSS yet
ForbesLife Romania,https://swelbyboy.github.io/prospect-rss-feeds/forbeslife-romania.xml,OG,success,2025-12-02 11:52:18,Romania,forbes.ro,To Do,TRUE,,,FALSE,Has existing newsletter - not searched for RSS yet
Krytyka Polityczna,https://swelbyboy.github.io/prospect-rss-feeds/krytyka-polityczna.xml,OG,success,2025-12-02 11:52:16,Poland,krytykapolityczna.pl,To Do,TRUE,,,FALSE,Has existing newsletter - not searched for RSS yet
OnSports,-,N/A,-,,Greece,onsports.gr,No feed generated,TRUE,,,FALSE,RSS discovery attempted - no feed found
NaturalPath,https://swelbyboy.github.io/prospect-rss-feeds/naturalpath.xml,OG,success,2025-12-02 11:52:17,United States,thenatpath.com,To Do,TRUE,,,FALSE,Has existing newsletter - not searched for RSS yet
Lapin Kansa,-,N/A,-,,Finland,lapinkansa.fi,No feed generated,TRUE,,,FALSE,RSS discovery attempted - no feed found
Global Citizen Impact,https://swelbyboy.github.io/prospect-rss-feeds/global-citizen-impact.xml,OG,success,2025-12-02 11:52:27,United States,globalcitizen.org,To Do,TRUE,,,FALSE,Has existing newsletter - not searched for RSS yet
Chicks On The Right,https://swelbyboy.github.io/prospect-rss-feeds/chicks-on-the-right.xml,OG,success,2025-12-02 11:52:23,United States,chicksonright.com,To Do,TRUE,,,FALSE,Has existing newsletter - not searched for RSS yet
Bangor Daily News,https://swelbyboy.github.io/prospect-rss-feeds/bangor-daily-news.xml,OG,success,2025-12-02 11:52:18,United States,bangordailynews.com,To Do,TRUE,,,FALSE,Has existing newsletter - not searched for RSS yet
SunStar Publishing,https://swelbyboy.github.io/prospect-rss-feeds/sunstar-publishing.xml,OG,success,2025-12-02 11:52:17,Philippines,sunstar.com.ph,To Do,TRUE,,,FALSE,Has existing newsletter - not searched for RSS yet
Altinget,https://swelbyboy.github.io/prospect-rss-feeds/altinget.xml,OG,success,2025-12-02 11:52:23,Denmark,altinget.dk,To Do,TRUE,,,FALSE,Has existing newsletter - not searched for RSS yet
Nigeria Technology Guide,https://swelbyboy.github.io/prospect-rss-feeds/nigeria-technology-guide.xml,OG,success,2025-12-02 11:52:20,Nigeria,naijatechguide.com,To Do,TRUE,,,FALSE,Has existing newsletter - not searched for RSS yet
Healing Tomato,https://swelbyboy.github.io/prospect-rss-feeds/healing-tomato.xml,OG,success,2025-12-02 11:40:32,United States,healingtomato.com,To Do,TRUE,,,FALSE,Has existing newsletter - not searched for RSS yet
Internews Kosova,https://swelbyboy.github.io/prospect-rss-feeds/internews-kosova.xml,OG,success,2025-12-02 11:52:25,Serbia,internewskosova.org,To Do,TRUE,,,FALSE,Has existing newsletter - not searched for RSS yet
One Country Media,-,N/A,-,,United States,onecountry.com,No feed generated,TRUE,,,FALSE,RSS discovery attempted - no feed found
SpoilerTV,https://swelbyboy.github.io/prospect-rss-feeds/spoilertv.xml,OG,success,2025-12-02 11:52:23,United Kingdom,spoilertv.com,To Do,TRUE,,,FALSE,Has existing newsletter - not searched for RSS yet
Biz News,https://swelbyboy.github.io/prospect-rss-feeds/biz-news.xml,OG,success,2025-12-02 11:52:19,South Africa,biznews.com,To Do,TRUE,,,FALSE,Has existing newsletter - not searched for RSS yet
Nigerian Bulletin,-,N/A,-,,Nigeria,nigerianbulletin.com,No feed generated,TRUE,,,FALSE,RSS discovery attempted - no feed found
Unwire.hk,https://swelbyboy.github.io/prospect-rss-feeds/unwire-hk.xml,OG,success,2025-12-02 11:52:19,Hong Kong,unwire.hk,To Do,TRUE,,,FALSE,Has existing newsletter - not searched for RSS yet
The Commercial Dispatch,https://swelbyboy.github.io/prospect-rss-feeds/the-commercial-dispatch.xml,OG,success,2025-12-02 11:52:24,United States,cdispatch.com,To Do,TRUE,,,FALSE,Has existing newsletter - not searched for RSS yet
Japanese Station,https://swelbyboy.github.io/prospect-rss-feeds/japanese-station.xml,OG,success,2025-12-02 11:52:21,Indonesia,japanesestation.com,To Do,TRUE,,,FALSE,Has existing newsletter - not searched for RSS yet
NESN,https://swelbyboy.github.io/prospect-rss-feeds/nesn.xml,OG,success,2025-12-02 11:52:21,United States,nesn.com,To Do,TRUE,,,FALSE,Has existing newsletter - not searched for RSS yet
The Daily Signal / The Heritage Foundation (Heritage.org),https://swelbyboy.github.io/prospect-rss-feeds/the-daily-signal---the-heritage-foundation--heritage-org.xml,OG,success,2025-12-02 11:52:21,United States,dailysignal.com,To Do,TRUE,,,FALSE,Has existing newsletter - not searched for RSS yet
BroadwayWorld,https://swelbyboy.github.io/prospect-rss-feeds/broadwayworld.xml,OG,success,2025-12-02 11:52:23,United States,broadwayworld.com,To Do,TRUE,,,FALSE,Has existing newsletter - not searched for RSS yet
Animation Magazine,-,N/A,-,,United States,animationmagazine.net,No feed generated,TRUE,,,FALSE,RSS discovery attempted - no feed found
Thoroughbred Daily News,https://swelbyboy.github.io/prospect-rss-feeds/thoroughbred-daily-news.xml,OG,success,2025-12-02 11:52:23,United States,thoroughbreddailynews.com,To Do,TRUE,,,FALSE,Has existing newsletter - not searched for RSS yet
Attractions Magazine,https://swelbyboy.github.io/prospect-rss-feeds/attractions-magazine.xml,OG,success,2025-12-02 11:52:25,United States,attractionsmagazine.com,To Do,TRUE,,,FALSE,Has existing newsletter - not searched for RSS yet
Dagbladet Information,https://swelbyboy.github.io/prospect-rss-feeds/dagbladet-information.xml,OG,success,2025-12-02 11:52:26,Denmark,information.dk,To Do,TRUE,,,FALSE,Has existing newsletter - not searched for RSS yet
China Daily Hong Kong,-,N/A,-,,Hong Kong,chinadailyasia.com,No feed generated,TRUE,,,FALSE,RSS discovery attempted - no feed found
Gossip-Tv,-,N/A,-,,Greece,gossip-tv.gr,No feed generated,TRUE,,,FALSE,RSS discovery attempted - no feed found
Herning Folkeblad,-,N/A,-,,Denmark,herningfolkeblad.dk,No feed generated,TRUE,,,FALSE,RSS discovery attempted - no feed found
The Minnesota Star Tribune,https://swelbyboy.github.io/prospect-rss-feeds/the-minnesota-star-tribune.xml,OG,success,2025-12-02 11:52:24,United States,startribune.com,To Do,TRUE,,,FALSE,Has existing newsletter - not searched for RSS yet
HLTV.org,-,N/A,-,,Denmark,hltv.org,No feed generated,TRUE,,,FALSE,RSS discovery attempted - no feed found
Women's Web,-,N/A,-,,India,womensweb.in,No feed generated,TRUE,,,FALSE,RSS discovery attempted - no feed found
Londonist Ltd,https://swelbyboy.github.io/prospect-rss-feeds/londonist-ltd.xml,OG,success,2025-12-02 11:52:25,United Kingdom,londonist.com,To Do,TRUE,,,FALSE,Has existing newsletter - not searched for RSS yet
Primer Media,https://swelbyboy.github.io/prospect-rss-feeds/primer-media.xml,OG,success,2025-12-02 11:52:26,Philippines,primer.com.ph,To Do,TRUE,,,FALSE,Has existing newsletter - not searched for RSS yet
صحيفة الاتحاد,https://swelbyboy.github.io/prospect-rss-feeds/صحيفة-الاتحاد.xml,OG,success,2025-12-02 11:52:36,United Arab Emirates,alittihad.ae,To Do,TRUE,,,FALSE,Has existing newsletter - not searched for RSS yet
Sojourners,https://swelbyboy.github.io/prospect-rss-feeds/sojourners.xml,OG,success,2025-12-02 11:52:27,United States,sojo.net,To Do,TRUE,,,FALSE,Has existing newsletter - not searched for RSS yet
Bklyner,https://swelbyboy.github.io/prospect-rss-feeds/bklyner.xml,OG,success,2025-12-02 11:52:25,United States,bklyner.com,To Do,TRUE,,,FALSE,Has existing newsletter - not searched for RSS yet
Newsbomb,https://swelbyboy.github.io/prospect-rss-feeds/newsbomb.xml,OG,success,2025-12-02 11:52:31,Greece,newsbomb.gr,To Do,TRUE,,,FALSE,Has existing newsletter - not searched for RSS yet
Marquard Media Polska,https://swelbyboy.github.io/prospect-rss-feeds/marquard-media-polska.xml,OG,success,2025-12-02 11:52:27,Poland,kozaczek.pl,To Do,TRUE,,,FALSE,Has existing newsletter - not searched for RSS yet
Highland News & Media Ltd,-,N/A,-,,United Kingdom,hnmedia.co.uk,No feed generated,TRUE,,,FALSE,RSS discovery attempted - no feed found
Daily Tribune,-,N/A,-,,Philippines,tribune.net.ph,No feed generated,TRUE,,,FALSE,RSS discovery attempted - no feed found
Diario Las Americas,-,N/A,-,,United States,diariolasamericas.com,No feed generated,TRUE,,,FALSE,RSS discovery attempted - no feed found
Affärsvärlden,https://swelbyboy.github.io/prospect-rss-feeds/affärsvärlden.xml,OG,success,2025-12-02 11:52:32,Sweden,affarsvarlden.se,To Do,TRUE,,,FALSE,Has existing newsletter - not searched for RSS yet
Digital Trends Media Group,-,N/A,-,,United States,dtmg.co,No feed generated,TRUE,,,FALSE,RSS discovery attempted - no feed found
HTV,-,N/A,-,,Pakistan,htv.com.pk,No feed generated,TRUE,,,FALSE,RSS discovery attempted - no feed found
Banker Труд Trud,https://swelbyboy.github.io/prospect-rss-feeds/banker-труд-trud.xml,OG,success,2025-12-02 11:40:33,Bulgaria,banker.bg,To Do,TRUE,,,FALSE,Has existing newsletter - not searched for RSS yet
Oil and Gas People,-,N/A,-,,United Kingdom,oilandgaspeople.com,No feed generated,TRUE,,,FALSE,RSS discovery attempted - no feed found
Skive Folkeblad,-,N/A,-,,Denmark,skivefolkeblad.dk,No feed generated,TRUE,,,FALSE,RSS discovery attempted - no feed found
Santa Maria Times,https://swelbyboy.github.io/prospect-rss-feeds/santa-maria-times.xml,OG,success,2025-12-02 11:40:32,United States,santamariatimes.com,To Do,TRUE,,,FALSE,Has existing newsletter - not searched for RSS yet
Tatler,https://swelbyboy.github.io/prospect-rss-feeds/tatler.xml,OG,success,2025-12-02 11:52:27,United Kingdom,tatler.com,To Do,TRUE,,,FALSE,Has existing newsletter - not searched for RSS yet
Reason Magazine,https://swelbyboy.github.io/prospect-rss-feeds/reason-magazine.xml,OG,success,2025-12-02 11:52:27,United States,reason.com,To Do,TRUE,,,FALSE,Has existing newsletter - not searched for RSS yet
Yes! Magazine,-,N/A,-,,United States,yesmagazine.org,No feed generated,TRUE,,,FALSE,RSS discovery attempted - no feed found
One Green Planet,https://swelbyboy.github.io/prospect-rss-feeds/one-green-planet.xml,OG,success,2025-12-02 11:52:30,United States,onegreenplanet.org,To Do,TRUE,,,FALSE,Has existing newsletter - not searched for RSS yet
BlackDoctor,https://swelbyboy.github.io/prospect-rss-feeds/blackdoctor.xml,OG,success,2025-12-02 11:52:28,United States,blackdoctor.org,To Do,TRUE,,,FALSE,Has existing newsletter - not searched for RSS yet
Search Engine Journal,https://swelbyboy.github.io/prospect-rss-feeds/search-engine-journal.xml,OG,success,2025-12-02 11:52:28,United States,searchenginejournal.com,To Do,TRUE,,,FALSE,Has existing newsletter - not searched for RSS yet
Inverness Courier,-,N/A,-,,United Kingdom,inverness-courier.co.uk,No feed generated,TRUE,,,FALSE,RSS discovery attempted - no feed found
Newser,https://swelbyboy.github.io/prospect-rss-feeds/newser.xml,OG,success,2025-12-02 11:52:29,United States,newser.com,To Do,TRUE,,,FALSE,Has existing newsletter - not searched for RSS yet
YourTango,https://swelbyboy.github.io/prospect-rss-feeds/yourtango.xml,OG,success,2025-12-02 11:52:28,United States,yourtango.com,To Do,TRUE,,,FALSE,Has existing newsletter - not searched for RSS yet
Vogue HK,-,N/A,-,,Hong Kong,voguehk.com,No feed generated,TRUE,,,FALSE,RSS discovery attempted - no feed found
Brides Magazine,https://swelbyboy.github.io/prospect-rss-feeds/brides-magazine.xml,OG,success,2025-12-02 11:52:30,United Kingdom,bridesmagazine.co.uk,To Do,TRUE,,,FALSE,Has existing newsletter - not searched for RSS yet
Metromode.se,https://swelbyboy.github.io/prospect-rss-feeds/metromode-se.xml,OG,success,2025-12-02 11:52:30,Sweden,metromode.se,To Do,TRUE,,,FALSE,Has existing newsletter - not searched for RSS yet
Nintendo Life,https://swelbyboy.github.io/prospect-rss-feeds/nintendo-life.xml,OG,success,2025-12-02 11:52:30,United Kingdom,nintendolife.com,To Do,TRUE,,,FALSE,Has existing newsletter - not searched for RSS yet
Inman News,-,N/A,-,,United States,inman.com,No feed generated,TRUE,,,FALSE,RSS discovery attempted - no feed found
OnMed,-,N/A,-,,Greece,onmed.gr,No feed generated,TRUE,,,FALSE,RSS discovery attempted - no feed found
Kim Komando,https://swelbyboy.github.io/prospect-rss-feeds/kim-komando.xml,OG,success,2025-12-02 11:52:32,United States,komando.com,To Do,TRUE,,,FALSE,Has existing newsletter - not searched for RSS yet
COWGIRL Magazine,https://swelbyboy.github.io/prospect-rss-feeds/cowgirl-magazine.xml,OG,success,2025-12-02 11:40:35,United States,cowgirlmagazine.com,To Do,TRUE,,,FALSE,Has existing newsletter - not searched for RSS yet
Compleat Golfer,https://swelbyboy.github.io/prospect-rss-feeds/compleat-golfer.xml,OG,success,2025-12-02 11:52:39,South Africa,compleatgolfer.com,To Do,TRUE,,,FALSE,Has existing newsletter - not searched for RSS yet
Pet Rescue Report,https://swelbyboy.github.io/prospect-rss-feeds/pet-rescue-report.xml,OG,success,2025-12-02 11:40:35,United States,petrescuereport.com,To Do,TRUE,,,FALSE,Has existing newsletter - not searched for RSS yet
Gulf News,https://swelbyboy.github.io/prospect-rss-feeds/gulf-news.xml,OG,success,2025-12-02 11:52:31,United Arab Emirates,gulfnews.com,To Do,TRUE,,,FALSE,Has existing newsletter - not searched for RSS yet
Concrete Playground,-,N/A,-,,Australia,concreteplayground.com,No feed generated,TRUE,,,FALSE,RSS discovery attempted - no feed found
Lakers Nation,https://swelbyboy.github.io/prospect-rss-feeds/lakers-nation.xml,OG,success,2025-12-02 11:52:32,United States,lakersnation.com,To Do,TRUE,,,FALSE,Has existing newsletter - not searched for RSS yet
Klix,https://swelbyboy.github.io/prospect-rss-feeds/klix.xml,OG,success,2025-12-02 11:52:34,Bosnia and Herzegovina,klix.ba,To Do,TRUE,,,FALSE,Has existing newsletter - not searched for RSS yet
Newcastle Live,https://swelbyboy.github.io/prospect-rss-feeds/newcastle-live.xml,OG,success,2025-12-02 11:52:50,Australia,newcastlelive.com.au,To Do,TRUE,,,FALSE,Has existing newsletter - not searched for RSS yet
Weert de Gekste,https://swelbyboy.github.io/prospect-rss-feeds/weert-de-gekste.xml,OG,success,2025-12-02 11:52:32,Netherlands,weertdegekste.nl,To Do,TRUE,,,FALSE,Has existing newsletter - not searched for RSS yet
Gazeta Olsztyńska,-,N/A,-,,Poland,gazetaolsztynska.pl,No feed generated,TRUE,,,FALSE,RSS discovery attempted - no feed found
Suara Merdeka Group,-,N/A,-,,Indonesia,suaramerdeka.com,No feed generated,TRUE,,,FALSE,RSS discovery attempted - no feed found
Lajmi,https://swelbyboy.github.io/prospect-rss-feeds/lajmi.xml,OG,success,2025-12-02 11:52:34,Serbia,lajmi.net,To Do,TRUE,,,FALSE,Has existing newsletter - not searched for RSS yet
Milli Gazete,https://swelbyboy.github.io/prospect-rss-feeds/milli-gazete.xml,OG,success,2025-12-02 11:52:35,Turkey,milligazete.com.tr,To Do,TRUE,,,FALSE,Has existing newsletter - not searched for RSS yet
LeftLion Ltd,-,N/A,-,,United Kingdom,leftlion.co.uk,No feed generated,TRUE,,,FALSE,RSS discovery attempted - no feed found
Belfast Media Group Limited,https://swelbyboy.github.io/prospect-rss-feeds/belfast-media-group-limited.xml,OG,success,2025-12-02 11:40:51,United Kingdom,belfastmediagroup.com,To Do,TRUE,,,FALSE,Has existing newsletter - not searched for RSS yet
RDC,-,N/A,-,,Poland,rdc.pl,No feed generated,TRUE,,,FALSE,RSS discovery attempted - no feed found
The Gazette | Cedar Rapids,-,N/A,-,,United States,thegazette.com,No feed generated,TRUE,,,FALSE,RSS discovery attempted - no feed found
WPROST,https://swelbyboy.github.io/prospect-rss-feeds/wprost.xml,OG,success,2025-12-02 11:52:36,Poland,wprost.pl,To Do,TRUE,,,FALSE,Has existing newsletter - not searched for RSS yet
JoeMyGod,https://swelbyboy.github.io/prospect-rss-feeds/joemygod.xml,OG,success,2025-12-02 11:52:37,United States,joemygod.com,To Do,TRUE,,,FALSE,Has existing newsletter - not searched for RSS yet
Hong Kong Free Press,https://swelbyboy.github.io/prospect-rss-feeds/hong-kong-free-press.xml,OG,success,2025-12-02 11:52:34,Hong Kong,hongkongfp.com,To Do,TRUE,,,FALSE,Has existing newsletter - not searched for RSS yet
Deccan Herald,https://swelbyboy.github.io/prospect-rss-feeds/deccan-herald.xml,OG,success,2025-12-02 11:52:35,India,deccanherald.com,To Do,TRUE,,,FALSE,Has existing newsletter - not searched for RSS yet
Connect Gujarat,https://swelbyboy.github.io/prospect-rss-feeds/connect-gujarat.xml,OG,success,2025-12-02 11:52:35,India,connectgujarat.com,To Do,TRUE,,,FALSE,Has existing newsletter - not searched for RSS yet
Rising Kashmir,-,N/A,-,,India,risingkashmir.com,No feed generated,TRUE,,,FALSE,RSS discovery attempted - no feed found
Best Ads on TV,https://swelbyboy.github.io/prospect-rss-feeds/best-ads-on-tv.xml,OG,success,2025-12-02 11:52:39,United States,bestadsontv.com,To Do,TRUE,,,FALSE,Has existing newsletter - not searched for RSS yet
Spider's Web,https://swelbyboy.github.io/prospect-rss-feeds/spider-s-web.xml,OG,success,2025-12-02 11:52:37,Poland,spidersweb.pl,To Do,TRUE,,,FALSE,Has existing newsletter - not searched for RSS yet
Literary Hub,https://swelbyboy.github.io/prospect-rss-feeds/literary-hub.xml,OG,success,2025-12-02 11:52:52,United States,lithub.com,To Do,TRUE,,,FALSE,Has existing newsletter - not searched for RSS yet
Mothersblog,-,N/A,-,,Greece,mothersblog.gr,No feed generated,TRUE,,,FALSE,RSS discovery attempted - no feed found
Stay at Home Mum,https://swelbyboy.github.io/prospect-rss-feeds/stay-at-home-mum.xml,OG,success,2025-12-02 11:52:47,Australia,stayathomemum.com.au,To Do,TRUE,,,FALSE,Has existing newsletter - not searched for RSS yet
Chorus FM,https://swelbyboy.github.io/prospect-rss-feeds/chorus-fm.xml,OG,success,2025-12-02 11:52:38,United States,chorus.fm,To Do,TRUE,,,FALSE,Has existing newsletter - not searched for RSS yet
The Minds Journal,https://swelbyboy.github.io/prospect-rss-feeds/the-minds-journal.xml,OG,success,2025-12-02 11:52:37,India,themindsjournal.com,To Do,TRUE,,,FALSE,Has existing newsletter - not searched for RSS yet
Alaturka Online,https://swelbyboy.github.io/prospect-rss-feeds/alaturka-online.xml,OG,success,2025-12-02 11:52:44,United States,alaturkaonline.com,To Do,TRUE,,,FALSE,Has existing newsletter - not searched for RSS yet
Grown and Flown,https://swelbyboy.github.io/prospect-rss-feeds/grown-and-flown.xml,OG,success,2025-12-02 11:52:39,United States,grownandflown.com,To Do,TRUE,,,FALSE,Has existing newsletter - not searched for RSS yet
Undertheradar.co.nz,https://swelbyboy.github.io/prospect-rss-feeds/undertheradar-co-nz.xml,OG,success,2025-12-02 11:52:51,New Zealand,undertheradar.co.nz,To Do,TRUE,,,FALSE,Has existing newsletter - not searched for RSS yet
Biscotto,https://swelbyboy.github.io/prospect-rss-feeds/biscotto.xml,OG,success,2025-12-02 11:52:48,Greece,biscotto.gr,To Do,TRUE,,,FALSE,Has existing newsletter - not searched for RSS yet
cheddar news,https://swelbyboy.github.io/prospect-rss-feeds/cheddar-news.xml,OG,success,2025-12-02 11:52:41,United States,cheddar.com,To Do,TRUE,,,FALSE,Has existing newsletter - not searched for RSS yet
Washington Times,-,N/A,-,,United States,washingtontimes.com,No feed generated,TRUE,,,FALSE,RSS discovery attempted - no feed found
Catholic Herald Limited,-,N/A,-,,United Kingdom,catholicherald.co.uk,No feed generated,TRUE,,,FALSE,RSS discovery attempted - no feed found
Kidsstoppress (KSP),-,N/A,-,,India,kidsstoppress.com,No feed generated,TRUE,,,FALSE,RSS discovery attempted - no feed found
Enikos.gr,https://swelbyboy.github.io/prospect-rss-feeds/enikos-gr.xml,OG,success,2025-12-02 11:52:44,Greece,enikos.gr,To Do,TRUE,,,FALSE,Has existing newsletter - not searched for RSS yet
Marine Insight,https://swelbyboy.github.io/prospect-rss-feeds/marine-insight.xml,OG,success,2025-12-02 11:40:36,India,marineinsight.com,To Do,TRUE,,,FALSE,Has existing newsletter - not searched for RSS yet
Russian Athens,-,N/A,-,,Greece,rua.gr,No feed generated,TRUE,,,FALSE,RSS discovery attempted - no feed found
Karryon,https://swelbyboy.github.io/prospect-rss-feeds/karryon.xml,OG,success,2025-12-02 11:52:40,Australia,karryon.com.au,To Do,TRUE,,,FALSE,Has existing newsletter - not searched for RSS yet
FASHION.HR,https://swelbyboy.github.io/prospect-rss-feeds/fashion-hr.xml,OG,success,2025-12-02 11:40:37,Croatia,fashion.hr,To Do,TRUE,,,FALSE,Has existing newsletter - not searched for RSS yet
The Logical Indian,https://swelbyboy.github.io/prospect-rss-feeds/the-logical-indian.xml,OG,success,2025-12-02 11:52:45,India,thelogicalindian.com,To Do,TRUE,,,FALSE,Has existing newsletter - not searched for RSS yet
Fashion Post,https://swelbyboy.github.io/prospect-rss-feeds/fashion-post.xml,OG,success,2025-12-02 11:52:45,Poland,fashionpost.pl,To Do,TRUE,,,FALSE,Has existing newsletter - not searched for RSS yet
GospodarkaMorska.pl,https://swelbyboy.github.io/prospect-rss-feeds/gospodarkamorska-pl.xml,OG,success,2025-12-02 11:52:51,Poland,gospodarkamorska.pl,To Do,TRUE,,,FALSE,Has existing newsletter - not searched for RSS yet
forskning.no,-,N/A,-,,Norway,forskning.no,No feed generated,TRUE,,,FALSE,RSS discovery attempted - no feed found
The Wilson Times,https://swelbyboy.github.io/prospect-rss-feeds/the-wilson-times.xml,OG,success,2025-12-02 11:52:48,United States,wilsontimes.com,To Do,TRUE,,,FALSE,Has existing newsletter - not searched for RSS yet
PhoneWorld,https://swelbyboy.github.io/prospect-rss-feeds/phoneworld.xml,OG,success,2025-12-02 11:40:37,Pakistan,phoneworld.com.pk,To Do,TRUE,,,FALSE,Has existing newsletter - not searched for RSS yet
BirGün,-,N/A,-,,Turkey,birgun.net,No feed generated,TRUE,,,FALSE,RSS discovery attempted - no feed found
Polityka,https://swelbyboy.github.io/prospect-rss-feeds/polityka.xml,OG,success,2025-12-02 11:40:45,Poland,polityka.pl,To Do,TRUE,,,FALSE,Has existing newsletter - not searched for RSS yet
Salon Media Group,https://swelbyboy.github.io/prospect-rss-feeds/salon-media-group.xml,OG,success,2025-12-02 11:52:46,United States,salon.com,To Do,TRUE,,,FALSE,Has existing newsletter - not searched for RSS yet
TouringCarTimes,https://swelbyboy.github.io/prospect-rss-feeds/touringcartimes.xml,OG,success,2025-12-02 11:53:02,Sweden,touringcartimes.com,To Do,TRUE,,,FALSE,Has existing newsletter - not searched for RSS yet
Theaterkrant,https://swelbyboy.github.io/prospect-rss-feeds/theaterkrant.xml,OG,success,2025-12-02 11:40:37,Netherlands,theaterkrant.nl,To Do,TRUE,,,FALSE,Has existing newsletter - not searched for RSS yet
Vogue UK,https://swelbyboy.github.io/prospect-rss-feeds/vogue-uk.xml,OG,success,2025-12-02 11:52:49,United Kingdom,vogue.co.uk,To Do,TRUE,,,FALSE,Has existing newsletter - not searched for RSS yet
Rynek Kolejowy,https://swelbyboy.github.io/prospect-rss-feeds/rynek-kolejowy.xml,OG,success,2025-12-02 11:52:51,Poland,rynek-kolejowy.pl,To Do,TRUE,,,FALSE,Has existing newsletter - not searched for RSS yet
The New Daily,-,N/A,-,,Australia,thenewdaily.com.au,No feed generated,TRUE,,,FALSE,RSS discovery attempted - no feed found
Artsy,-,N/A,-,,United States,artsy.net,No feed generated,TRUE,,,FALSE,RSS discovery attempted - no feed found
GQ UK,https://swelbyboy.github.io/prospect-rss-feeds/gq-uk.xml,OG,success,2025-12-02 11:52:52,United Kingdom,gq-magazine.co.uk,To Do,TRUE,,,FALSE,Has existing newsletter - not searched for RSS yet
Hip2Save,https://swelbyboy.github.io/prospect-rss-feeds/hip2save.xml,OG,success,2025-12-02 11:52:55,United States,hip2save.com,To Do,TRUE,,,FALSE,Has existing newsletter - not searched for RSS yet
9to5 Mac,https://swelbyboy.github.io/prospect-rss-feeds/9to5-mac.xml,OG,success,2025-12-02 11:52:48,United States,9to5mac.com,To Do,TRUE,,,FALSE,Has existing newsletter - not searched for RSS yet
Starts at 60,https://swelbyboy.github.io/prospect-rss-feeds/starts-at-60.xml,OG,success,2025-12-02 11:52:56,Australia,startsat60.com,To Do,TRUE,,,FALSE,Has existing newsletter - not searched for RSS yet
信報財經新聞,-,N/A,-,,Hong Kong,hkej.com,No feed generated,TRUE,,,FALSE,RSS discovery attempted - no feed found
HowStuffWorks,https://swelbyboy.github.io/prospect-rss-feeds/howstuffworks.xml,OG,success,2025-12-02 11:52:53,United States,howstuffworks.com,To Do,TRUE,,,FALSE,Has existing newsletter - not searched for RSS yet
HuffPost News US (Verizon Media),-,N/A,-,,United States,huffingtonpost.com,No feed generated,TRUE,,,FALSE,RSS discovery attempted - no feed found
Gość Niedzielny,https://swelbyboy.github.io/prospect-rss-feeds/gość-niedzielny.xml,OG,success,2025-12-02 11:52:58,Poland,gosc.pl,To Do,TRUE,,,FALSE,Has existing newsletter - not searched for RSS yet
Global Voices,https://swelbyboy.github.io/prospect-rss-feeds/global-voices.xml,OG,success,2025-12-02 11:52:53,Netherlands,globalvoices.org,To Do,TRUE,,,FALSE,Has existing newsletter - not searched for RSS yet
Znak.com.pl,-,N/A,-,,Poland,znak.com.pl,No feed generated,TRUE,,,FALSE,RSS discovery attempted - no feed found
Native News Online,-,N/A,-,,United States,nativenewsonline.net,No feed generated,TRUE,,,FALSE,RSS discovery attempted - no feed found
IOL,https://swelbyboy.github.io/prospect-rss-feeds/iol.xml,OG,success,2025-12-02 11:52:52,South Africa,iol.co.za,To Do,TRUE,,,FALSE,Has existing newsletter - not searched for RSS yet
Business Insider Nederland,https://swelbyboy.github.io/prospect-rss-feeds/business-insider-nederland.xml,OG,success,2025-12-02 11:52:51,Netherlands,businessinsider.nl,To Do,TRUE,,,FALSE,Has existing newsletter - not searched for RSS yet
The Sun Chronicle,-,N/A,-,,United States,thesunchronicle.com,No feed generated,TRUE,,,FALSE,RSS discovery attempted - no feed found
The Press Project,https://swelbyboy.github.io/prospect-rss-feeds/the-press-project.xml,OG,success,2025-12-02 11:52:53,Greece,thepressproject.gr,To Do,TRUE,,,FALSE,Has existing newsletter - not searched for RSS yet
Economic and Political Weekly,https://swelbyboy.github.io/prospect-rss-feeds/economic-and-political-weekly.xml,OG,success,2025-12-02 11:53:00,India,epw.in,To Do,TRUE,,,FALSE,Has existing newsletter - not searched for RSS yet
wicklownews.net,https://swelbyboy.github.io/prospect-rss-feeds/wicklownews-net.xml,OG,success,2025-12-02 11:53:01,United Kingdom,wicklownews.net,To Do,TRUE,,,FALSE,Has existing newsletter - not searched for RSS yet
Go Fug Yourself,https://swelbyboy.github.io/prospect-rss-feeds/go-fug-yourself.xml,OG,success,2025-12-02 11:52:54,United States,gofugyourself.com,To Do,TRUE,,,FALSE,Has existing newsletter - not searched for RSS yet
Novasports.gr,https://swelbyboy.github.io/prospect-rss-feeds/novasports-gr.xml,OG,success,2025-12-02 11:52:58,Greece,novasports.gr,To Do,TRUE,,,FALSE,Has existing newsletter - not searched for RSS yet
TheVegLife.com,https://swelbyboy.github.io/prospect-rss-feeds/theveglife-com.xml,OG,success,2025-12-02 11:52:54,United States,theveglife.com,To Do,TRUE,,,FALSE,Has existing newsletter - not searched for RSS yet
Travel Weekly,-,OG,success,2025-12-21 22:13:07,United Kingdom,travelweekly.co.uk,To Do,TRUE,,,FALSE,RSS discovery attempted - no feed found
Las Vegas Sun,-,N/A,-,,United States,lasvegassun.com,No feed generated,TRUE,,,FALSE,RSS discovery attempted - no feed found
Black Girl Nerds,https://swelbyboy.github.io/prospect-rss-feeds/black-girl-nerds.xml,OG,success,2025-12-02 11:52:57,United States,blackgirlnerds.com,To Do,TRUE,,,FALSE,Has existing newsletter - not searched for RSS yet
FITNESS (OOB),-,N/A,-,,United States,fitnessmagazine.com,No feed generated,TRUE,,,FALSE,RSS discovery attempted - no feed found
Nedeljnik,https://swelbyboy.github.io/prospect-rss-feeds/nedeljnik.xml,OG,success,2025-12-02 11:52:56,Serbia,nedeljnik.rs,To Do,TRUE,,,FALSE,Has existing newsletter - not searched for RSS yet
Consequence,https://swelbyboy.github.io/prospect-rss-feeds/consequence.xml,OG,success,2025-12-02 11:52:55,United States,consequenceofsound.net,To Do,TRUE,,,FALSE,Has existing newsletter - not searched for RSS yet
Tubefilter,https://swelbyboy.github.io/prospect-rss-feeds/tubefilter.xml,OG,success,2025-12-02 11:52:56,United States,tubefilter.com,To Do,TRUE,,,FALSE,Has existing newsletter - not searched for RSS yet
Azinlikca,https://swelbyboy.github.io/prospect-rss-feeds/azinlikca.xml,OG,success,2025-12-02 11:53:05,Greece,azinlikca.net,To Do,TRUE,,,FALSE,Has existing newsletter - not searched for RSS yet
Poradnik Przedsiębiorcy,-,N/A,-,,Poland,poradnikprzedsiebiorcy.pl,No feed generated,TRUE,,,FALSE,RSS discovery attempted - no feed found
Innebandymagazinet,https://swelbyboy.github.io/prospect-rss-feeds/innebandymagazinet.xml,OG,success,2025-12-02 11:52:58,Sweden,innebandymagazinet.se,To Do,TRUE,,,FALSE,Has existing newsletter - not searched for RSS yet
artnet,-,N/A,-,,United States,artnet.com,No feed generated,TRUE,,,FALSE,RSS discovery attempted - no feed found
Korn Ferry,-,N/A,-,,United States,kornferry.com,No feed generated,TRUE,,,FALSE,RSS discovery attempted - no feed found
Wonkette,https://swelbyboy.github.io/prospect-rss-feeds/wonkette.xml,OG,success,2025-12-02 11:52:57,United States,wonkette.com,To Do,TRUE,,,FALSE,Has existing newsletter - not searched for RSS yet
Bigumigu,https://swelbyboy.github.io/prospect-rss-feeds/bigumigu.xml,OG,success,2025-12-02 11:53:08,Turkey,bigumigu.com,To Do,TRUE,,,FALSE,Has existing newsletter - not searched for RSS yet
La Voce di New York,https://swelbyboy.github.io/prospect-rss-feeds/la-voce-di-new-york.xml,OG,success,2025-12-02 11:52:57,United States,lavocedinewyork.com,To Do,TRUE,,,FALSE,Has existing newsletter - not searched for RSS yet
Radio Kraków,https://swelbyboy.github.io/prospect-rss-feeds/radio-kraków.xml,OG,success,2025-12-02 11:53:04,Poland,radiokrakow.pl,To Do,TRUE,,,FALSE,Has existing newsletter - not searched for RSS yet
Quirky Momma,https://swelbyboy.github.io/prospect-rss-feeds/quirky-momma.xml,OG,success,2025-12-02 11:52:58,United States,kidsactivitiesblog.com,To Do,TRUE,,,FALSE,Has existing newsletter - not searched for RSS yet
Animation World Network,-,N/A,-,,United States,awn.com,No feed generated,TRUE,,,FALSE,RSS discovery attempted - no feed found
Peace Love and Low Carb,https://swelbyboy.github.io/prospect-rss-feeds/peace-love-and-low-carb.xml,OG,success,2025-12-02 11:53:09,United States,peaceloveandlowcarb.com,To Do,TRUE,,,FALSE,Has existing newsletter - not searched for RSS yet
The Dhaka Times,https://swelbyboy.github.io/prospect-rss-feeds/the-dhaka-times.xml,OG,success,2025-12-02 11:53:14,Bangladesh,thedhakatimes.com,To Do,TRUE,,,FALSE,Has existing newsletter - not searched for RSS yet
Cosmopolitan Australia,-,N/A,-,,Australia,cosmopolitan.com.au,No feed generated,TRUE,,,FALSE,RSS discovery attempted - no feed found
The Daily Star,https://swelbyboy.github.io/prospect-rss-feeds/the-daily-star.xml,OG,success,2025-12-02 11:53:12,Bangladesh,thedailystar.net,To Do,TRUE,,,FALSE,Has existing newsletter - not searched for RSS yet
Bikerumor,https://swelbyboy.github.io/prospect-rss-feeds/bikerumor.xml,OG,success,2025-12-02 11:53:00,United States,bikerumor.com,To Do,TRUE,,,FALSE,Has existing newsletter - not searched for RSS yet
Michigan Public,-,N/A,-,,United States,michiganradio.org,No feed generated,TRUE,,,FALSE,RSS discovery attempted - no feed found
Enallaktikos,https://swelbyboy.github.io/prospect-rss-feeds/enallaktikos.xml,OG,success,2025-12-02 11:40:55,Greece,enallaktikos.gr,To Do,TRUE,,,FALSE,Has existing newsletter - not searched for RSS yet
Maritime Reporter & Engineering News,https://swelbyboy.github.io/prospect-rss-feeds/maritime-reporter---engineering-news.xml,OG,success,2025-12-02 11:53:01,United States,marinelink.com,To Do,TRUE,,,FALSE,Has existing newsletter - not searched for RSS yet
Bella Naija,https://swelbyboy.github.io/prospect-rss-feeds/bella-naija.xml,OG,success,2025-12-02 11:53:03,Nigeria,bellanaija.com,To Do,TRUE,,,FALSE,Has existing newsletter - not searched for RSS yet
Delicious Obsessions,https://swelbyboy.github.io/prospect-rss-feeds/delicious-obsessions.xml,OG,success,2025-12-02 11:53:02,United States,deliciousobsessions.com,To Do,TRUE,,,FALSE,Has existing newsletter - not searched for RSS yet
The Western Journal,https://swelbyboy.github.io/prospect-rss-feeds/the-western-journal.xml,OG,success,2025-12-02 11:53:02,United States,westernjournal.com,To Do,TRUE,,,FALSE,Has existing newsletter - not searched for RSS yet
Portland Mercury,https://swelbyboy.github.io/prospect-rss-feeds/portland-mercury.xml,OG,success,2025-12-02 11:53:05,United States,portlandmercury.com,To Do,TRUE,,,FALSE,Has existing newsletter - not searched for RSS yet
faithit,https://swelbyboy.github.io/prospect-rss-feeds/faithit.xml,OG,success,2025-12-02 11:53:04,United States,faithit.com,To Do,TRUE,,,FALSE,Has existing newsletter - not searched for RSS yet
Tygodnik Siedlecki,-,N/A,-,,Poland,tygodniksiedlecki.com,No feed generated,TRUE,,,FALSE,RSS discovery attempted - no feed found
Moola Saving Mom,https://swelbyboy.github.io/prospect-rss-feeds/moola-saving-mom.xml,OG,success,2025-12-02 11:53:03,United States,moolasavingmom.com,To Do,TRUE,,,FALSE,Has existing newsletter - not searched for RSS yet
HousingWire,https://swelbyboy.github.io/prospect-rss-feeds/housingwire.xml,OG,success,2025-12-02 11:53:04,United States,housingwire.com,To Do,TRUE,,,FALSE,Has existing newsletter - not searched for RSS yet
The Filipino Times,https://swelbyboy.github.io/prospect-rss-feeds/the-filipino-times.xml,OG,success,2025-12-02 11:53:06,United Arab Emirates,filipinotimes.net,To Do,TRUE,,,FALSE,Has existing newsletter - not searched for RSS yet
allkpop,-,N/A,-,,United States,allkpop.com,No feed generated,TRUE,,,FALSE,RSS discovery attempted - no feed found
theBERRY,https://swelbyboy.github.io/prospect-rss-feeds/theberry.xml,OG,success,2025-12-02 11:53:06,United States,theberry.com,To Do,TRUE,,,FALSE,Has existing newsletter - not searched for RSS yet
Deeper Shades,-,N/A,-,,United States,deepershades.net,No feed generated,TRUE,,,FALSE,RSS discovery attempted - no feed found
Tennishead,https://tennishead.net/feed/,Discovered-pattern,failed,2025-12-21 22:13:00,United Kingdom,tennishead.net,To Do,TRUE,,,FALSE,Has existing newsletter - not searched for RSS yet
Mercola,-,N/A,-,,United States,mercola.com,No feed generated,TRUE,,,FALSE,RSS discovery attempted - no feed found
Tiny Mix Tapes,-,N/A,-,,United States,tinymixtapes.com,No feed generated,TRUE,,,FALSE,RSS discovery attempted - no feed found
The Krazy Coupon Lady,https://swelbyboy.github.io/prospect-rss-feeds/the-krazy-coupon-lady.xml,OG,success,2025-12-02 11:53:09,United States,thekrazycouponlady.com,To Do,TRUE,,,FALSE,Has existing newsletter - not searched for RSS yet
Videomaker,https://swelbyboy.github.io/prospect-rss-feeds/videomaker.xml,OG,success,2025-12-02 11:53:06,United States,videomaker.com,To Do,TRUE,,,FALSE,Has existing newsletter - not searched for RSS yet
Hyperallergic,https://swelbyboy.github.io/prospect-rss-feeds/hyperallergic.xml,OG,success,2025-12-02 11:53:05,United States,hyperallergic.com,To Do,TRUE,,,FALSE,Has existing newsletter - not searched for RSS yet
Southern Savers,https://swelbyboy.github.io/prospect-rss-feeds/southern-savers.xml,OG,success,2025-12-02 11:53:06,United States,southernsavers.com,To Do,TRUE,,,FALSE,Has existing newsletter - not searched for RSS yet
Her View From Home,https://swelbyboy.github.io/prospect-rss-feeds/her-view-from-home.xml,OG,success,2025-12-02 11:53:19,United States,herviewfromhome.com,To Do,TRUE,,,FALSE,Has existing newsletter - not searched for RSS yet
HUNT4FREEBIES,https://swelbyboy.github.io/prospect-rss-feeds/hunt4freebies.xml,OG,success,2025-12-02 11:53:07,United States,hunt4freebies.com,To Do,TRUE,,,FALSE,Has existing newsletter - not searched for RSS yet
A Slob Comes Clean,https://swelbyboy.github.io/prospect-rss-feeds/a-slob-comes-clean.xml,OG,success,2025-12-02 11:53:10,United States,aslobcomesclean.com,To Do,TRUE,,,FALSE,Has existing newsletter - not searched for RSS yet
The Christian Post,https://swelbyboy.github.io/prospect-rss-feeds/the-christian-post.xml,OG,success,2025-12-02 11:53:08,United States,christianpost.com,To Do,TRUE,,,FALSE,Has existing newsletter - not searched for RSS yet
GeekDad,https://swelbyboy.github.io/prospect-rss-feeds/geekdad.xml,OG,success,2025-12-02 11:53:22,United States,geekdad.com,To Do,TRUE,,,FALSE,Has existing newsletter - not searched for RSS yet
GeekTyrant,https://swelbyboy.github.io/prospect-rss-feeds/geektyrant.xml,OG,success,2025-12-02 11:53:08,United States,geektyrant.com,To Do,TRUE,,,FALSE,Has existing newsletter - not searched for RSS yet
Nation Media,-,N/A,-,,United States,eventingnation.com,No feed generated,TRUE,,,FALSE,RSS discovery attempted - no feed found
Information Nigeria,-,N/A,-,,Nigeria,informationng.com,No feed generated,TRUE,,,FALSE,RSS discovery attempted - no feed found
Nyugat.hu,https://swelbyboy.github.io/prospect-rss-feeds/nyugat-hu.xml,OG,success,2025-12-02 11:53:11,Hungary,nyugat.hu,To Do,TRUE,,,FALSE,Has existing newsletter - not searched for RSS yet
Unofficial Networks,https://swelbyboy.github.io/prospect-rss-feeds/unofficial-networks.xml,OG,success,2025-12-02 11:53:09,United States,unofficialnetworks.com,To Do,TRUE,,,FALSE,Has existing newsletter - not searched for RSS yet
The Inertia,https://swelbyboy.github.io/prospect-rss-feeds/the-inertia.xml,OG,success,2025-12-02 11:53:10,United States,theinertia.com,To Do,TRUE,,,FALSE,Has existing newsletter - not searched for RSS yet
Words of Wisdom,https://swelbyboy.github.io/prospect-rss-feeds/words-of-wisdom.xml,OG,success,2025-12-02 11:53:13,United States,daveswordsofwisdom.com,To Do,TRUE,,,FALSE,Has existing newsletter - not searched for RSS yet
Dalal Street Investment Journal - DSIJ,https://swelbyboy.github.io/prospect-rss-feeds/dalal-street-investment-journal---dsij.xml,OG,success,2025-12-02 11:53:23,India,dsij.in,To Do,TRUE,,,FALSE,Has existing newsletter - not searched for RSS yet
Ύπαιθρος Χώρα,https://swelbyboy.github.io/prospect-rss-feeds/ύπαιθρος-χώρα.xml,OG,success,2025-12-02 11:53:14,Greece,ypaithros.gr,To Do,TRUE,,,FALSE,Has existing newsletter - not searched for RSS yet
Greekmusictothemax,https://swelbyboy.github.io/prospect-rss-feeds/greekmusictothemax.xml,OG,success,2025-12-02 11:40:53,Greece,greekmusictothemax.gr,To Do,TRUE,,,FALSE,Has existing newsletter - not searched for RSS yet
Deal Mama,https://swelbyboy.github.io/prospect-rss-feeds/deal-mama.xml,OG,success,2025-12-02 11:53:10,United States,dealmama.com,To Do,TRUE,,,FALSE,Has existing newsletter - not searched for RSS yet
Warfare History Network,https://swelbyboy.github.io/prospect-rss-feeds/warfare-history-network.xml,OG,success,2025-12-02 11:53:12,United States,warfarehistorynetwork.com,To Do,TRUE,,,FALSE,Has existing newsletter - not searched for RSS yet
Bring a Trailer,https://swelbyboy.github.io/prospect-rss-feeds/bring-a-trailer.xml,OG,success,2025-12-02 11:53:11,United States,bringatrailer.com,To Do,TRUE,,,FALSE,Newly discovered RSS feed
Renopedia,https://swelbyboy.github.io/prospect-rss-feeds/renopedia.xml,OG,success,2025-12-02 11:53:17,Singapore,renopedia.sg,To Do,TRUE,,,FALSE,Has existing newsletter - not searched for RSS yet
BoardingArea,https://swelbyboy.github.io/prospect-rss-feeds/boardingarea.xml,OG,success,2025-12-02 11:53:14,United States,boardingarea.com,To Do,TRUE,,,FALSE,Has existing newsletter - not searched for RSS yet
Active NorCal,https://swelbyboy.github.io/prospect-rss-feeds/active-norcal.xml,OG,success,2025-12-02 11:53:13,United States,activenorcal.com,To Do,TRUE,,,FALSE,Has existing newsletter - not searched for RSS yet
It's Free at Last,https://swelbyboy.github.io/prospect-rss-feeds/it-s-free-at-last.xml,OG,success,2025-12-02 11:53:13,United States,itsfreeatlast.com,To Do,TRUE,,,FALSE,Has existing newsletter - not searched for RSS yet
The Manc,https://swelbyboy.github.io/prospect-rss-feeds/the-manc.xml,OG,success,2025-12-02 11:53:15,United Kingdom,themanc.com,To Do,TRUE,,,FALSE,Has existing newsletter - not searched for RSS yet
Solve Horseback Riding Fears by Jane Savoie,-,N/A,-,,United States,janesavoie.com,No feed generated,TRUE,,,FALSE,RSS discovery attempted - no feed found
Opportunity Desk,-,N/A,-,,Nigeria,opportunitydesk.org,No feed generated,TRUE,,,FALSE,RSS discovery attempted - no feed found
No Treble,https://swelbyboy.github.io/prospect-rss-feeds/no-treble.xml,OG,success,2025-12-02 11:53:17,United States,notreble.com,To Do,TRUE,,,FALSE,Has existing newsletter - not searched for RSS yet
Erciş Haber,https://swelbyboy.github.io/prospect-rss-feeds/erciş-haber.xml,OG,success,2025-12-02 11:53:20,Turkey,haberercis.com.tr,To Do,TRUE,,,FALSE,Has existing newsletter - not searched for RSS yet
American Greatness,https://swelbyboy.github.io/prospect-rss-feeds/american-greatness.xml,OG,success,2025-12-02 11:53:15,United States,amgreatness.com,To Do,TRUE,,,FALSE,Has existing newsletter - not searched for RSS yet
Big Cabal Media [Zikoko + TechCabal],https://swelbyboy.github.io/prospect-rss-feeds/big-cabal-media--zikoko---techcabal.xml,OG,success,2025-12-02 11:53:17,Nigeria,zikoko.com,To Do,TRUE,,,FALSE,Has existing newsletter - not searched for RSS yet
Wedding Digest Naija,https://swelbyboy.github.io/prospect-rss-feeds/wedding-digest-naija.xml,OG,success,2025-12-02 11:53:17,Nigeria,weddingdigestnaija.com,To Do,TRUE,,,FALSE,Has existing newsletter - not searched for RSS yet
Tadka Bollywood,-,N/A,-,,India,bollywoodtadka.in,No feed generated,TRUE,,,FALSE,RSS discovery attempted - no feed found
Međimurske Novine,-,N/A,-,,Croatia,mnovine.hr,No feed generated,TRUE,,,FALSE,RSS discovery attempted - no feed found
VG247,https://swelbyboy.github.io/prospect-rss-feeds/vg247.xml,OG,success,2025-12-02 11:53:17,United States,vg247.com,To Do,TRUE,,,FALSE,Has existing newsletter - not searched for RSS yet
The Political Insider,https://swelbyboy.github.io/prospect-rss-feeds/the-political-insider.xml,OG,success,2025-12-02 11:53:16,United States,thepoliticalinsider.com,To Do,TRUE,,,FALSE,Has existing newsletter - not searched for RSS yet
MMAnytt.se,-,N/A,-,,Sweden,mmanytt.se,No feed generated,TRUE,,,FALSE,RSS discovery attempted - no feed found
Nederlands Dagblad,-,N/A,-,,Netherlands,nd.nl,No feed generated,TRUE,,,FALSE,RSS discovery attempted - no feed found
DesignTAXI,-,N/A,-,,Singapore,designtaxi.com,No feed generated,TRUE,,,FALSE,RSS discovery attempted - no feed found
HiComm Magazine,https://swelbyboy.github.io/prospect-rss-feeds/hicomm-magazine.xml,OG,success,2025-12-02 11:53:20,Bulgaria,hicomm.bg,To Do,TRUE,,,FALSE,Has existing newsletter - not searched for RSS yet
Dunya News,-,N/A,-,,Pakistan,dunyanews.tv,No feed generated,TRUE,,,FALSE,RSS discovery attempted - no feed found
DC Comics News,https://swelbyboy.github.io/prospect-rss-feeds/dc-comics-news.xml,OG,success,2025-12-02 11:53:22,United States,dccomicsnews.com,To Do,TRUE,,,FALSE,Has existing newsletter - not searched for RSS yet
penamadridista.hu,-,N/A,-,,Hungary,penamadridista.hu,No feed generated,TRUE,,,FALSE,RSS discovery attempted - no feed found
The Phoblographer,https://swelbyboy.github.io/prospect-rss-feeds/the-phoblographer.xml,OG,success,2025-12-02 11:53:18,United States,thephoblographer.com,To Do,TRUE,,,FALSE,Has existing newsletter - not searched for RSS yet
Vanlı Nihat Hoca,-,N/A,-,,Turkey,vanlinihathoca.com,No feed generated,TRUE,,,FALSE,RSS discovery attempted - no feed found
Diaforetiko,https://swelbyboy.github.io/prospect-rss-feeds/diaforetiko.xml,OG,success,2025-12-02 11:40:40,Greece,diaforetiko.gr,To Do,TRUE,,,FALSE,Has existing newsletter - not searched for RSS yet
PoPville,https://swelbyboy.github.io/prospect-rss-feeds/popville.xml,OG,success,2025-12-02 11:53:19,United States,popville.com,To Do,TRUE,,,FALSE,Has existing newsletter - not searched for RSS yet
Al-Monitor,https://swelbyboy.github.io/prospect-rss-feeds/al-monitor.xml,OG,success,2025-12-02 11:53:22,United States,al-monitor.com,To Do,TRUE,,,FALSE,Has existing newsletter - not searched for RSS yet
Republika SrbijaPress,-,N/A,-,,Serbia,republika.rs,No feed generated,TRUE,,,FALSE,RSS discovery attempted - no feed found
Monitorul de Cluj,https://swelbyboy.github.io/prospect-rss-feeds/monitorul-de-cluj.xml,OG,success,2025-12-02 11:53:21,Romania,monitorulcj.ro,To Do,TRUE,,,FALSE,Has existing newsletter - not searched for RSS yet
MMARocks.pl,-,N/A,-,,Poland,mmarocks.pl,No feed generated,TRUE,,,FALSE,RSS discovery attempted - no feed found
FreightWaves,https://swelbyboy.github.io/prospect-rss-feeds/freightwaves.xml,OG,success,2025-12-02 11:53:24,United States,freightwaves.com,To Do,TRUE,,,FALSE,Has existing newsletter - not searched for RSS yet
Morning Star UK,-,N/A,-,,United Kingdom,morningstaronline.co.uk,No feed generated,TRUE,,,FALSE,RSS discovery attempted - no feed found
People Matters,-,N/A,-,,India,peoplematters.in,No feed generated,TRUE,,,FALSE,RSS discovery attempted - no feed found
Dodger Blue,https://swelbyboy.github.io/prospect-rss-feeds/dodger-blue.xml,OG,success,2025-12-02 11:53:27,United States,dodgerblue.com,To Do,TRUE,,,FALSE,Has existing newsletter - not searched for RSS yet
MetalSucks.net,https://swelbyboy.github.io/prospect-rss-feeds/metalsucks-net.xml,OG,success,2025-12-02 11:53:21,United States,metalsucks.net,To Do,TRUE,,,FALSE,Has existing newsletter - not searched for RSS yet
Express Tribune,https://swelbyboy.github.io/prospect-rss-feeds/express-tribune.xml,OG,success,2025-12-02 11:53:21,Pakistan,tribune.com.pk,To Do,TRUE,,,FALSE,Has existing newsletter - not searched for RSS yet
Power of Positivity,https://swelbyboy.github.io/prospect-rss-feeds/power-of-positivity.xml,OG,success,2025-12-02 11:53:21,United States,powerofpositivity.com,To Do,TRUE,,,FALSE,Has existing newsletter - not searched for RSS yet
The Police Tribune,-,N/A,-,,United States,policetribune.com,No feed generated,TRUE,,,FALSE,RSS discovery attempted - no feed found
No Depression,https://swelbyboy.github.io/prospect-rss-feeds/no-depression.xml,OG,success,2025-12-02 11:53:22,United States,nodepression.com,To Do,TRUE,,,FALSE,Has existing newsletter - not searched for RSS yet
Good Karma Brands,https://swelbyboy.github.io/prospect-rss-feeds/good-karma-brands.xml,OG,success,2025-12-02 11:53:22,United States,goodkarmabrands.com,To Do,TRUE,,,FALSE,Has existing newsletter - not searched for RSS yet
4Tuning.ro,-,N/A,-,,Romania,4tuning.ro,No feed generated,TRUE,,,FALSE,RSS discovery attempted - no feed found
Hand in Hand Parenting,https://swelbyboy.github.io/prospect-rss-feeds/hand-in-hand-parenting.xml,OG,success,2025-12-02 11:40:39,United States,handinhandparenting.org,To Do,TRUE,,,FALSE,Has existing newsletter - not searched for RSS yet
Confidence Meets Parenting,https://swelbyboy.github.io/prospect-rss-feeds/confidence-meets-parenting.xml,OG,success,2025-12-02 11:53:21,United States,confidencemeetsparenting.com,To Do,TRUE,,,FALSE,Has existing newsletter - not searched for RSS yet
Idei.bg,-,N/A,-,,Bulgaria,idei.bg,No feed generated,TRUE,,,FALSE,RSS discovery attempted - no feed found
Wheel 'n Deal Mama,https://swelbyboy.github.io/prospect-rss-feeds/wheel--n-deal-mama.xml,OG,success,2025-12-02 11:53:25,United States,wheelndealmama.com,To Do,TRUE,,,FALSE,Has existing newsletter - not searched for RSS yet
Nashville Scene,-,N/A,-,,United States,nashvillescene.com,No feed generated,TRUE,,,FALSE,RSS discovery attempted - no feed found
SnowBrains,https://swelbyboy.github.io/prospect-rss-feeds/snowbrains.xml,OG,success,2025-12-02 11:53:27,United States,snowbrains.com,To Do,TRUE,,,FALSE,Has existing newsletter - not searched for RSS yet
Nation of Change,https://swelbyboy.github.io/prospect-rss-feeds/nation-of-change.xml,OG,success,2025-12-02 11:53:23,United States,nationofchange.org,To Do,TRUE,,,FALSE,Has existing newsletter - not searched for RSS yet
Hipwee,-,N/A,-,,Indonesia,hipwee.com,No feed generated,TRUE,,,FALSE,RSS discovery attempted - no feed found
Cleveland Clinic,-,N/A,-,,United States,clevelandclinic.org,No feed generated,TRUE,,,FALSE,RSS discovery attempted - no feed found
Padded Tush Stats,https://swelbyboy.github.io/prospect-rss-feeds/padded-tush-stats.xml,OG,success,2025-12-02 11:53:24,United States,paddedtushstats.com,To Do,TRUE,,,FALSE,Has existing newsletter - not searched for RSS yet
KPBS,https://swelbyboy.github.io/prospect-rss-feeds/kpbs.xml,OG,success,2025-12-02 11:53:28,United States,kpbs.org,To Do,TRUE,,,FALSE,Has existing newsletter - not searched for RSS yet
The Playlist,https://swelbyboy.github.io/prospect-rss-feeds/the-playlist.xml,OG,success,2025-12-02 11:53:23,United States,theplaylist.net,To Do,TRUE,,,FALSE,Has existing newsletter - not searched for RSS yet
SibiuNews,https://swelbyboy.github.io/prospect-rss-feeds/sibiunews.xml,OG,success,2025-12-02 11:40:42,Romania,sibiunews.net,To Do,TRUE,,,FALSE,Has existing newsletter - not searched for RSS yet
The Old House Life,https://swelbyboy.github.io/prospect-rss-feeds/the-old-house-life.xml,OG,success,2025-12-02 11:53:24,United States,theoldhouselife.com,To Do,TRUE,,,FALSE,Has existing newsletter - not searched for RSS yet
DK Pittsburgh Sports,-,N/A,-,,United States,dkpittsburghsports.com,No feed generated,TRUE,,,FALSE,RSS discovery attempted - no feed found
360°,https://swelbyboy.github.io/prospect-rss-feeds/360.xml,OG,success,2025-12-02 11:53:25,Bulgaria,360mag.bg,To Do,TRUE,,,FALSE,Has existing newsletter - not searched for RSS yet
Urban Milwaukee,https://swelbyboy.github.io/prospect-rss-feeds/urban-milwaukee.xml,OG,success,2025-12-02 11:53:24,United States,urbanmilwaukee.com,To Do,TRUE,,,FALSE,Has existing newsletter - not searched for RSS yet
The Babylon Bee,https://swelbyboy.github.io/prospect-rss-feeds/the-babylon-bee.xml,OG,success,2025-12-02 11:53:24,United States,babylonbee.com,To Do,TRUE,,,FALSE,Has existing newsletter - not searched for RSS yet
Zaman Al Wasl,https://swelbyboy.github.io/prospect-rss-feeds/zaman-al-wasl.xml,OG,success,2025-12-02 11:53:27,United Arab Emirates,zamanalwsl.net,To Do,TRUE,,,FALSE,Has existing newsletter - not searched for RSS yet
Savori Urbane,-,N/A,-,,Romania,savoriurbane.com,No feed generated,TRUE,,,FALSE,RSS discovery attempted - no feed found
Truthdig,https://swelbyboy.github.io/prospect-rss-feeds/truthdig.xml,OG,success,2025-12-02 11:53:28,United States,truthdig.com,To Do,TRUE,,,FALSE,Has existing newsletter - not searched for RSS yet
Nerdbot,-,N/A,-,,United States,nerdbot.com,No feed generated,TRUE,,,FALSE,RSS discovery attempted - no feed found
Owensboro Times,-,N/A,-,,United States,owensborotimes.com,No feed generated,TRUE,,,FALSE,RSS discovery attempted - no feed found
Dandavats.com,https://swelbyboy.github.io/prospect-rss-feeds/dandavats-com.xml,OG,success,2025-12-02 11:53:31,India,dandavats.com,To Do,TRUE,,,FALSE,Has existing newsletter - not searched for RSS yet
Geller Report,https://swelbyboy.github.io/prospect-rss-feeds/geller-report.xml,OG,success,2025-12-02 11:53:27,United States,gellerreport.com,To Do,TRUE,,,FALSE,Has existing newsletter - not searched for RSS yet
iBus Media Limited,https://swelbyboy.github.io/prospect-rss-feeds/ibus-media-limited.xml,OG,success,2025-12-02 11:53:31,United Kingdom,pokernews.com,To Do,TRUE,,,FALSE,Has existing newsletter - not searched for RSS yet
ABP Group,-,N/A,-,,India,abp.in,No feed generated,TRUE,,,FALSE,RSS discovery attempted - no feed found
Direkno.hr,https://swelbyboy.github.io/prospect-rss-feeds/direkno-hr.xml,OG,success,2025-12-02 11:53:28,Croatia,direktno.hr,To Do,TRUE,,,FALSE,Has existing newsletter - not searched for RSS yet
Homeinfo.hu,-,N/A,-,,Hungary,homeinfo.hu,No feed generated,TRUE,,,FALSE,RSS discovery attempted - no feed found
Android Headlines,https://swelbyboy.github.io/prospect-rss-feeds/android-headlines.xml,OG,success,2025-12-02 11:53:27,United States,androidheadlines.com,To Do,TRUE,,,FALSE,Has existing newsletter - not searched for RSS yet
The Tribune (India),-,N/A,-,,India,tribuneindia.com,No feed generated,TRUE,,,FALSE,RSS discovery attempted - no feed found
Vajdaság Ma,-,N/A,-,,Serbia,vajma.info,No feed generated,TRUE,,,FALSE,RSS discovery attempted - no feed found
Vecernji.ba,https://swelbyboy.github.io/prospect-rss-feeds/vecernji-ba.xml,OG,success,2025-12-02 11:53:42,Bosnia and Herzegovina,vecernji.ba,To Do,TRUE,,,FALSE,Has existing newsletter - not searched for RSS yet
AutoDeal,https://swelbyboy.github.io/prospect-rss-feeds/autodeal.xml,OG,success,2025-12-02 11:53:34,Philippines,autodeal.com.ph,To Do,TRUE,,,FALSE,Has existing newsletter - not searched for RSS yet
San Simera,-,N/A,-,,Greece,sansimera.gr,No feed generated,TRUE,,,FALSE,RSS discovery attempted - no feed found
Love What Matters,https://swelbyboy.github.io/prospect-rss-feeds/love-what-matters.xml,OG,success,2025-12-02 11:53:28,United States,lovewhatmatters.com,To Do,TRUE,,,FALSE,Has existing newsletter - not searched for RSS yet
Football24.bg,https://swelbyboy.github.io/prospect-rss-feeds/football24-bg.xml,OG,success,2025-12-02 11:53:35,Bulgaria,football24.bg,To Do,TRUE,,,FALSE,Has existing newsletter - not searched for RSS yet
ICIR [International Centre for Investigative Reporting],https://swelbyboy.github.io/prospect-rss-feeds/icir--international-centre-for-investigative-reporting.xml,OG,success,2025-12-02 11:40:47,Nigeria,icirnigeria.org,To Do,TRUE,,,FALSE,Has existing newsletter - not searched for RSS yet
KSAT,-,N/A,-,,United States,ksat.com,No feed generated,TRUE,,,FALSE,RSS discovery attempted - no feed found
The Daily Sangram,-,N/A,-,,Bangladesh,dailysangram.com,No feed generated,TRUE,,,FALSE,RSS discovery attempted - no feed found
BOL News,-,N/A,-,,Pakistan,bolnews.com,No feed generated,TRUE,,,FALSE,RSS discovery attempted - no feed found
The Inquisitr,https://swelbyboy.github.io/prospect-rss-feeds/the-inquisitr.xml,OG,success,2025-12-02 11:53:29,United States,inquisitr.com,To Do,TRUE,,,FALSE,Has existing newsletter - not searched for RSS yet
Mindanao Daily News,https://swelbyboy.github.io/prospect-rss-feeds/mindanao-daily-news.xml,OG,success,2025-12-02 11:40:46,Philippines,mindanaodailynews.com,To Do,TRUE,,,FALSE,Has existing newsletter - not searched for RSS yet
Business Insider,-,N/A,-,,Netherlands,z24.nl,No feed generated,TRUE,,,FALSE,RSS discovery attempted - no feed found
KrASIA,-,N/A,-,,Singapore,kr-asia.com,No feed generated,TRUE,,,FALSE,RSS discovery attempted - no feed found
XDA,-,N/A,-,,United States,xda-developers.com,No feed generated,TRUE,,,FALSE,RSS discovery attempted - no feed found
Christian Today,https://swelbyboy.github.io/prospect-rss-feeds/christian-today.xml,OG,success,2025-12-02 11:53:29,United States,christiantoday.com,To Do,TRUE,,,FALSE,Has existing newsletter - not searched for RSS yet
SonHaberler.com,-,N/A,-,,Turkey,sonhaberler.com,No feed generated,TRUE,,,FALSE,RSS discovery attempted - no feed found
Luftika,-,N/A,-,,Serbia,luftika.rs,No feed generated,TRUE,,,FALSE,RSS discovery attempted - no feed found
Nosalty,-,N/A,-,,Hungary,nosalty.hu,No feed generated,TRUE,,,FALSE,RSS discovery attempted - no feed found
The National Interest,https://swelbyboy.github.io/prospect-rss-feeds/the-national-interest.xml,OG,success,2025-12-02 11:53:29,United States,nationalinterest.org,To Do,TRUE,,,FALSE,Has existing newsletter - not searched for RSS yet
Phys.org,-,N/A,-,,United States,phys.org,No feed generated,TRUE,,,FALSE,RSS discovery attempted - no feed found
FamilieNieuws.com,-,N/A,-,,Netherlands,familienieuws.com,No feed generated,TRUE,,,FALSE,RSS discovery attempted - no feed found
News.bg,-,N/A,-,,Bulgaria,news.bg,No feed generated,TRUE,,,FALSE,RSS discovery attempted - no feed found
Biotecnika,https://swelbyboy.github.io/prospect-rss-feeds/biotecnika.xml,OG,success,2025-12-02 11:53:40,India,biotecnika.org,To Do,TRUE,,,FALSE,Has existing newsletter - not searched for RSS yet
The Villages-News.com,https://swelbyboy.github.io/prospect-rss-feeds/the-villages-news-com.xml,OG,success,2025-12-02 11:53:29,United States,villages-news.com,To Do,TRUE,,,FALSE,Has existing newsletter - not searched for RSS yet
Data Science Central,https://swelbyboy.github.io/prospect-rss-feeds/data-science-central.xml,OG,success,2025-12-02 11:53:29,Romania,datasciencecentral.com,To Do,TRUE,,,FALSE,Newly discovered RSS feed
TESLARATI,https://swelbyboy.github.io/prospect-rss-feeds/teslarati.xml,OG,success,2025-12-02 11:53:30,United States,teslarati.com,To Do,TRUE,,,FALSE,Has existing newsletter - not searched for RSS yet
SecNews,https://swelbyboy.github.io/prospect-rss-feeds/secnews.xml,OG,success,2025-12-02 11:53:34,Greece,secnews.gr,To Do,TRUE,,,FALSE,Has existing newsletter - not searched for RSS yet
Ziarul de Bacău,-,N/A,-,,Romania,zdbc.ro,No feed generated,TRUE,,,FALSE,RSS discovery attempted - no feed found
Actualno,https://swelbyboy.github.io/prospect-rss-feeds/actualno.xml,OG,success,2025-12-02 11:53:37,Bulgaria,actualno.com,To Do,TRUE,,,FALSE,Has existing newsletter - not searched for RSS yet
MacRumors,https://swelbyboy.github.io/prospect-rss-feeds/macrumors.xml,OG,success,2025-12-02 11:53:30,United States,macrumors.com,To Do,TRUE,,,FALSE,Has existing newsletter - not searched for RSS yet
Your EDM,-,N/A,-,,United States,youredm.com,No feed generated,TRUE,,,FALSE,RSS discovery attempted - no feed found
Click On Detroit,-,N/A,-,,United States,clickondetroit.com,No feed generated,TRUE,,,FALSE,RSS discovery attempted - no feed found
Receptneked,https://swelbyboy.github.io/prospect-rss-feeds/receptneked.xml,OG,success,2025-12-02 11:53:37,Hungary,receptneked.hu,To Do,TRUE,,,FALSE,Has existing newsletter - not searched for RSS yet
"Nerdist Industries, LLC",https://swelbyboy.github.io/prospect-rss-feeds/nerdist-industries--llc.xml,OG,success,2025-12-02 11:53:31,United States,nerdist.com,To Do,TRUE,,,FALSE,Has existing newsletter - not searched for RSS yet
Naftemporiki,https://swelbyboy.github.io/prospect-rss-feeds/naftemporiki.xml,OG,success,2025-12-02 11:53:32,Greece,naftemporiki.gr,To Do,TRUE,,,FALSE,Has existing newsletter - not searched for RSS yet
Organiser - Weekly,-,N/A,-,,India,organiser.org,No feed generated,TRUE,,,FALSE,RSS discovery attempted - no feed found
LepotaiZdravlje.rs,https://swelbyboy.github.io/prospect-rss-feeds/lepotaizdravlje-rs.xml,OG,success,2025-12-02 11:54:01,Serbia,lepotaizdravlje.rs,To Do,TRUE,,,FALSE,Has existing newsletter - not searched for RSS yet
Međimurje,-,N/A,-,,Croatia,medjimurje.hr,No feed generated,TRUE,,,FALSE,RSS discovery attempted - no feed found
Hiros.hu,https://swelbyboy.github.io/prospect-rss-feeds/hiros-hu.xml,OG,success,2025-12-02 11:53:39,Hungary,hiros.hu,To Do,TRUE,,,FALSE,Has existing newsletter - not searched for RSS yet
Country Rebel,https://swelbyboy.github.io/prospect-rss-feeds/country-rebel.xml,OG,success,2025-12-02 11:53:33,United States,countryrebel.com,To Do,TRUE,,,FALSE,Has existing newsletter - not searched for RSS yet
Bihoreanul,-,N/A,-,,Romania,ebihoreanul.ro,No feed generated,TRUE,,,FALSE,RSS discovery attempted - no feed found
Skift,https://swelbyboy.github.io/prospect-rss-feeds/skift.xml,OG,success,2025-12-02 11:53:37,United States,skift.com,To Do,TRUE,,,FALSE,Has existing newsletter - not searched for RSS yet
free Europe,https://swelbyboy.github.io/prospect-rss-feeds/free-europe.xml,OG,success,2025-12-02 11:53:37,Bulgaria,svobodnaevropa.bg,To Do,TRUE,,,FALSE,Has existing newsletter - not searched for RSS yet
Sportske vijesti,-,N/A,-,,Bosnia and Herzegovina,sportske.ba,No feed generated,TRUE,,,FALSE,RSS discovery attempted - no feed found
Sambad,https://swelbyboy.github.io/prospect-rss-feeds/sambad.xml,OG,success,2025-12-02 11:53:40,India,sambad.in,To Do,TRUE,,,FALSE,Has existing newsletter - not searched for RSS yet
FerizajPress,https://swelbyboy.github.io/prospect-rss-feeds/ferizajpress.xml,OG,success,2025-12-02 11:54:00,Serbia,ferizajpress.com,To Do,TRUE,,,FALSE,Has existing newsletter - not searched for RSS yet
思考香港Think Hong Kong,https://swelbyboy.github.io/prospect-rss-feeds/思考香港think-hong-kong.xml,OG,success,2025-12-02 11:53:41,Hong Kong,thinkhk.com,To Do,TRUE,,,FALSE,Has existing newsletter - not searched for RSS yet
AgroRomania,https://swelbyboy.github.io/prospect-rss-feeds/agroromania.xml,OG,success,2025-12-02 11:54:03,Romania,manager.ro,To Do,TRUE,,,FALSE,Has existing newsletter - not searched for RSS yet
La Voz de América (VOA),https://swelbyboy.github.io/prospect-rss-feeds/la-voz-de-américa--voa.xml,OG,success,2025-12-02 11:53:41,United States,voanoticias.com,To Do,TRUE,,,FALSE,Has existing newsletter - not searched for RSS yet
ZIUA de Constanţa,-,N/A,-,,Romania,ziuaconstanta.ro,No feed generated,TRUE,,,FALSE,RSS discovery attempted - no feed found
Sandžak PRESS,https://swelbyboy.github.io/prospect-rss-feeds/sandžak-press.xml,OG,success,2025-12-02 11:53:40,Serbia,sandzakpress.net,To Do,TRUE,,,FALSE,Has existing newsletter - not searched for RSS yet
WOAY NewsWatch,https://swelbyboy.github.io/prospect-rss-feeds/woay-newswatch.xml,OG,success,2025-12-02 11:53:40,United States,woay.com,To Do,TRUE,,,FALSE,Has existing newsletter - not searched for RSS yet
Life.ro,https://swelbyboy.github.io/prospect-rss-feeds/life-ro.xml,OG,success,2025-12-02 11:40:45,Romania,life.ro,To Do,TRUE,,,FALSE,Has existing newsletter - not searched for RSS yet
Tigernet,https://swelbyboy.github.io/prospect-rss-feeds/tigernet.xml,OG,success,2025-12-02 11:53:41,United States,tigernet.com,To Do,TRUE,,,FALSE,Has existing newsletter - not searched for RSS yet
Williamson Source,https://swelbyboy.github.io/prospect-rss-feeds/williamson-source.xml,OG,success,2025-12-02 11:53:43,United States,williamsonsource.com,To Do,TRUE,,,FALSE,Has existing newsletter - not searched for RSS yet
SuntMamica.ro,https://swelbyboy.github.io/prospect-rss-feeds/suntmamica-ro.xml,OG,success,2025-12-02 11:53:45,Romania,suntmamica.ro,To Do,TRUE,,,FALSE,Has existing newsletter - not searched for RSS yet
The London Economic,https://swelbyboy.github.io/prospect-rss-feeds/the-london-economic.xml,OG,success,2025-12-02 11:53:46,United Kingdom,thelondoneconomic.com,To Do,TRUE,,,FALSE,Has existing newsletter - not searched for RSS yet
The Financial Diet,https://swelbyboy.github.io/prospect-rss-feeds/the-financial-diet.xml,OG,success,2025-12-02 11:53:45,United States,thefinancialdiet.com,To Do,TRUE,,,FALSE,Has existing newsletter - not searched for RSS yet
Jaihind TV,https://swelbyboy.github.io/prospect-rss-feeds/jaihind-tv.xml,OG,success,2025-12-02 11:53:48,India,jaihindtv.in,To Do,TRUE,,,FALSE,Has existing newsletter - not searched for RSS yet
theAsianparent,https://swelbyboy.github.io/prospect-rss-feeds/theasianparent.xml,OG,success,2025-12-02 11:54:01,Singapore,theasianparent.com,To Do,TRUE,,,FALSE,Has existing newsletter - not searched for RSS yet
NextDeal,https://swelbyboy.github.io/prospect-rss-feeds/nextdeal.xml,OG,success,2025-12-02 11:53:47,Greece,nextdeal.gr,To Do,TRUE,,,FALSE,Has existing newsletter - not searched for RSS yet
All That's Interesting,https://swelbyboy.github.io/prospect-rss-feeds/all-that-s-interesting.xml,OG,success,2025-12-02 11:53:44,United States,allthatsinteresting.com,To Do,TRUE,,,FALSE,Has existing newsletter - not searched for RSS yet
G Plus,https://swelbyboy.github.io/prospect-rss-feeds/g-plus.xml,OG,success,2025-12-02 11:53:51,India,guwahatiplus.com,To Do,TRUE,,,FALSE,Has existing newsletter - not searched for RSS yet
Soap Hub,https://swelbyboy.github.io/prospect-rss-feeds/soap-hub.xml,OG,success,2025-12-02 11:53:46,United States,soaphub.com,To Do,TRUE,,,FALSE,Has existing newsletter - not searched for RSS yet
srpskacafe.com,https://swelbyboy.github.io/prospect-rss-feeds/srpskacafe-com.xml,OG,success,2025-12-02 11:54:01,Bosnia and Herzegovina,srpskacafe.com,To Do,TRUE,,,FALSE,Has existing newsletter - not searched for RSS yet
ICT Business,-,N/A,-,,Croatia,ictbusiness.info,No feed generated,TRUE,,,FALSE,RSS discovery attempted - no feed found
iDiva India,-,N/A,-,,India,idiva.com,No feed generated,TRUE,,,FALSE,RSS discovery attempted - no feed found
One America News Network,-,N/A,-,,United States,oann.com,No feed generated,TRUE,,,FALSE,RSS discovery attempted - no feed found
InfoMusic,-,N/A,-,,Romania,infomusic.ro,No feed generated,TRUE,,,FALSE,RSS discovery attempted - no feed found
The Silicon Review,-,N/A,-,,United States,thesiliconreview.com,No feed generated,TRUE,,,FALSE,RSS discovery attempted - no feed found
Editorji,-,N/A,-,,India,editorji.com,No feed generated,TRUE,,,FALSE,RSS discovery attempted - no feed found
coxsbazarnews.com,https://swelbyboy.github.io/prospect-rss-feeds/coxsbazarnews-com.xml,OG,success,2025-12-02 11:53:46,Bangladesh,coxsbazarnews.com,To Do,TRUE,,,FALSE,Has existing newsletter - not searched for RSS yet
Profit.ro,https://swelbyboy.github.io/prospect-rss-feeds/profit-ro.xml,OG,success,2025-12-02 11:53:50,Romania,profit.ro,To Do,TRUE,,,FALSE,Has existing newsletter - not searched for RSS yet
Ziarul de Vrancea,-,N/A,-,,Romania,ziaruldevrancea.ro,No feed generated,TRUE,,,FALSE,RSS discovery attempted - no feed found
The Shade Room,https://swelbyboy.github.io/prospect-rss-feeds/the-shade-room.xml,OG,success,2025-12-02 11:53:52,United States,theshaderoom.com,To Do,TRUE,,,FALSE,Has existing newsletter - not searched for RSS yet
Gradonačelnik,https://swelbyboy.github.io/prospect-rss-feeds/gradonačelnik.xml,OG,success,2025-12-02 11:40:50,Croatia,gradonacelnik.hr,To Do,TRUE,,,FALSE,Has existing newsletter - not searched for RSS yet
Boxing News 24,https://swelbyboy.github.io/prospect-rss-feeds/boxing-news-24.xml,OG,success,2025-12-02 11:53:48,United States,boxingnews24.com,To Do,TRUE,,,FALSE,Has existing newsletter - not searched for RSS yet
Travel Market Report,-,N/A,-,,United States,travelmarketreport.com,No feed generated,TRUE,,,FALSE,RSS discovery attempted - no feed found
Sport Centar,-,N/A,-,,Bosnia and Herzegovina,scsport.ba,No feed generated,TRUE,,,FALSE,RSS discovery attempted - no feed found
Mobileappdaily,-,N/A,-,,India,mobileappdaily.com,No feed generated,TRUE,,,FALSE,RSS discovery attempted - no feed found
Marketing Mind,https://swelbyboy.github.io/prospect-rss-feeds/marketing-mind.xml,OG,success,2025-12-02 11:53:59,India,marketingmind.in,To Do,TRUE,,,FALSE,Has existing newsletter - not searched for RSS yet
omed.bg,-,N/A,-,,Bulgaria,omed.bg,No feed generated,TRUE,,,FALSE,RSS discovery attempted - no feed found
SportskaCentrala.com,https://swelbyboy.github.io/prospect-rss-feeds/sportskacentrala-com.xml,OG,success,2025-12-02 11:54:05,Serbia,sportskacentrala.com,To Do,TRUE,,,FALSE,Has existing newsletter - not searched for RSS yet
Hia Magazine,https://swelbyboy.github.io/prospect-rss-feeds/hia-magazine.xml,OG,success,2025-12-02 11:54:05,United Arab Emirates,hiamag.com,To Do,TRUE,,,FALSE,Has existing newsletter - not searched for RSS yet
Travelo,https://www.borsonline.hu/publicapi/hu/rss/bors/articles,Discovered-autodiscovery,N/A,,Hungary,travelo.hu,To Do,TRUE,,,FALSE,Has existing newsletter - not searched for RSS yet
PSV Fans,-,N/A,-,,Netherlands,psvfans.nl,No feed generated,TRUE,,,FALSE,RSS discovery attempted - no feed found
Metalhead Zone,-,N/A,-,,United States,metalheadzone.com,No feed generated,TRUE,,,FALSE,RSS discovery attempted - no feed found
iForm douplicate,https://swelbyboy.github.io/prospect-rss-feeds/iform-douplicate.xml,OG,success,2025-12-02 11:54:09,Denmark,iform.nu,To Do,TRUE,,,FALSE,Has existing newsletter - not searched for RSS yet
Femcafe.hu,https://swelbyboy.github.io/prospect-rss-feeds/femcafe-hu.xml,OG,success,2025-12-02 11:54:02,Hungary,femcafe.hu,To Do,TRUE,,,FALSE,Has existing newsletter - not searched for RSS yet
Privátbankár.hu,https://swelbyboy.github.io/prospect-rss-feeds/privátbankár-hu.xml,OG,success,2025-12-02 11:54:03,Hungary,privatbankar.hu,To Do,TRUE,,,FALSE,Has existing newsletter - not searched for RSS yet
Tellychakkar,-,N/A,-,,India,tellychakkar.com,No feed generated,TRUE,,,FALSE,RSS discovery attempted - no feed found
Expat Media,https://swelbyboy.github.io/prospect-rss-feeds/expat-media.xml,OG,success,2025-12-02 11:54:17,United Arab Emirates,expatmedia.net,To Do,TRUE,,,FALSE,Has existing newsletter - not searched for RSS yet
Incredibilia.ro,-,N/A,-,,Romania,incredibilia.ro,No feed generated,TRUE,,,FALSE,RSS discovery attempted - no feed found
StiriMeteo.com,https://swelbyboy.github.io/prospect-rss-feeds/stirimeteo-com.xml,OG,success,2025-12-02 11:40:48,Romania,stirimeteo.com,To Do,TRUE,,,FALSE,Has existing newsletter - not searched for RSS yet
WBLS,https://swelbyboy.github.io/prospect-rss-feeds/wbls.xml,OG,success,2025-12-02 11:54:02,United States,wbls.com,To Do,TRUE,,,FALSE,Has existing newsletter - not searched for RSS yet
Roadster,-,N/A,-,,Hungary,roadster.hu,No feed generated,TRUE,,,FALSE,RSS discovery attempted - no feed found
Halasmédia,-,N/A,-,,Hungary,halasmedia.hu,No feed generated,TRUE,,,FALSE,RSS discovery attempted - no feed found
MediaToday Co Ltd,https://swelbyboy.github.io/prospect-rss-feeds/mediatoday-co-ltd.xml,OG,success,2025-12-02 11:54:04,Malta,maltatoday.com.mt,To Do,TRUE,,,FALSE,Has existing newsletter - not searched for RSS yet
Sikh Siyasat,https://swelbyboy.github.io/prospect-rss-feeds/sikh-siyasat.xml,OG,success,2025-12-02 11:41:04,India,sikhsiyasat.info,To Do,TRUE,,,FALSE,Has existing newsletter - not searched for RSS yet
Gazete Kritik,https://swelbyboy.github.io/prospect-rss-feeds/gazete-kritik.xml,OG,success,2025-12-02 11:54:05,Turkey,gazetekritik.com,To Do,TRUE,,,FALSE,Has existing newsletter - not searched for RSS yet
TheNewsMinute,https://swelbyboy.github.io/prospect-rss-feeds/thenewsminute.xml,OG,success,2025-12-02 11:54:03,India,thenewsminute.com,To Do,TRUE,,,FALSE,Has existing newsletter - not searched for RSS yet
BHdijaspora,https://swelbyboy.github.io/prospect-rss-feeds/bhdijaspora.xml,OG,success,2025-12-02 11:54:06,Croatia,bhdijaspora.net,To Do,TRUE,,,FALSE,Has existing newsletter - not searched for RSS yet
NoVa Caps,https://swelbyboy.github.io/prospect-rss-feeds/nova-caps.xml,OG,success,2025-12-02 11:54:04,United States,novacapsfans.com,To Do,TRUE,,,FALSE,Has existing newsletter - not searched for RSS yet
EssentiallySports,https://swelbyboy.github.io/prospect-rss-feeds/essentiallysports.xml,OG,success,2025-12-02 11:54:04,India,essentiallysports.com,To Do,TRUE,,,FALSE,Has existing newsletter - not searched for RSS yet
IndiaFacts,https://swelbyboy.github.io/prospect-rss-feeds/indiafacts.xml,OG,success,2025-12-02 11:54:10,India,indiafacts.org.in,To Do,TRUE,,,FALSE,Has existing newsletter - not searched for RSS yet
The Mining Hub,-,N/A,-,,Australia,themininghub.com,No feed generated,TRUE,,,FALSE,RSS discovery attempted - no feed found
Pistols Firing,https://swelbyboy.github.io/prospect-rss-feeds/pistols-firing.xml,OG,success,2025-12-02 11:54:05,United States,pistolsfiringblog.com,To Do,TRUE,,,FALSE,Has existing newsletter - not searched for RSS yet
Bloody Disgusting,https://swelbyboy.github.io/prospect-rss-feeds/bloody-disgusting.xml,OG,success,2025-12-02 11:54:05,United States,bloody-disgusting.com,To Do,TRUE,,,FALSE,Has existing newsletter - not searched for RSS yet
iDrop News,https://swelbyboy.github.io/prospect-rss-feeds/idrop-news.xml,OG,success,2025-12-02 11:54:05,United States,idropnews.com,To Do,TRUE,,,FALSE,Has existing newsletter - not searched for RSS yet
Wrestling Rumors,-,N/A,-,,United States,wrestlingrumors.net,No feed generated,TRUE,,,FALSE,RSS discovery attempted - no feed found
Radio Evropa e Lirë,https://swelbyboy.github.io/prospect-rss-feeds/radio-evropa-e-lirë.xml,OG,success,2025-12-02 11:54:07,Serbia,evropaelire.org,To Do,TRUE,,,FALSE,Has existing newsletter - not searched for RSS yet
Monitorul De Botosani,https://swelbyboy.github.io/prospect-rss-feeds/monitorul-de-botosani.xml,OG,success,2025-12-02 11:54:13,Romania,monitorulbt.ro,To Do,TRUE,,,FALSE,Has existing newsletter - not searched for RSS yet
Τηλεγράφημα -tilegrafima.gr,https://swelbyboy.github.io/prospect-rss-feeds/τηλεγράφημα--tilegrafima-gr.xml,OG,success,2025-12-02 11:54:07,Greece,tilegrafimanews.gr,To Do,TRUE,,,FALSE,Has existing newsletter - not searched for RSS yet
Hewad,https://swelbyboy.github.io/prospect-rss-feeds/hewad.xml,OG,success,2025-12-02 11:54:11,Pakistan,khybernews.tv,To Do,TRUE,,,FALSE,Has existing newsletter - not searched for RSS yet
Twice.hu,https://swelbyboy.github.io/prospect-rss-feeds/twice-hu.xml,OG,success,2025-12-02 11:40:49,Hungary,twice.hu,To Do,TRUE,,,FALSE,Has existing newsletter - not searched for RSS yet
Daily Guardian,-,N/A,-,,Philippines,dailyguardian.com.ph,No feed generated,TRUE,,,FALSE,RSS discovery attempted - no feed found
Vojvodina Info,https://swelbyboy.github.io/prospect-rss-feeds/vojvodina-info.xml,OG,success,2025-12-02 11:54:12,Serbia,vojvodinainfo.rs,To Do,TRUE,,,FALSE,Has existing newsletter - not searched for RSS yet
Total Croatia,https://swelbyboy.github.io/prospect-rss-feeds/total-croatia.xml,OG,success,2025-12-02 11:40:52,Croatia,total-croatia-news.com,To Do,TRUE,,,FALSE,Has existing newsletter - not searched for RSS yet
Mangalorean,https://swelbyboy.github.io/prospect-rss-feeds/mangalorean.xml,OG,success,2025-12-02 11:54:09,India,mangalorean.com,To Do,TRUE,,,FALSE,Has existing newsletter - not searched for RSS yet
XanthiNews,-,N/A,-,,Greece,xanthinews.gr,No feed generated,TRUE,,,FALSE,RSS discovery attempted - no feed found
Dama.bg,https://swelbyboy.github.io/prospect-rss-feeds/dama-bg.xml,OG,success,2025-12-02 11:54:07,Bulgaria,dama.bg,To Do,TRUE,,,FALSE,Has existing newsletter - not searched for RSS yet
The Voice Newspaper,-,N/A,-,,United Kingdom,voice-online.co.uk,No feed generated,TRUE,,,FALSE,RSS discovery attempted - no feed found
Louisiana Television Broadcasting,https://swelbyboy.github.io/prospect-rss-feeds/louisiana-television-broadcasting.xml,OG,success,2025-12-02 11:54:08,United States,wbrz.com,To Do,TRUE,,,FALSE,Has existing newsletter - not searched for RSS yet
Deshabhimani,-,N/A,-,,India,deshabhimani.com,No feed generated,TRUE,,,FALSE,RSS discovery attempted - no feed found
Andreea Raicu,https://swelbyboy.github.io/prospect-rss-feeds/andreea-raicu.xml,OG,success,2025-12-02 11:54:09,Romania,andreearaicu.ro,To Do,TRUE,,,FALSE,Has existing newsletter - not searched for RSS yet
Intermarkets,-,N/A,-,,United States,intermarkets.net,No feed generated,TRUE,,,FALSE,RSS discovery attempted - no feed found
Arseblog,https://swelbyboy.github.io/prospect-rss-feeds/arseblog.xml,OG,success,2025-12-02 11:54:20,United Kingdom,arseblog.com,To Do,TRUE,,,FALSE,Has existing newsletter - not searched for RSS yet
Kerala Homes Collections,https://swelbyboy.github.io/prospect-rss-feeds/kerala-homes-collections.xml,OG,success,2025-12-02 11:41:15,India,homepictures.in,To Do,TRUE,,,FALSE,Has existing newsletter - not searched for RSS yet
Devdiscourse,https://swelbyboy.github.io/prospect-rss-feeds/devdiscourse.xml,OG,success,2025-12-02 11:54:17,India,devdiscourse.com,To Do,TRUE,,,FALSE,Has existing newsletter - not searched for RSS yet
Sătmăreanul,https://swelbyboy.github.io/prospect-rss-feeds/sătmăreanul.xml,OG,success,2025-12-02 11:41:03,Romania,satmareanul.net,To Do,TRUE,,,FALSE,Has existing newsletter - not searched for RSS yet
Dirt Track Digest,-,N/A,-,,United States,dirttrackdigest.com,No feed generated,TRUE,,,FALSE,RSS discovery attempted - no feed found
Ziarul Clujean,https://swelbyboy.github.io/prospect-rss-feeds/ziarul-clujean.xml,OG,success,2025-12-02 11:40:54,Romania,ziarulclujean.ro,To Do,TRUE,,,FALSE,Has existing newsletter - not searched for RSS yet
Niche Gamer,https://swelbyboy.github.io/prospect-rss-feeds/niche-gamer.xml,OG,success,2025-12-02 11:54:15,United States,nichegamer.com,To Do,TRUE,,,FALSE,Has existing newsletter - not searched for RSS yet
Ilkka-Yhtymä Oyj,https://swelbyboy.github.io/prospect-rss-feeds/ilkka-yhtymä-oyj.xml,OG,success,2025-12-02 11:54:13,Finland,ilkkapohjalainen.fi,To Do,TRUE,,,FALSE,Has existing newsletter - not searched for RSS yet
CREȘTIN TOTAL,https://swelbyboy.github.io/prospect-rss-feeds/creștin-total.xml,OG,success,2025-12-02 11:54:20,Romania,crestintotal.ro,To Do,TRUE,,,FALSE,Has existing newsletter - not searched for RSS yet
Hokej.Net,https://swelbyboy.github.io/prospect-rss-feeds/hokej-net.xml,OG,success,2025-12-02 11:54:17,Poland,hokej.net,To Do,TRUE,,,FALSE,Has existing newsletter - not searched for RSS yet
Darts News,https://swelbyboy.github.io/prospect-rss-feeds/darts-news.xml,OG,success,2025-12-02 11:54:16,United States,dartsnews.com,To Do,TRUE,,,FALSE,Has existing newsletter - not searched for RSS yet
NouPou,https://swelbyboy.github.io/prospect-rss-feeds/noupou.xml,OG,success,2025-12-02 11:54:21,Greece,nou-pou.gr,To Do,TRUE,,,FALSE,Has existing newsletter - not searched for RSS yet
OzBargain,https://swelbyboy.github.io/prospect-rss-feeds/ozbargain.xml,OG,success,2025-12-02 11:54:17,Australia,ozbargain.com.au,To Do,TRUE,,,FALSE,Has existing newsletter - not searched for RSS yet
Fidelio,-,N/A,-,,Hungary,fidelio.hu,No feed generated,TRUE,,,FALSE,RSS discovery attempted - no feed found
"MediaPost Communications, Inc.",-,N/A,-,,United States,mediapost.com,No feed generated,TRUE,,,FALSE,RSS discovery attempted - no feed found
Headlines of Today Media,-,N/A,-,,India,headlinesoftoday.com,No feed generated,TRUE,,,FALSE,RSS discovery attempted - no feed found
Manila Bulletin,-,N/A,-,,Philippines,mb.com.ph,No feed generated,TRUE,,,FALSE,RSS discovery attempted - no feed found
AgriGate Media,https://swelbyboy.github.io/prospect-rss-feeds/agrigate-media.xml,OG,success,2025-12-02 11:54:16,Bulgaria,agrigatemedia.com,To Do,TRUE,,,FALSE,Has existing newsletter - not searched for RSS yet
New Hampshire Union Leader,-,N/A,-,,United States,unionleader.com,No feed generated,TRUE,,,FALSE,RSS discovery attempted - no feed found
Women’s CricZone,-,N/A,-,,India,womenscriczone.com,No feed generated,TRUE,,,FALSE,RSS discovery attempted - no feed found
Splash,https://swelbyboy.github.io/prospect-rss-feeds/splash.xml,OG,success,2025-12-02 11:40:56,Singapore,splash247.com,To Do,TRUE,,,FALSE,Has existing newsletter - not searched for RSS yet
Mediapool.bg,-,N/A,-,,Bulgaria,mediapool.bg,No feed generated,TRUE,,,FALSE,RSS discovery attempted - no feed found
Conservative Post,-,N/A,-,,United States,conservativepost.com,No feed generated,TRUE,,,FALSE,RSS discovery attempted - no feed found
Madhyamam,https://swelbyboy.github.io/prospect-rss-feeds/madhyamam.xml,OG,success,2025-12-02 11:54:19,India,madhyamam.com,To Do,TRUE,,,FALSE,Has existing newsletter - not searched for RSS yet
Africa.com,https://swelbyboy.github.io/prospect-rss-feeds/africa-com.xml,OG,success,2025-12-02 11:40:59,South Africa,africa.com,To Do,TRUE,,,FALSE,Has existing newsletter - not searched for RSS yet
Empire Of The Kop,https://swelbyboy.github.io/prospect-rss-feeds/empire-of-the-kop.xml,OG,success,2025-12-02 11:54:17,United Kingdom,empireofthekop.com,To Do,TRUE,,,FALSE,Has existing newsletter - not searched for RSS yet
The Betoota Advocate,https://swelbyboy.github.io/prospect-rss-feeds/the-betoota-advocate.xml,OG,success,2025-12-02 11:54:16,Australia,betootaadvocate.com,To Do,TRUE,,,FALSE,Has existing newsletter - not searched for RSS yet
Cosmopolitan India,-,N/A,-,,India,cosmopolitan.in,No feed generated,TRUE,,,FALSE,RSS discovery attempted - no feed found
Dnevni avaz,https://swelbyboy.github.io/prospect-rss-feeds/dnevni-avaz.xml,OG,success,2025-12-02 11:54:17,Bosnia and Herzegovina,avaz.ba,To Do,TRUE,,,FALSE,Has existing newsletter - not searched for RSS yet
Chip and Co,https://swelbyboy.github.io/prospect-rss-feeds/chip-and-co.xml,OG,success,2025-12-02 11:54:30,United States,chipandco.com,To Do,TRUE,,,FALSE,Has existing newsletter - not searched for RSS yet
Evoiki Gnomi,-,N/A,-,,Greece,egnomi.gr,No feed generated,TRUE,,,FALSE,RSS discovery attempted - no feed found
Jalan Tikus,-,N/A,-,,Indonesia,jalantikus.com,No feed generated,TRUE,,,FALSE,RSS discovery attempted - no feed found
SCC Online Web Edition,https://swelbyboy.github.io/prospect-rss-feeds/scc-online-web-edition.xml,OG,success,2025-12-02 11:54:21,India,scconline.com,To Do,TRUE,,,FALSE,Newly discovered RSS feed
Mykidstime,-,N/A,-,,Ireland,mykidstime.com,No feed generated,TRUE,,,FALSE,RSS discovery attempted - no feed found
Обекти,https://swelbyboy.github.io/prospect-rss-feeds/обекти.xml,OG,success,2025-12-02 11:54:28,Bulgaria,obekti.bg,To Do,TRUE,,,FALSE,Has existing newsletter - not searched for RSS yet
TIR  Magazin,-,N/A,-,,Romania,tirmagazin.ro,No feed generated,TRUE,,,FALSE,RSS discovery attempted - no feed found
VOA Indonesia,https://swelbyboy.github.io/prospect-rss-feeds/voa-indonesia.xml,OG,success,2025-12-02 11:54:21,United States,voaindonesia.com,To Do,TRUE,,,FALSE,Has existing newsletter - not searched for RSS yet
AutoIndustriya.com,-,N/A,-,,Philippines,autoindustriya.com,No feed generated,TRUE,,,FALSE,RSS discovery attempted - no feed found
WJXT,-,N/A,-,,United States,news4jax.com,No feed generated,TRUE,,,FALSE,RSS discovery attempted - no feed found
Player Media Kft.,https://swelbyboy.github.io/prospect-rss-feeds/player-media-kft.xml,OG,success,2025-12-02 11:54:19,Hungary,player.hu,To Do,TRUE,,,FALSE,Has existing newsletter - not searched for RSS yet
مجلّة جمالكِ,-,N/A,-,,United Arab Emirates,jamalouki.net,No feed generated,TRUE,,,FALSE,RSS discovery attempted - no feed found
Neos Kosmos,-,N/A,-,,Australia,neoskosmos.com,No feed generated,TRUE,,,FALSE,RSS discovery attempted - no feed found
Webdunia,-,N/A,-,,India,webdunia.com,No feed generated,TRUE,,,FALSE,RSS discovery attempted - no feed found
Igényesférfi.hu,https://swelbyboy.github.io/prospect-rss-feeds/igényesférfi-hu.xml,OG,success,2025-12-02 11:54:20,Hungary,igenyesferfi.hu,To Do,TRUE,,,FALSE,Has existing newsletter - not searched for RSS yet
এগিয়ে চলো - Egiye Cholo,-,N/A,-,,Bangladesh,egiyecholo.com,No feed generated,TRUE,,,FALSE,RSS discovery attempted - no feed found
Angelopedia,-,N/A,-,,India,angelopedia.com,No feed generated,TRUE,,,FALSE,RSS discovery attempted - no feed found
Jurnalul Olteniei,https://swelbyboy.github.io/prospect-rss-feeds/jurnalul-olteniei.xml,OG,success,2025-12-02 11:54:34,Romania,jurnalulolteniei.ro,To Do,TRUE,,,FALSE,Has existing newsletter - not searched for RSS yet
Real Media,https://swelbyboy.github.io/prospect-rss-feeds/real-media.xml,OG,success,2025-12-02 11:54:23,Greece,real.gr,To Do,TRUE,,,FALSE,Has existing newsletter - not searched for RSS yet
LoveBScott,https://swelbyboy.github.io/prospect-rss-feeds/lovebscott.xml,OG,success,2025-12-02 11:54:20,United States,lovebscott.com,To Do,TRUE,,,FALSE,Has existing newsletter - not searched for RSS yet
ThePrint,-,N/A,-,,India,theprint.in,No feed generated,TRUE,,,FALSE,RSS discovery attempted - no feed found
De Speld,https://swelbyboy.github.io/prospect-rss-feeds/de-speld.xml,OG,success,2025-12-02 11:54:26,Netherlands,speld.nl,To Do,TRUE,,,FALSE,Has existing newsletter - not searched for RSS yet
Breaking Muscle,https://swelbyboy.github.io/prospect-rss-feeds/breaking-muscle.xml,OG,success,2025-12-02 11:54:22,United States,breakingmuscle.com,To Do,TRUE,,,FALSE,Has existing newsletter - not searched for RSS yet
Kashmir Life,-,N/A,-,,India,kashmirlife.net,No feed generated,TRUE,,,FALSE,RSS discovery attempted - no feed found
Fractal Enlightenment,-,N/A,-,,India,fractalenlightenment.com,No feed generated,TRUE,,,FALSE,RSS discovery attempted - no feed found
Pratidin Time,https://swelbyboy.github.io/prospect-rss-feeds/pratidin-time.xml,OG,success,2025-12-02 11:54:24,India,pratidintime.com,To Do,TRUE,,,FALSE,Has existing newsletter - not searched for RSS yet
Al Aan TV,-,N/A,-,,United Arab Emirates,alaan.tv,No feed generated,TRUE,,,FALSE,RSS discovery attempted - no feed found
Totally Vegan Buzz,https://swelbyboy.github.io/prospect-rss-feeds/totally-vegan-buzz.xml,OG,success,2025-12-02 11:40:58,United Kingdom,totallyveganbuzz.com,To Do,TRUE,,,FALSE,Has existing newsletter - not searched for RSS yet
MickeyBlog,https://swelbyboy.github.io/prospect-rss-feeds/mickeyblog.xml,OG,success,2025-12-02 11:54:22,United States,mickeyblog.com,To Do,TRUE,,,FALSE,Has existing newsletter - not searched for RSS yet
The Diplomat,https://swelbyboy.github.io/prospect-rss-feeds/the-diplomat.xml,OG,success,2025-12-02 11:54:22,United States,thediplomat.com,To Do,TRUE,,,FALSE,Has existing newsletter - not searched for RSS yet
Luchtvaartnieuws,https://swelbyboy.github.io/prospect-rss-feeds/luchtvaartnieuws.xml,OG,success,2025-12-02 11:54:32,Netherlands,luchtvaartnieuws.nl,To Do,TRUE,,,FALSE,Has existing newsletter - not searched for RSS yet
Palawan News,https://swelbyboy.github.io/prospect-rss-feeds/palawan-news.xml,OG,success,2025-12-02 11:54:23,Philippines,palawan-news.com,To Do,TRUE,,,FALSE,Has existing newsletter - not searched for RSS yet
Hrvatski Telekom,https://swelbyboy.github.io/prospect-rss-feeds/hrvatski-telekom.xml,OG,success,2025-12-02 11:54:25,Croatia,tportal.hr,To Do,TRUE,,,FALSE,Has existing newsletter - not searched for RSS yet
Evie,https://swelbyboy.github.io/prospect-rss-feeds/evie.xml,OG,success,2025-12-02 11:54:23,United States,eviemagazine.com,To Do,TRUE,,,FALSE,Has existing newsletter - not searched for RSS yet
Independent Journal review,https://swelbyboy.github.io/prospect-rss-feeds/independent-journal-review.xml,OG,success,2025-12-02 11:54:23,United States,ijr.com,To Do,TRUE,,,FALSE,Has existing newsletter - not searched for RSS yet
Armagh I,https://swelbyboy.github.io/prospect-rss-feeds/armagh-i.xml,OG,success,2025-12-02 11:54:26,United Kingdom,armaghi.com,To Do,TRUE,,,FALSE,Has existing newsletter - not searched for RSS yet
Blog Preston,https://swelbyboy.github.io/prospect-rss-feeds/blog-preston.xml,OG,success,2025-12-02 11:54:27,United Kingdom,blogpreston.co.uk,To Do,TRUE,,,FALSE,Has existing newsletter - not searched for RSS yet
Stears Business,-,N/A,-,,Nigeria,stearsng.com,No feed generated,TRUE,,,FALSE,RSS discovery attempted - no feed found
India West,https://swelbyboy.github.io/prospect-rss-feeds/india-west.xml,OG,success,2025-12-02 11:41:03,United States,indiawest.com,To Do,TRUE,,,FALSE,Has existing newsletter - not searched for RSS yet
GolfWRX,-,N/A,-,,United States,golfwrx.com,No feed generated,TRUE,,,FALSE,RSS discovery attempted - no feed found
Further Africa,https://swelbyboy.github.io/prospect-rss-feeds/further-africa.xml,OG,success,2025-12-02 11:54:25,United Kingdom,furtherafrica.com,To Do,TRUE,,,FALSE,Has existing newsletter - not searched for RSS yet
ABA Journal,https://swelbyboy.github.io/prospect-rss-feeds/aba-journal.xml,OG,success,2025-12-02 11:54:29,United States,abajournal.com,To Do,TRUE,,,FALSE,Has existing newsletter - not searched for RSS yet
Kpop Chart,-,N/A,-,,Indonesia,kpopchart.net,No feed generated,TRUE,,,FALSE,RSS discovery attempted - no feed found
Tweak Town,-,N/A,-,,Australia,tweaktown.com,No feed generated,TRUE,,,FALSE,RSS discovery attempted - no feed found
Buro 24/7,https://swelbyboy.github.io/prospect-rss-feeds/buro-24-7.xml,OG,success,2025-12-02 11:40:59,Croatia,buro247.hr,To Do,TRUE,,,FALSE,Has existing newsletter - not searched for RSS yet
Matrix24,-,N/A,-,,Greece,matrix24.gr,No feed generated,TRUE,,,FALSE,RSS discovery attempted - no feed found
Rotherham Advertiser,https://swelbyboy.github.io/prospect-rss-feeds/rotherham-advertiser.xml,OG,success,2025-12-02 11:54:26,United Kingdom,rotherhamadvertiser.co.uk,To Do,TRUE,,,FALSE,Has existing newsletter - not searched for RSS yet
Canadamirror,-,N/A,-,,India,canadamirror.com,No feed generated,TRUE,,,FALSE,RSS discovery attempted - no feed found
Manşet Aydın,-,N/A,-,,Turkey,mansetaydin.com,No feed generated,TRUE,,,FALSE,RSS discovery attempted - no feed found
Medicalworld Nigeria,https://swelbyboy.github.io/prospect-rss-feeds/medicalworld-nigeria.xml,OG,success,2025-12-02 11:54:32,Nigeria,medicalworldnigeria.com,To Do,TRUE,,,FALSE,Has existing newsletter - not searched for RSS yet
Premier,https://swelbyboy.github.io/prospect-rss-feeds/premier.xml,OG,success,2025-12-02 11:41:01,United Kingdom,premier.org.uk,To Do,TRUE,,,FALSE,Has existing newsletter - not searched for RSS yet
Pavilion360,-,N/A,-,,Bangladesh,pavilion.com.bd,No feed generated,TRUE,,,FALSE,RSS discovery attempted - no feed found
turdanews,https://swelbyboy.github.io/prospect-rss-feeds/turdanews.xml,OG,success,2025-12-02 11:41:38,Romania,turdanews.net,To Do,TRUE,,,FALSE,Has existing newsletter - not searched for RSS yet
Edebiyat Haber,https://swelbyboy.github.io/prospect-rss-feeds/edebiyat-haber.xml,OG,success,2025-12-02 11:54:30,Turkey,edebiyathaber.net,To Do,TRUE,,,FALSE,Has existing newsletter - not searched for RSS yet
The Trent,https://swelbyboy.github.io/prospect-rss-feeds/the-trent.xml,OG,success,2025-12-02 11:54:27,Nigeria,thetrentonline.com,To Do,TRUE,,,FALSE,Has existing newsletter - not searched for RSS yet
ONE Group,-,N/A,-,,Malta,one.com.mt,No feed generated,TRUE,,,FALSE,RSS discovery attempted - no feed found
Pesti Srácok,https://pestisracok.hu/publicapi/hu/rss/pesti_sracok/articles,Discovered-autodiscovery,N/A,,Hungary,pestisracok.hu,To Do,TRUE,,,FALSE,Has existing newsletter - not searched for RSS yet
Car Magazine (SA),https://swelbyboy.github.io/prospect-rss-feeds/car-magazine--sa.xml,OG,success,2025-12-02 11:54:39,South Africa,carmag.co.za,To Do,TRUE,,,FALSE,Has existing newsletter - not searched for RSS yet
Dread Central,https://swelbyboy.github.io/prospect-rss-feeds/dread-central.xml,OG,success,2025-12-02 11:54:28,United States,dreadcentral.com,To Do,TRUE,,,FALSE,Has existing newsletter - not searched for RSS yet
Defence24,https://swelbyboy.github.io/prospect-rss-feeds/defence24.xml,OG,success,2025-12-02 11:54:32,Poland,defence24.pl,To Do,TRUE,,,FALSE,Has existing newsletter - not searched for RSS yet
Novinite Group,-,N/A,-,,Bulgaria,novinitegroup.com,No feed generated,TRUE,,,FALSE,RSS discovery attempted - no feed found
NigerianEye,https://swelbyboy.github.io/prospect-rss-feeds/nigerianeye.xml,OG,success,2025-12-02 11:54:30,Nigeria,nigerianeye.com,To Do,TRUE,,,FALSE,Has existing newsletter - not searched for RSS yet
Jackson Hole News & Guide,-,N/A,-,,United States,jhnewsandguide.com,No feed generated,TRUE,,,FALSE,RSS discovery attempted - no feed found
Grupovo.bg,-,N/A,-,,Bulgaria,grupovo.bg,No feed generated,TRUE,,,FALSE,RSS discovery attempted - no feed found
Gerçek Fethiye,https://swelbyboy.github.io/prospect-rss-feeds/gerçek-fethiye.xml,OG,success,2025-12-02 11:54:31,Turkey,gercekfethiye.com,To Do,TRUE,,,FALSE,Has existing newsletter - not searched for RSS yet
ZenicaInfo,https://swelbyboy.github.io/prospect-rss-feeds/zenicainfo.xml,OG,success,2025-12-02 11:54:38,Bosnia and Herzegovina,zenicainfo.ba,To Do,TRUE,,,FALSE,Has existing newsletter - not searched for RSS yet
Gript News,https://swelbyboy.github.io/prospect-rss-feeds/gript-news.xml,OG,success,2025-12-02 11:54:31,Ireland,gript.ie,To Do,TRUE,,,FALSE,Has existing newsletter - not searched for RSS yet
體路 Sportsroad,-,N/A,-,,Hong Kong,sportsroad.hk,No feed generated,TRUE,,,FALSE,RSS discovery attempted - no feed found
OnlyAustralia,-,N/A,-,,Australia,onlyaustralia.com.au,No feed generated,TRUE,,,FALSE,RSS discovery attempted - no feed found
RacingNews365,https://swelbyboy.github.io/prospect-rss-feeds/racingnews365.xml,OG,success,2025-12-02 11:54:33,Netherlands,racingnews365.nl,To Do,TRUE,,,FALSE,Has existing newsletter - not searched for RSS yet
234Star,https://swelbyboy.github.io/prospect-rss-feeds/234star.xml,OG,success,2025-12-02 11:54:37,Nigeria,234star.com,To Do,TRUE,,,FALSE,Has existing newsletter - not searched for RSS yet
Digital Life,-,N/A,-,,Greece,digitallife.gr,No feed generated,TRUE,,,FALSE,RSS discovery attempted - no feed found
British Malayali,-,N/A,-,,United Kingdom,britishmalayali.co.uk,No feed generated,TRUE,,,FALSE,RSS discovery attempted - no feed found
topsport,-,N/A,-,,Bulgaria,topsport.bg,No feed generated,TRUE,,,FALSE,RSS discovery attempted - no feed found
Neowin,-,N/A,-,,United States,neowin.net,No feed generated,TRUE,,,FALSE,RSS discovery attempted - no feed found
PromoGrad,-,N/A,-,,Bulgaria,promograd.bg,No feed generated,TRUE,,,FALSE,RSS discovery attempted - no feed found
The Enterprise,-,N/A,-,,United States,enterprisenews.com,No feed generated,TRUE,,,FALSE,RSS discovery attempted - no feed found
Ocean fm,-,N/A,-,,Ireland,oceanfm.ie,No feed generated,TRUE,,,FALSE,RSS discovery attempted - no feed found
Katadata,https://swelbyboy.github.io/prospect-rss-feeds/katadata.xml,OG,success,2025-12-02 11:54:33,Indonesia,katadata.co.id,To Do,TRUE,,,FALSE,Has existing newsletter - not searched for RSS yet
Éva Magazin,-,N/A,-,,Hungary,evamagazin.hu,No feed generated,TRUE,,,FALSE,RSS discovery attempted - no feed found
TechCabal,https://swelbyboy.github.io/prospect-rss-feeds/techcabal.xml,OG,success,2025-12-02 11:54:36,Nigeria,techcabal.com,To Do,TRUE,,,FALSE,Has existing newsletter - not searched for RSS yet
InStyle Hungary,-,N/A,-,,Hungary,instyle.hu,No feed generated,TRUE,,,FALSE,RSS discovery attempted - no feed found
Plant-Based on a Budget,https://swelbyboy.github.io/prospect-rss-feeds/plant-based-on-a-budget.xml,OG,success,2025-12-02 11:54:33,United States,plantbasedonabudget.com,To Do,TRUE,,,FALSE,Has existing newsletter - not searched for RSS yet
Scienmag,https://swelbyboy.github.io/prospect-rss-feeds/scienmag.xml,OG,success,2025-12-02 11:54:35,United Kingdom,scienmag.com,To Do,TRUE,,,FALSE,Has existing newsletter - not searched for RSS yet
The Spinoff,https://swelbyboy.github.io/prospect-rss-feeds/the-spinoff.xml,OG,success,2025-12-02 11:54:33,New Zealand,thespinoff.co.nz,To Do,TRUE,,,FALSE,Has existing newsletter - not searched for RSS yet
Corfuland,-,N/A,-,,Greece,corfuland.gr,No feed generated,TRUE,,,FALSE,RSS discovery attempted - no feed found
BD24Live Media,https://swelbyboy.github.io/prospect-rss-feeds/bd24live-media.xml,OG,success,2025-12-02 11:54:36,Bangladesh,bd24live.com,To Do,TRUE,,,FALSE,Has existing newsletter - not searched for RSS yet
BIZLife,https://swelbyboy.github.io/prospect-rss-feeds/bizlife.xml,OG,success,2025-12-02 11:54:36,Serbia,bizlife.rs,To Do,TRUE,,,FALSE,Has existing newsletter - not searched for RSS yet
Olorisupergal,https://swelbyboy.github.io/prospect-rss-feeds/olorisupergal.xml,OG,success,2025-12-02 11:41:04,Nigeria,olorisupergal.com,To Do,TRUE,,,FALSE,Has existing newsletter - not searched for RSS yet
Celtic News Now,https://swelbyboy.github.io/prospect-rss-feeds/celtic-news-now.xml,OG,success,2025-12-02 11:54:54,United Kingdom,celticnewsnow.com,To Do,TRUE,,,FALSE,Has existing newsletter - not searched for RSS yet
Go guide,https://swelbyboy.github.io/prospect-rss-feeds/go-guide.xml,OG,success,2025-12-02 11:54:45,Bulgaria,goguide.bg,To Do,TRUE,,,FALSE,Has existing newsletter - not searched for RSS yet
OHBaby!,-,N/A,-,,New Zealand,ohbaby.co.nz,No feed generated,TRUE,,,FALSE,RSS discovery attempted - no feed found
Rapid Broadcasting Company,https://swelbyboy.github.io/prospect-rss-feeds/rapid-broadcasting-company.xml,OG,success,2025-12-02 11:54:40,United States,newscenter1.tv,To Do,TRUE,,,FALSE,Has existing newsletter - not searched for RSS yet
Dartsnieuws.com,https://swelbyboy.github.io/prospect-rss-feeds/dartsnieuws-com.xml,OG,success,2025-12-02 11:54:41,Netherlands,dartsnieuws.com,To Do,TRUE,,,FALSE,Has existing newsletter - not searched for RSS yet
Mafab,https://swelbyboy.github.io/prospect-rss-feeds/mafab.xml,OG,success,2025-12-02 11:54:41,Hungary,mafab.hu,To Do,TRUE,,,FALSE,Has existing newsletter - not searched for RSS yet
Inside The Games,https://swelbyboy.github.io/prospect-rss-feeds/inside-the-games.xml,OG,success,2025-12-02 11:54:37,United Kingdom,insidethegames.biz,To Do,TRUE,,,FALSE,Has existing newsletter - not searched for RSS yet
Feminism In India,https://swelbyboy.github.io/prospect-rss-feeds/feminism-in-india.xml,OG,success,2025-12-02 11:54:40,India,feminisminindia.com,To Do,TRUE,,,FALSE,Has existing newsletter - not searched for RSS yet
Radio Kerry,https://swelbyboy.github.io/prospect-rss-feeds/radio-kerry.xml,OG,success,2025-12-02 11:54:44,Ireland,radiokerry.ie,To Do,TRUE,,,FALSE,Has existing newsletter - not searched for RSS yet
World Boxing News,https://swelbyboy.github.io/prospect-rss-feeds/world-boxing-news.xml,OG,success,2025-12-02 11:54:39,United States,worldboxingnews.net,To Do,TRUE,,,FALSE,Has existing newsletter - not searched for RSS yet
OtakuKart,https://swelbyboy.github.io/prospect-rss-feeds/otakukart.xml,OG,success,2025-12-02 11:54:40,India,otakukart.com,To Do,TRUE,,,FALSE,Has existing newsletter - not searched for RSS yet
Smart Press SA,-,N/A,-,,Greece,smartpress.gr,No feed generated,TRUE,,,FALSE,RSS discovery attempted - no feed found
Savoir Ville,-,N/A,-,,Greece,savoirville.gr,No feed generated,TRUE,,,FALSE,RSS discovery attempted - no feed found
Enternity.gr,https://swelbyboy.github.io/prospect-rss-feeds/enternity-gr.xml,OG,success,2025-12-02 11:54:43,Greece,enternity.gr,To Do,TRUE,,,FALSE,Has existing newsletter - not searched for RSS yet
Taxheaven,https://swelbyboy.github.io/prospect-rss-feeds/taxheaven.xml,OG,success,2025-12-02 11:54:50,Greece,taxheaven.gr,To Do,TRUE,,,FALSE,Has existing newsletter - not searched for RSS yet
Neusroom,https://swelbyboy.github.io/prospect-rss-feeds/neusroom.xml,OG,success,2025-12-02 11:54:47,Nigeria,neusroom.com,To Do,TRUE,,,FALSE,Has existing newsletter - not searched for RSS yet
Riddims World,-,N/A,-,,United Kingdom,riddimsworld.com,No feed generated,TRUE,,,FALSE,RSS discovery attempted - no feed found
AGDAILY,https://swelbyboy.github.io/prospect-rss-feeds/agdaily.xml,OG,success,2025-12-02 11:54:42,United States,agdaily.com,To Do,TRUE,,,FALSE,Has existing newsletter - not searched for RSS yet
WWAY-TV,https://swelbyboy.github.io/prospect-rss-feeds/wway-tv.xml,OG,success,2025-12-02 11:54:41,United States,wwaytv3.com,To Do,TRUE,,,FALSE,Has existing newsletter - not searched for RSS yet
IZGAZETE,https://swelbyboy.github.io/prospect-rss-feeds/izgazete.xml,OG,success,2025-12-02 11:54:43,Turkey,izgazete.net,To Do,TRUE,,,FALSE,Has existing newsletter - not searched for RSS yet
Bristol24/7,-,N/A,-,,United Kingdom,bristol247.com,No feed generated,TRUE,,,FALSE,RSS discovery attempted - no feed found
Bota Sot,https://swelbyboy.github.io/prospect-rss-feeds/bota-sot.xml,OG,success,2025-12-02 11:54:44,Serbia,botasot.info,To Do,TRUE,,,FALSE,Has existing newsletter - not searched for RSS yet
The Line Of Best Fit,https://swelbyboy.github.io/prospect-rss-feeds/the-line-of-best-fit.xml,OG,success,2025-12-02 11:54:51,United Kingdom,thelineofbestfit.com,To Do,TRUE,,,FALSE,Has existing newsletter - not searched for RSS yet
Touchdown Alabama Magazine,https://swelbyboy.github.io/prospect-rss-feeds/touchdown-alabama-magazine.xml,OG,success,2025-12-02 11:54:58,United States,tdalabamamag.com,To Do,TRUE,,,FALSE,Has existing newsletter - not searched for RSS yet
Women On Wheels,https://swelbyboy.github.io/prospect-rss-feeds/women-on-wheels.xml,OG,success,2025-12-02 11:54:44,South Africa,womenonwheels.co.za,To Do,TRUE,,,FALSE,Has existing newsletter - not searched for RSS yet
Pénzcentrum,https://swelbyboy.github.io/prospect-rss-feeds/pénzcentrum.xml,OG,success,2025-12-02 11:54:48,Hungary,penzcentrum.hu,To Do,TRUE,,,FALSE,Has existing newsletter - not searched for RSS yet
Media 247 UK,https://swelbyboy.github.io/prospect-rss-feeds/media-247-uk.xml,OG,success,2025-12-02 11:54:46,United Kingdom,bizasialive.com,To Do,TRUE,,,FALSE,Has existing newsletter - not searched for RSS yet
Pojoksatu.id,-,N/A,-,,Indonesia,pojoksatu.id,No feed generated,TRUE,,,FALSE,RSS discovery attempted - no feed found
Girlboss,-,N/A,-,,United States,girlboss.com,No feed generated,TRUE,,,FALSE,RSS discovery attempted - no feed found
Psychology Now,https://swelbyboy.github.io/prospect-rss-feeds/psychology-now.xml,OG,success,2025-12-02 11:41:05,Greece,psychologynow.gr,To Do,TRUE,,,FALSE,Has existing newsletter - not searched for RSS yet
Mplaneta,-,N/A,-,,Poland,kronikatygodnia.pl,No feed generated,TRUE,,,FALSE,RSS discovery attempted - no feed found
Özgür Kocaeli,-,N/A,-,,Turkey,ozgurkocaeli.com.tr,No feed generated,TRUE,,,FALSE,RSS discovery attempted - no feed found
MilitaryLeak,https://swelbyboy.github.io/prospect-rss-feeds/militaryleak.xml,OG,success,2025-12-02 11:54:48,Singapore,militaryleak.com,To Do,TRUE,,,FALSE,Has existing newsletter - not searched for RSS yet
Road to VR,https://swelbyboy.github.io/prospect-rss-feeds/road-to-vr.xml,OG,success,2025-12-02 11:54:56,United States,roadtovr.com,To Do,TRUE,,,FALSE,Has existing newsletter - not searched for RSS yet
Agencja Reklamowa Życie Przemyskie,-,N/A,-,,Poland,zycie.pl,No feed generated,TRUE,,,FALSE,RSS discovery attempted - no feed found
TheTaste.ie,https://swelbyboy.github.io/prospect-rss-feeds/thetaste-ie.xml,OG,success,2025-12-02 11:54:47,Ireland,thetaste.ie,To Do,TRUE,,,FALSE,Has existing newsletter - not searched for RSS yet
Bona Magazine,https://swelbyboy.github.io/prospect-rss-feeds/bona-magazine.xml,OG,success,2025-12-02 11:54:49,South Africa,bona.co.za,To Do,TRUE,,,FALSE,Has existing newsletter - not searched for RSS yet
Business Weekly商業周刊,-,N/A,-,,Taiwan,businessweekly.com.tw,No feed generated,TRUE,,,FALSE,RSS discovery attempted - no feed found
Burgasinfo.com,https://swelbyboy.github.io/prospect-rss-feeds/burgasinfo-com.xml,OG,success,2025-12-02 11:54:49,Bulgaria,burgasinfo.com,To Do,TRUE,,,FALSE,Has existing newsletter - not searched for RSS yet
Glamour Magazine,-,N/A,-,,South Africa,glamour.co.za,No feed generated,TRUE,,,FALSE,RSS discovery attempted - no feed found
Slikour On Life,https://swelbyboy.github.io/prospect-rss-feeds/slikour-on-life.xml,OG,success,2025-12-02 11:54:48,South Africa,slikouronlife.co.za,To Do,TRUE,,,FALSE,Has existing newsletter - not searched for RSS yet
Connacht Tribune Group,https://swelbyboy.github.io/prospect-rss-feeds/connacht-tribune-group.xml,OG,success,2025-12-02 11:54:49,Ireland,connachttribune.ie,To Do,TRUE,,,FALSE,Has existing newsletter - not searched for RSS yet
The Patriot Post,https://swelbyboy.github.io/prospect-rss-feeds/the-patriot-post.xml,OG,success,2025-12-02 11:54:51,United States,patriotpost.us,To Do,TRUE,,,FALSE,Has existing newsletter - not searched for RSS yet
Eleftheria,https://swelbyboy.github.io/prospect-rss-feeds/eleftheria.xml,OG,success,2025-12-02 11:41:05,Greece,eleftheria.gr,To Do,TRUE,,,FALSE,Has existing newsletter - not searched for RSS yet
SingleparentGr,-,N/A,-,,Greece,singleparent.gr,No feed generated,TRUE,,,FALSE,RSS discovery attempted - no feed found
Mommypotamus,https://swelbyboy.github.io/prospect-rss-feeds/mommypotamus.xml,OG,success,2025-12-02 11:54:49,United States,mommypotamus.com,To Do,TRUE,,,FALSE,Has existing newsletter - not searched for RSS yet
AB-ilan.com,https://swelbyboy.github.io/prospect-rss-feeds/ab-ilan-com.xml,OG,success,2025-12-02 11:54:52,Turkey,ab-ilan.com,To Do,TRUE,,,FALSE,Has existing newsletter - not searched for RSS yet
AB Newswire,-,N/A,-,,United States,abnewswire.com,No feed generated,TRUE,,,FALSE,RSS discovery attempted - no feed found
Ozon Media,https://swelbyboy.github.io/prospect-rss-feeds/ozon-media.xml,OG,success,2025-12-02 11:41:14,Serbia,ozon.rs,To Do,TRUE,,,FALSE,Has existing newsletter - not searched for RSS yet
Blog.bg,-,N/A,-,,Bulgaria,blog.bg,No feed generated,TRUE,,,FALSE,RSS discovery attempted - no feed found
Novi Magazin,https://swelbyboy.github.io/prospect-rss-feeds/novi-magazin.xml,OG,success,2025-12-02 11:54:53,Serbia,novimagazin.rs,To Do,TRUE,,,FALSE,Has existing newsletter - not searched for RSS yet
Panathinaikos24,https://swelbyboy.github.io/prospect-rss-feeds/panathinaikos24.xml,OG,success,2025-12-02 11:54:54,Greece,panathinaikos24.gr,To Do,TRUE,,,FALSE,Has existing newsletter - not searched for RSS yet
Stoppa Pressarna,https://swelbyboy.github.io/prospect-rss-feeds/stoppa-pressarna.xml,OG,success,2025-12-02 11:54:53,Sweden,stoppapressarna.se,To Do,TRUE,,,FALSE,Has existing newsletter - not searched for RSS yet
Mama24,-,N/A,-,,Bulgaria,mama24.bg,No feed generated,TRUE,,,FALSE,RSS discovery attempted - no feed found
Rocket Sports Network,-,N/A,-,,United Kingdom,rocketsportsnetwork.com,No feed generated,TRUE,,,FALSE,RSS discovery attempted - no feed found
COOL 潮流生活網,https://swelbyboy.github.io/prospect-rss-feeds/cool-潮流生活網.xml,OG,success,2025-12-02 11:55:01,Taiwan,cool-style.com.tw,To Do,TRUE,,,FALSE,Has existing newsletter - not searched for RSS yet
Did You Know,https://swelbyboy.github.io/prospect-rss-feeds/did-you-know.xml,OG,success,2025-12-02 11:54:55,United States,didyouknowfacts.com,To Do,TRUE,,,FALSE,Has existing newsletter - not searched for RSS yet
Papageno Consulting,https://swelbyboy.github.io/prospect-rss-feeds/papageno-consulting.xml,OG,success,2025-12-02 11:41:06,Hungary,papageno.hu,To Do,TRUE,,,FALSE,Has existing newsletter - not searched for RSS yet
indicator.gr,-,N/A,-,,Greece,indicator.gr,No feed generated,TRUE,,,FALSE,RSS discovery attempted - no feed found
DapurPacu,https://swelbyboy.github.io/prospect-rss-feeds/dapurpacu.xml,OG,success,2025-12-02 11:41:09,Indonesia,dapurpacu.id,To Do,TRUE,,,FALSE,Has existing newsletter - not searched for RSS yet
The Pressroom,https://swelbyboy.github.io/prospect-rss-feeds/the-pressroom.xml,OG,success,2025-12-02 11:54:54,Greece,thepressroom.gr,To Do,TRUE,,,FALSE,Has existing newsletter - not searched for RSS yet
Music in Africa,https://swelbyboy.github.io/prospect-rss-feeds/music-in-africa.xml,OG,success,2025-12-02 11:55:13,South Africa,musicinafrica.net,To Do,TRUE,,,FALSE,Has existing newsletter - not searched for RSS yet
112Twente,https://swelbyboy.github.io/prospect-rss-feeds/112twente.xml,OG,success,2025-12-02 11:54:56,Netherlands,112twente.nl,To Do,TRUE,,,FALSE,Has existing newsletter - not searched for RSS yet
Entertainmentcareers.net,https://swelbyboy.github.io/prospect-rss-feeds/entertainmentcareers-net.xml,OG,success,2025-12-02 11:54:55,United States,entertainmentcareers.net,To Do,TRUE,,,FALSE,Has existing newsletter - not searched for RSS yet
PakWheels,https://swelbyboy.github.io/prospect-rss-feeds/pakwheels.xml,OG,success,2025-12-02 11:54:54,Pakistan,pakwheels.com,To Do,TRUE,,,FALSE,Has existing newsletter - not searched for RSS yet
Donegal Now,-,N/A,-,,Ireland,donegalnow.com,No feed generated,TRUE,,,FALSE,RSS discovery attempted - no feed found
Parapolitika Editions Societe Anonyme,https://swelbyboy.github.io/prospect-rss-feeds/parapolitika-editions-societe-anonyme.xml,OG,success,2025-12-02 11:55:02,Greece,parapolitika.gr,To Do,TRUE,,,FALSE,Has existing newsletter - not searched for RSS yet
PRESSALERT,https://swelbyboy.github.io/prospect-rss-feeds/pressalert.xml,OG,success,2025-12-02 11:54:59,Romania,pressalert.ro,To Do,TRUE,,,FALSE,Has existing newsletter - not searched for RSS yet
MyBroadband,-,N/A,-,,South Africa,mybroadband.co.za,No feed generated,TRUE,,,FALSE,RSS discovery attempted - no feed found
East County Today,https://swelbyboy.github.io/prospect-rss-feeds/east-county-today.xml,OG,success,2025-12-02 11:41:07,United States,eastcountytoday.net,To Do,TRUE,,,FALSE,Has existing newsletter - not searched for RSS yet
Glued To My Crafts,-,N/A,-,,United States,gluedtomycraftsblog.com,No feed generated,TRUE,,,FALSE,RSS discovery attempted - no feed found
InfoKids,https://swelbyboy.github.io/prospect-rss-feeds/infokids.xml,OG,success,2025-12-02 11:55:00,Greece,infokids.gr,To Do,TRUE,,,FALSE,Has existing newsletter - not searched for RSS yet
Maculatura Professors Ltd,https://swelbyboy.github.io/prospect-rss-feeds/maculatura-professors-ltd.xml,OG,success,2025-12-02 11:55:06,Hungary,magyarorszagom.hu,To Do,TRUE,,,FALSE,Has existing newsletter - not searched for RSS yet
Protagon,https://swelbyboy.github.io/prospect-rss-feeds/protagon.xml,OG,success,2025-12-02 11:55:02,Greece,protagon.gr,To Do,TRUE,,,FALSE,Has existing newsletter - not searched for RSS yet
Informo Media EOOD,https://swelbyboy.github.io/prospect-rss-feeds/informo-media-eood.xml,OG,success,2025-12-02 11:41:17,Bulgaria,informo.bg,To Do,TRUE,,,FALSE,Has existing newsletter - not searched for RSS yet
24Media.ae,-,N/A,-,,United Arab Emirates,24.ae,No feed generated,TRUE,,,FALSE,RSS discovery attempted - no feed found
Life.ba,https://swelbyboy.github.io/prospect-rss-feeds/life-ba.xml,OG,success,2025-12-02 11:55:10,Bosnia and Herzegovina,life.ba,To Do,TRUE,,,FALSE,Has existing newsletter - not searched for RSS yet
Covasna Observator,-,N/A,-,,Romania,covasnamedia.ro,No feed generated,TRUE,,,FALSE,RSS discovery attempted - no feed found
Pandurul,https://swelbyboy.github.io/prospect-rss-feeds/pandurul.xml,OG,success,2025-12-02 11:54:57,Romania,pandurul.ro,To Do,TRUE,,,FALSE,Has existing newsletter - not searched for RSS yet
Tinos Today,https://swelbyboy.github.io/prospect-rss-feeds/tinos-today.xml,OG,success,2025-12-02 11:41:09,Greece,tinostoday.gr,To Do,TRUE,,,FALSE,Has existing newsletter - not searched for RSS yet
Comisarul,-,N/A,-,,Romania,comisarul.ro,No feed generated,TRUE,,,FALSE,RSS discovery attempted - no feed found
Pathivu,-,N/A,-,,India,pathivu.com,No feed generated,TRUE,,,FALSE,RSS discovery attempted - no feed found
Nova ekonomija,https://swelbyboy.github.io/prospect-rss-feeds/nova-ekonomija.xml,OG,success,2025-12-02 11:55:01,Serbia,novaekonomija.rs,To Do,TRUE,,,FALSE,Has existing newsletter - not searched for RSS yet
The Guam Daily Post,-,N/A,-,,United States,postguam.com,No feed generated,TRUE,,,FALSE,RSS discovery attempted - no feed found
Media Indonesia,https://swelbyboy.github.io/prospect-rss-feeds/media-indonesia.xml,OG,success,2025-12-02 11:55:03,Indonesia,mediaindonesia.com,To Do,TRUE,,,FALSE,Has existing newsletter - not searched for RSS yet
Български Фермер,-,N/A,-,,Bulgaria,bgfermer.bg,No feed generated,TRUE,,,FALSE,RSS discovery attempted - no feed found
Gözlem Agency Rek Bas Hiz San Tic Ltd. Şti.,-,N/A,-,,Turkey,habermilas.com,No feed generated,TRUE,,,FALSE,RSS discovery attempted - no feed found
VOA Pakistan,https://swelbyboy.github.io/prospect-rss-feeds/voa-pakistan.xml,OG,success,2025-12-02 11:55:03,United States,voadeewanews.com,To Do,TRUE,,,FALSE,Has existing newsletter - not searched for RSS yet
Nigeria Health Watch,-,N/A,-,,Nigeria,nigeriahealthwatch.com,No feed generated,TRUE,,,FALSE,RSS discovery attempted - no feed found
Daily Voice,-,N/A,-,,United States,dailyvoice.com,No feed generated,TRUE,,,FALSE,RSS discovery attempted - no feed found
Duunitori Oy,-,N/A,-,,Finland,duunitori.fi,No feed generated,TRUE,,,FALSE,RSS discovery attempted - no feed found
VOA Afghanistan,https://swelbyboy.github.io/prospect-rss-feeds/voa-afghanistan.xml,OG,success,2025-12-02 11:55:03,United States,darivoa.com,To Do,TRUE,,,FALSE,Has existing newsletter - not searched for RSS yet
Thrakinea,https://swelbyboy.github.io/prospect-rss-feeds/thrakinea.xml,OG,success,2025-12-02 11:55:05,Greece,thrakinea.gr,To Do,TRUE,,,FALSE,Has existing newsletter - not searched for RSS yet
CubsHQ,-,N/A,-,,United States,cubshq.com,No feed generated,TRUE,,,FALSE,RSS discovery attempted - no feed found
TVXS,https://swelbyboy.github.io/prospect-rss-feeds/tvxs.xml,OG,success,2025-12-02 11:55:03,Greece,tvxs.gr,To Do,TRUE,,,FALSE,Has existing newsletter - not searched for RSS yet
Mila,https://swelbyboy.github.io/prospect-rss-feeds/mila.xml,OG,success,2025-12-02 11:55:05,Bulgaria,mila.bg,To Do,TRUE,,,FALSE,Has existing newsletter - not searched for RSS yet
Totul despre mame,https://swelbyboy.github.io/prospect-rss-feeds/totul-despre-mame.xml,OG,success,2025-12-02 11:55:08,Romania,totuldespremame.ro,To Do,TRUE,,,FALSE,Has existing newsletter - not searched for RSS yet
Active Soft,-,N/A,-,,Romania,activesoft.ro,No feed generated,TRUE,,,FALSE,RSS discovery attempted - no feed found
Colorado Springs Independent,https://swelbyboy.github.io/prospect-rss-feeds/colorado-springs-independent.xml,OG,success,2025-12-02 11:55:03,United States,csindy.com,To Do,TRUE,,,FALSE,Has existing newsletter - not searched for RSS yet
Newsroom PK,https://swelbyboy.github.io/prospect-rss-feeds/newsroom-pk.xml,OG,success,2025-12-02 11:55:05,Pakistan,newsroompk.com,To Do,TRUE,,,FALSE,Has existing newsletter - not searched for RSS yet
Vogue Taiwan,https://swelbyboy.github.io/prospect-rss-feeds/vogue-taiwan.xml,OG,success,2025-12-02 11:55:07,Taiwan,vogue.com.tw,To Do,TRUE,,,FALSE,Has existing newsletter - not searched for RSS yet
Holy City Sinner,https://swelbyboy.github.io/prospect-rss-feeds/holy-city-sinner.xml,OG,success,2025-12-02 11:55:05,United States,holycitysinner.com,To Do,TRUE,,,FALSE,Has existing newsletter - not searched for RSS yet
The Right Scoop,-,N/A,-,,United States,therightscoop.com,No feed generated,TRUE,,,FALSE,RSS discovery attempted - no feed found
DOC TV,-,N/A,-,,Greece,doctv.gr,No feed generated,TRUE,,,FALSE,RSS discovery attempted - no feed found
Posna jela,-,N/A,-,,Serbia,posnajela.rs,No feed generated,TRUE,,,FALSE,RSS discovery attempted - no feed found
Outlook,-,N/A,-,,India,outlookindia.com,No feed generated,TRUE,,,FALSE,RSS discovery attempted - no feed found
Killeen Daily Herald,-,N/A,-,,United States,kdhnews.com,No feed generated,TRUE,,,FALSE,RSS discovery attempted - no feed found
EURweb,https://swelbyboy.github.io/prospect-rss-feeds/eurweb.xml,OG,success,2025-12-02 11:41:07,United States,eurweb.com,To Do,TRUE,,,FALSE,Has existing newsletter - not searched for RSS yet
Formula.hu,https://swelbyboy.github.io/prospect-rss-feeds/formula-hu.xml,OG,success,2025-12-02 11:55:09,Hungary,formula.hu,To Do,TRUE,,,FALSE,Has existing newsletter - not searched for RSS yet
PMPG Polskie Media,https://pmpg.pl/rss,Discovered-pattern,N/A,,Poland,pmpg.pl,To Do,TRUE,,,FALSE,Has existing newsletter - not searched for RSS yet
Woskar Group,-,N/A,-,,Poland,24jgora.pl,No feed generated,TRUE,,,FALSE,RSS discovery attempted - no feed found
Borsatek,https://swelbyboy.github.io/prospect-rss-feeds/borsatek.xml,OG,success,2025-12-02 11:55:07,Turkey,borsatek.com,To Do,TRUE,,,FALSE,Has existing newsletter - not searched for RSS yet
Tornos News,https://swelbyboy.github.io/prospect-rss-feeds/tornos-news.xml,OG,success,2025-12-02 11:41:11,Greece,tornosnews.gr,To Do,TRUE,,,FALSE,Has existing newsletter - not searched for RSS yet
Presencia PR,https://swelbyboy.github.io/prospect-rss-feeds/presencia-pr.xml,OG,success,2025-12-02 11:55:23,United States,presenciapr.com,To Do,TRUE,,,FALSE,Has existing newsletter - not searched for RSS yet
07 Haber Magazin,-,N/A,-,,Turkey,07haber.com.tr,No feed generated,TRUE,,,FALSE,RSS discovery attempted - no feed found
Sibiu100%,https://swelbyboy.github.io/prospect-rss-feeds/sibiu100.xml,OG,success,2025-12-02 11:41:41,Romania,sibiu100.ro,To Do,TRUE,,,FALSE,Has existing newsletter - not searched for RSS yet
acasa.ro,-,N/A,-,,Romania,acasa.ro,No feed generated,TRUE,,,FALSE,RSS discovery attempted - no feed found
REA Group,-,N/A,-,,Australia,rea-group.com,No feed generated,TRUE,,,FALSE,RSS discovery attempted - no feed found
Paladin Studios,https://swelbyboy.github.io/prospect-rss-feeds/paladin-studios.xml,OG,success,2025-12-02 11:55:08,Netherlands,paladinstudios.com,To Do,TRUE,,,FALSE,Has existing newsletter - not searched for RSS yet
Tomislav City,https://swelbyboy.github.io/prospect-rss-feeds/tomislav-city.xml,OG,success,2025-12-02 11:41:14,Bosnia and Herzegovina,tomislavcity.com,To Do,TRUE,,,FALSE,Has existing newsletter - not searched for RSS yet
Habari Media,-,N/A,-,,South Africa,habarimedia.com,No feed generated,TRUE,,,FALSE,RSS discovery attempted - no feed found
El Correo del Golfo,https://swelbyboy.github.io/prospect-rss-feeds/el-correo-del-golfo.xml,OG,success,2025-12-02 11:55:10,United Arab Emirates,elcorreo.ae,To Do,TRUE,,,FALSE,Has existing newsletter - not searched for RSS yet
Village Pipol Magazine,https://swelbyboy.github.io/prospect-rss-feeds/village-pipol-magazine.xml,OG,success,2025-12-02 11:41:29,Philippines,villagepipol.com,To Do,TRUE,,,FALSE,Has existing newsletter - not searched for RSS yet
Hagadone Media Group,https://swelbyboy.github.io/prospect-rss-feeds/hagadone-media-group.xml,OG,success,2025-12-02 11:55:13,United States,hagadonemediagroup.com,To Do,TRUE,,,FALSE,Has existing newsletter - not searched for RSS yet
Northern Sound,https://swelbyboy.github.io/prospect-rss-feeds/northern-sound.xml,OG,success,2025-12-02 11:55:17,Ireland,northernsound.ie,To Do,TRUE,,,FALSE,Has existing newsletter - not searched for RSS yet
Trikala Newsgroup,https://swelbyboy.github.io/prospect-rss-feeds/trikala-newsgroup.xml,OG,success,2025-12-02 11:55:12,Greece,trikalanews.gr,To Do,TRUE,,,FALSE,Has existing newsletter - not searched for RSS yet
OutThere Colorado,https://swelbyboy.github.io/prospect-rss-feeds/outthere-colorado.xml,OG,success,2025-12-02 11:55:10,United States,outtherecolorado.com,To Do,TRUE,,,FALSE,Has existing newsletter - not searched for RSS yet
GLOW,https://swelbyboy.github.io/prospect-rss-feeds/glow.xml,OG,success,2025-12-02 11:55:21,Greece,glow.gr,To Do,TRUE,,,FALSE,Has existing newsletter - not searched for RSS yet
AutoX,-,N/A,-,,India,autox.com,No feed generated,TRUE,,,FALSE,RSS discovery attempted - no feed found
NiusNews,https://swelbyboy.github.io/prospect-rss-feeds/niusnews.xml,OG,success,2025-12-02 11:55:12,Taiwan,niusnews.com,To Do,TRUE,,,FALSE,Has existing newsletter - not searched for RSS yet
Gazetecilik Danışmanlık Hizmetleri Ltd. Şti,https://swelbyboy.github.io/prospect-rss-feeds/gazetecilik-danışmanlık-hizmetleri-ltd--şti.xml,OG,success,2025-12-02 11:55:13,Turkey,haberaydin.com,To Do,TRUE,,,FALSE,Has existing newsletter - not searched for RSS yet
Ogdoo Music Group,https://swelbyboy.github.io/prospect-rss-feeds/ogdoo-music-group.xml,OG,success,2025-12-02 11:41:18,Greece,ogdoo.gr,To Do,TRUE,,,FALSE,Has existing newsletter - not searched for RSS yet
Navingo,-,N/A,-,,Netherlands,navingo.com,No feed generated,TRUE,,,FALSE,RSS discovery attempted - no feed found
Oto Media Filip Sobczak,https://swelbyboy.github.io/prospect-rss-feeds/oto-media-filip-sobczak.xml,OG,success,2025-12-02 11:55:13,Poland,ototorun.pl,To Do,TRUE,,,FALSE,Has existing newsletter - not searched for RSS yet
One Million by One Million,https://swelbyboy.github.io/prospect-rss-feeds/one-million-by-one-million.xml,OG,success,2025-12-02 11:55:16,United States,sramanamitra.com,To Do,TRUE,,,FALSE,Has existing newsletter - not searched for RSS yet
Parallaximag,https://swelbyboy.github.io/prospect-rss-feeds/parallaximag.xml,OG,success,2025-12-02 11:55:16,Greece,parallaximag.gr,To Do,TRUE,,,FALSE,Has existing newsletter - not searched for RSS yet
Eurogamer,https://swelbyboy.github.io/prospect-rss-feeds/eurogamer.xml,OG,success,2025-12-02 11:55:13,United Kingdom,eurogamer.net,To Do,TRUE,,,FALSE,Has existing newsletter - not searched for RSS yet
Not An Expert,https://swelbyboy.github.io/prospect-rss-feeds/not-an-expert.xml,OG,success,2025-12-02 11:41:21,Greece,notanexpert.gr,To Do,TRUE,,,FALSE,Has existing newsletter - not searched for RSS yet
The Village Reporter,https://swelbyboy.github.io/prospect-rss-feeds/the-village-reporter.xml,OG,success,2025-12-02 11:41:15,United States,thevillagereporter.com,To Do,TRUE,,,FALSE,Has existing newsletter - not searched for RSS yet
eHumor,-,N/A,-,,Poland,ehumor.pl,No feed generated,TRUE,,,FALSE,RSS discovery attempted - no feed found
Juridice,https://swelbyboy.github.io/prospect-rss-feeds/juridice.xml,OG,success,2025-12-02 11:55:32,Romania,juridice.ro,To Do,TRUE,,,FALSE,Has existing newsletter - not searched for RSS yet
POLEMI.co.uk,-,N/A,-,,United Kingdom,polemi.co.uk,No feed generated,TRUE,,,FALSE,RSS discovery attempted - no feed found
Daily News Hungary,https://swelbyboy.github.io/prospect-rss-feeds/daily-news-hungary.xml,OG,success,2025-12-02 11:55:17,Hungary,dailynewshungary.com,To Do,TRUE,,,FALSE,Has existing newsletter - not searched for RSS yet
Advance.hr,-,N/A,-,,Croatia,advance.hr,No feed generated,TRUE,,,FALSE,RSS discovery attempted - no feed found
Debati,https://swelbyboy.github.io/prospect-rss-feeds/debati.xml,OG,success,2025-12-02 11:55:16,Bulgaria,debati.bg,To Do,TRUE,,,FALSE,Has existing newsletter - not searched for RSS yet
Tidningen Ridsport,https://swelbyboy.github.io/prospect-rss-feeds/tidningen-ridsport.xml,OG,success,2025-12-02 11:41:17,Sweden,tidningenridsport.se,To Do,TRUE,,,FALSE,Has existing newsletter - not searched for RSS yet
Milat Gazetesi,https://swelbyboy.github.io/prospect-rss-feeds/milat-gazetesi.xml,OG,success,2025-12-02 11:55:16,Turkey,milatgazetesi.com,To Do,TRUE,,,FALSE,Has existing newsletter - not searched for RSS yet
Twoje Zagłębie,https://swelbyboy.github.io/prospect-rss-feeds/twoje-zagłębie.xml,OG,success,2025-12-02 11:41:26,Poland,twojezaglebie.pl,To Do,TRUE,,,FALSE,Has existing newsletter - not searched for RSS yet
ΠΟΛΙΤΗΣ ΕΕ,https://swelbyboy.github.io/prospect-rss-feeds/πολιτης-εε.xml,OG,success,2025-12-02 11:55:22,Greece,politischios.gr,To Do,TRUE,,,FALSE,Has existing newsletter - not searched for RSS yet
Outreach Media Group,https://swelbyboy.github.io/prospect-rss-feeds/outreach-media-group.xml,OG,success,2025-12-02 11:55:17,United States,outreachmediagroup.com,To Do,TRUE,,,FALSE,Has existing newsletter - not searched for RSS yet
Luxury Lifestyle,-,N/A,-,,United States,luxurylifestyle.com,No feed generated,TRUE,,,FALSE,RSS discovery attempted - no feed found
Aitnews,https://swelbyboy.github.io/prospect-rss-feeds/aitnews.xml,OG,success,2025-12-02 11:41:21,United Arab Emirates,aitnews.com,To Do,TRUE,,,FALSE,Has existing newsletter - not searched for RSS yet
Web Cukrászda,https://swelbyboy.github.io/prospect-rss-feeds/web-cukrászda.xml,OG,success,2025-12-02 11:55:24,Hungary,webcukraszda.hu,To Do,TRUE,,,FALSE,Has existing newsletter - not searched for RSS yet
ΤΕΚΜΗΡΙΩΣΗ,-,N/A,-,,Greece,taxydromos.gr,No feed generated,TRUE,,,FALSE,RSS discovery attempted - no feed found
Daily Nigerian,-,N/A,-,,Nigeria,dailynigerian.com,No feed generated,TRUE,,,FALSE,RSS discovery attempted - no feed found
Ajax Life,https://swelbyboy.github.io/prospect-rss-feeds/ajax-life.xml,OG,success,2025-12-02 11:55:17,Netherlands,ajaxlife.nl,To Do,TRUE,,,FALSE,Has existing newsletter - not searched for RSS yet
Katalogsmaków.pl,-,N/A,-,,Poland,katalogsmakow.pl,No feed generated,TRUE,,,FALSE,RSS discovery attempted - no feed found
Agro BG,https://swelbyboy.github.io/prospect-rss-feeds/agro-bg.xml,OG,success,2025-12-02 11:41:23,Bulgaria,agro.bg,To Do,TRUE,,,FALSE,Has existing newsletter - not searched for RSS yet
Koran Jakarta,-,N/A,-,,Indonesia,koran-jakarta.com,No feed generated,TRUE,,,FALSE,RSS discovery attempted - no feed found
Global Health,https://swelbyboy.github.io/prospect-rss-feeds/global-health.xml,OG,success,2025-12-02 11:55:19,Bulgaria,lekuva.net,To Do,TRUE,,,FALSE,Has existing newsletter - not searched for RSS yet
Taka Gazete,https://swelbyboy.github.io/prospect-rss-feeds/taka-gazete.xml,OG,success,2025-12-02 11:55:19,Turkey,takagazete.com.tr,To Do,TRUE,,,FALSE,Has existing newsletter - not searched for RSS yet
Vera Files,https://swelbyboy.github.io/prospect-rss-feeds/vera-files.xml,OG,success,2025-12-02 11:55:22,Philippines,verafiles.org,To Do,TRUE,,,FALSE,Newly discovered RSS feed
Naszosie,-,N/A,-,,Poland,naszosie.pl,No feed generated,TRUE,,,FALSE,RSS discovery attempted - no feed found
Kocaeli Fikir Gazetesi,https://swelbyboy.github.io/prospect-rss-feeds/kocaeli-fikir-gazetesi.xml,OG,success,2025-12-02 11:55:54,Turkey,kocaelifikir.com,To Do,TRUE,,,FALSE,Has existing newsletter - not searched for RSS yet
Info Iława,https://swelbyboy.github.io/prospect-rss-feeds/info-iława.xml,OG,success,2025-12-02 11:55:20,Poland,infoilawa.pl,To Do,TRUE,,,FALSE,Has existing newsletter - not searched for RSS yet
Qbebe,-,N/A,-,,Romania,qbebe.ro,No feed generated,TRUE,,,FALSE,RSS discovery attempted - no feed found
Air News,https://swelbyboy.github.io/prospect-rss-feeds/air-news.xml,OG,success,2025-12-02 11:41:30,Greece,airnews.gr,To Do,TRUE,,,FALSE,Has existing newsletter - not searched for RSS yet
Karaman Gündem,https://swelbyboy.github.io/prospect-rss-feeds/karaman-gündem.xml,OG,success,2025-12-02 11:55:30,Turkey,karamangundem.com,To Do,TRUE,,,FALSE,Has existing newsletter - not searched for RSS yet
WapaTV,-,N/A,-,,United States,wapa.tv,No feed generated,TRUE,,,FALSE,RSS discovery attempted - no feed found
Hukuki Haber,-,N/A,-,,Turkey,hukukihaber.net,No feed generated,TRUE,,,FALSE,RSS discovery attempted - no feed found
Provicom Multimediadiensten,-,N/A,-,,Netherlands,hvzeeland.nl,No feed generated,TRUE,,,FALSE,RSS discovery attempted - no feed found
Agroinform.hu,https://swelbyboy.github.io/prospect-rss-feeds/agroinform-hu.xml,OG,success,2025-12-02 11:55:24,Hungary,agroinform.hu,To Do,TRUE,,,FALSE,Has existing newsletter - not searched for RSS yet
AllAfrica,-,N/A,-,,South Africa,allafrica.com,No feed generated,TRUE,,,FALSE,RSS discovery attempted - no feed found
Shannonside,https://swelbyboy.github.io/prospect-rss-feeds/shannonside.xml,OG,success,2025-12-02 11:55:29,Ireland,shannonside.ie,To Do,TRUE,,,FALSE,Has existing newsletter - not searched for RSS yet
Kobieta XL,https://swelbyboy.github.io/prospect-rss-feeds/kobieta-xl.xml,OG,success,2025-12-02 11:41:21,Poland,kobietaxl.pl,To Do,TRUE,,,FALSE,Has existing newsletter - not searched for RSS yet
Kompas Blend B.V.,https://swelbyboy.github.io/prospect-rss-feeds/kompas-blend-b-v.xml,OG,success,2025-12-02 11:55:24,Netherlands,startpagina.nl,To Do,TRUE,,,FALSE,Has existing newsletter - not searched for RSS yet
Bucs Report,https://swelbyboy.github.io/prospect-rss-feeds/bucs-report.xml,OG,success,2025-12-02 11:55:24,United States,bucsreport.com,To Do,TRUE,,,FALSE,Has existing newsletter - not searched for RSS yet
Thinking Humanity,https://swelbyboy.github.io/prospect-rss-feeds/thinking-humanity.xml,OG,success,2025-12-02 11:55:23,Greece,thinkinghumanity.com,To Do,TRUE,,,FALSE,Has existing newsletter - not searched for RSS yet
Ajax1.nl,-,N/A,-,,Netherlands,ajax1.nl,No feed generated,TRUE,,,FALSE,RSS discovery attempted - no feed found
Kashmir News Observer,-,N/A,-,,India,kashmirnewsobserver.com,No feed generated,TRUE,,,FALSE,RSS discovery attempted - no feed found
Бургас,-,N/A,-,,Bulgaria,burgas.bg,No feed generated,TRUE,,,FALSE,RSS discovery attempted - no feed found
Green Box Publishing,https://swelbyboy.github.io/prospect-rss-feeds/green-box-publishing.xml,OG,success,2025-12-02 11:55:26,Greece,agronews.gr,To Do,TRUE,,,FALSE,Has existing newsletter - not searched for RSS yet
Simbis Inc,-,N/A,-,,Jamaica,jamaicans.com,No feed generated,TRUE,,,FALSE,RSS discovery attempted - no feed found
Misyjne,https://swelbyboy.github.io/prospect-rss-feeds/misyjne.xml,OG,success,2025-12-02 11:55:26,Poland,misyjne.pl,To Do,TRUE,,,FALSE,Has existing newsletter - not searched for RSS yet
Indiantelevision.com Group,-,N/A,-,,India,indiantelevision.com,No feed generated,TRUE,,,FALSE,RSS discovery attempted - no feed found
Infowoman,-,N/A,-,,Greece,infowoman.gr,No feed generated,TRUE,,,FALSE,RSS discovery attempted - no feed found
mh24.pl,-,N/A,-,,Poland,mh24.pl,No feed generated,TRUE,,,FALSE,RSS discovery attempted - no feed found
Webgradnja,-,N/A,-,,Croatia,webgradnja.hr,No feed generated,TRUE,,,FALSE,RSS discovery attempted - no feed found
KeralaHomeDesign,https://swelbyboy.github.io/prospect-rss-feeds/keralahomedesign.xml,OG,success,2025-12-02 11:55:27,India,keralahousedesigns.com,To Do,TRUE,,,FALSE,Has existing newsletter - not searched for RSS yet
Info IASI,https://swelbyboy.github.io/prospect-rss-feeds/info-iasi.xml,OG,success,2025-12-02 11:41:23,Romania,infoiasionline.ro,To Do,TRUE,,,FALSE,Has existing newsletter - not searched for RSS yet
KupiMe Doo,-,N/A,-,,Serbia,kupime.com,No feed generated,TRUE,,,FALSE,RSS discovery attempted - no feed found
Happy Tv,https://swelbyboy.github.io/prospect-rss-feeds/happy-tv.xml,OG,success,2025-12-02 11:41:26,Greece,happytv.gr,To Do,TRUE,,,FALSE,Has existing newsletter - not searched for RSS yet
Vkusi.me,https://swelbyboy.github.io/prospect-rss-feeds/vkusi-me.xml,OG,success,2025-12-02 11:55:44,Bulgaria,vkusi.me,To Do,TRUE,,,FALSE,Has existing newsletter - not searched for RSS yet
Ioulia Charistou Nutritionist,https://swelbyboy.github.io/prospect-rss-feeds/ioulia-charistou-nutritionist.xml,OG,success,2025-12-02 11:55:27,Greece,thessdiet.gr,To Do,TRUE,,,FALSE,Has existing newsletter - not searched for RSS yet
Kent Medya Grubu,-,N/A,-,,Turkey,kenttv.net,No feed generated,TRUE,,,FALSE,RSS discovery attempted - no feed found
Patrisnews.com,-,N/A,-,,Greece,patrisnews.com,No feed generated,TRUE,,,FALSE,RSS discovery attempted - no feed found
Lesvos Post,-,N/A,-,,Greece,lesvospost.com,No feed generated,TRUE,,,FALSE,RSS discovery attempted - no feed found
Logia Starata,https://swelbyboy.github.io/prospect-rss-feeds/logia-starata.xml,OG,success,2025-12-02 11:41:33,Greece,logiastarata.gr,To Do,TRUE,,,FALSE,Has existing newsletter - not searched for RSS yet
HelloLadies,https://swelbyboy.github.io/prospect-rss-feeds/helloladies.xml,OG,success,2025-12-02 11:55:34,Hungary,helloladies.hu,To Do,TRUE,,,FALSE,Has existing newsletter - not searched for RSS yet
Andro,https://swelbyboy.github.io/prospect-rss-feeds/andro.xml,OG,success,2025-12-02 11:55:30,Greece,andro.gr,To Do,TRUE,,,FALSE,Has existing newsletter - not searched for RSS yet
Novara Media,https://swelbyboy.github.io/prospect-rss-feeds/novara-media.xml,OG,success,2025-12-02 11:55:28,United Kingdom,novaramedia.com,To Do,TRUE,,,FALSE,Has existing newsletter - not searched for RSS yet
Indamedia,-,N/A,-,,Hungary,indamediasales.hu,No feed generated,TRUE,,,FALSE,RSS discovery attempted - no feed found
Desavanja u Bijeljini,https://swelbyboy.github.io/prospect-rss-feeds/desavanja-u-bijeljini.xml,OG,success,2025-12-02 11:55:32,Bosnia and Herzegovina,desavanjaubijeljini.com,To Do,TRUE,,,FALSE,Has existing newsletter - not searched for RSS yet
Utrop,https://swelbyboy.github.io/prospect-rss-feeds/utrop.xml,OG,success,2025-12-02 11:55:30,Norway,utrop.no,To Do,TRUE,,,FALSE,Has existing newsletter - not searched for RSS yet
Yıldırım Haber,https://swelbyboy.github.io/prospect-rss-feeds/yıldırım-haber.xml,OG,success,2025-12-02 11:55:30,Turkey,yildirimgazetesi.com,To Do,TRUE,,,FALSE,Has existing newsletter - not searched for RSS yet
Aftodioikisi.gr,https://swelbyboy.github.io/prospect-rss-feeds/aftodioikisi-gr.xml,OG,success,2025-12-02 11:55:32,Greece,aftodioikisi.gr,To Do,TRUE,,,FALSE,Has existing newsletter - not searched for RSS yet
AVGI SA,-,N/A,-,,Greece,avgi.gr,No feed generated,TRUE,,,FALSE,RSS discovery attempted - no feed found
Europa FM,https://swelbyboy.github.io/prospect-rss-feeds/europa-fm.xml,OG,success,2025-12-02 11:55:34,Romania,europafm.ro,To Do,TRUE,,,FALSE,Has existing newsletter - not searched for RSS yet
Užice Oglasna Tabla,https://swelbyboy.github.io/prospect-rss-feeds/užice-oglasna-tabla.xml,OG,success,2025-12-02 11:41:29,Serbia,uziceoglasnatabla.com,To Do,TRUE,,,FALSE,Has existing newsletter - not searched for RSS yet
Metroplex Social LLC,-,N/A,-,,United States,metroplexsocial.com,No feed generated,TRUE,,,FALSE,RSS discovery attempted - no feed found
Yolo.gr,https://swelbyboy.github.io/prospect-rss-feeds/yolo-gr.xml,OG,success,2025-12-02 11:55:35,Greece,y-olo.gr,To Do,TRUE,,,FALSE,Has existing newsletter - not searched for RSS yet
Diakopes,-,N/A,-,,Greece,i-diakopes.gr,No feed generated,TRUE,,,FALSE,RSS discovery attempted - no feed found
Pusula Gazetesi,-,N/A,-,,Turkey,pusulagazetesi.com.tr,No feed generated,TRUE,,,FALSE,RSS discovery attempted - no feed found
Magazin Salajean,https://swelbyboy.github.io/prospect-rss-feeds/magazin-salajean.xml,OG,success,2025-12-02 11:55:34,Romania,magazinsalajean.ro,To Do,TRUE,,,FALSE,Has existing newsletter - not searched for RSS yet
CMC Media,-,N/A,-,,Poland,cmcmedia.pl,No feed generated,TRUE,,,FALSE,RSS discovery attempted - no feed found
Samhällsnytt,https://swelbyboy.github.io/prospect-rss-feeds/samhällsnytt.xml,OG,success,2025-12-02 11:55:39,Sweden,samnytt.se,To Do,TRUE,,,FALSE,Has existing newsletter - not searched for RSS yet
Liked,https://swelbyboy.github.io/prospect-rss-feeds/liked.xml,OG,success,2025-12-02 11:55:34,Hungary,liked.hu,To Do,TRUE,,,FALSE,Has existing newsletter - not searched for RSS yet
Telegram.hr,https://swelbyboy.github.io/prospect-rss-feeds/telegram-hr.xml,OG,success,2025-12-02 11:55:35,Croatia,telegram.hr,To Do,TRUE,,,FALSE,Has existing newsletter - not searched for RSS yet
World Mobile News Network Pvt Ltd.,https://swelbyboy.github.io/prospect-rss-feeds/world-mobile-news-network-pvt-ltd.xml,OG,success,2025-12-02 11:55:49,India,newsmobile.in,To Do,TRUE,,,FALSE,Has existing newsletter - not searched for RSS yet
Agrárágazat,-,N/A,-,,Hungary,agraragazat.hu,No feed generated,TRUE,,,FALSE,RSS discovery attempted - no feed found
Zarpa News,https://swelbyboy.github.io/prospect-rss-feeds/zarpa-news.xml,OG,success,2025-12-02 11:55:39,Greece,zarpanews.gr,To Do,TRUE,,,FALSE,Has existing newsletter - not searched for RSS yet
Mototriti,-,N/A,-,,Greece,mototriti.gr,No feed generated,TRUE,,,FALSE,RSS discovery attempted - no feed found
Dimokratiki.gr,https://swelbyboy.github.io/prospect-rss-feeds/dimokratiki-gr.xml,OG,success,2025-12-02 11:55:40,Greece,dimokratiki.gr,To Do,TRUE,,,FALSE,Has existing newsletter - not searched for RSS yet
Int'l Wheelchair & Amputee Sports Federation,-,N/A,-,,United Kingdom,iwasf.com,No feed generated,TRUE,,,FALSE,RSS discovery attempted - no feed found
Mersin Portal,https://swelbyboy.github.io/prospect-rss-feeds/mersin-portal.xml,OG,success,2025-12-02 11:55:36,Turkey,mersinportal.com,To Do,TRUE,,,FALSE,Has existing newsletter - not searched for RSS yet
Anemos Radio,-,N/A,-,,Greece,anemosradio.gr,No feed generated,TRUE,,,FALSE,RSS discovery attempted - no feed found
Sakshi,https://swelbyboy.github.io/prospect-rss-feeds/sakshi.xml,OG,success,2025-12-02 11:55:36,India,sakshi.com,To Do,TRUE,,,FALSE,Has existing newsletter - not searched for RSS yet
Men's Basketball Hoopscoop,https://swelbyboy.github.io/prospect-rss-feeds/men-s-basketball-hoopscoop.xml,OG,success,2025-12-02 11:41:25,United States,mensbasketballhoopscoop.com,To Do,TRUE,,,FALSE,Has existing newsletter - not searched for RSS yet
Genius Creative Media,https://swelbyboy.github.io/prospect-rss-feeds/genius-creative-media.xml,OG,success,2025-12-02 11:55:58,India,najarbandi.in,To Do,TRUE,,,FALSE,Has existing newsletter - not searched for RSS yet
Magic FM,-,N/A,-,,Romania,magicfm.ro,No feed generated,TRUE,,,FALSE,RSS discovery attempted - no feed found
New Money Press,https://swelbyboy.github.io/prospect-rss-feeds/new-money-press.xml,OG,success,2025-12-02 11:55:37,Romania,newmoney.ro,To Do,TRUE,,,FALSE,Has existing newsletter - not searched for RSS yet
Agenţia Naţională de Presă AGERPRES,-,N/A,-,,Romania,agerpres.ro,No feed generated,TRUE,,,FALSE,RSS discovery attempted - no feed found
Edge of Humanity Magazine,https://swelbyboy.github.io/prospect-rss-feeds/edge-of-humanity-magazine.xml,OG,success,2025-12-02 11:55:47,United States,edgeofhumanity.com,To Do,TRUE,,,FALSE,Has existing newsletter - not searched for RSS yet
Afyon Haber,https://swelbyboy.github.io/prospect-rss-feeds/afyon-haber.xml,OG,success,2025-12-02 11:55:40,Turkey,afyonhaber.com,To Do,TRUE,,,FALSE,Has existing newsletter - not searched for RSS yet
9to5toys,https://swelbyboy.github.io/prospect-rss-feeds/9to5toys.xml,OG,success,2025-12-02 11:55:39,United States,9to5toys.com,To Do,TRUE,,,FALSE,Has existing newsletter - not searched for RSS yet
Infowar,https://swelbyboy.github.io/prospect-rss-feeds/infowar.xml,OG,success,2025-12-02 11:55:44,Greece,info-war.gr,To Do,TRUE,,,FALSE,Has existing newsletter - not searched for RSS yet
Urfanatik Gazetesi,-,N/A,-,,Turkey,urfanatik.com,No feed generated,TRUE,,,FALSE,RSS discovery attempted - no feed found
Katerina Tsemperlidou,https://swelbyboy.github.io/prospect-rss-feeds/katerina-tsemperlidou.xml,OG,success,2025-12-02 11:55:45,Greece,tsemperlidou.gr,To Do,TRUE,,,FALSE,Has existing newsletter - not searched for RSS yet
CDODev.Com,https://swelbyboy.github.io/prospect-rss-feeds/cdodev-com.xml,OG,success,2025-12-02 11:55:46,Philippines,cdodev.com,To Do,TRUE,,,FALSE,Has existing newsletter - not searched for RSS yet
Podmaniczky Művészeti Alapítvány,https://swelbyboy.github.io/prospect-rss-feeds/podmaniczky-művészeti-alapítvány.xml,OG,success,2025-12-02 11:55:54,Hungary,librarius.hu,To Do,TRUE,,,FALSE,Has existing newsletter - not searched for RSS yet
Aek365.com,https://swelbyboy.github.io/prospect-rss-feeds/aek365-com.xml,OG,success,2025-12-02 11:55:42,Greece,aek365.org,To Do,TRUE,,,FALSE,Has existing newsletter - not searched for RSS yet
Autonomija,https://swelbyboy.github.io/prospect-rss-feeds/autonomija.xml,OG,success,2025-12-02 11:55:53,Serbia,autonomija.info,To Do,TRUE,,,FALSE,Has existing newsletter - not searched for RSS yet
Iranian UK,https://swelbyboy.github.io/prospect-rss-feeds/iranian-uk.xml,OG,success,2025-12-02 11:55:47,United Kingdom,iranianuk.com,To Do,TRUE,,,FALSE,Has existing newsletter - not searched for RSS yet
Fagpressen,-,N/A,-,,Norway,fagpressen.no,No feed generated,TRUE,,,FALSE,RSS discovery attempted - no feed found
Pollination Publishing AS,https://swelbyboy.github.io/prospect-rss-feeds/pollination-publishing-as.xml,OG,success,2025-12-02 11:55:45,Norway,itavisen.no,To Do,TRUE,,,FALSE,Has existing newsletter - not searched for RSS yet
NK Mediagroup,https://swelbyboy.github.io/prospect-rss-feeds/nk-mediagroup.xml,OG,success,2025-12-02 11:55:47,Greece,paraskhnio.gr,To Do,TRUE,,,FALSE,Has existing newsletter - not searched for RSS yet
Cute Animal Planet,https://swelbyboy.github.io/prospect-rss-feeds/cute-animal-planet.xml,OG,success,2025-12-02 11:55:46,Romania,cuteanimalplanet.com,To Do,TRUE,,,FALSE,Has existing newsletter - not searched for RSS yet
LegeStart,-,N/A,-,,Romania,legestart.ro,No feed generated,TRUE,,,FALSE,RSS discovery attempted - no feed found
Nereye Dergisi,https://swelbyboy.github.io/prospect-rss-feeds/nereye-dergisi.xml,OG,success,2025-12-02 11:41:32,Turkey,nereye.com.tr,To Do,TRUE,,,FALSE,Has existing newsletter - not searched for RSS yet
Djole Dog,-,N/A,-,,Serbia,djole.dog,No feed generated,TRUE,,,FALSE,RSS discovery attempted - no feed found
Wayne Dupree Show,https://swelbyboy.github.io/prospect-rss-feeds/wayne-dupree-show.xml,OG,success,2025-12-02 11:56:10,United States,waynedupree.com,To Do,TRUE,,,FALSE,Has existing newsletter - not searched for RSS yet
Cap Limpede,https://swelbyboy.github.io/prospect-rss-feeds/cap-limpede.xml,OG,success,2025-12-02 11:41:28,Romania,caplimpede.ro,To Do,TRUE,,,FALSE,Has existing newsletter - not searched for RSS yet
SwimSwam,https://swelbyboy.github.io/prospect-rss-feeds/swimswam.xml,OG,success,2025-12-02 11:55:48,United States,swimswam.com,To Do,TRUE,,,FALSE,Has existing newsletter - not searched for RSS yet
Biz Brasov,https://swelbyboy.github.io/prospect-rss-feeds/biz-brasov.xml,OG,success,2025-12-02 11:41:29,Romania,bizbrasov.ro,To Do,TRUE,,,FALSE,Has existing newsletter - not searched for RSS yet
Olagiatingunaika.gr,https://swelbyboy.github.io/prospect-rss-feeds/olagiatingunaika-gr.xml,OG,success,2025-12-02 11:55:53,Greece,olagiatingunaika.gr,To Do,TRUE,,,FALSE,Has existing newsletter - not searched for RSS yet
Air News Times,-,N/A,-,,Turkey,airnewstimes.com,No feed generated,TRUE,,,FALSE,RSS discovery attempted - no feed found
DRIVE Magazine,https://swelbyboy.github.io/prospect-rss-feeds/drive-magazine.xml,OG,success,2025-12-02 11:55:52,Greece,drive.gr,To Do,TRUE,,,FALSE,Has existing newsletter - not searched for RSS yet
Money & Markets,https://swelbyboy.github.io/prospect-rss-feeds/money---markets.xml,OG,success,2025-12-02 11:55:49,United States,moneyandmarkets.com,To Do,TRUE,,,FALSE,Has existing newsletter - not searched for RSS yet
Besno Pile,https://swelbyboy.github.io/prospect-rss-feeds/besno-pile.xml,OG,success,2025-12-02 11:55:51,Serbia,besnopile.rs,To Do,TRUE,,,FALSE,Has existing newsletter - not searched for RSS yet
Slidety.com,-,N/A,-,,Poland,slidety.com,No feed generated,TRUE,,,FALSE,RSS discovery attempted - no feed found
SfatulParintilor.ro,https://swelbyboy.github.io/prospect-rss-feeds/sfatulparintilor-ro.xml,OG,success,2025-12-02 11:55:52,Romania,sfatulparintilor.ro,To Do,TRUE,,,FALSE,Has existing newsletter - not searched for RSS yet
SofokleousIn.gr,https://swelbyboy.github.io/prospect-rss-feeds/sofokleousin-gr.xml,OG,success,2025-12-02 11:55:52,Greece,sofokleousin.gr,To Do,TRUE,,,FALSE,Has existing newsletter - not searched for RSS yet
JoyNewsBD,https://swelbyboy.github.io/prospect-rss-feeds/joynewsbd.xml,OG,success,2025-12-02 11:56:01,Bangladesh,joynewsbd.com,To Do,TRUE,,,FALSE,Has existing newsletter - not searched for RSS yet
ROmedic,-,N/A,-,,Romania,romedic.ro,No feed generated,TRUE,,,FALSE,RSS discovery attempted - no feed found
ekefalonia.gr,https://swelbyboy.github.io/prospect-rss-feeds/ekefalonia-gr.xml,OG,success,2025-12-02 11:55:59,Greece,ekefalonia.gr,To Do,TRUE,,,FALSE,Has existing newsletter - not searched for RSS yet
Ultima Fază,https://swelbyboy.github.io/prospect-rss-feeds/ultima-fază.xml,OG,success,2025-12-02 11:55:55,Romania,ultimafaza.ro,To Do,TRUE,,,FALSE,Has existing newsletter - not searched for RSS yet
Bandwagon,https://swelbyboy.github.io/prospect-rss-feeds/bandwagon.xml,OG,success,2025-12-02 11:55:55,Singapore,bandwagon.asia,To Do,TRUE,,,FALSE,Has existing newsletter - not searched for RSS yet
JuniorsClub.gr,https://swelbyboy.github.io/prospect-rss-feeds/juniorsclub-gr.xml,OG,success,2025-12-02 11:55:55,Greece,juniorsclub.gr,To Do,TRUE,,,FALSE,Has existing newsletter - not searched for RSS yet
grambanglanews24.com,https://swelbyboy.github.io/prospect-rss-feeds/grambanglanews24-com.xml,OG,success,2025-12-02 11:56:19,Bangladesh,grambanglanews24.com,To Do,TRUE,,,FALSE,Has existing newsletter - not searched for RSS yet
Bucurestii Vechi si Noi,https://swelbyboy.github.io/prospect-rss-feeds/bucurestii-vechi-si-noi.xml,OG,success,2025-12-02 11:56:01,Romania,bucurestiivechisinoi.ro,To Do,TRUE,,,FALSE,Has existing newsletter - not searched for RSS yet
獨立媒體 inmediahk.net,-,N/A,-,,Hong Kong,inmediahk.net,No feed generated,TRUE,,,FALSE,RSS discovery attempted - no feed found
National Herald,https://swelbyboy.github.io/prospect-rss-feeds/national-herald.xml,OG,success,2025-12-02 11:55:56,India,nationalheraldindia.com,To Do,TRUE,,,FALSE,Has existing newsletter - not searched for RSS yet
Compsmag,https://swelbyboy.github.io/prospect-rss-feeds/compsmag.xml,OG,success,2025-12-02 11:55:55,India,compsmag.com,To Do,TRUE,,,FALSE,Has existing newsletter - not searched for RSS yet
Flux24,https://swelbyboy.github.io/prospect-rss-feeds/flux24.xml,OG,success,2025-12-02 11:55:57,Romania,flux24.ro,To Do,TRUE,,,FALSE,Has existing newsletter - not searched for RSS yet
Kentucky Sports Radio,-,N/A,-,,United States,kentuckysportsradio.com,No feed generated,TRUE,,,FALSE,RSS discovery attempted - no feed found
Autotriti.gr,-,N/A,-,,Greece,autotriti.gr,No feed generated,TRUE,,,FALSE,RSS discovery attempted - no feed found
TechGear,https://swelbyboy.github.io/prospect-rss-feeds/techgear.xml,OG,success,2025-12-02 11:56:12,Greece,techgear.gr,To Do,TRUE,,,FALSE,Has existing newsletter - not searched for RSS yet
Artful Living,-,N/A,-,,Turkey,artfulliving.com.tr,No feed generated,TRUE,,,FALSE,RSS discovery attempted - no feed found
Motywacja non stop,https://swelbyboy.github.io/prospect-rss-feeds/motywacja-non-stop.xml,OG,success,2025-12-02 11:55:58,Poland,motywacjanonstop.pl,To Do,TRUE,,,FALSE,Has existing newsletter - not searched for RSS yet
Cyclades24.gr,https://swelbyboy.github.io/prospect-rss-feeds/cyclades24-gr.xml,OG,success,2025-12-02 11:56:02,Greece,cyclades24.gr,To Do,TRUE,,,FALSE,Has existing newsletter - not searched for RSS yet
ANM News,https://swelbyboy.github.io/prospect-rss-feeds/anm-news.xml,OG,success,2025-12-02 11:56:00,India,anmnews.in,To Do,TRUE,,,FALSE,Has existing newsletter - not searched for RSS yet
Diorismos.gr,https://swelbyboy.github.io/prospect-rss-feeds/diorismos-gr.xml,OG,success,2025-12-02 11:56:01,Greece,diorismos.gr,To Do,TRUE,,,FALSE,Has existing newsletter - not searched for RSS yet
Baschet Media,-,N/A,-,,Romania,baschet.ro,No feed generated,TRUE,,,FALSE,RSS discovery attempted - no feed found
North Country Now,-,N/A,-,,United States,northcountrynow.com,No feed generated,TRUE,,,FALSE,RSS discovery attempted - no feed found
Lipjani News Medie SHPK,https://swelbyboy.github.io/prospect-rss-feeds/lipjani-news-medie-shpk.xml,OG,success,2025-12-02 11:56:01,Serbia,lipjaninews.com,To Do,TRUE,,,FALSE,Has existing newsletter - not searched for RSS yet
DivaHair,-,N/A,-,,Romania,divahair.ro,No feed generated,TRUE,,,FALSE,RSS discovery attempted - no feed found
Sanatatea Press Group,https://swelbyboy.github.io/prospect-rss-feeds/sanatatea-press-group.xml,OG,success,2025-12-02 11:41:32,Romania,sanatateapress.ro,To Do,TRUE,,,FALSE,Has existing newsletter - not searched for RSS yet
Psihologia de Azi,https://swelbyboy.github.io/prospect-rss-feeds/psihologia-de-azi.xml,OG,success,2025-12-02 11:41:31,Romania,psihologiadeazi.ro,To Do,TRUE,,,FALSE,Has existing newsletter - not searched for RSS yet
MAXMAG,https://swelbyboy.github.io/prospect-rss-feeds/maxmag.xml,OG,success,2025-12-02 11:42:25,Greece,maxmag.gr,To Do,TRUE,,,FALSE,Has existing newsletter - not searched for RSS yet
Carson Now,https://swelbyboy.github.io/prospect-rss-feeds/carson-now.xml,OG,success,2025-12-02 11:56:16,United States,carsonnow.org,To Do,TRUE,,,FALSE,Has existing newsletter - not searched for RSS yet
PlayTech.ro,https://swelbyboy.github.io/prospect-rss-feeds/playtech-ro.xml,OG,success,2025-12-02 11:56:03,Romania,playtech.ro,To Do,TRUE,,,FALSE,Has existing newsletter - not searched for RSS yet
AlokitoBhola-আলোকিত ভোলা,-,N/A,-,,Bangladesh,alokitobhola.com,No feed generated,TRUE,,,FALSE,RSS discovery attempted - no feed found
Stiri din Bucovina,-,N/A,-,,Romania,stiridinbucovina.ro,No feed generated,TRUE,,,FALSE,RSS discovery attempted - no feed found
Cevabun.ro,https://swelbyboy.github.io/prospect-rss-feeds/cevabun-ro.xml,OG,success,2025-12-07 22:13:14,Romania,cevabun.ro,To Do,TRUE,,,FALSE,Has existing newsletter - not searched for RSS yet
Antikleidi,-,N/A,-,,Greece,antikleidi.com,No feed generated,TRUE,,,FALSE,RSS discovery attempted - no feed found
BUZAU ONLINE,https://swelbyboy.github.io/prospect-rss-feeds/buzau-online.xml,OG,success,2025-12-02 11:56:05,Romania,buzau.net,To Do,TRUE,,,FALSE,Has existing newsletter - not searched for RSS yet
Ziare,-,N/A,-,,Romania,ziare.com,No feed generated,TRUE,,,FALSE,RSS discovery attempted - no feed found
Suprabhaatham,https://swelbyboy.github.io/prospect-rss-feeds/suprabhaatham.xml,OG,success,2025-12-02 11:56:05,India,suprabhaatham.com,To Do,TRUE,,,FALSE,Has existing newsletter - not searched for RSS yet
Times New Roman Media,https://swelbyboy.github.io/prospect-rss-feeds/times-new-roman-media.xml,OG,success,2025-12-02 11:56:04,Romania,timesnewroman.ro,To Do,TRUE,,,FALSE,Has existing newsletter - not searched for RSS yet
Ecosnippets,https://swelbyboy.github.io/prospect-rss-feeds/ecosnippets.xml,OG,success,2025-12-02 11:56:13,United Kingdom,ecosnippets.com,To Do,TRUE,,,FALSE,Has existing newsletter - not searched for RSS yet
My Lomza,-,N/A,-,,Poland,mylomza.pl,No feed generated,TRUE,,,FALSE,RSS discovery attempted - no feed found
Fractal,https://swelbyboy.github.io/prospect-rss-feeds/fractal.xml,OG,success,2025-12-02 11:41:39,Greece,fractalart.gr,To Do,TRUE,,,FALSE,Has existing newsletter - not searched for RSS yet
News.gr,https://swelbyboy.github.io/prospect-rss-feeds/news-gr.xml,OG,success,2025-12-02 11:56:06,Greece,news.gr,To Do,TRUE,,,FALSE,Has existing newsletter - not searched for RSS yet
STIRI de CLUJ,https://swelbyboy.github.io/prospect-rss-feeds/stiri-de-cluj.xml,OG,success,2025-12-02 11:56:09,Romania,stiridecluj.ro,To Do,TRUE,,,FALSE,Has existing newsletter - not searched for RSS yet
Prokal Multimedia,-,N/A,-,,Indonesia,prokal.co,No feed generated,TRUE,,,FALSE,RSS discovery attempted - no feed found
Mesmerizing words,https://swelbyboy.github.io/prospect-rss-feeds/mesmerizing-words.xml,OG,success,2025-12-02 11:56:06,India,mesmerizingwords.com,To Do,TRUE,,,FALSE,Has existing newsletter - not searched for RSS yet
Bollyy,https://swelbyboy.github.io/prospect-rss-feeds/bollyy.xml,OG,success,2025-12-02 11:56:09,India,bollyy.com,To Do,TRUE,,,FALSE,Has existing newsletter - not searched for RSS yet
Baby Chakra,-,N/A,-,,India,babychakra.com,No feed generated,TRUE,,,FALSE,RSS discovery attempted - no feed found
EpirusNow.gr,https://swelbyboy.github.io/prospect-rss-feeds/epirusnow-gr.xml,OG,success,2025-12-02 11:41:34,Greece,epirusnow.gr,To Do,TRUE,,,FALSE,Has existing newsletter - not searched for RSS yet
Lawnet,https://swelbyboy.github.io/prospect-rss-feeds/lawnet.xml,OG,success,2025-12-02 11:41:33,Greece,lawnet.gr,To Do,TRUE,,,FALSE,Has existing newsletter - not searched for RSS yet
Főtér,https://swelbyboy.github.io/prospect-rss-feeds/főtér.xml,OG,success,2025-12-02 11:56:16,Romania,foter.ro,To Do,TRUE,,,FALSE,Has existing newsletter - not searched for RSS yet
start-up.ro,https://swelbyboy.github.io/prospect-rss-feeds/start-up-ro.xml,OG,success,2025-12-02 11:56:12,Romania,start-up.ro,To Do,TRUE,,,FALSE,Has existing newsletter - not searched for RSS yet
Eλληνοφρενεια,-,N/A,-,,Greece,ellinofreneianet.gr,No feed generated,TRUE,,,FALSE,RSS discovery attempted - no feed found
Couponing with Rachel,-,N/A,-,,United States,couponingwithrachel.com,No feed generated,TRUE,,,FALSE,RSS discovery attempted - no feed found
Nassosblog,https://swelbyboy.github.io/prospect-rss-feeds/nassosblog.xml,OG,success,2025-12-02 11:56:07,Greece,nassosblog.gr,To Do,TRUE,,,FALSE,Has existing newsletter - not searched for RSS yet
Csaladinet.hu,https://swelbyboy.github.io/prospect-rss-feeds/csaladinet-hu.xml,OG,success,2025-12-02 11:56:24,Hungary,csaladinet.hu,To Do,TRUE,,,FALSE,Has existing newsletter - not searched for RSS yet
FXStreet,https://swelbyboy.github.io/prospect-rss-feeds/fxstreet.xml,OG,success,2025-12-02 11:56:19,Greece,fxstreet.com,To Do,TRUE,,,FALSE,Has existing newsletter - not searched for RSS yet
ABC Media Ltd,-,N/A,-,,United States,zerohedge.com,No feed generated,TRUE,,,FALSE,RSS discovery attempted - no feed found
Realitatea Media,-,N/A,-,,Romania,realitateamedia.ro,No feed generated,TRUE,,,FALSE,RSS discovery attempted - no feed found
Awesome Gang,https://swelbyboy.github.io/prospect-rss-feeds/awesome-gang.xml,OG,success,2025-12-02 11:56:16,United States,awesomegang.com,To Do,TRUE,,,FALSE,Has existing newsletter - not searched for RSS yet
Autónavigátor.hu,https://swelbyboy.github.io/prospect-rss-feeds/autónavigátor-hu.xml,OG,success,2025-12-02 11:56:18,Hungary,autonavigator.hu,To Do,TRUE,,,FALSE,Has existing newsletter - not searched for RSS yet
Diastixo.gr,-,N/A,-,,Greece,diastixo.gr,No feed generated,TRUE,,,FALSE,RSS discovery attempted - no feed found
Catchy.ro,https://swelbyboy.github.io/prospect-rss-feeds/catchy-ro.xml,OG,success,2025-12-02 11:41:53,Romania,catchy.ro,To Do,TRUE,,,FALSE,Has existing newsletter - not searched for RSS yet
επιχειρώ,-,N/A,-,,Greece,epixeiro.gr,No feed generated,TRUE,,,FALSE,RSS discovery attempted - no feed found
Kosova Sot Online,https://swelbyboy.github.io/prospect-rss-feeds/kosova-sot-online.xml,OG,success,2025-12-02 11:56:22,Serbia,kosova-sot.info,To Do,TRUE,,,FALSE,Has existing newsletter - not searched for RSS yet
ErgasiaTora.gr,https://swelbyboy.github.io/prospect-rss-feeds/ergasiatora-gr.xml,OG,success,2025-12-02 11:56:18,Greece,ergasiatora.gr,To Do,TRUE,,,FALSE,Has existing newsletter - not searched for RSS yet
KamuAjans,https://swelbyboy.github.io/prospect-rss-feeds/kamuajans.xml,OG,success,2025-12-02 11:56:17,Turkey,kamuajans.com,To Do,TRUE,,,FALSE,Has existing newsletter - not searched for RSS yet
Filantropikum.com,https://swelbyboy.github.io/prospect-rss-feeds/filantropikum-com.xml,OG,success,2025-12-02 11:41:35,Romania,filantropikum.com,To Do,TRUE,,,FALSE,Has existing newsletter - not searched for RSS yet
John Pavlovitz,https://swelbyboy.github.io/prospect-rss-feeds/john-pavlovitz.xml,OG,success,2025-12-02 11:56:18,United States,johnpavlovitz.com,To Do,TRUE,,,FALSE,Has existing newsletter - not searched for RSS yet
Bartın.info,https://swelbyboy.github.io/prospect-rss-feeds/bartın-info.xml,OG,success,2025-12-02 11:56:31,Turkey,bartin.info,To Do,TRUE,,,FALSE,Has existing newsletter - not searched for RSS yet
Progressive Christianity,https://swelbyboy.github.io/prospect-rss-feeds/progressive-christianity.xml,OG,success,2025-12-02 11:56:18,United States,progressivechristianity.org,To Do,TRUE,,,FALSE,Has existing newsletter - not searched for RSS yet
Katiousa.gr,https://swelbyboy.github.io/prospect-rss-feeds/katiousa-gr.xml,OG,success,2025-12-02 11:56:22,Greece,katiousa.gr,To Do,TRUE,,,FALSE,Has existing newsletter - not searched for RSS yet
e-dimosio.gr,https://swelbyboy.github.io/prospect-rss-feeds/e-dimosio-gr.xml,OG,success,2025-12-02 11:41:40,Greece,e-dimosio.gr,To Do,TRUE,,,FALSE,Has existing newsletter - not searched for RSS yet
Alfavita,https://swelbyboy.github.io/prospect-rss-feeds/alfavita.xml,OG,success,2025-12-02 11:56:21,Greece,alfavita.gr,To Do,TRUE,,,FALSE,Has existing newsletter - not searched for RSS yet
Ziarul Metropolis,-,N/A,-,,Romania,ziarulmetropolis.ro,No feed generated,TRUE,,,FALSE,RSS discovery attempted - no feed found
GujjuRocks,https://swelbyboy.github.io/prospect-rss-feeds/gujjurocks.xml,OG,success,2025-12-02 11:56:19,India,gujjurocks.in,To Do,TRUE,,,FALSE,Has existing newsletter - not searched for RSS yet
T客邦,https://swelbyboy.github.io/prospect-rss-feeds/t客邦.xml,OG,success,2025-12-02 11:56:23,Taiwan,techbang.com,To Do,TRUE,,,FALSE,Has existing newsletter - not searched for RSS yet
Sunt Sanatos,https://swelbyboy.github.io/prospect-rss-feeds/sunt-sanatos.xml,OG,success,2025-12-02 11:41:36,Romania,suntsanatos.ro,To Do,TRUE,,,FALSE,Has existing newsletter - not searched for RSS yet
Copilul.ro,https://swelbyboy.github.io/prospect-rss-feeds/copilul-ro.xml,OG,success,2025-12-02 11:56:32,Romania,copilul.ro,To Do,TRUE,,,FALSE,Has existing newsletter - not searched for RSS yet
Cariere,-,N/A,-,,Romania,revistacariere.ro,No feed generated,TRUE,,,FALSE,RSS discovery attempted - no feed found
Runner Magazine,https://swelbyboy.github.io/prospect-rss-feeds/runner-magazine.xml,OG,success,2025-12-02 11:56:27,Greece,runnermagazine.gr,To Do,TRUE,,,FALSE,Has existing newsletter - not searched for RSS yet
Bar and Bench,https://swelbyboy.github.io/prospect-rss-feeds/bar-and-bench.xml,OG,success,2025-12-02 11:56:20,India,barandbench.com,To Do,TRUE,,,FALSE,Has existing newsletter - not searched for RSS yet
EProperty News,-,N/A,-,,South Africa,eprop.co.za,No feed generated,TRUE,,,FALSE,RSS discovery attempted - no feed found
Homo Evolution,https://swelbyboy.github.io/prospect-rss-feeds/homo-evolution.xml,OG,success,2025-12-02 11:56:20,Greece,homoevolution.com,To Do,TRUE,,,FALSE,Has existing newsletter - not searched for RSS yet
Beepdo,-,N/A,-,,Indonesia,beepdo.com,No feed generated,TRUE,,,FALSE,RSS discovery attempted - no feed found
Naftika Chronika,https://swelbyboy.github.io/prospect-rss-feeds/naftika-chronika.xml,OG,success,2025-12-02 11:56:23,Greece,naftikachronika.gr,To Do,TRUE,,,FALSE,Has existing newsletter - not searched for RSS yet
CekAja.com,-,N/A,-,,Indonesia,cekaja.com,No feed generated,TRUE,,,FALSE,RSS discovery attempted - no feed found
Pacific Daily News,-,N/A,-,,United States,guampdn.com,No feed generated,TRUE,,,FALSE,RSS discovery attempted - no feed found
Spotted Lublin,https://swelbyboy.github.io/prospect-rss-feeds/spotted-lublin.xml,OG,success,2025-12-02 11:56:26,Poland,spottedlublin.pl,To Do,TRUE,,,FALSE,Has existing newsletter - not searched for RSS yet
Indian Autos Blog,https://indianautosblog.com/feed,Discovered-autodiscovery,failed,2025-12-21 22:13:02,India,indianautosblog.com,To Do,TRUE,,,FALSE,Has existing newsletter - not searched for RSS yet
Bulgarian News Agency,-,N/A,-,,Bulgaria,bta.bg,No feed generated,TRUE,,,FALSE,RSS discovery attempted - no feed found
Youth Carnival,https://swelbyboy.github.io/prospect-rss-feeds/youth-carnival.xml,OG,success,2025-12-02 11:56:23,Bangladesh,youthcarnival.org,To Do,TRUE,,,FALSE,Has existing newsletter - not searched for RSS yet
Zee Business,https://swelbyboy.github.io/prospect-rss-feeds/zee-business.xml,OG,success,2025-12-02 11:57:39,India,zeebiz.com,To Do,TRUE,,,FALSE,Has existing newsletter - not searched for RSS yet
MCPR Montgomery County Police Reporter,https://swelbyboy.github.io/prospect-rss-feeds/mcpr-montgomery-county-police-reporter.xml,OG,success,2025-12-02 11:56:23,United States,montgomerycountypolicereporter.com,To Do,TRUE,,,FALSE,Has existing newsletter - not searched for RSS yet
Sabrang,https://swelbyboy.github.io/prospect-rss-feeds/sabrang.xml,OG,success,2025-12-02 11:56:25,India,sabrangindia.in,To Do,TRUE,,,FALSE,Has existing newsletter - not searched for RSS yet
Digital Broker Ventures,https://swelbyboy.github.io/prospect-rss-feeds/digital-broker-ventures.xml,OG,success,2025-12-02 11:56:27,Australia,dbventures.io,To Do,TRUE,,,FALSE,Has existing newsletter - not searched for RSS yet
Lider Media,https://swelbyboy.github.io/prospect-rss-feeds/lider-media.xml,OG,success,2025-12-02 11:56:26,Croatia,lider.media,To Do,TRUE,,,FALSE,Has existing newsletter - not searched for RSS yet
Infobunda,-,N/A,-,,Indonesia,infobunda.com,No feed generated,TRUE,,,FALSE,RSS discovery attempted - no feed found
TheaterMania,https://swelbyboy.github.io/prospect-rss-feeds/theatermania.xml,OG,success,2025-12-02 11:56:24,United States,theatermania.com,To Do,TRUE,,,FALSE,Has existing newsletter - not searched for RSS yet
CGM,https://swelbyboy.github.io/prospect-rss-feeds/cgm.xml,OG,success,2025-12-02 11:56:39,Poland,cgm.pl,To Do,TRUE,,,FALSE,Has existing newsletter - not searched for RSS yet
Filing,https://swelbyboy.github.io/prospect-rss-feeds/filing.xml,OG,success,2025-12-02 11:56:26,Poland,samequizy.pl,To Do,TRUE,,,FALSE,Has existing newsletter - not searched for RSS yet
World Traveler,https://swelbyboy.github.io/prospect-rss-feeds/world-traveler.xml,OG,success,2025-12-02 11:41:39,Hungary,vilagutazo.net,To Do,TRUE,,,FALSE,Has existing newsletter - not searched for RSS yet
Feyenoordpings,-,N/A,-,,Netherlands,feyenoordpings.nl,No feed generated,TRUE,,,FALSE,RSS discovery attempted - no feed found
StateCollege.com,https://swelbyboy.github.io/prospect-rss-feeds/statecollege-com.xml,OG,success,2025-12-02 11:56:27,United States,statecollege.com,To Do,TRUE,,,FALSE,Has existing newsletter - not searched for RSS yet
History of Royal Women,https://swelbyboy.github.io/prospect-rss-feeds/history-of-royal-women.xml,OG,success,2025-12-02 11:41:46,Netherlands,historyofroyalwomen.com,To Do,TRUE,,,FALSE,Has existing newsletter - not searched for RSS yet
Maasranga News,-,N/A,-,,Bangladesh,maasranga24.com,No feed generated,TRUE,,,FALSE,RSS discovery attempted - no feed found
Tax Scan,https://swelbyboy.github.io/prospect-rss-feeds/tax-scan.xml,OG,success,2025-12-02 11:56:33,India,taxscan.in,To Do,TRUE,,,FALSE,Has existing newsletter - not searched for RSS yet
Onno Diganta,-,N/A,-,,Bangladesh,onnoekdiganta.com,No feed generated,TRUE,,,FALSE,RSS discovery attempted - no feed found
Topnovini.bg,-,N/A,-,,Bulgaria,topnovini.bg,No feed generated,TRUE,,,FALSE,RSS discovery attempted - no feed found
Greater Jammu,-,N/A,-,,India,greaterjammu.com,No feed generated,TRUE,,,FALSE,RSS discovery attempted - no feed found
South Indian Jewellery,https://swelbyboy.github.io/prospect-rss-feeds/south-indian-jewellery.xml,OG,success,2025-12-02 11:41:43,India,southjewellery.com,To Do,TRUE,,,FALSE,Has existing newsletter - not searched for RSS yet
World Socialist Web Site,-,N/A,-,,United States,wsws.org,No feed generated,TRUE,,,FALSE,RSS discovery attempted - no feed found
Speedcafe.com,https://swelbyboy.github.io/prospect-rss-feeds/speedcafe-com.xml,OG,success,2025-12-02 11:56:38,Australia,speedcafe.com,To Do,TRUE,,,FALSE,Has existing newsletter - not searched for RSS yet
SneakerFiles,https://swelbyboy.github.io/prospect-rss-feeds/sneakerfiles.xml,OG,success,2025-12-02 11:56:28,United States,sneakerfiles.com,To Do,TRUE,,,FALSE,Has existing newsletter - not searched for RSS yet
Globe Media Group,https://swelbyboy.github.io/prospect-rss-feeds/globe-media-group.xml,OG,success,2025-12-02 11:56:29,Indonesia,jakartaglobe.id,To Do,TRUE,,,FALSE,Has existing newsletter - not searched for RSS yet
Amerikalı Türkler,https://swelbyboy.github.io/prospect-rss-feeds/amerikalı-türkler.xml,OG,success,2025-12-02 11:56:42,United States,amerikaliturk.com,To Do,TRUE,,,FALSE,Has existing newsletter - not searched for RSS yet
Final Score Media LTD,https://swelbyboy.github.io/prospect-rss-feeds/final-score-media-ltd.xml,OG,success,2025-12-02 11:41:44,Hungary,nb1.hu,To Do,TRUE,,,FALSE,Has existing newsletter - not searched for RSS yet
Popdiaries,https://swelbyboy.github.io/prospect-rss-feeds/popdiaries.xml,OG,success,2025-12-02 11:56:32,India,popdiaries.com,To Do,TRUE,,,FALSE,Has existing newsletter - not searched for RSS yet
Reporter Live,-,N/A,-,,India,reporterlive.com,No feed generated,TRUE,,,FALSE,RSS discovery attempted - no feed found
ICC,-,N/A,-,,United Arab Emirates,icc-cricket.com,No feed generated,TRUE,,,FALSE,RSS discovery attempted - no feed found
BeautyExchange.com,https://swelbyboy.github.io/prospect-rss-feeds/beautyexchange-com.xml,OG,success,2025-12-02 11:56:58,Hong Kong,beautyexchange.com.hk,To Do,TRUE,,,FALSE,Has existing newsletter - not searched for RSS yet
Padma News,https://swelbyboy.github.io/prospect-rss-feeds/padma-news.xml,OG,success,2025-12-02 11:57:19,Bangladesh,padmanews24.com,To Do,TRUE,,,FALSE,Has existing newsletter - not searched for RSS yet
Lupa.bg,-,N/A,-,,Bulgaria,lupa.bg,No feed generated,TRUE,,,FALSE,RSS discovery attempted - no feed found
Deshbandhu,https://swelbyboy.github.io/prospect-rss-feeds/deshbandhu.xml,OG,success,2025-12-02 11:56:37,India,deshbandhu.co.in,To Do,TRUE,,,FALSE,Has existing newsletter - not searched for RSS yet
Hindu Post,https://swelbyboy.github.io/prospect-rss-feeds/hindu-post.xml,OG,success,2025-12-02 11:41:41,India,hindupost.in,To Do,TRUE,,,FALSE,Has existing newsletter - not searched for RSS yet
State Times,https://swelbyboy.github.io/prospect-rss-feeds/state-times.xml,OG,success,2025-12-02 11:56:35,India,web.statetimes.in,To Do,TRUE,,,FALSE,Has existing newsletter - not searched for RSS yet
Innovative Media,https://swelbyboy.github.io/prospect-rss-feeds/innovative-media.xml,OG,success,2025-12-02 11:56:35,United States,zenit.org,To Do,TRUE,,,FALSE,Has existing newsletter - not searched for RSS yet
HotHardware,https://swelbyboy.github.io/prospect-rss-feeds/hothardware.xml,OG,success,2025-12-02 11:56:35,Australia,hothardware.com,To Do,TRUE,,,FALSE,Newly discovered RSS feed
Sneaker Bar Detroit,https://swelbyboy.github.io/prospect-rss-feeds/sneaker-bar-detroit.xml,OG,success,2025-12-02 11:56:36,United States,sneakerbardetroit.com,To Do,TRUE,,,FALSE,Has existing newsletter - not searched for RSS yet
RadioDMS.com,https://swelbyboy.github.io/prospect-rss-feeds/radiodms-com.xml,OG,success,2025-12-02 11:41:44,Indonesia,radiodms.com,To Do,TRUE,,,FALSE,Has existing newsletter - not searched for RSS yet
Spiritualify,https://swelbyboy.github.io/prospect-rss-feeds/spiritualify.xml,OG,success,2025-12-02 11:56:37,United States,spiritualify.org,To Do,TRUE,,,FALSE,Has existing newsletter - not searched for RSS yet
Beauty美人圈,https://swelbyboy.github.io/prospect-rss-feeds/beauty美人圈.xml,OG,success,2025-12-02 11:56:38,Taiwan,beauty321.com,To Do,TRUE,,,FALSE,Has existing newsletter - not searched for RSS yet
St. George News,-,N/A,-,,United States,stgeorgeutah.com,No feed generated,TRUE,,,FALSE,RSS discovery attempted - no feed found
Punto Central Luzo,https://swelbyboy.github.io/prospect-rss-feeds/punto-central-luzo.xml,OG,success,2025-12-02 11:57:45,Philippines,punto.com.ph,To Do,TRUE,,,FALSE,Newly discovered RSS feed
FreeDomMedia,https://swelbyboy.github.io/prospect-rss-feeds/freedommedia.xml,OG,success,2025-12-21 22:13:05,Poland,warszawskagazeta.pl,To Do,TRUE,,,FALSE,Has existing newsletter - not searched for RSS yet
VOA Korea,https://swelbyboy.github.io/prospect-rss-feeds/voa-korea.xml,OG,success,2025-12-02 11:56:41,United States,voakorea.com,To Do,TRUE,,,FALSE,Has existing newsletter - not searched for RSS yet
Mitrovica SOT,https://swelbyboy.github.io/prospect-rss-feeds/mitrovica-sot.xml,OG,success,2025-12-02 11:56:52,Serbia,mitrovicasot.net,To Do,TRUE,,,FALSE,Has existing newsletter - not searched for RSS yet
Florida Politics,https://swelbyboy.github.io/prospect-rss-feeds/florida-politics.xml,OG,success,2025-12-02 11:56:39,United States,floridapolitics.com,To Do,TRUE,,,FALSE,Has existing newsletter - not searched for RSS yet
媽媽寶寶,https://swelbyboy.github.io/prospect-rss-feeds/媽媽寶寶.xml,OG,success,2025-12-02 11:56:43,Taiwan,mombaby.com.tw,To Do,TRUE,,,FALSE,Has existing newsletter - not searched for RSS yet
men's uno HK,-,N/A,-,,Hong Kong,mensuno.hk,No feed generated,TRUE,,,FALSE,RSS discovery attempted - no feed found
Bluebonnet News,https://swelbyboy.github.io/prospect-rss-feeds/bluebonnet-news.xml,OG,success,2025-12-02 11:56:57,United States,bluebonnetnews.com,To Do,TRUE,,,FALSE,Has existing newsletter - not searched for RSS yet
OILMAN Magazine,https://swelbyboy.github.io/prospect-rss-feeds/oilman-magazine.xml,OG,success,2025-12-02 11:56:41,Australia,oilmanmagazine.com,To Do,TRUE,,,FALSE,Has existing newsletter - not searched for RSS yet
KION News Channel 5 46,https://swelbyboy.github.io/prospect-rss-feeds/kion-news-channel-5-46.xml,OG,success,2025-12-02 11:56:43,United States,kion546.com,To Do,TRUE,,,FALSE,Has existing newsletter - not searched for RSS yet
The Dartmouth,-,N/A,-,,Australia,thedartmouth.com,No feed generated,TRUE,,,FALSE,RSS discovery attempted - no feed found
The Film Stage,https://swelbyboy.github.io/prospect-rss-feeds/the-film-stage.xml,OG,success,2025-12-02 11:56:42,United States,thefilmstage.com,To Do,TRUE,,,FALSE,Has existing newsletter - not searched for RSS yet
TNI Angkatan Darat,https://swelbyboy.github.io/prospect-rss-feeds/tni-angkatan-darat.xml,OG,success,2025-12-02 11:42:46,Indonesia,tniad.mil.id,To Do,TRUE,,,FALSE,Has existing newsletter - not searched for RSS yet
Novizivot.net,https://swelbyboy.github.io/prospect-rss-feeds/novizivot-net.xml,OG,success,2025-12-02 11:41:45,Croatia,novizivot.net,To Do,TRUE,,,FALSE,Has existing newsletter - not searched for RSS yet
Yalansavar,https://swelbyboy.github.io/prospect-rss-feeds/yalansavar.xml,OG,success,2025-12-02 11:56:46,Turkey,yalansavar.org,To Do,TRUE,,,FALSE,Has existing newsletter - not searched for RSS yet
Geology Page,-,N/A,-,,United Kingdom,geologypage.com,No feed generated,TRUE,,,FALSE,RSS discovery attempted - no feed found
好房網News,-,N/A,-,,Taiwan,housefun.com.tw,No feed generated,TRUE,,,FALSE,RSS discovery attempted - no feed found
Sakshi Education,-,N/A,-,,India,sakshieducation.com,No feed generated,TRUE,,,FALSE,RSS discovery attempted - no feed found
Gboah.com,https://swelbyboy.github.io/prospect-rss-feeds/gboah-com.xml,OG,success,2025-12-02 11:56:45,Nigeria,gboah.com,To Do,TRUE,,,FALSE,Has existing newsletter - not searched for RSS yet
West Bridgford Wire,https://swelbyboy.github.io/prospect-rss-feeds/west-bridgford-wire.xml,OG,success,2025-12-02 11:41:46,United Kingdom,westbridgfordwire.com,To Do,TRUE,,,FALSE,Has existing newsletter - not searched for RSS yet
PaRrotlla,https://swelbyboy.github.io/prospect-rss-feeds/parrotlla.xml,OG,success,2025-12-02 11:57:06,Serbia,parrotlla.org,To Do,TRUE,,,FALSE,Newly discovered RSS feed
News Diary Online,-,N/A,-,,Nigeria,newsdiaryonline.com,No feed generated,TRUE,,,FALSE,RSS discovery attempted - no feed found
Inextlive,-,N/A,-,,India,inextlive.com,No feed generated,TRUE,,,FALSE,RSS discovery attempted - no feed found
Flicks Film Media Network,https://swelbyboy.github.io/prospect-rss-feeds/flicks-film-media-network.xml,OG,success,2025-12-02 11:56:54,India,tofler.in,To Do,TRUE,,,FALSE,Has existing newsletter - not searched for RSS yet
Epodravina.hr,-,N/A,-,,Croatia,epodravina.hr,No feed generated,TRUE,,,FALSE,RSS discovery attempted - no feed found
Dhaka Today,-,N/A,-,,Bangladesh,dhakatoday.com,No feed generated,TRUE,,,FALSE,RSS discovery attempted - no feed found
WMN Média,https://swelbyboy.github.io/prospect-rss-feeds/wmn-média.xml,OG,success,2025-12-02 11:57:02,Hungary,wmn.hu,To Do,TRUE,,,FALSE,Has existing newsletter - not searched for RSS yet
Jetso Club,https://swelbyboy.github.io/prospect-rss-feeds/jetso-club.xml,OG,success,2025-12-02 11:56:49,Hong Kong,jetsoclub.com,To Do,TRUE,,,FALSE,Has existing newsletter - not searched for RSS yet
Etbilarabi,-,N/A,-,,United Arab Emirates,etbilarabi.com,No feed generated,TRUE,,,FALSE,RSS discovery attempted - no feed found
Inspiration FM 92.3,-,N/A,-,,Nigeria,ifm923.com,No feed generated,TRUE,,,FALSE,RSS discovery attempted - no feed found
The Stranger,https://swelbyboy.github.io/prospect-rss-feeds/the-stranger.xml,OG,success,2025-12-02 11:56:55,United States,thestranger.com,To Do,TRUE,,,FALSE,Has existing newsletter - not searched for RSS yet
The Business Standard,https://swelbyboy.github.io/prospect-rss-feeds/the-business-standard.xml,OG,success,2025-12-02 11:57:08,Bangladesh,tbsnews.net,To Do,TRUE,,,FALSE,Newly discovered RSS feed
Bella Taiwan 儂儂,-,N/A,-,,Taiwan,bella.tw,No feed generated,TRUE,,,FALSE,RSS discovery attempted - no feed found
Special Coverage News,https://swelbyboy.github.io/prospect-rss-feeds/special-coverage-news.xml,OG,success,2025-12-02 11:56:56,India,specialcoveragenews.in,To Do,TRUE,,,FALSE,Has existing newsletter - not searched for RSS yet
The Mary Sue,https://swelbyboy.github.io/prospect-rss-feeds/the-mary-sue.xml,OG,success,2025-12-02 11:56:56,United States,themarysue.com,To Do,TRUE,,,FALSE,Has existing newsletter - not searched for RSS yet
Game Media Asia,-,N/A,-,,Indonesia,gamemediaasia.com,No feed generated,TRUE,,,FALSE,RSS discovery attempted - no feed found
HMTV Live,https://swelbyboy.github.io/prospect-rss-feeds/hmtv-live.xml,OG,success,2025-12-02 11:57:02,India,hmtvlive.com,To Do,TRUE,,,FALSE,Has existing newsletter - not searched for RSS yet
Grupa Weszło,https://swelbyboy.github.io/prospect-rss-feeds/grupa-weszło.xml,OG,success,2025-12-02 11:57:00,Poland,weszlo.com,To Do,TRUE,,,FALSE,Has existing newsletter - not searched for RSS yet
New Age,-,N/A,-,,Bangladesh,newagebd.net,No feed generated,TRUE,,,FALSE,RSS discovery attempted - no feed found
Femina Média,https://swelbyboy.github.io/prospect-rss-feeds/femina-média.xml,OG,success,2025-12-02 11:57:04,Hungary,femina.hu,To Do,TRUE,,,FALSE,Has existing newsletter - not searched for RSS yet
Catholics Striving for Holiness,https://swelbyboy.github.io/prospect-rss-feeds/catholics-striving-for-holiness.xml,OG,success,2025-12-02 11:42:03,United States,catholicsstrivingforholiness.org,To Do,TRUE,,,FALSE,Has existing newsletter - not searched for RSS yet
Filipino Recipe Portal,-,N/A,-,,Philippines,pinoyrecipe.net,No feed generated,TRUE,,,FALSE,RSS discovery attempted - no feed found
Todo-Mail.com,-,N/A,-,,Malta,todo-mail.com,No feed generated,TRUE,,,FALSE,RSS discovery attempted - no feed found
Electrical Engineering Portal,https://swelbyboy.github.io/prospect-rss-feeds/electrical-engineering-portal.xml,OG,success,2025-12-02 11:56:59,Serbia,electrical-engineering-portal.com,To Do,TRUE,,,FALSE,Has existing newsletter - not searched for RSS yet
Royal Bulletin,https://swelbyboy.github.io/prospect-rss-feeds/royal-bulletin.xml,OG,success,2025-12-02 11:57:04,India,royalbulletin.in,To Do,TRUE,,,FALSE,Has existing newsletter - not searched for RSS yet
UK Defence Journal,https://swelbyboy.github.io/prospect-rss-feeds/uk-defence-journal.xml,OG,success,2025-12-02 11:57:02,United Kingdom,ukdefencejournal.org.uk,To Do,TRUE,,,FALSE,Has existing newsletter - not searched for RSS yet
Fossbytes,https://swelbyboy.github.io/prospect-rss-feeds/fossbytes.xml,OG,success,2025-12-02 11:57:03,India,fossbytes.com,To Do,TRUE,,,FALSE,Has existing newsletter - not searched for RSS yet
City 42,-,N/A,-,,Pakistan,city42.tv,No feed generated,TRUE,,,FALSE,RSS discovery attempted - no feed found
Whispers Media,-,N/A,-,,Ireland,waterfordwhispersnews.com,No feed generated,TRUE,,,FALSE,RSS discovery attempted - no feed found
Nanowerk LLC,-,N/A,-,,United States,nanowerk.com,No feed generated,TRUE,,,FALSE,RSS discovery attempted - no feed found
Mérce,https://swelbyboy.github.io/prospect-rss-feeds/mérce.xml,OG,success,2025-12-02 11:57:06,Hungary,merce.hu,To Do,TRUE,,,FALSE,Has existing newsletter - not searched for RSS yet
Saigon Broadcasting Television Network,https://swelbyboy.github.io/prospect-rss-feeds/saigon-broadcasting-television-network.xml,OG,success,2025-12-02 11:57:10,United States,sbtn.tv,To Do,TRUE,,,FALSE,Has existing newsletter - not searched for RSS yet
SAGMart,-,N/A,-,,India,sagmart.com,No feed generated,TRUE,,,FALSE,RSS discovery attempted - no feed found
Narodowe Centrum Kultury,-,N/A,-,,Poland,nck.pl,No feed generated,TRUE,,,FALSE,RSS discovery attempted - no feed found
Sinjali,https://swelbyboy.github.io/prospect-rss-feeds/sinjali.xml,OG,success,2025-12-02 11:57:04,Serbia,sinjali.com,To Do,TRUE,,,FALSE,Has existing newsletter - not searched for RSS yet
Stack3d,https://swelbyboy.github.io/prospect-rss-feeds/stack3d.xml,OG,success,2025-12-02 11:57:05,New Zealand,stack3d.com,To Do,TRUE,,,FALSE,Has existing newsletter - not searched for RSS yet
Radio Wnet,-,N/A,-,,Poland,wnet.fm,No feed generated,TRUE,,,FALSE,RSS discovery attempted - no feed found
Neuroscience News,https://swelbyboy.github.io/prospect-rss-feeds/neuroscience-news.xml,OG,success,2025-12-02 11:57:05,United States,neurosciencenews.com,To Do,TRUE,,,FALSE,Has existing newsletter - not searched for RSS yet
MediaNama,-,N/A,-,,India,medianama.com,No feed generated,TRUE,,,FALSE,RSS discovery attempted - no feed found
RTV Slon,https://swelbyboy.github.io/prospect-rss-feeds/rtv-slon.xml,OG,success,2025-12-02 11:57:06,Bosnia and Herzegovina,rtvslon.ba,To Do,TRUE,,,FALSE,Has existing newsletter - not searched for RSS yet
KNN,https://swelbyboy.github.io/prospect-rss-feeds/knn.xml,OG,success,2025-12-02 11:57:13,Serbia,aab-edu.net,To Do,TRUE,,,FALSE,Has existing newsletter - not searched for RSS yet
Racingline.hu,https://swelbyboy.github.io/prospect-rss-feeds/racingline-hu.xml,OG,success,2025-12-02 11:57:11,Hungary,racingline.hu,To Do,TRUE,,,FALSE,Has existing newsletter - not searched for RSS yet
Aenaos,https://swelbyboy.github.io/prospect-rss-feeds/aenaos.xml,OG,success,2025-12-02 11:57:11,Greece,aenaos.org,To Do,TRUE,,,FALSE,Has existing newsletter - not searched for RSS yet
Portside,https://swelbyboy.github.io/prospect-rss-feeds/portside.xml,OG,success,2025-12-02 11:57:08,United States,portside.org,To Do,TRUE,,,FALSE,Has existing newsletter - not searched for RSS yet
RizeninSesi,-,N/A,-,,Turkey,rizeninsesi.net,No feed generated,TRUE,,,FALSE,RSS discovery attempted - no feed found
Radio-Television of Vojvodina,-,N/A,-,,Serbia,rtv.rs,No feed generated,TRUE,,,FALSE,RSS discovery attempted - no feed found
Folks Networks & Communication Private,https://swelbyboy.github.io/prospect-rss-feeds/folks-networks---communication-private.xml,OG,success,2025-12-02 11:42:03,India,panchayattimes.com,To Do,TRUE,,,FALSE,Has existing newsletter - not searched for RSS yet
SamoProvjereno.com,-,N/A,-,,Croatia,samoprovjereno.com,No feed generated,TRUE,,,FALSE,RSS discovery attempted - no feed found
Uddoktar khoje,-,N/A,-,,Bangladesh,uddoktarkhoje.com,No feed generated,TRUE,,,FALSE,RSS discovery attempted - no feed found
Bolu Gündem Newspaper,-,N/A,-,,Turkey,bolugundem.com,No feed generated,TRUE,,,FALSE,RSS discovery attempted - no feed found
Hukum Online,-,N/A,-,,Indonesia,hukumonline.com,No feed generated,TRUE,,,FALSE,RSS discovery attempted - no feed found
Excite Global Media Ltd.,-,N/A,-,,United Kingdom,exciteglobalmedia.co.uk,No feed generated,TRUE,,,FALSE,RSS discovery attempted - no feed found
TechSpot,https://swelbyboy.github.io/prospect-rss-feeds/techspot.xml,OG,success,2025-12-02 11:57:07,United States,techspot.com,To Do,TRUE,,,FALSE,Has existing newsletter - not searched for RSS yet
Maverick Multimedia,https://swelbyboy.github.io/prospect-rss-feeds/maverick-multimedia.xml,OG,success,2025-12-02 11:57:09,United States,spacecoastdaily.com,To Do,TRUE,,,FALSE,Has existing newsletter - not searched for RSS yet
Moj USK,https://swelbyboy.github.io/prospect-rss-feeds/moj-usk.xml,OG,success,2025-12-02 11:57:19,Bosnia and Herzegovina,mojusk.ba,To Do,TRUE,,,FALSE,Has existing newsletter - not searched for RSS yet
Netral Kontinental Media,-,N/A,-,,Indonesia,netralnews.com,No feed generated,TRUE,,,FALSE,RSS discovery attempted - no feed found
Epilekta,https://swelbyboy.github.io/prospect-rss-feeds/epilekta.xml,OG,success,2025-12-02 11:57:11,Greece,epilekta.com,To Do,TRUE,,,FALSE,Has existing newsletter - not searched for RSS yet
Tagar News,-,N/A,-,,Indonesia,tagar.id,No feed generated,TRUE,,,FALSE,RSS discovery attempted - no feed found
Wake World,-,N/A,-,,United States,wakeworld.com,No feed generated,TRUE,,,FALSE,RSS discovery attempted - no feed found
iNPAOK,https://swelbyboy.github.io/prospect-rss-feeds/inpaok.xml,OG,success,2025-12-02 11:57:12,Greece,inpaok.com,To Do,TRUE,,,FALSE,Has existing newsletter - not searched for RSS yet
Focus-Nunti,https://swelbyboy.github.io/prospect-rss-feeds/focus-nunti.xml,OG,success,2025-12-02 11:57:15,Bulgaria,focus-news.net,To Do,TRUE,,,FALSE,Has existing newsletter - not searched for RSS yet
Journal.hr,https://swelbyboy.github.io/prospect-rss-feeds/journal-hr.xml,OG,success,2025-12-02 11:57:15,Croatia,journal.hr,To Do,TRUE,,,FALSE,Has existing newsletter - not searched for RSS yet
Bedlam Farm Journal,https://swelbyboy.github.io/prospect-rss-feeds/bedlam-farm-journal.xml,OG,success,2025-12-02 11:57:13,United States,bedlamfarm.com,To Do,TRUE,,,FALSE,Has existing newsletter - not searched for RSS yet
Mosaic Media Ventures,-,N/A,-,,India,vccircle.com,No feed generated,TRUE,,,FALSE,RSS discovery attempted - no feed found
News Hook,https://swelbyboy.github.io/prospect-rss-feeds/news-hook.xml,OG,success,2025-12-02 11:57:15,India,newzhook.com,To Do,TRUE,,,FALSE,Has existing newsletter - not searched for RSS yet
Gazete Manifesto,-,N/A,-,,Turkey,gazetemanifesto.com,No feed generated,TRUE,,,FALSE,RSS discovery attempted - no feed found
Latino Review,https://swelbyboy.github.io/prospect-rss-feeds/latino-review.xml,OG,success,2025-12-02 11:57:14,United States,lrmonline.com,To Do,TRUE,,,FALSE,Has existing newsletter - not searched for RSS yet
Trsondakika,https://swelbyboy.github.io/prospect-rss-feeds/trsondakika.xml,OG,success,2025-12-02 11:57:19,Turkey,trsondakika.com,To Do,TRUE,,,FALSE,Has existing newsletter - not searched for RSS yet
Lowongan Kerja Jawa Tengah (Java Jobs),https://swelbyboy.github.io/prospect-rss-feeds/lowongan-kerja-jawa-tengah--java-jobs.xml,OG,success,2025-12-02 11:57:18,Indonesia,lokersoloraya.com,To Do,TRUE,,,FALSE,Has existing newsletter - not searched for RSS yet
Llap.info,https://swelbyboy.github.io/prospect-rss-feeds/llap-info.xml,OG,success,2025-12-02 11:57:25,Serbia,llapi.info,To Do,TRUE,,,FALSE,Has existing newsletter - not searched for RSS yet
Dheivegam,-,N/A,-,,India,dheivegam.com,No feed generated,TRUE,,,FALSE,RSS discovery attempted - no feed found
Yüzde Yüz Haber,https://swelbyboy.github.io/prospect-rss-feeds/yüzde-yüz-haber.xml,OG,success,2025-12-02 11:57:19,Turkey,haberyuzdeyuz.com,To Do,TRUE,,,FALSE,Has existing newsletter - not searched for RSS yet
Moj Bečej,https://swelbyboy.github.io/prospect-rss-feeds/moj-bečej.xml,OG,success,2025-12-02 11:42:17,Serbia,mojbecej.rs,To Do,TRUE,,,FALSE,Has existing newsletter - not searched for RSS yet
Marta Potoczek - Leniwa niedziela,-,N/A,-,,Poland,leniwaniedziela.pl,No feed generated,TRUE,,,FALSE,RSS discovery attempted - no feed found
Hoops Rumors,https://swelbyboy.github.io/prospect-rss-feeds/hoops-rumors.xml,OG,success,2025-12-02 11:57:16,United States,hoopsrumors.com,To Do,TRUE,,,FALSE,Has existing newsletter - not searched for RSS yet
Clipboard Media & Content,-,N/A,-,,Netherlands,clipboardmedia.nl,No feed generated,TRUE,,,FALSE,RSS discovery attempted - no feed found
App Spring Inc,-,N/A,-,,United States,listchallenges.com,No feed generated,TRUE,,,FALSE,RSS discovery attempted - no feed found
Tarsus Haber,https://swelbyboy.github.io/prospect-rss-feeds/tarsus-haber.xml,OG,success,2025-12-02 11:57:19,Turkey,tarsushaber.com,To Do,TRUE,,,FALSE,Has existing newsletter - not searched for RSS yet
Le Courrier Australien,-,N/A,-,,Australia,lecourrieraustralien.com,No feed generated,TRUE,,,FALSE,RSS discovery attempted - no feed found
Your Therapy Source,https://swelbyboy.github.io/prospect-rss-feeds/your-therapy-source.xml,OG,success,2025-12-02 11:57:18,United States,yourtherapysource.com,To Do,TRUE,,,FALSE,Has existing newsletter - not searched for RSS yet
Kamenjar,https://swelbyboy.github.io/prospect-rss-feeds/kamenjar.xml,OG,success,2025-12-02 11:57:19,Croatia,kamenjar.com,To Do,TRUE,,,FALSE,Has existing newsletter - not searched for RSS yet
遊戲大亂鬥,-,N/A,-,,Taiwan,league-funny.com,No feed generated,TRUE,,,FALSE,RSS discovery attempted - no feed found
Kidney Buzz,-,N/A,-,,United States,kidneybuzz.com,No feed generated,TRUE,,,FALSE,RSS discovery attempted - no feed found
Grupa Farmacja,https://swelbyboy.github.io/prospect-rss-feeds/grupa-farmacja.xml,OG,success,2025-12-02 11:57:35,Poland,grupafarmacja.net,To Do,TRUE,,,FALSE,Has existing newsletter - not searched for RSS yet
Cosmopoliti,https://swelbyboy.github.io/prospect-rss-feeds/cosmopoliti.xml,OG,success,2025-12-02 11:57:23,Greece,cosmopoliti.com,To Do,TRUE,,,FALSE,Has existing newsletter - not searched for RSS yet
Din Înţelepciunea Marilor Maeştri,https://swelbyboy.github.io/prospect-rss-feeds/din-înţelepciunea-marilor-maeştri.xml,OG,success,2025-12-02 11:57:24,Romania,detoatepentrutotisimaimult.blog,To Do,TRUE,,,FALSE,Has existing newsletter - not searched for RSS yet
Труд медия,-,N/A,-,,Bulgaria,trud.bg,No feed generated,TRUE,,,FALSE,RSS discovery attempted - no feed found
प्राइमरी का मास्टर (Primary Ka Master),https://swelbyboy.github.io/prospect-rss-feeds/प-र-इमर--क--म-स-टर--primary-ka-master.xml,OG,success,2025-12-02 11:57:21,India,primarykamaster.com,To Do,TRUE,,,FALSE,Has existing newsletter - not searched for RSS yet
Corporate Magazine,-,N/A,-,,Bangladesh,corporatenews.com.bd,No feed generated,TRUE,,,FALSE,RSS discovery attempted - no feed found
Demokrata,https://swelbyboy.github.io/prospect-rss-feeds/demokrata.xml,OG,success,2025-12-02 11:57:27,Hungary,demokrata.hu,To Do,TRUE,,,FALSE,Has existing newsletter - not searched for RSS yet
Stowarzyszenie Dolnośląski Instytut Korfantego,https://swelbyboy.github.io/prospect-rss-feeds/stowarzyszenie-dolnośląski-instytut-korfantego.xml,OG,success,2025-12-02 11:42:01,Poland,wdolnymslasku.com,To Do,TRUE,,,FALSE,Has existing newsletter - not searched for RSS yet
Múlt-kor Kulturális Alapítvány,-,N/A,-,,Hungary,mult-kor.hu,No feed generated,TRUE,,,FALSE,RSS discovery attempted - no feed found
Момичетата от града,-,N/A,-,,Bulgaria,momichetata.com,No feed generated,TRUE,,,FALSE,RSS discovery attempted - no feed found
Narodni Lijek,https://swelbyboy.github.io/prospect-rss-feeds/narodni-lijek.xml,OG,success,2025-12-02 11:57:23,Croatia,narodnilijek.com,To Do,TRUE,,,FALSE,Has existing newsletter - not searched for RSS yet
Koncomania.pl,-,N/A,-,,Poland,koncertomania.pl,No feed generated,TRUE,,,FALSE,RSS discovery attempted - no feed found
Salina Post,-,N/A,-,,United States,salinapost.com,No feed generated,TRUE,,,FALSE,RSS discovery attempted - no feed found
Larende Medya,https://swelbyboy.github.io/prospect-rss-feeds/larende-medya.xml,OG,success,2025-12-02 11:57:29,Turkey,larende.com,To Do,TRUE,,,FALSE,Has existing newsletter - not searched for RSS yet
Today's Bitcoin News,https://swelbyboy.github.io/prospect-rss-feeds/today-s-bitcoin-news.xml,OG,success,2025-12-02 11:57:23,United States,newsbtc.com,To Do,TRUE,,,FALSE,Has existing newsletter - not searched for RSS yet
eTeknix,https://swelbyboy.github.io/prospect-rss-feeds/eteknix.xml,OG,success,2025-12-02 11:57:24,United Kingdom,eteknix.com,To Do,TRUE,,,FALSE,Has existing newsletter - not searched for RSS yet
Scuttlebutt Sailing News,https://swelbyboy.github.io/prospect-rss-feeds/scuttlebutt-sailing-news.xml,OG,success,2025-12-02 11:57:25,United States,sailingscuttlebutt.com,To Do,TRUE,,,FALSE,Has existing newsletter - not searched for RSS yet
Grupa Wydawnicza Słowo,-,N/A,-,,Poland,supertydzien.pl,No feed generated,TRUE,,,FALSE,RSS discovery attempted - no feed found
How we made it in Africa,-,N/A,-,,South Africa,howwemadeitinafrica.com,No feed generated,TRUE,,,FALSE,RSS discovery attempted - no feed found
CEOtudent,https://swelbyboy.github.io/prospect-rss-feeds/ceotudent.xml,OG,success,2025-12-02 11:57:27,Turkey,ceotudent.com,To Do,TRUE,,,FALSE,Has existing newsletter - not searched for RSS yet
The Tao of Dana,https://swelbyboy.github.io/prospect-rss-feeds/the-tao-of-dana.xml,OG,success,2025-12-02 11:57:25,United States,fengshuidana.com,To Do,TRUE,,,FALSE,Has existing newsletter - not searched for RSS yet
Esmi TV,https://swelbyboy.github.io/prospect-rss-feeds/esmi-tv.xml,OG,success,2025-12-02 11:41:51,Indonesia,esmitv.com,To Do,TRUE,,,FALSE,Has existing newsletter - not searched for RSS yet
Buxar Khabar,https://swelbyboy.github.io/prospect-rss-feeds/buxar-khabar.xml,OG,success,2025-12-02 11:57:29,India,buxarkhabar.com,To Do,TRUE,,,FALSE,Has existing newsletter - not searched for RSS yet
Police News,https://swelbyboy.github.io/prospect-rss-feeds/police-news.xml,OG,success,2025-12-02 11:57:28,Greece,policenews.eu,To Do,TRUE,,,FALSE,Has existing newsletter - not searched for RSS yet
السورية نت Alsouria Net,https://swelbyboy.github.io/prospect-rss-feeds/السورية-نت-alsouria-net.xml,OG,success,2025-12-02 11:57:28,Turkey,alsouria.net,To Do,TRUE,,,FALSE,Has existing newsletter - not searched for RSS yet
The Chronicle Telegram,-,N/A,-,,United States,chroniclet.com,No feed generated,TRUE,,,FALSE,RSS discovery attempted - no feed found
Maha MTB,-,N/A,-,,India,mahamtb.com,No feed generated,TRUE,,,FALSE,RSS discovery attempted - no feed found
Soda LIVE,https://swelbyboy.github.io/prospect-rss-feeds/soda-live.xml,OG,success,2025-12-02 11:41:53,Bosnia and Herzegovina,sodalive.ba,To Do,TRUE,,,FALSE,Has existing newsletter - not searched for RSS yet
Vxo media,https://swelbyboy.github.io/prospect-rss-feeds/vxo-media.xml,OG,success,2025-12-02 11:57:27,Sweden,vxonews.se,To Do,TRUE,,,FALSE,Has existing newsletter - not searched for RSS yet
Mreža Mira (Peace Network),https://swelbyboy.github.io/prospect-rss-feeds/mreža-mira--peace-network.xml,OG,success,2025-12-02 11:57:42,Bosnia and Herzegovina,mreza-mira.net,To Do,TRUE,,,FALSE,Has existing newsletter - not searched for RSS yet
WKDZ Radio,https://swelbyboy.github.io/prospect-rss-feeds/wkdz-radio.xml,OG,success,2025-12-02 11:57:31,United States,wkdzradio.com,To Do,TRUE,,,FALSE,Has existing newsletter - not searched for RSS yet
Benchmark Serbia,-,N/A,-,,Serbia,benchmark.rs,No feed generated,TRUE,,,FALSE,RSS discovery attempted - no feed found
Utuado Hoy,https://swelbyboy.github.io/prospect-rss-feeds/utuado-hoy.xml,OG,success,2025-12-02 11:42:25,United States,utuadohoy.com,To Do,TRUE,,,FALSE,Has existing newsletter - not searched for RSS yet
On MSFT,https://swelbyboy.github.io/prospect-rss-feeds/on-msft.xml,OG,success,2025-12-02 11:57:28,United States,onmsft.com,To Do,TRUE,,,FALSE,Has existing newsletter - not searched for RSS yet
Moguldom,https://swelbyboy.github.io/prospect-rss-feeds/moguldom.xml,OG,success,2025-12-02 11:41:55,United States,moguldom.com,To Do,TRUE,,,FALSE,Has existing newsletter - not searched for RSS yet
Alhambra Press,https://swelbyboy.github.io/prospect-rss-feeds/alhambra-press.xml,OG,success,2025-12-02 11:57:32,Hungary,hang.hu,To Do,TRUE,,,FALSE,Has existing newsletter - not searched for RSS yet
Race Pro Weekly,-,N/A,-,,United States,raceproweekly.com,No feed generated,TRUE,,,FALSE,RSS discovery attempted - no feed found
Sve Osim Politike,https://swelbyboy.github.io/prospect-rss-feeds/sve-osim-politike.xml,OG,success,2025-12-02 11:57:33,Bosnia and Herzegovina,sop.ba,To Do,TRUE,,,FALSE,Has existing newsletter - not searched for RSS yet
ND News & Reviews,https://swelbyboy.github.io/prospect-rss-feeds/nd-news---reviews.xml,OG,success,2025-12-02 11:57:29,United States,ndnr.com,To Do,TRUE,,,FALSE,Has existing newsletter - not searched for RSS yet
Technologue ID,https://swelbyboy.github.io/prospect-rss-feeds/technologue-id.xml,OG,success,2025-12-02 11:57:35,Indonesia,technologue.id,To Do,TRUE,,,FALSE,Has existing newsletter - not searched for RSS yet
Magna Polonia,https://swelbyboy.github.io/prospect-rss-feeds/magna-polonia.xml,OG,success,2025-12-02 11:57:32,Poland,magnapolonia.org,To Do,TRUE,,,FALSE,Has existing newsletter - not searched for RSS yet
Hét Nap Lapkiadó,-,N/A,-,,Serbia,hetnap.rs,No feed generated,TRUE,,,FALSE,RSS discovery attempted - no feed found
SAFETY4SEA,-,N/A,-,,Greece,safety4sea.com,No feed generated,TRUE,,,FALSE,RSS discovery attempted - no feed found
Turizm Günlüğü,https://swelbyboy.github.io/prospect-rss-feeds/turizm-günlüğü.xml,OG,success,2025-12-02 11:57:32,Turkey,turizmgunlugu.com,To Do,TRUE,,,FALSE,Has existing newsletter - not searched for RSS yet
Sandžačke,https://swelbyboy.github.io/prospect-rss-feeds/sandžačke.xml,OG,success,2025-12-02 11:57:33,Serbia,sandzacke.rs,To Do,TRUE,,,FALSE,Has existing newsletter - not searched for RSS yet
Fundacja Polska Ziemia,https://swelbyboy.github.io/prospect-rss-feeds/fundacja-polska-ziemia.xml,OG,success,2025-12-02 11:41:59,Poland,polskaziemia.pl,To Do,TRUE,,,FALSE,Has existing newsletter - not searched for RSS yet
EtikHaber,https://swelbyboy.github.io/prospect-rss-feeds/etikhaber.xml,OG,success,2025-12-02 11:57:36,Turkey,etikhaber.com,To Do,TRUE,,,FALSE,Has existing newsletter - not searched for RSS yet
Gefle Dagblad,https://swelbyboy.github.io/prospect-rss-feeds/gefle-dagblad.xml,OG,success,2025-12-02 11:57:35,Sweden,gd.se,To Do,TRUE,,,FALSE,Has existing newsletter - not searched for RSS yet
The Batavian,https://swelbyboy.github.io/prospect-rss-feeds/the-batavian.xml,OG,success,2025-12-02 11:57:33,United States,thebatavian.com,To Do,TRUE,,,FALSE,Has existing newsletter - not searched for RSS yet
Gazete Emek,https://swelbyboy.github.io/prospect-rss-feeds/gazete-emek.xml,OG,success,2025-12-02 11:57:39,Turkey,gazeteemek.net,To Do,TRUE,,,FALSE,Has existing newsletter - not searched for RSS yet
Tygodnik Poradnik Rolniczy,https://swelbyboy.github.io/prospect-rss-feeds/tygodnik-poradnik-rolniczy.xml,OG,success,2025-12-02 11:57:36,Poland,tygodnik-rolniczy.pl,To Do,TRUE,,,FALSE,Has existing newsletter - not searched for RSS yet
TheBluez.gr,https://swelbyboy.github.io/prospect-rss-feeds/thebluez-gr.xml,OG,success,2025-12-02 11:57:39,Greece,thebluez.gr,To Do,TRUE,,,FALSE,Has existing newsletter - not searched for RSS yet
JTV,https://swelbyboy.github.io/prospect-rss-feeds/jtv.xml,OG,success,2025-12-02 11:57:36,United States,jtv.tv,To Do,TRUE,,,FALSE,Has existing newsletter - not searched for RSS yet
Active News,https://swelbyboy.github.io/prospect-rss-feeds/active-news.xml,OG,success,2025-12-02 11:57:40,Romania,activenews.ro,To Do,TRUE,,,FALSE,Has existing newsletter - not searched for RSS yet
Brakpan Herald,-,N/A,-,,South Africa,brakpanherald.co.za,No feed generated,TRUE,,,FALSE,RSS discovery attempted - no feed found
Bostanistas.gr,https://swelbyboy.github.io/prospect-rss-feeds/bostanistas-gr.xml,OG,success,2025-12-02 11:57:40,Greece,bostanistas.gr,To Do,TRUE,,,FALSE,Has existing newsletter - not searched for RSS yet
Tech Times,-,N/A,-,,United States,techtimes.com,No feed generated,TRUE,,,FALSE,RSS discovery attempted - no feed found
Land Line Media,-,N/A,-,,United States,landlinemag.com,No feed generated,TRUE,,,FALSE,RSS discovery attempted - no feed found
The Swindonian,https://swelbyboy.github.io/prospect-rss-feeds/the-swindonian.xml,OG,success,2025-12-02 11:42:03,United Kingdom,theswindonian.co.uk,To Do,TRUE,,,FALSE,Has existing newsletter - not searched for RSS yet
Diyanet Haber,https://swelbyboy.github.io/prospect-rss-feeds/diyanet-haber.xml,OG,success,2025-12-02 11:57:40,Turkey,diyanethaber.com.tr,To Do,TRUE,,,FALSE,Has existing newsletter - not searched for RSS yet
Zile si Nopti,https://swelbyboy.github.io/prospect-rss-feeds/zile-si-nopti.xml,OG,success,2025-12-02 11:42:01,Romania,zilesinopti.ro,To Do,TRUE,,,FALSE,Has existing newsletter - not searched for RSS yet
deadpress.co.uk,-,N/A,-,,United Kingdom,deadpress.co.uk,No feed generated,TRUE,,,FALSE,RSS discovery attempted - no feed found
Soldier Systems Daily,https://swelbyboy.github.io/prospect-rss-feeds/soldier-systems-daily.xml,OG,success,2025-12-02 11:57:38,United States,soldiersystems.net,To Do,TRUE,,,FALSE,Has existing newsletter - not searched for RSS yet
Mindanews,https://swelbyboy.github.io/prospect-rss-feeds/mindanews.xml,OG,success,2025-12-02 11:42:07,Philippines,mindanews.com,To Do,TRUE,,,FALSE,Has existing newsletter - not searched for RSS yet
Echo/Ridge Times Newspapers,-,N/A,-,,South Africa,ridgetimes.co.za,No feed generated,TRUE,,,FALSE,RSS discovery attempted - no feed found
AkademiKadro.Net,-,N/A,-,,Turkey,akademikadro.net,No feed generated,TRUE,,,FALSE,RSS discovery attempted - no feed found
RaceFans,https://swelbyboy.github.io/prospect-rss-feeds/racefans.xml,OG,success,2025-12-02 11:42:08,United Kingdom,racefans.net,To Do,TRUE,,,FALSE,Has existing newsletter - not searched for RSS yet
Poljoprivreda,-,N/A,-,,Bosnia and Herzegovina,poljoprivreda.ba,No feed generated,TRUE,,,FALSE,RSS discovery attempted - no feed found
Geraldton Guardian,https://swelbyboy.github.io/prospect-rss-feeds/geraldton-guardian.xml,OG,success,2025-12-02 11:57:48,Australia,geraldtonguardian.com.au,To Do,TRUE,,,FALSE,Has existing newsletter - not searched for RSS yet
KK24.pl,https://swelbyboy.github.io/prospect-rss-feeds/kk24-pl.xml,OG,success,2025-12-02 11:57:46,Poland,kk24.pl,To Do,TRUE,,,FALSE,Has existing newsletter - not searched for RSS yet
Oxygen Press,-,N/A,-,,Serbia,oxygenpress.info,No feed generated,TRUE,,,FALSE,RSS discovery attempted - no feed found
SDCC Blog,-,N/A,-,,United States,sdccblog.com,No feed generated,TRUE,,,FALSE,RSS discovery attempted - no feed found
Alpha News,https://swelbyboy.github.io/prospect-rss-feeds/alpha-news.xml,OG,success,2025-12-02 11:57:40,United States,alphanews.org,To Do,TRUE,,,FALSE,Has existing newsletter - not searched for RSS yet
Hope Media Taiwan,https://swelbyboy.github.io/prospect-rss-feeds/hope-media-taiwan.xml,OG,success,2025-12-02 11:42:09,Taiwan,hopemedia.tw,To Do,TRUE,,,FALSE,Has existing newsletter - not searched for RSS yet
Sambad English,https://swelbyboy.github.io/prospect-rss-feeds/sambad-english.xml,OG,success,2025-12-02 11:57:42,India,sambadenglish.com,To Do,TRUE,,,FALSE,Has existing newsletter - not searched for RSS yet
Universul.net,-,N/A,-,,Romania,universul.net,No feed generated,TRUE,,,FALSE,RSS discovery attempted - no feed found
Miki's Hope,https://swelbyboy.github.io/prospect-rss-feeds/miki-s-hope.xml,OG,success,2025-12-02 11:57:44,United Kingdom,mikishope.com,To Do,TRUE,,,FALSE,Has existing newsletter - not searched for RSS yet
JAMnews,https://swelbyboy.github.io/prospect-rss-feeds/jamnews.xml,OG,success,2025-12-02 11:57:42,Turkey,jam-news.net,To Do,TRUE,,,FALSE,Has existing newsletter - not searched for RSS yet
cinemagazine.gr,-,N/A,-,,Greece,cinemagazine.gr,No feed generated,TRUE,,,FALSE,RSS discovery attempted - no feed found
Travronden,https://swelbyboy.github.io/prospect-rss-feeds/travronden.xml,OG,success,2025-12-02 11:57:49,Sweden,travronden.se,To Do,TRUE,,,FALSE,Has existing newsletter - not searched for RSS yet
Es Gündem 26,https://swelbyboy.github.io/prospect-rss-feeds/es-gündem-26.xml,OG,success,2025-12-02 11:57:45,Turkey,esgundem26.com,To Do,TRUE,,,FALSE,Has existing newsletter - not searched for RSS yet
HT Digital Streams Limited,https://swelbyboy.github.io/prospect-rss-feeds/ht-digital-streams-limited.xml,OG,success,2025-12-02 11:57:53,India,healthshots.com,To Do,TRUE,,,FALSE,Has existing newsletter - not searched for RSS yet
Nacional,-,N/A,-,,Croatia,nacional.hr,No feed generated,TRUE,,,FALSE,RSS discovery attempted - no feed found
Shacara,-,N/A,-,,Nigeria,shacara.com,No feed generated,TRUE,,,FALSE,RSS discovery attempted - no feed found
TenPoznan,-,N/A,-,,Poland,tenpoznan.pl,No feed generated,TRUE,,,FALSE,RSS discovery attempted - no feed found
everymum.ie,https://swelbyboy.github.io/prospect-rss-feeds/everymum-ie.xml,OG,success,2025-12-02 11:57:48,Ireland,everymum.ie,To Do,TRUE,,,FALSE,Has existing newsletter - not searched for RSS yet
Οδηγός του Πολίτη,https://swelbyboy.github.io/prospect-rss-feeds/οδηγός-του-πολίτη.xml,OG,success,2025-12-02 11:57:46,Greece,odigostoupoliti.eu,To Do,TRUE,,,FALSE,Has existing newsletter - not searched for RSS yet
Ships & Ports,https://swelbyboy.github.io/prospect-rss-feeds/ships---ports.xml,OG,success,2025-12-02 11:57:44,Nigeria,shipsandports.com.ng,To Do,TRUE,,,FALSE,Has existing newsletter - not searched for RSS yet
shajgoj.com - সাজগোজ,https://swelbyboy.github.io/prospect-rss-feeds/shajgoj-com---স-জগ-জ.xml,OG,success,2025-12-02 11:57:52,Bangladesh,shajgoj.com,To Do,TRUE,,,FALSE,Has existing newsletter - not searched for RSS yet
District8,https://swelbyboy.github.io/prospect-rss-feeds/district8.xml,OG,success,2025-12-02 11:57:46,Netherlands,district8.net,To Do,TRUE,,,FALSE,Has existing newsletter - not searched for RSS yet
Ekmek ve Gül,-,N/A,-,,Turkey,ekmekvegul.net,No feed generated,TRUE,,,FALSE,RSS discovery attempted - no feed found
Eurovizyon,https://swelbyboy.github.io/prospect-rss-feeds/eurovizyon.xml,OG,success,2025-12-02 11:57:49,Turkey,eurovizyon.co.uk,To Do,TRUE,,,FALSE,Has existing newsletter - not searched for RSS yet
WOW Japan,-,N/A,-,,Indonesia,wowjapan.asia,No feed generated,TRUE,,,FALSE,RSS discovery attempted - no feed found
Trelleborgs Allehanda,https://swelbyboy.github.io/prospect-rss-feeds/trelleborgs-allehanda.xml,OG,success,2025-12-02 11:57:47,Sweden,trelleborgsallehanda.se,To Do,TRUE,,,FALSE,Has existing newsletter - not searched for RSS yet
Devnetjobsindia.org,-,N/A,-,,India,devnetjobsindia.org,No feed generated,TRUE,,,FALSE,RSS discovery attempted - no feed found
Botosaneanul,https://swelbyboy.github.io/prospect-rss-feeds/botosaneanul.xml,OG,success,2025-12-02 11:57:52,Romania,botosaneanul.ro,To Do,TRUE,,,FALSE,Has existing newsletter - not searched for RSS yet
Smålänningen,https://swelbyboy.github.io/prospect-rss-feeds/smålänningen.xml,OG,success,2025-12-02 11:57:50,Sweden,smalanningen.se,To Do,TRUE,,,FALSE,Has existing newsletter - not searched for RSS yet
Pollstar,-,N/A,-,,United States,pollstar.com,No feed generated,TRUE,,,FALSE,RSS discovery attempted - no feed found
TEOL.hu,-,N/A,-,,Hungary,teol.hu,No feed generated,TRUE,,,FALSE,RSS discovery attempted - no feed found
Digit,https://swelbyboy.github.io/prospect-rss-feeds/digit.xml,OG,success,2025-12-02 11:57:52,India,digit.in,To Do,TRUE,,,FALSE,Newly discovered RSS feed
Cool Artisan,https://swelbyboy.github.io/prospect-rss-feeds/cool-artisan.xml,OG,success,2025-12-02 11:57:51,Greece,coolartisan.gr,To Do,TRUE,,,FALSE,Has existing newsletter - not searched for RSS yet
Sioux Falls.Business,https://swelbyboy.github.io/prospect-rss-feeds/sioux-falls-business.xml,OG,success,2025-12-02 11:42:06,United States,siouxfalls.business,To Do,TRUE,,,FALSE,Has existing newsletter - not searched for RSS yet
PnG FUN,https://swelbyboy.github.io/prospect-rss-feeds/png-fun.xml,OG,success,2025-12-02 11:57:50,Bulgaria,pia-news.com,To Do,TRUE,,,FALSE,Has existing newsletter - not searched for RSS yet
Nea Drasis,https://swelbyboy.github.io/prospect-rss-feeds/nea-drasis.xml,OG,success,2025-12-02 11:57:51,Greece,neadrasis.gr,To Do,TRUE,,,FALSE,Has existing newsletter - not searched for RSS yet
HospiBuz,https://swelbyboy.github.io/prospect-rss-feeds/hospibuz.xml,OG,success,2025-12-02 11:57:53,India,hospibuz.com,To Do,TRUE,,,FALSE,Has existing newsletter - not searched for RSS yet
etransport.pl,-,N/A,-,,Poland,etransport.pl,No feed generated,TRUE,,,FALSE,RSS discovery attempted - no feed found
Federalist Party,https://swelbyboy.github.io/prospect-rss-feeds/federalist-party.xml,OG,success,2025-12-02 11:57:54,United States,noqreport.com,To Do,TRUE,,,FALSE,Has existing newsletter - not searched for RSS yet
Marie Claire Taiwan,-,N/A,-,,Taiwan,marieclaire.com.tw,No feed generated,TRUE,,,FALSE,RSS discovery attempted - no feed found
SoHum Awareness,-,N/A,-,,United States,kymkemp.com,No feed generated,TRUE,,,FALSE,RSS discovery attempted - no feed found
Ditori,https://swelbyboy.github.io/prospect-rss-feeds/ditori.xml,OG,success,2025-12-02 11:42:06,Croatia,ditori.com,To Do,TRUE,,,FALSE,Has existing newsletter - not searched for RSS yet
North Coast Courier,-,N/A,-,,South Africa,northcoastcourier.co.za,No feed generated,TRUE,,,FALSE,RSS discovery attempted - no feed found
All About Music,https://swelbyboy.github.io/prospect-rss-feeds/all-about-music.xml,OG,success,2025-12-02 11:57:52,Poland,allaboutmusic.pl,To Do,TRUE,,,FALSE,Has existing newsletter - not searched for RSS yet
Newsgarden24.com,https://swelbyboy.github.io/prospect-rss-feeds/newsgarden24-com.xml,OG,success,2025-12-02 11:42:22,Bangladesh,newsgarden24.com,To Do,TRUE,,,FALSE,Has existing newsletter - not searched for RSS yet
Ergasianews,-,N/A,-,,Greece,ergasianews.gr,No feed generated,TRUE,,,FALSE,RSS discovery attempted - no feed found
Gaon Connection,https://swelbyboy.github.io/prospect-rss-feeds/gaon-connection.xml,OG,success,2025-12-02 11:42:20,India,gaonconnection.com,To Do,TRUE,,,FALSE,Has existing newsletter - not searched for RSS yet
Agricultural Research Communication Centre,-,N/A,-,,India,arccjournals.com,No feed generated,TRUE,,,FALSE,RSS discovery attempted - no feed found
Izumitelno,https://swelbyboy.github.io/prospect-rss-feeds/izumitelno.xml,OG,success,2025-12-02 11:58:14,Bulgaria,izumitelno.com,To Do,TRUE,,,FALSE,Has existing newsletter - not searched for RSS yet
Christmas Discount Offers,https://swelbyboy.github.io/prospect-rss-feeds/christmas-discount-offers.xml,OG,success,2025-12-02 11:57:56,United Kingdom,christmasdiscountoffers.co.uk,To Do,TRUE,,,FALSE,Has existing newsletter - not searched for RSS yet
Testbook.com,https://swelbyboy.github.io/prospect-rss-feeds/testbook-com.xml,OG,success,2025-12-02 11:57:56,India,testbook.com,To Do,TRUE,,,FALSE,Has existing newsletter - not searched for RSS yet
eKorinthos.gr,https://swelbyboy.github.io/prospect-rss-feeds/ekorinthos-gr.xml,OG,success,2025-12-02 11:58:02,Greece,ekorinthos.gr,To Do,TRUE,,,FALSE,Has existing newsletter - not searched for RSS yet
Wheels.PH,https://swelbyboy.github.io/prospect-rss-feeds/wheels-ph.xml,OG,success,2025-12-02 11:42:35,Philippines,wheels.ph,To Do,TRUE,,,FALSE,Has existing newsletter - not searched for RSS yet
CiechanowInaczej Lokalny Portal Informacyjny,-,N/A,-,,Poland,ciechanowinaczej.pl,No feed generated,TRUE,,,FALSE,RSS discovery attempted - no feed found
Cetățeanul.net,https://swelbyboy.github.io/prospect-rss-feeds/cetățeanul-net.xml,OG,success,2025-12-02 11:42:11,Romania,cetateanul.net,To Do,TRUE,,,FALSE,Has existing newsletter - not searched for RSS yet
Digital Age,https://swelbyboy.github.io/prospect-rss-feeds/digital-age.xml,OG,success,2025-12-02 11:57:55,Turkey,digitalage.com.tr,To Do,TRUE,,,FALSE,Has existing newsletter - not searched for RSS yet
Arkitera.com,-,N/A,-,,Turkey,arkitera.com,No feed generated,TRUE,,,FALSE,RSS discovery attempted - no feed found
The Register-Mail,-,N/A,-,,United States,galesburg.com,No feed generated,TRUE,,,FALSE,RSS discovery attempted - no feed found
Thailandblog.nl,https://swelbyboy.github.io/prospect-rss-feeds/thailandblog-nl.xml,OG,success,2025-12-02 11:57:54,Netherlands,thailandblog.nl,To Do,TRUE,,,FALSE,Has existing newsletter - not searched for RSS yet
Polokwane Observer,http://observer.co.za/feed/,Discovered-pattern,failed,2025-12-21 22:13:01,South Africa,observer.co.za,To Do,TRUE,,,FALSE,Has existing newsletter - not searched for RSS yet
ELLE Serbia,https://swelbyboy.github.io/prospect-rss-feeds/elle-serbia.xml,OG,success,2025-12-02 11:58:01,Serbia,elle.rs,To Do,TRUE,,,FALSE,Has existing newsletter - not searched for RSS yet
Agonas tis Kritis,https://swelbyboy.github.io/prospect-rss-feeds/agonas-tis-kritis.xml,OG,success,2025-12-02 11:58:01,Greece,agonaskritis.gr,To Do,TRUE,,,FALSE,Has existing newsletter - not searched for RSS yet
Rijeka Danas,https://swelbyboy.github.io/prospect-rss-feeds/rijeka-danas.xml,OG,success,2025-12-02 11:42:12,Croatia,rijekadanas.com,To Do,TRUE,,,FALSE,Has existing newsletter - not searched for RSS yet
Live For Films,https://swelbyboy.github.io/prospect-rss-feeds/live-for-films.xml,OG,success,2025-12-02 11:57:58,United Kingdom,liveforfilm.com,To Do,TRUE,,,FALSE,Has existing newsletter - not searched for RSS yet
De Utrechtse Internet Courant (DUIC),https://swelbyboy.github.io/prospect-rss-feeds/de-utrechtse-internet-courant--duic.xml,OG,success,2025-12-02 11:57:57,Netherlands,duic.nl,To Do,TRUE,,,FALSE,Has existing newsletter - not searched for RSS yet
دليلك في تركيا,https://swelbyboy.github.io/prospect-rss-feeds/دليلك-في-تركيا.xml,OG,success,2025-12-02 11:42:13,Turkey,daleelkinturkey.com,To Do,TRUE,,,FALSE,Has existing newsletter - not searched for RSS yet
Rutherford Source,https://swelbyboy.github.io/prospect-rss-feeds/rutherford-source.xml,OG,success,2025-12-02 11:57:56,United States,rutherfordsource.com,To Do,TRUE,,,FALSE,Has existing newsletter - not searched for RSS yet
Tarnowska.tv,-,N/A,-,,Poland,tarnowska.tv,No feed generated,TRUE,,,FALSE,RSS discovery attempted - no feed found
80 Level,https://swelbyboy.github.io/prospect-rss-feeds/80-level.xml,OG,success,2025-12-02 11:57:59,United States,80.lv,To Do,TRUE,,,FALSE,Has existing newsletter - not searched for RSS yet
B Gazete,-,N/A,-,,Turkey,bgazete.com.tr,No feed generated,TRUE,,,FALSE,RSS discovery attempted - no feed found
Kraisthava Ezhuthupura,-,N/A,-,,India,kraisthavaezhuthupura.com,No feed generated,TRUE,,,FALSE,RSS discovery attempted - no feed found
النجاح نت,-,N/A,-,,United Arab Emirates,annajah.net,No feed generated,TRUE,,,FALSE,RSS discovery attempted - no feed found
明報財經 mpfinance,-,N/A,-,,Hong Kong,mpfinance.com,No feed generated,TRUE,,,FALSE,RSS discovery attempted - no feed found
Színház,-,N/A,-,,Hungary,szinhaz.org,No feed generated,TRUE,,,FALSE,RSS discovery attempted - no feed found
Caught In Southie,https://swelbyboy.github.io/prospect-rss-feeds/caught-in-southie.xml,OG,success,2025-12-02 11:58:16,United States,caughtinsouthie.com,To Do,TRUE,,,FALSE,Has existing newsletter - not searched for RSS yet
Heviz.hu,-,N/A,-,,Hungary,heviz.hu,No feed generated,TRUE,,,FALSE,RSS discovery attempted - no feed found
Άγιοι Θεόδωροι,https://swelbyboy.github.io/prospect-rss-feeds/άγιοι-θεόδωροι.xml,OG,success,2025-12-02 11:58:02,Greece,agioitheodoroi.com,To Do,TRUE,,,FALSE,Has existing newsletter - not searched for RSS yet
За теб,-,N/A,-,,Bulgaria,zatebbg.net,No feed generated,TRUE,,,FALSE,RSS discovery attempted - no feed found
tuWroclaw.com,-,N/A,-,,Poland,tuwroclaw.com,No feed generated,TRUE,,,FALSE,RSS discovery attempted - no feed found
Nöjesguiden,https://swelbyboy.github.io/prospect-rss-feeds/nöjesguiden.xml,OG,success,2025-12-02 11:57:57,Sweden,ng.se,To Do,TRUE,,,FALSE,Has existing newsletter - not searched for RSS yet
Palo.gr,https://swelbyboy.github.io/prospect-rss-feeds/palo-gr.xml,OG,success,2025-12-02 11:58:12,Greece,palo.gr,To Do,TRUE,,,FALSE,Has existing newsletter - not searched for RSS yet
Új Szó,https://swelbyboy.github.io/prospect-rss-feeds/új-szó.xml,OG,success,2025-12-02 11:58:00,Hungary,ujszo.com,To Do,TRUE,,,FALSE,Has existing newsletter - not searched for RSS yet
Agrotypos,-,N/A,-,,Greece,agrotypos.gr,No feed generated,TRUE,,,FALSE,RSS discovery attempted - no feed found
العين الإخبارية,https://swelbyboy.github.io/prospect-rss-feeds/العين-الإخبارية.xml,OG,success,2025-12-02 11:58:00,United Arab Emirates,al-ain.com,To Do,TRUE,,,FALSE,Has existing newsletter - not searched for RSS yet
Pless,https://swelbyboy.github.io/prospect-rss-feeds/pless.xml,OG,success,2025-12-02 11:42:16,Poland,pless.pl,To Do,TRUE,,,FALSE,Has existing newsletter - not searched for RSS yet
Clarksville Online,https://swelbyboy.github.io/prospect-rss-feeds/clarksville-online.xml,OG,success,2025-12-02 11:58:00,United States,clarksvilleonline.com,To Do,TRUE,,,FALSE,Has existing newsletter - not searched for RSS yet
Info Pult,https://swelbyboy.github.io/prospect-rss-feeds/info-pult.xml,OG,success,2025-12-02 11:58:10,Croatia,infpult.info,To Do,TRUE,,,FALSE,Has existing newsletter - not searched for RSS yet
91mobiles.com,-,N/A,-,,India,91mobiles.com,No feed generated,TRUE,,,FALSE,RSS discovery attempted - no feed found
Tuzlanski,https://swelbyboy.github.io/prospect-rss-feeds/tuzlanski.xml,OG,success,2025-12-02 11:58:02,Bosnia and Herzegovina,tuzlanski.ba,To Do,TRUE,,,FALSE,Has existing newsletter - not searched for RSS yet
Epirus Tv News,https://swelbyboy.github.io/prospect-rss-feeds/epirus-tv-news.xml,OG,success,2025-12-02 11:58:07,Greece,epirus-tv-news.gr,To Do,TRUE,,,FALSE,Has existing newsletter - not searched for RSS yet
Sportsioannina,-,N/A,-,,Greece,sportsioannina.gr,No feed generated,TRUE,,,FALSE,RSS discovery attempted - no feed found
eBrcko.net,-,N/A,-,,Bosnia and Herzegovina,ebrcko.net,No feed generated,TRUE,,,FALSE,RSS discovery attempted - no feed found
Magyar Kurír,https://swelbyboy.github.io/prospect-rss-feeds/magyar-kurír.xml,OG,success,2025-12-02 11:58:09,Hungary,magyarkurir.hu,To Do,TRUE,,,FALSE,Has existing newsletter - not searched for RSS yet
Aktualno,-,N/A,-,,Croatia,aktualno.hr,No feed generated,TRUE,,,FALSE,RSS discovery attempted - no feed found
The Facts,-,N/A,-,,United States,thefacts.com,No feed generated,TRUE,,,FALSE,RSS discovery attempted - no feed found
MyTex,https://swelbyboy.github.io/prospect-rss-feeds/mytex.xml,OG,success,2025-12-02 11:58:27,Romania,mytex.ro,To Do,TRUE,,,FALSE,Has existing newsletter - not searched for RSS yet
Stockton Record,-,N/A,-,,United States,recordnet.com,No feed generated,TRUE,,,FALSE,RSS discovery attempted - no feed found
My Portal .gr,https://swelbyboy.github.io/prospect-rss-feeds/my-portal--gr.xml,OG,success,2025-12-02 11:58:04,Greece,myportal.gr,To Do,TRUE,,,FALSE,Has existing newsletter - not searched for RSS yet
Indiaawaj,-,N/A,-,,India,indiaawaj.com,No feed generated,TRUE,,,FALSE,RSS discovery attempted - no feed found
TVF Oltenia,https://swelbyboy.github.io/prospect-rss-feeds/tvf-oltenia.xml,OG,success,2025-12-02 11:58:05,Romania,tvfoltenia.ro,To Do,TRUE,,,FALSE,Has existing newsletter - not searched for RSS yet
Čapljinski portal,https://swelbyboy.github.io/prospect-rss-feeds/čapljinski-portal.xml,OG,success,2025-12-02 11:42:21,Croatia,caportal.net,To Do,TRUE,,,FALSE,Has existing newsletter - not searched for RSS yet
Style Magazin,-,N/A,-,,Hungary,stylemagazin.hu,No feed generated,TRUE,,,FALSE,RSS discovery attempted - no feed found
Medina Gazette,-,N/A,-,,United States,medina-gazette.com,No feed generated,TRUE,,,FALSE,RSS discovery attempted - no feed found
ЖЕНАТА ДНЕС,https://swelbyboy.github.io/prospect-rss-feeds/жената-днес.xml,OG,success,2025-12-02 11:58:08,Serbia,jenatadnes.com,To Do,TRUE,,,FALSE,Has existing newsletter - not searched for RSS yet
Boro.gr,https://swelbyboy.github.io/prospect-rss-feeds/boro-gr.xml,OG,success,2025-12-02 11:42:18,Greece,boro.gr,To Do,TRUE,,,FALSE,Has existing newsletter - not searched for RSS yet
Times News Lehighton,-,N/A,-,,United States,tnonline.com,No feed generated,TRUE,,,FALSE,RSS discovery attempted - no feed found
ASD Media,-,N/A,-,,Netherlands,asdnews.com,No feed generated,TRUE,,,FALSE,RSS discovery attempted - no feed found
Technowize,https://swelbyboy.github.io/prospect-rss-feeds/technowize.xml,OG,success,2025-12-02 11:58:05,United States,technowize.com,To Do,TRUE,,,FALSE,Has existing newsletter - not searched for RSS yet
Noupe,https://swelbyboy.github.io/prospect-rss-feeds/noupe.xml,OG,success,2025-12-02 11:58:12,United States,noupe.com,To Do,TRUE,,,FALSE,Has existing newsletter - not searched for RSS yet
Releases,-,N/A,-,,United Kingdom,releases.com,No feed generated,TRUE,,,FALSE,RSS discovery attempted - no feed found
Eordaialive.com,https://swelbyboy.github.io/prospect-rss-feeds/eordaialive-com.xml,OG,success,2025-12-02 11:58:18,Greece,eordaialive.com,To Do,TRUE,,,FALSE,Has existing newsletter - not searched for RSS yet
Doctor's Cafe,-,N/A,-,,Bangladesh,medivoicebd.com,No feed generated,TRUE,,,FALSE,RSS discovery attempted - no feed found
Lavart,https://swelbyboy.github.io/prospect-rss-feeds/lavart.xml,OG,success,2025-12-02 11:42:23,Greece,lavart.gr,To Do,TRUE,,,FALSE,Has existing newsletter - not searched for RSS yet
Dziennik Wschodni,-,N/A,-,,Poland,dziennikwschodni.pl,No feed generated,TRUE,,,FALSE,RSS discovery attempted - no feed found
Sheen Magazine,https://swelbyboy.github.io/prospect-rss-feeds/sheen-magazine.xml,OG,success,2025-12-02 11:58:10,United States,sheenmagazine.com,To Do,TRUE,,,FALSE,Has existing newsletter - not searched for RSS yet
Freegroup,https://swelbyboy.github.io/prospect-rss-feeds/freegroup.xml,OG,success,2025-12-02 11:58:09,Taiwan,free.com.tw,To Do,TRUE,,,FALSE,Has existing newsletter - not searched for RSS yet
The American Spectator,https://swelbyboy.github.io/prospect-rss-feeds/the-american-spectator.xml,OG,success,2025-12-02 11:58:10,United States,spectator.org,To Do,TRUE,,,FALSE,Has existing newsletter - not searched for RSS yet
Curly Tales,https://swelbyboy.github.io/prospect-rss-feeds/curly-tales.xml,OG,success,2025-12-02 11:58:36,India,curlytales.com,To Do,TRUE,,,FALSE,Has existing newsletter - not searched for RSS yet
World News Network,-,N/A,-,,United Kingdom,wn.com,No feed generated,TRUE,,,FALSE,RSS discovery attempted - no feed found
IMPRI Impact and Policy Research Institute,https://swelbyboy.github.io/prospect-rss-feeds/impri-impact-and-policy-research-institute.xml,OG,success,2025-12-02 11:42:21,India,impriindia.com,To Do,TRUE,,,FALSE,Has existing newsletter - not searched for RSS yet
Hauterrfly,https://swelbyboy.github.io/prospect-rss-feeds/hauterrfly.xml,OG,success,2025-12-02 11:58:10,India,hauterrfly.com,To Do,TRUE,,,FALSE,Has existing newsletter - not searched for RSS yet
That Grape Juice,https://swelbyboy.github.io/prospect-rss-feeds/that-grape-juice.xml,OG,success,2025-12-02 11:58:21,United Kingdom,thatgrapejuice.net,To Do,TRUE,,,FALSE,Has existing newsletter - not searched for RSS yet
Auto Bild,https://swelbyboy.github.io/prospect-rss-feeds/auto-bild.xml,OG,success,2025-12-02 11:58:15,Romania,auto-bild.ro,To Do,TRUE,,,FALSE,Has existing newsletter - not searched for RSS yet
Law Officer,-,N/A,-,,United States,lawofficer.com,No feed generated,TRUE,,,FALSE,RSS discovery attempted - no feed found
Kimura.se,https://swelbyboy.github.io/prospect-rss-feeds/kimura-se.xml,OG,success,2025-12-02 11:42:23,Sweden,kimura.se,To Do,TRUE,,,FALSE,Has existing newsletter - not searched for RSS yet
Bochnianin.pl,https://swelbyboy.github.io/prospect-rss-feeds/bochnianin-pl.xml,OG,success,2025-12-02 11:58:15,Poland,bochnianin.pl,To Do,TRUE,,,FALSE,Has existing newsletter - not searched for RSS yet
RMN News,https://swelbyboy.github.io/prospect-rss-feeds/rmn-news.xml,OG,success,2025-12-02 11:58:15,Philippines,rmn.ph,To Do,TRUE,,,FALSE,Has existing newsletter - not searched for RSS yet
Barendrechts Dagblad,https://swelbyboy.github.io/prospect-rss-feeds/barendrechts-dagblad.xml,OG,success,2025-12-02 11:58:14,Netherlands,barendrechtsdagblad.nl,To Do,TRUE,,,FALSE,Has existing newsletter - not searched for RSS yet
ROSA,-,N/A,-,,Greece,rosa.gr,No feed generated,TRUE,,,FALSE,RSS discovery attempted - no feed found
eduline.hu,https://swelbyboy.github.io/prospect-rss-feeds/eduline-hu.xml,OG,success,2025-12-02 11:58:22,Hungary,eduline.hu,To Do,TRUE,,,FALSE,Has existing newsletter - not searched for RSS yet
Metrosport,https://swelbyboy.github.io/prospect-rss-feeds/metrosport.xml,OG,success,2025-12-02 11:58:21,Greece,metrosport.gr,To Do,TRUE,,,FALSE,Has existing newsletter - not searched for RSS yet
Peoples Dispatch,https://swelbyboy.github.io/prospect-rss-feeds/peoples-dispatch.xml,OG,success,2025-12-02 11:58:17,India,peoplesdispatch.org,To Do,TRUE,,,FALSE,Has existing newsletter - not searched for RSS yet
Yerel Güç,https://swelbyboy.github.io/prospect-rss-feeds/yerel-güç.xml,OG,success,2025-12-02 11:58:19,Turkey,yerelguc.com,To Do,TRUE,,,FALSE,Has existing newsletter - not searched for RSS yet
Su Hakki!,https://swelbyboy.github.io/prospect-rss-feeds/su-hakki.xml,OG,success,2025-12-02 11:58:28,Turkey,suhakki.org,To Do,TRUE,,,FALSE,Has existing newsletter - not searched for RSS yet
Biała24,-,N/A,-,,Poland,bp24.pl,No feed generated,TRUE,,,FALSE,RSS discovery attempted - no feed found
Εφημερίδα Μακεδονία,https://swelbyboy.github.io/prospect-rss-feeds/εφημερίδα-μακεδονία.xml,OG,success,2025-12-02 11:58:20,Greece,makthes.gr,To Do,TRUE,,,FALSE,Has existing newsletter - not searched for RSS yet
Autopro.hu,https://swelbyboy.github.io/prospect-rss-feeds/autopro-hu.xml,OG,success,2025-12-02 11:58:26,Hungary,autopro.hu,To Do,TRUE,,,FALSE,Has existing newsletter - not searched for RSS yet
Gaziantep27,https://swelbyboy.github.io/prospect-rss-feeds/gaziantep27.xml,OG,success,2025-12-02 11:58:22,Turkey,gaziantep27.net,To Do,TRUE,,,FALSE,Has existing newsletter - not searched for RSS yet
VårtOslo,-,N/A,-,,Norway,vartoslo.no,No feed generated,TRUE,,,FALSE,RSS discovery attempted - no feed found
newsbucuresti.ro,https://swelbyboy.github.io/prospect-rss-feeds/newsbucuresti-ro.xml,OG,success,2025-12-02 11:58:27,Romania,newsbucuresti.ro,To Do,TRUE,,,FALSE,Has existing newsletter - not searched for RSS yet
VARINDIA IT Magazine,-,N/A,-,,India,varindia.com,No feed generated,TRUE,,,FALSE,RSS discovery attempted - no feed found
Știrile Transilvaniei,https://swelbyboy.github.io/prospect-rss-feeds/știrile-transilvaniei.xml,OG,success,2025-12-02 11:42:47,Romania,stiriletransilvaniei.ro,To Do,TRUE,,,FALSE,Has existing newsletter - not searched for RSS yet
Absolute India News,-,N/A,-,,India,absoluteindianews.com,No feed generated,TRUE,,,FALSE,RSS discovery attempted - no feed found
Gazeta de Cluj,https://swelbyboy.github.io/prospect-rss-feeds/gazeta-de-cluj.xml,OG,success,2025-12-02 11:58:28,Romania,gazetadecluj.ro,To Do,TRUE,,,FALSE,Has existing newsletter - not searched for RSS yet
Ziua de Vest,https://swelbyboy.github.io/prospect-rss-feeds/ziua-de-vest.xml,OG,success,2025-12-02 11:58:26,Romania,ziuadevest.ro,To Do,TRUE,,,FALSE,Has existing newsletter - not searched for RSS yet
Новите родители,https://swelbyboy.github.io/prospect-rss-feeds/новите-родители.xml,OG,success,2025-12-02 11:58:24,Bulgaria,noviteroditeli.bg,To Do,TRUE,,,FALSE,Has existing newsletter - not searched for RSS yet
Body Armor News,https://swelbyboy.github.io/prospect-rss-feeds/body-armor-news.xml,OG,success,2025-12-02 11:42:36,Netherlands,bodyarmornews.com,To Do,TRUE,,,FALSE,Has existing newsletter - not searched for RSS yet
Best-TV,https://swelbyboy.github.io/prospect-rss-feeds/best-tv.xml,OG,success,2025-12-02 11:58:25,Greece,best-tv.gr,To Do,TRUE,,,FALSE,Has existing newsletter - not searched for RSS yet
Türkinfo,https://turkinfo.hu/language/hu/feed/,Discovered-autodiscovery,N/A,,Hungary,turkinfo.hu,To Do,TRUE,,,FALSE,Has existing newsletter - not searched for RSS yet
Kashmir Reader,-,N/A,-,,India,kashmirreader.com,No feed generated,TRUE,,,FALSE,RSS discovery attempted - no feed found
NL Times,https://swelbyboy.github.io/prospect-rss-feeds/nl-times.xml,OG,success,2025-12-02 11:58:26,Netherlands,nltimes.nl,To Do,TRUE,,,FALSE,Has existing newsletter - not searched for RSS yet
Radio Banovina,-,N/A,-,,Croatia,radio-banovina.hr,No feed generated,TRUE,,,FALSE,RSS discovery attempted - no feed found
7dnevno,-,N/A,-,,Croatia,7dnevno.hr,No feed generated,TRUE,,,FALSE,RSS discovery attempted - no feed found
Money & Tourism,-,N/A,-,,Greece,money-tourism.gr,No feed generated,TRUE,,,FALSE,RSS discovery attempted - no feed found
Oside News,-,N/A,-,,United States,osidenews.com,No feed generated,TRUE,,,FALSE,RSS discovery attempted - no feed found
Giresun Gazete,https://swelbyboy.github.io/prospect-rss-feeds/giresun-gazete.xml,OG,success,2025-12-02 11:42:24,Turkey,giresungazete.net,To Do,TRUE,,,FALSE,Has existing newsletter - not searched for RSS yet
Pallomeri,https://swelbyboy.github.io/prospect-rss-feeds/pallomeri.xml,OG,success,2025-12-02 11:58:28,Finland,pallomeri.net,To Do,TRUE,,,FALSE,Has existing newsletter - not searched for RSS yet
Best Media Info,https://swelbyboy.github.io/prospect-rss-feeds/best-media-info.xml,OG,success,2025-12-02 11:58:29,India,bestmediainfo.com,To Do,TRUE,,,FALSE,Has existing newsletter - not searched for RSS yet
Transport-Publiczny,https://swelbyboy.github.io/prospect-rss-feeds/transport-publiczny.xml,OG,success,2025-12-02 11:58:28,Poland,transport-publiczny.pl,To Do,TRUE,,,FALSE,Has existing newsletter - not searched for RSS yet
Statecraft,-,N/A,-,,India,statecraft.co.in,No feed generated,TRUE,,,FALSE,RSS discovery attempted - no feed found
Almuthaqaf,-,N/A,-,,Australia,almothaqaf.com,No feed generated,TRUE,,,FALSE,RSS discovery attempted - no feed found
Yugopapir,https://swelbyboy.github.io/prospect-rss-feeds/yugopapir.xml,OG,success,2025-12-02 11:58:29,Bosnia and Herzegovina,yugopapir.com,To Do,TRUE,,,FALSE,Has existing newsletter - not searched for RSS yet
Big News,https://swelbyboy.github.io/prospect-rss-feeds/big-news.xml,OG,success,2025-12-02 11:58:35,India,kalakaumudi.com,To Do,TRUE,,,FALSE,Has existing newsletter - not searched for RSS yet
Toplumsal Haber,https://swelbyboy.github.io/prospect-rss-feeds/toplumsal-haber.xml,OG,success,2025-12-02 11:58:32,Turkey,toplumsal.com.tr,To Do,TRUE,,,FALSE,Has existing newsletter - not searched for RSS yet
Traction,https://swelbyboy.github.io/prospect-rss-feeds/traction.xml,OG,success,2025-12-02 11:58:30,Greece,traction.gr,To Do,TRUE,,,FALSE,Has existing newsletter - not searched for RSS yet
The Sunday Guardian,https://swelbyboy.github.io/prospect-rss-feeds/the-sunday-guardian.xml,OG,success,2025-12-02 11:58:50,India,sundayguardianlive.com,To Do,TRUE,,,FALSE,Has existing newsletter - not searched for RSS yet
Mobile Bulgaria,https://swelbyboy.github.io/prospect-rss-feeds/mobile-bulgaria.xml,OG,success,2025-12-02 11:58:38,Bulgaria,mobilebulgaria.com,To Do,TRUE,,,FALSE,Has existing newsletter - not searched for RSS yet
BurgasNovinite,https://swelbyboy.github.io/prospect-rss-feeds/burgasnovinite.xml,OG,success,2025-12-02 11:58:31,Bulgaria,burgasnovinite.bg,To Do,TRUE,,,FALSE,Has existing newsletter - not searched for RSS yet
News Bharati,-,N/A,-,,India,newsbharati.com,No feed generated,TRUE,,,FALSE,RSS discovery attempted - no feed found
Zöld Ujsag,-,N/A,-,,Hungary,zoldujsag.hu,No feed generated,TRUE,,,FALSE,RSS discovery attempted - no feed found
Kalavryta News,https://swelbyboy.github.io/prospect-rss-feeds/kalavryta-news.xml,OG,success,2025-12-02 11:58:32,Greece,kalavrytanews.com,To Do,TRUE,,,FALSE,Has existing newsletter - not searched for RSS yet
Legal Era - Legal Media Group,https://swelbyboy.github.io/prospect-rss-feeds/legal-era---legal-media-group.xml,OG,success,2025-12-02 11:58:34,India,legaleraonline.com,To Do,TRUE,,,FALSE,Has existing newsletter - not searched for RSS yet
Rijswijks Dagblad,https://swelbyboy.github.io/prospect-rss-feeds/rijswijks-dagblad.xml,OG,success,2025-12-02 11:58:32,Netherlands,rijswijksdagblad.nl,To Do,TRUE,,,FALSE,Has existing newsletter - not searched for RSS yet
UCA News,-,N/A,-,,Hong Kong,ucanews.com,No feed generated,TRUE,,,FALSE,RSS discovery attempted - no feed found
Social Samosa,https://swelbyboy.github.io/prospect-rss-feeds/social-samosa.xml,OG,success,2025-12-02 11:58:35,India,socialsamosa.com,To Do,TRUE,,,FALSE,Has existing newsletter - not searched for RSS yet
Daily Dastak,-,N/A,-,,Netherlands,dailydastak.com,No feed generated,TRUE,,,FALSE,RSS discovery attempted - no feed found
Infostart,-,N/A,-,,Hungary,infostart.hu,No feed generated,TRUE,,,FALSE,RSS discovery attempted - no feed found
Zvornik Danas,https://swelbyboy.github.io/prospect-rss-feeds/zvornik-danas.xml,OG,success,2025-12-02 11:59:01,Bosnia and Herzegovina,zvornikdanas.com,To Do,TRUE,,,FALSE,Has existing newsletter - not searched for RSS yet
Jenite.bg,-,N/A,-,,Bulgaria,jenite.bg,No feed generated,TRUE,,,FALSE,RSS discovery attempted - no feed found
Tabletowo,https://swelbyboy.github.io/prospect-rss-feeds/tabletowo.xml,OG,success,2025-12-02 11:58:34,Poland,tabletowo.pl,To Do,TRUE,,,FALSE,Has existing newsletter - not searched for RSS yet
Best Classic Bands,https://swelbyboy.github.io/prospect-rss-feeds/best-classic-bands.xml,OG,success,2025-12-02 11:58:33,United States,bestclassicbands.com,To Do,TRUE,,,FALSE,Has existing newsletter - not searched for RSS yet
Ridderkerks Dagblad,https://swelbyboy.github.io/prospect-rss-feeds/ridderkerks-dagblad.xml,OG,success,2025-12-02 11:58:34,Netherlands,ridderkerksdagblad.nl,To Do,TRUE,,,FALSE,Has existing newsletter - not searched for RSS yet
Dinar Recaps,-,N/A,-,,United States,dinarrecaps.com,No feed generated,TRUE,,,FALSE,RSS discovery attempted - no feed found
DrydenWire,https://swelbyboy.github.io/prospect-rss-feeds/drydenwire.xml,OG,success,2025-12-02 11:58:35,United States,drydenwire.com,To Do,TRUE,,,FALSE,Has existing newsletter - not searched for RSS yet
Alabama Political Reporter,https://swelbyboy.github.io/prospect-rss-feeds/alabama-political-reporter.xml,OG,success,2025-12-02 11:58:36,United States,alreporter.com,To Do,TRUE,,,FALSE,Has existing newsletter - not searched for RSS yet
Ajker Bangladesh,-,N/A,-,,Bangladesh,ajkerbangladesh.com.bd,No feed generated,TRUE,,,FALSE,RSS discovery attempted - no feed found
Fresno State,https://swelbyboy.github.io/prospect-rss-feeds/fresno-state.xml,OG,success,2025-12-02 11:58:42,United States,fresnostatenews.com,To Do,TRUE,,,FALSE,Has existing newsletter - not searched for RSS yet
Ameryka Po Polsku,https://swelbyboy.github.io/prospect-rss-feeds/ameryka-po-polsku.xml,OG,success,2025-12-02 11:42:34,United States,amerykapopolsku.com,To Do,TRUE,,,FALSE,Has existing newsletter - not searched for RSS yet
Aylogyros News,-,N/A,-,,Greece,aylogyrosnews.gr,No feed generated,TRUE,,,FALSE,RSS discovery attempted - no feed found
ViaDiplomacy,https://swelbyboy.github.io/prospect-rss-feeds/viadiplomacy.xml,OG,success,2025-12-02 11:58:45,Greece,viadiplomacy.gr,To Do,TRUE,,,FALSE,Has existing newsletter - not searched for RSS yet
Antic Shop,-,N/A,-,,Romania,antic-shop.ro,No feed generated,TRUE,,,FALSE,RSS discovery attempted - no feed found
Brcko Danas,https://swelbyboy.github.io/prospect-rss-feeds/brcko-danas.xml,OG,success,2025-12-02 11:42:51,Bosnia and Herzegovina,brckodanas.com,To Do,TRUE,,,FALSE,Has existing newsletter - not searched for RSS yet
Bonner County Daily Bee,-,N/A,-,,United States,bonnercountydailybee.com,No feed generated,TRUE,,,FALSE,RSS discovery attempted - no feed found
Climate Action Network South Asia (CANSA),https://swelbyboy.github.io/prospect-rss-feeds/climate-action-network-south-asia--cansa.xml,OG,success,2025-12-02 11:42:34,Bangladesh,cansouthasia.net,To Do,TRUE,,,FALSE,Has existing newsletter - not searched for RSS yet
Interview,https://swelbyboy.github.io/prospect-rss-feeds/interview.xml,OG,success,2025-12-02 11:58:39,Bosnia and Herzegovina,interview.ba,To Do,TRUE,,,FALSE,Has existing newsletter - not searched for RSS yet
Iredell Free News,https://swelbyboy.github.io/prospect-rss-feeds/iredell-free-news.xml,OG,success,2025-12-02 11:58:39,United States,iredellfreenews.com,To Do,TRUE,,,FALSE,Has existing newsletter - not searched for RSS yet
Fast Philly Sports,https://swelbyboy.github.io/prospect-rss-feeds/fast-philly-sports.xml,OG,success,2025-12-02 11:58:50,United States,fastphillysports.com,To Do,TRUE,,,FALSE,Has existing newsletter - not searched for RSS yet
Eye on Annapolis,-,N/A,-,,United States,eyeonannapolis.net,No feed generated,TRUE,,,FALSE,RSS discovery attempted - no feed found
3 Quarks Daily,https://swelbyboy.github.io/prospect-rss-feeds/3-quarks-daily.xml,OG,success,2025-12-02 11:58:37,United States,3quarksdaily.com,To Do,TRUE,,,FALSE,Has existing newsletter - not searched for RSS yet
Canberra City News,-,N/A,-,,Australia,citynews.com.au,No feed generated,TRUE,,,FALSE,RSS discovery attempted - no feed found
Sonline,-,N/A,-,,Hungary,sonline.hu,No feed generated,TRUE,,,FALSE,RSS discovery attempted - no feed found
Ms. Career Girl,https://swelbyboy.github.io/prospect-rss-feeds/ms--career-girl.xml,OG,success,2025-12-02 11:58:37,United States,mscareergirl.com,To Do,TRUE,,,FALSE,Has existing newsletter - not searched for RSS yet
Bani si Afaceri,https://swelbyboy.github.io/prospect-rss-feeds/bani-si-afaceri.xml,OG,success,2025-12-02 11:58:40,Romania,banisiafaceri.ro,To Do,TRUE,,,FALSE,Has existing newsletter - not searched for RSS yet
Business Goa,https://swelbyboy.github.io/prospect-rss-feeds/business-goa.xml,OG,success,2025-12-02 11:42:33,India,businessgoa.in,To Do,TRUE,,,FALSE,Has existing newsletter - not searched for RSS yet
Voucher Ergasia,https://swelbyboy.github.io/prospect-rss-feeds/voucher-ergasia.xml,OG,success,2025-12-02 11:58:40,Greece,voucherergasia.gr,To Do,TRUE,,,FALSE,Has existing newsletter - not searched for RSS yet
Akademik Personel,https://swelbyboy.github.io/prospect-rss-feeds/akademik-personel.xml,OG,success,2025-12-02 11:58:44,Turkey,akademikpersonel.org,To Do,TRUE,,,FALSE,Has existing newsletter - not searched for RSS yet
Basilica Press Center,https://swelbyboy.github.io/prospect-rss-feeds/basilica-press-center.xml,OG,success,2025-12-02 11:58:40,Romania,basilica.ro,To Do,TRUE,,,FALSE,Has existing newsletter - not searched for RSS yet
The Greek Herald,https://swelbyboy.github.io/prospect-rss-feeds/the-greek-herald.xml,OG,success,2025-12-02 11:58:52,Australia,greekherald.com.au,To Do,TRUE,,,FALSE,Has existing newsletter - not searched for RSS yet
KBUR,https://swelbyboy.github.io/prospect-rss-feeds/kbur.xml,OG,success,2025-12-02 11:58:44,United States,kbur.com,To Do,TRUE,,,FALSE,Has existing newsletter - not searched for RSS yet
Cover Style,https://swelbyboy.github.io/prospect-rss-feeds/cover-style.xml,OG,success,2025-12-02 11:58:48,Croatia,cover.style,To Do,TRUE,,,FALSE,Has existing newsletter - not searched for RSS yet
Properties 284 Media,-,N/A,-,,United Kingdom,284media.com,No feed generated,TRUE,,,FALSE,RSS discovery attempted - no feed found
Magic Mile Media,https://swelbyboy.github.io/prospect-rss-feeds/magic-mile-media.xml,OG,success,2025-12-02 11:58:42,United States,magicmilemedia.com,To Do,TRUE,,,FALSE,Has existing newsletter - not searched for RSS yet
fmc.hu,-,N/A,-,,Hungary,fmc.hu,No feed generated,TRUE,,,FALSE,RSS discovery attempted - no feed found
GrootSneek,-,N/A,-,,Netherlands,grootsneek.nl,No feed generated,TRUE,,,FALSE,RSS discovery attempted - no feed found
Courthouse News,-,N/A,-,,United States,courthousenews.com,No feed generated,TRUE,,,FALSE,RSS discovery attempted - no feed found
Emery County Progress,https://swelbyboy.github.io/prospect-rss-feeds/emery-county-progress.xml,OG,success,2025-12-02 11:58:45,United States,etvnews.com,To Do,TRUE,,,FALSE,Has existing newsletter - not searched for RSS yet
Konkurent.bg,https://swelbyboy.github.io/prospect-rss-feeds/konkurent-bg.xml,OG,success,2025-12-02 11:58:48,Bulgaria,konkurent.bg,To Do,TRUE,,,FALSE,Has existing newsletter - not searched for RSS yet
Business Magazine BiH,https://swelbyboy.github.io/prospect-rss-feeds/business-magazine-bih.xml,OG,success,2025-12-02 11:58:49,Bosnia and Herzegovina,business-magazine.ba,To Do,TRUE,,,FALSE,Has existing newsletter - not searched for RSS yet
Crypto Daily,https://swelbyboy.github.io/prospect-rss-feeds/crypto-daily.xml,OG,success,2025-12-02 11:58:46,United Kingdom,cryptodaily.co.uk,To Do,TRUE,,,FALSE,Has existing newsletter - not searched for RSS yet
Ramble Media,-,N/A,-,,Jamaica,buzz-caribbean.com,No feed generated,TRUE,,,FALSE,RSS discovery attempted - no feed found
Har Gitanepe,https://swelbyboy.github.io/prospect-rss-feeds/har-gitanepe.xml,OG,success,2025-12-02 11:58:47,Hungary,hargitanepe.eu,To Do,TRUE,,,FALSE,Has existing newsletter - not searched for RSS yet
Teacher Toolkit,-,N/A,-,,United Kingdom,teachertoolkit.co.uk,No feed generated,TRUE,,,FALSE,RSS discovery attempted - no feed found
Kisalföld,-,N/A,-,,Hungary,kisalfold.hu,No feed generated,TRUE,,,FALSE,RSS discovery attempted - no feed found
Hypebot,https://swelbyboy.github.io/prospect-rss-feeds/hypebot.xml,OG,success,2025-12-02 11:59:08,United States,hypebot.com,To Do,TRUE,,,FALSE,Has existing newsletter - not searched for RSS yet
DutchReview,-,N/A,-,,Netherlands,dutchreview.com,No feed generated,TRUE,,,FALSE,RSS discovery attempted - no feed found
25YL,https://swelbyboy.github.io/prospect-rss-feeds/25yl.xml,OG,success,2025-12-02 11:42:38,United States,25yearslatersite.com,To Do,TRUE,,,FALSE,Has existing newsletter - not searched for RSS yet
Euractiv.gr,-,N/A,-,,Greece,euractiv.gr,No feed generated,TRUE,,,FALSE,RSS discovery attempted - no feed found
ΑΕΛ,https://swelbyboy.github.io/prospect-rss-feeds/αελ.xml,OG,success,2025-12-02 11:58:48,Greece,aelole.gr,To Do,TRUE,,,FALSE,Has existing newsletter - not searched for RSS yet
Fairbanks Daily News-Miner,-,N/A,-,,United States,newsminer.com,No feed generated,TRUE,,,FALSE,RSS discovery attempted - no feed found
Massive Science Inc.,https://swelbyboy.github.io/prospect-rss-feeds/massive-science-inc.xml,OG,success,2025-12-02 11:58:49,United States,massivesci.com,To Do,TRUE,,,FALSE,Has existing newsletter - not searched for RSS yet
Celts Are Here,https://swelbyboy.github.io/prospect-rss-feeds/celts-are-here.xml,OG,success,2025-12-02 11:58:50,United Kingdom,celtsarehere.com,To Do,TRUE,,,FALSE,Has existing newsletter - not searched for RSS yet
InfoBistrița,-,N/A,-,,Romania,infobistrita.ro,No feed generated,TRUE,,,FALSE,RSS discovery attempted - no feed found
Eviathema,https://swelbyboy.github.io/prospect-rss-feeds/eviathema.xml,OG,success,2025-12-02 11:58:52,Greece,eviathema.gr,To Do,TRUE,,,FALSE,Has existing newsletter - not searched for RSS yet
Frequent Miler,https://swelbyboy.github.io/prospect-rss-feeds/frequent-miler.xml,OG,success,2025-12-02 11:58:50,United States,frequentmiler.com,To Do,TRUE,,,FALSE,Has existing newsletter - not searched for RSS yet
EMEA.gr,-,N/A,-,,Greece,emea.gr,No feed generated,TRUE,,,FALSE,RSS discovery attempted - no feed found
Cricket World,-,N/A,-,,United Kingdom,cricketworld.com,No feed generated,TRUE,,,FALSE,RSS discovery attempted - no feed found
AeginaPortal,-,N/A,-,,Greece,aeginaportal.gr,No feed generated,TRUE,,,FALSE,RSS discovery attempted - no feed found
Energetyka24,https://swelbyboy.github.io/prospect-rss-feeds/energetyka24.xml,OG,success,2025-12-02 11:58:52,Poland,energetyka24.com,To Do,TRUE,,,FALSE,Has existing newsletter - not searched for RSS yet
BasketWorld.net,https://swelbyboy.github.io/prospect-rss-feeds/basketworld-net.xml,OG,success,2025-12-02 11:42:48,Greece,basketworld.net,To Do,TRUE,,,FALSE,Has existing newsletter - not searched for RSS yet
Kosnet,-,N/A,-,,Greece,kostoday.com,No feed generated,TRUE,,,FALSE,RSS discovery attempted - no feed found
NaszTomaszow,-,N/A,-,,Poland,nasztomaszow.pl,No feed generated,TRUE,,,FALSE,RSS discovery attempted - no feed found
Galveston Newspapers,-,N/A,-,,United States,galvnews.com,No feed generated,TRUE,,,FALSE,RSS discovery attempted - no feed found
Americus Times-Recorder,https://swelbyboy.github.io/prospect-rss-feeds/americus-times-recorder.xml,OG,success,2025-12-02 11:58:52,United States,americustimesrecorder.com,To Do,TRUE,,,FALSE,Has existing newsletter - not searched for RSS yet
Boston Poetry Slam,https://swelbyboy.github.io/prospect-rss-feeds/boston-poetry-slam.xml,OG,success,2025-12-02 11:58:58,United States,bostonpoetryslam.com,To Do,TRUE,,,FALSE,Has existing newsletter - not searched for RSS yet
Ojai Valley News,-,N/A,-,,United States,ojaivalleynews.com,No feed generated,TRUE,,,FALSE,RSS discovery attempted - no feed found
ZGexpress,https://swelbyboy.github.io/prospect-rss-feeds/zgexpress.xml,OG,success,2025-12-02 11:42:42,Croatia,zgexpress.net,To Do,TRUE,,,FALSE,Has existing newsletter - not searched for RSS yet
Mindahome House and Pet Sitting,https://swelbyboy.github.io/prospect-rss-feeds/mindahome-house-and-pet-sitting.xml,OG,success,2025-12-02 11:58:57,Australia,mindahome.com.au,To Do,TRUE,,,FALSE,Has existing newsletter - not searched for RSS yet
Case Practice,https://swelbyboy.github.io/prospect-rss-feeds/case-practice.xml,OG,success,2025-12-02 11:43:04,Romania,casepractice.ro,To Do,TRUE,,,FALSE,Has existing newsletter - not searched for RSS yet
Autopress.hr,https://swelbyboy.github.io/prospect-rss-feeds/autopress-hr.xml,OG,success,2025-12-02 11:58:55,Croatia,autopress.hr,To Do,TRUE,,,FALSE,Has existing newsletter - not searched for RSS yet
Buro Serbia,https://swelbyboy.github.io/prospect-rss-feeds/buro-serbia.xml,OG,success,2025-12-02 11:59:03,Serbia,buro247.rs,To Do,TRUE,,,FALSE,Has existing newsletter - not searched for RSS yet
Advertising.gr,-,N/A,-,,Greece,advertising.gr,No feed generated,TRUE,,,FALSE,RSS discovery attempted - no feed found
Genocide Watch,https://swelbyboy.github.io/prospect-rss-feeds/genocide-watch.xml,OG,success,2025-12-02 11:58:52,United States,genocidewatch.com,To Do,TRUE,,,FALSE,Has existing newsletter - not searched for RSS yet
Margriet,-,N/A,-,,Netherlands,margriet.nl,No feed generated,TRUE,,,FALSE,RSS discovery attempted - no feed found
Świat OZE,https://swiatoze.pl/feed,Discovered-pattern,failed,2025-12-21 22:13:01,Poland,swiatoze.pl,To Do,TRUE,,,FALSE,Has existing newsletter - not searched for RSS yet
TravMagazine,https://swelbyboy.github.io/prospect-rss-feeds/travmagazine.xml,OG,success,2025-12-02 11:58:55,Netherlands,travmagazine.nl,To Do,TRUE,,,FALSE,Has existing newsletter - not searched for RSS yet
PrijedorDanas,https://swelbyboy.github.io/prospect-rss-feeds/prijedordanas.xml,OG,success,2025-12-02 11:59:29,Bosnia and Herzegovina,prijedordanas.com,To Do,TRUE,,,FALSE,Has existing newsletter - not searched for RSS yet
Geek Native,https://swelbyboy.github.io/prospect-rss-feeds/geek-native.xml,OG,success,2025-12-02 11:58:53,United Kingdom,geeknative.com,To Do,TRUE,,,FALSE,Has existing newsletter - not searched for RSS yet
Atlantea,https://swelbyboy.github.io/prospect-rss-feeds/atlantea.xml,OG,success,2025-12-02 11:58:58,Greece,atlantea.news,To Do,TRUE,,,FALSE,Has existing newsletter - not searched for RSS yet
Akhil Bharatiya Vidyarthi Parishad (ABVP),https://swelbyboy.github.io/prospect-rss-feeds/akhil-bharatiya-vidyarthi-parishad--abvp.xml,OG,success,2025-12-02 11:58:58,India,abvp.org,To Do,TRUE,,,FALSE,Has existing newsletter - not searched for RSS yet
Digital Winners,https://swelbyboy.github.io/prospect-rss-feeds/digital-winners.xml,OG,success,2025-12-02 11:58:56,Greece,digitalwinners.gr,To Do,TRUE,,,FALSE,Has existing newsletter - not searched for RSS yet
Keep Talking Greece,-,N/A,-,,Greece,keeptalkinggreece.com,No feed generated,TRUE,,,FALSE,RSS discovery attempted - no feed found
Zaol,-,N/A,-,,Hungary,zaol.hu,No feed generated,TRUE,,,FALSE,RSS discovery attempted - no feed found
Farce the Music,-,N/A,-,,United States,farcethemusic.com,No feed generated,TRUE,,,FALSE,RSS discovery attempted - no feed found
Mirage Magazin,https://swelbyboy.github.io/prospect-rss-feeds/mirage-magazin.xml,OG,success,2025-12-02 11:43:15,Hungary,miragemagazin.hu,To Do,TRUE,,,FALSE,Has existing newsletter - not searched for RSS yet
Adgully,-,N/A,-,,India,adgully.com,No feed generated,TRUE,,,FALSE,RSS discovery attempted - no feed found
Downtown Alliance,https://swelbyboy.github.io/prospect-rss-feeds/downtown-alliance.xml,OG,success,2025-12-02 11:58:56,United States,downtownny.com,To Do,TRUE,,,FALSE,Has existing newsletter - not searched for RSS yet
Farmer.pl,https://swelbyboy.github.io/prospect-rss-feeds/farmer-pl.xml,OG,success,2025-12-02 11:59:02,Poland,farmer.pl,To Do,TRUE,,,FALSE,Has existing newsletter - not searched for RSS yet
Gercek Haberci,https://swelbyboy.github.io/prospect-rss-feeds/gercek-haberci.xml,OG,success,2025-12-02 11:59:05,Turkey,gercekhaberci.com,To Do,TRUE,,,FALSE,Has existing newsletter - not searched for RSS yet
Curiosmos,https://swelbyboy.github.io/prospect-rss-feeds/curiosmos.xml,OG,success,2025-12-02 11:59:12,Croatia,curiosmos.com,To Do,TRUE,,,FALSE,Has existing newsletter - not searched for RSS yet
GR TIMES,https://swelbyboy.github.io/prospect-rss-feeds/gr-times.xml,OG,success,2025-12-02 11:59:00,Greece,grtimes.gr,To Do,TRUE,,,FALSE,Has existing newsletter - not searched for RSS yet
Dublin Gazette Newspapers,-,N/A,-,,Ireland,dublingazette.com,No feed generated,TRUE,,,FALSE,RSS discovery attempted - no feed found
Bihor News,https://swelbyboy.github.io/prospect-rss-feeds/bihor-news.xml,OG,success,2025-12-02 11:59:05,Romania,bihornews.ro,To Do,TRUE,,,FALSE,Has existing newsletter - not searched for RSS yet
DestinAsian Indonesia,-,N/A,-,,Indonesia,destinasian.co.id,No feed generated,TRUE,,,FALSE,RSS discovery attempted - no feed found
Almopia 24,https://swelbyboy.github.io/prospect-rss-feeds/almopia-24.xml,OG,success,2025-12-02 11:59:00,Greece,almopia24.gr,To Do,TRUE,,,FALSE,Has existing newsletter - not searched for RSS yet
BusinessDaily,https://swelbyboy.github.io/prospect-rss-feeds/businessdaily.xml,OG,success,2025-12-02 11:59:03,Greece,businessdaily.gr,To Do,TRUE,,,FALSE,Has existing newsletter - not searched for RSS yet
Autogreeknews,https://swelbyboy.github.io/prospect-rss-feeds/autogreeknews.xml,OG,success,2025-12-02 11:59:03,Greece,autogreeknews.gr,To Do,TRUE,,,FALSE,Has existing newsletter - not searched for RSS yet
Endtime Ministries,-,N/A,-,,United States,endtime.com,No feed generated,TRUE,,,FALSE,RSS discovery attempted - no feed found
City of Larnaka,-,N/A,-,,Greece,cityoflarnaka.com,No feed generated,TRUE,,,FALSE,RSS discovery attempted - no feed found
Miumag,https://swelbyboy.github.io/prospect-rss-feeds/miumag.xml,OG,success,2025-12-02 11:59:11,Poland,miumag.pl,To Do,TRUE,,,FALSE,Has existing newsletter - not searched for RSS yet
KMA Broadcasting,-,N/A,-,,United States,kmaland.com,No feed generated,TRUE,,,FALSE,RSS discovery attempted - no feed found
Demokrat Kocaeli Gazetesi,-,N/A,-,,Turkey,demokratkocaeli.com,No feed generated,TRUE,,,FALSE,RSS discovery attempted - no feed found
GearJunkie,https://swelbyboy.github.io/prospect-rss-feeds/gearjunkie.xml,OG,success,2025-12-02 11:59:04,United States,gearjunkie.com,To Do,TRUE,,,FALSE,Has existing newsletter - not searched for RSS yet
TalkBasket.net,https://swelbyboy.github.io/prospect-rss-feeds/talkbasket-net.xml,OG,success,2025-12-02 11:59:05,United States,talkbasket.net,To Do,TRUE,,,FALSE,Has existing newsletter - not searched for RSS yet
The Christian Index,-,N/A,-,,United States,christianindex.org,No feed generated,TRUE,,,FALSE,RSS discovery attempted - no feed found
ProSoundWeb,-,N/A,-,,United States,prosoundweb.com,No feed generated,TRUE,,,FALSE,RSS discovery attempted - no feed found
Go Country 105,-,N/A,-,,United States,gocountry105.com,No feed generated,TRUE,,,FALSE,RSS discovery attempted - no feed found
Patrida Chios,https://swelbyboy.github.io/prospect-rss-feeds/patrida-chios.xml,OG,success,2025-12-02 11:42:46,Greece,tvpatrida.gr,To Do,TRUE,,,FALSE,Has existing newsletter - not searched for RSS yet
Međimurje Press,https://swelbyboy.github.io/prospect-rss-feeds/međimurje-press.xml,OG,success,2025-12-02 11:59:20,Croatia,medjimurjepress.net,To Do,TRUE,,,FALSE,Has existing newsletter - not searched for RSS yet
Nederweert24,https://swelbyboy.github.io/prospect-rss-feeds/nederweert24.xml,OG,success,2025-12-02 11:59:06,Netherlands,nederweert24.nl,To Do,TRUE,,,FALSE,Has existing newsletter - not searched for RSS yet
Kastoriani Estia,https://swelbyboy.github.io/prospect-rss-feeds/kastoriani-estia.xml,OG,success,2025-12-02 11:42:53,Greece,kastorianiestia.gr,To Do,TRUE,,,FALSE,Has existing newsletter - not searched for RSS yet
Havre Daily News,https://swelbyboy.github.io/prospect-rss-feeds/havre-daily-news.xml,OG,success,2025-12-02 11:42:49,United States,havredailynews.com,To Do,TRUE,,,FALSE,Has existing newsletter - not searched for RSS yet
ProBasket,https://swelbyboy.github.io/prospect-rss-feeds/probasket.xml,OG,success,2025-12-02 11:59:08,Poland,probasket.pl,To Do,TRUE,,,FALSE,Has existing newsletter - not searched for RSS yet
Antinews,-,N/A,-,,Greece,antinews.gr,No feed generated,TRUE,,,FALSE,RSS discovery attempted - no feed found
WHAV 97.9,-,N/A,-,,United States,whav.net,No feed generated,TRUE,,,FALSE,RSS discovery attempted - no feed found
New Haven Independent,https://swelbyboy.github.io/prospect-rss-feeds/new-haven-independent.xml,OG,success,2025-12-02 11:59:11,United States,newhavenindependent.org,To Do,TRUE,,,FALSE,Has existing newsletter - not searched for RSS yet
Brotnjo,https://swelbyboy.github.io/prospect-rss-feeds/brotnjo.xml,OG,success,2025-12-02 11:59:07,Bosnia and Herzegovina,brotnjo.info,To Do,TRUE,,,FALSE,Has existing newsletter - not searched for RSS yet
Evangélikus,https://swelbyboy.github.io/prospect-rss-feeds/evangélikus.xml,OG,success,2025-12-02 11:42:51,Hungary,evangelikus.hu,To Do,TRUE,,,FALSE,Has existing newsletter - not searched for RSS yet
Health Data Management,-,N/A,-,,United States,healthdatamanagement.com,No feed generated,TRUE,,,FALSE,RSS discovery attempted - no feed found
Kingsizemag.se,https://swelbyboy.github.io/prospect-rss-feeds/kingsizemag-se.xml,OG,success,2025-12-02 11:59:08,Sweden,kingsizemag.se,To Do,TRUE,,,FALSE,Has existing newsletter - not searched for RSS yet
Weekly World News,https://swelbyboy.github.io/prospect-rss-feeds/weekly-world-news.xml,OG,success,2025-12-02 11:59:14,United States,weeklyworldnews.com,To Do,TRUE,,,FALSE,Has existing newsletter - not searched for RSS yet
North American Animal Liberation Press Office,https://swelbyboy.github.io/prospect-rss-feeds/north-american-animal-liberation-press-office.xml,OG,success,2025-12-02 11:59:12,United States,animalliberationpressoffice.org,To Do,TRUE,,,FALSE,Has existing newsletter - not searched for RSS yet
Morski HR,https://swelbyboy.github.io/prospect-rss-feeds/morski-hr.xml,OG,success,2025-12-02 11:59:09,Hungary,morski.hr,To Do,TRUE,,,FALSE,Has existing newsletter - not searched for RSS yet
Baptist news Global,-,N/A,-,,United States,baptistnews.com,No feed generated,TRUE,,,FALSE,RSS discovery attempted - no feed found
African Technology Advisory,https://swelbyboy.github.io/prospect-rss-feeds/african-technology-advisory.xml,OG,success,2025-12-02 11:43:10,South Africa,africantechnologyadvisory.com,To Do,TRUE,,,FALSE,Has existing newsletter - not searched for RSS yet
LovechToday,https://swelbyboy.github.io/prospect-rss-feeds/lovechtoday.xml,OG,success,2025-12-02 11:59:11,Bulgaria,lovechtoday.eu,To Do,TRUE,,,FALSE,Has existing newsletter - not searched for RSS yet
Telewizja Starachowice,-,N/A,-,,Poland,tv.starachowice.pl,No feed generated,TRUE,,,FALSE,RSS discovery attempted - no feed found
Mesogeios TV,https://swelbyboy.github.io/prospect-rss-feeds/mesogeios-tv.xml,OG,success,2025-12-02 11:59:22,Greece,mesogeiostv.gr,To Do,TRUE,,,FALSE,Has existing newsletter - not searched for RSS yet
REDI,https://swelbyboy.github.io/prospect-rss-feeds/redi.xml,OG,success,2025-12-02 11:59:14,Finland,redi.fi,To Do,TRUE,,,FALSE,Has existing newsletter - not searched for RSS yet
The Boston Pilot,-,N/A,-,,United States,thebostonpilot.com,No feed generated,TRUE,,,FALSE,RSS discovery attempted - no feed found
Epsilon Net SA,-,N/A,-,,Greece,e-forologia.gr,No feed generated,TRUE,,,FALSE,RSS discovery attempted - no feed found
Telewizja Sudecka,-,N/A,-,,Poland,tvsudecka.pl,No feed generated,TRUE,,,FALSE,RSS discovery attempted - no feed found
Greenwood Commonwealth,-,N/A,-,,United States,gwcommonwealth.com,No feed generated,TRUE,,,FALSE,RSS discovery attempted - no feed found
My Edmonds News,https://swelbyboy.github.io/prospect-rss-feeds/my-edmonds-news.xml,OG,success,2025-12-02 11:42:50,United States,myedmondsnews.com,To Do,TRUE,,,FALSE,Has existing newsletter - not searched for RSS yet
Barrie Today,https://swelbyboy.github.io/prospect-rss-feeds/barrie-today.xml,OG,success,2025-12-02 11:59:12,United States,barrietoday.com,To Do,TRUE,,,FALSE,Has existing newsletter - not searched for RSS yet
DEON.pl,https://swelbyboy.github.io/prospect-rss-feeds/deon-pl.xml,OG,success,2025-12-02 11:59:13,Poland,deon.pl,To Do,TRUE,,,FALSE,Has existing newsletter - not searched for RSS yet
DLXVRSN Media Inc.,https://swelbyboy.github.io/prospect-rss-feeds/dlxvrsn-media-inc.xml,OG,success,2025-12-02 11:59:12,Sweden,deluxeversionmagazine.com,To Do,TRUE,,,FALSE,Has existing newsletter - not searched for RSS yet
Autoagora.gr,-,N/A,-,,Greece,autoagora.gr,No feed generated,TRUE,,,FALSE,RSS discovery attempted - no feed found
Atitudinea,https://swelbyboy.github.io/prospect-rss-feeds/atitudinea.xml,OG,success,2025-12-02 11:59:13,Romania,atitudinea.ro,To Do,TRUE,,,FALSE,Has existing newsletter - not searched for RSS yet
The College Fix,https://swelbyboy.github.io/prospect-rss-feeds/the-college-fix.xml,OG,success,2025-12-02 11:59:12,United States,thecollegefix.com,To Do,TRUE,,,FALSE,Has existing newsletter - not searched for RSS yet
Клуб Z,https://swelbyboy.github.io/prospect-rss-feeds/клуб-z.xml,OG,success,2025-12-02 11:59:16,Bulgaria,clubz.bg,To Do,TRUE,,,FALSE,Has existing newsletter - not searched for RSS yet
volleynews,https://swelbyboy.github.io/prospect-rss-feeds/volleynews.xml,OG,success,2025-12-02 11:42:59,Greece,volleynews.gr,To Do,TRUE,,,FALSE,Has existing newsletter - not searched for RSS yet
Bašta Balkana - Web Magazin,https://swelbyboy.github.io/prospect-rss-feeds/bašta-balkana---web-magazin.xml,OG,success,2025-12-02 11:59:17,Serbia,bastabalkana.com,To Do,TRUE,,,FALSE,Has existing newsletter - not searched for RSS yet
My Local News,https://swelbyboy.github.io/prospect-rss-feeds/my-local-news.xml,OG,success,2025-12-02 11:59:14,United Kingdom,mynewsmag.co.uk,To Do,TRUE,,,FALSE,Has existing newsletter - not searched for RSS yet
Hoeksch Nieuws,https://swelbyboy.github.io/prospect-rss-feeds/hoeksch-nieuws.xml,OG,success,2025-12-02 11:59:28,Netherlands,hoekschnieuws.nl,To Do,TRUE,,,FALSE,Has existing newsletter - not searched for RSS yet
TheMayor.EU,https://swelbyboy.github.io/prospect-rss-feeds/themayor-eu.xml,OG,success,2025-12-02 11:59:24,United Kingdom,themayor.eu,To Do,TRUE,,,FALSE,Has existing newsletter - not searched for RSS yet
Frontline Gaming,-,N/A,-,,United States,frontlinegaming.org,No feed generated,TRUE,,,FALSE,RSS discovery attempted - no feed found
40Billion,-,N/A,-,,United States,40billion.com,No feed generated,TRUE,,,FALSE,RSS discovery attempted - no feed found
Stacja7,https://swelbyboy.github.io/prospect-rss-feeds/stacja7.xml,OG,success,2025-12-02 11:59:19,Poland,stacja7.pl,To Do,TRUE,,,FALSE,Has existing newsletter - not searched for RSS yet
Weblog Zwolle,https://swelbyboy.github.io/prospect-rss-feeds/weblog-zwolle.xml,OG,success,2025-12-02 11:59:17,Netherlands,weblogzwolle.nl,To Do,TRUE,,,FALSE,Has existing newsletter - not searched for RSS yet
Sesvete Danas,https://swelbyboy.github.io/prospect-rss-feeds/sesvete-danas.xml,OG,success,2025-12-02 11:42:59,Hungary,sesvete-danas.hr,To Do,TRUE,,,FALSE,Has existing newsletter - not searched for RSS yet
Napi Boldogság,-,N/A,-,,Hungary,napiboldogsag.com,No feed generated,TRUE,,,FALSE,RSS discovery attempted - no feed found
Agrofórum,-,N/A,-,,Hungary,agroforum.hu,No feed generated,TRUE,,,FALSE,RSS discovery attempted - no feed found
Saffarazzi,-,N/A,-,,South Africa,saffarazzi.com,No feed generated,TRUE,,,FALSE,RSS discovery attempted - no feed found
The Lifestyle Elite,https://swelbyboy.github.io/prospect-rss-feeds/the-lifestyle-elite.xml,OG,success,2025-12-02 11:59:25,United States,thelifestyleelite.com,To Do,TRUE,,,FALSE,Newly discovered RSS feed
Autospecialist Magazine,https://swelbyboy.github.io/prospect-rss-feeds/autospecialist-magazine.xml,OG,success,2025-12-02 11:59:24,Greece,autospecialist.gr,To Do,TRUE,,,FALSE,Has existing newsletter - not searched for RSS yet
Telgraf,-,N/A,-,,Turkey,telgraf.net,No feed generated,TRUE,,,FALSE,RSS discovery attempted - no feed found
Zoetermeer Actief,https://swelbyboy.github.io/prospect-rss-feeds/zoetermeer-actief.xml,OG,success,2025-12-02 11:59:26,Netherlands,zoetermeeractief.nl,To Do,TRUE,,,FALSE,Has existing newsletter - not searched for RSS yet
Tenby Observer,-,N/A,-,,United Kingdom,tenby-today.co.uk,No feed generated,TRUE,,,FALSE,RSS discovery attempted - no feed found
The Fast Mode,-,N/A,-,,United States,thefastmode.com,No feed generated,TRUE,,,FALSE,RSS discovery attempted - no feed found
Expediters Online,https://swelbyboy.github.io/prospect-rss-feeds/expediters-online.xml,OG,success,2025-12-02 11:59:21,United States,expeditersonline.com,To Do,TRUE,,,FALSE,Has existing newsletter - not searched for RSS yet
Twinfinite,https://swelbyboy.github.io/prospect-rss-feeds/twinfinite.xml,OG,success,2025-12-02 11:59:20,United States,twinfinite.net,To Do,TRUE,,,FALSE,Has existing newsletter - not searched for RSS yet
Medemblik Actueel,https://swelbyboy.github.io/prospect-rss-feeds/medemblik-actueel.xml,OG,success,2025-12-02 11:59:21,Netherlands,medemblikactueel.nl,To Do,TRUE,,,FALSE,Has existing newsletter - not searched for RSS yet
Dorohoi News,-,N/A,-,,Romania,dorohoinews.ro,No feed generated,TRUE,,,FALSE,RSS discovery attempted - no feed found
Ardin Rixi,https://swelbyboy.github.io/prospect-rss-feeds/ardin-rixi.xml,OG,success,2025-12-02 11:42:54,Greece,ardin-rixi.gr,To Do,TRUE,,,FALSE,Has existing newsletter - not searched for RSS yet
Sleutelstad,https://swelbyboy.github.io/prospect-rss-feeds/sleutelstad.xml,OG,success,2025-12-02 11:59:23,Netherlands,sleutelstad.nl,To Do,TRUE,,,FALSE,Has existing newsletter - not searched for RSS yet
APRA,-,N/A,-,,Poland,agropolska.pl,No feed generated,TRUE,,,FALSE,RSS discovery attempted - no feed found
Property News PL,https://swelbyboy.github.io/prospect-rss-feeds/property-news-pl.xml,OG,success,2025-12-02 11:59:24,Poland,propertynews.pl,To Do,TRUE,,,FALSE,Has existing newsletter - not searched for RSS yet
Aridaia365.gr,https://swelbyboy.github.io/prospect-rss-feeds/aridaia365-gr.xml,OG,success,2025-12-02 11:59:24,Greece,aridaia365.gr,To Do,TRUE,,,FALSE,Has existing newsletter - not searched for RSS yet
Hull What's On,https://swelbyboy.github.io/prospect-rss-feeds/hull-what-s-on.xml,OG,success,2025-12-02 11:43:02,United Kingdom,hullwhatson.com,To Do,TRUE,,,FALSE,Has existing newsletter - not searched for RSS yet
Petface,-,N/A,-,,Serbia,petface.net,No feed generated,TRUE,,,FALSE,RSS discovery attempted - no feed found
U.Today,https://swelbyboy.github.io/prospect-rss-feeds/u-today.xml,OG,success,2025-12-02 11:59:23,United States,u.today,To Do,TRUE,,,FALSE,Has existing newsletter - not searched for RSS yet
Wiadomości Handlowe,https://swelbyboy.github.io/prospect-rss-feeds/wiadomości-handlowe.xml,OG,success,2025-12-02 11:59:26,Poland,wiadomoscihandlowe.pl,To Do,TRUE,,,FALSE,Has existing newsletter - not searched for RSS yet
Manolo.se,-,N/A,-,,Sweden,manolo.se,No feed generated,TRUE,,,FALSE,RSS discovery attempted - no feed found
Εκδόσεις Ελκυστής,-,N/A,-,,Greece,elkistis.gr,No feed generated,TRUE,,,FALSE,RSS discovery attempted - no feed found
The Sheridan Press,-,N/A,-,,United States,thesheridanpress.com,No feed generated,TRUE,,,FALSE,RSS discovery attempted - no feed found
Park Record,https://swelbyboy.github.io/prospect-rss-feeds/park-record.xml,OG,success,2025-12-02 11:59:25,United States,parkrecord.com,To Do,TRUE,,,FALSE,Has existing newsletter - not searched for RSS yet
Columbia Basin Herald,-,N/A,-,,United States,columbiabasinherald.com,No feed generated,TRUE,,,FALSE,RSS discovery attempted - no feed found
Metal Hangar 18,https://swelbyboy.github.io/prospect-rss-feeds/metal-hangar-18.xml,OG,success,2025-12-02 11:59:34,Bulgaria,metalhangar18.com,To Do,TRUE,,,FALSE,Has existing newsletter - not searched for RSS yet
Media Marketing,https://swelbyboy.github.io/prospect-rss-feeds/media-marketing.xml,OG,success,2025-12-02 11:42:58,Bosnia and Herzegovina,media-marketing.com,To Do,TRUE,,,FALSE,Has existing newsletter - not searched for RSS yet
Iconic Media,-,N/A,-,,Ireland,waterfordlive.ie,No feed generated,TRUE,,,FALSE,RSS discovery attempted - no feed found
Business Review,https://swelbyboy.github.io/prospect-rss-feeds/business-review.xml,OG,success,2025-12-02 11:59:31,Romania,business-review.eu,To Do,TRUE,,,FALSE,Has existing newsletter - not searched for RSS yet
Waatea News,https://swelbyboy.github.io/prospect-rss-feeds/waatea-news.xml,OG,success,2025-12-02 11:43:12,New Zealand,waateanews.com,To Do,TRUE,,,FALSE,Has existing newsletter - not searched for RSS yet
Coal Valley News,-,N/A,-,,United States,coalvalleynews.com,No feed generated,TRUE,,,FALSE,RSS discovery attempted - no feed found
Sync NI,-,N/A,-,,United Kingdom,syncni.com,No feed generated,TRUE,,,FALSE,RSS discovery attempted - no feed found
Nowa Konfederacja,https://swelbyboy.github.io/prospect-rss-feeds/nowa-konfederacja.xml,OG,success,2025-12-02 11:43:07,Poland,nowakonfederacja.pl,To Do,TRUE,,,FALSE,Has existing newsletter - not searched for RSS yet
The Daily Blog,https://swelbyboy.github.io/prospect-rss-feeds/the-daily-blog.xml,OG,success,2025-12-02 11:59:33,New Zealand,thedailyblog.co.nz,To Do,TRUE,,,FALSE,Has existing newsletter - not searched for RSS yet
e-Nautilia.gr,https://swelbyboy.github.io/prospect-rss-feeds/e-nautilia-gr.xml,OG,success,2025-12-02 11:59:26,Greece,e-nautilia.gr,To Do,TRUE,,,FALSE,Has existing newsletter - not searched for RSS yet
The Tulane Hullabaloo,-,N/A,-,,United States,tulanehullabaloo.com,No feed generated,TRUE,,,FALSE,RSS discovery attempted - no feed found
WPKY 103.3FM,https://swelbyboy.github.io/prospect-rss-feeds/wpky-103-3fm.xml,OG,success,2025-12-02 11:59:26,United States,wpkyonline.com,To Do,TRUE,,,FALSE,Has existing newsletter - not searched for RSS yet
El Sol de la Florida,https://swelbyboy.github.io/prospect-rss-feeds/el-sol-de-la-florida.xml,OG,success,2025-12-02 11:42:54,United States,elsoldelaflorida.com,To Do,TRUE,,,FALSE,Has existing newsletter - not searched for RSS yet
Ptolemaida News.gr,-,N/A,-,,Greece,ptolemaidanews.gr,No feed generated,TRUE,,,FALSE,RSS discovery attempted - no feed found
Stolica,https://stolica.bg/rss.xml,Discovered-pattern,N/A,,Bulgaria,stolica.bg,To Do,TRUE,,,FALSE,Has existing newsletter - not searched for RSS yet
e-ABOUT.gr,https://swelbyboy.github.io/prospect-rss-feeds/e-about-gr.xml,OG,success,2025-12-02 11:59:40,Greece,e-about.gr,To Do,TRUE,,,FALSE,Has existing newsletter - not searched for RSS yet
Kurier Ostrowski,https://swelbyboy.github.io/prospect-rss-feeds/kurier-ostrowski.xml,OG,success,2025-12-02 11:59:28,Poland,kurierostrowski.pl,To Do,TRUE,,,FALSE,Has existing newsletter - not searched for RSS yet
EV Houston,-,N/A,-,,United States,elvenezolanohouston.com,No feed generated,TRUE,,,FALSE,RSS discovery attempted - no feed found
Police Magazine,-,N/A,-,,United States,policemag.com,No feed generated,TRUE,,,FALSE,RSS discovery attempted - no feed found
Więź,https://swelbyboy.github.io/prospect-rss-feeds/więź.xml,OG,success,2025-12-02 11:59:38,Poland,wiez.pl,To Do,TRUE,,,FALSE,Newly discovered RSS feed
Newz Gazeta Warmińska,https://swelbyboy.github.io/prospect-rss-feeds/newz-gazeta-warmińska.xml,OG,success,2025-12-02 11:59:33,Poland,gwarminska.pl,To Do,TRUE,,,FALSE,Has existing newsletter - not searched for RSS yet
Udruga ATMA,https://swelbyboy.github.io/prospect-rss-feeds/udruga-atma.xml,OG,success,2025-12-02 11:59:30,Croatia,atma.hr,To Do,TRUE,,,FALSE,Has existing newsletter - not searched for RSS yet
Rooster Magazine,https://swelbyboy.github.io/prospect-rss-feeds/rooster-magazine.xml,OG,success,2025-12-02 11:43:02,United States,therooster.com,To Do,TRUE,,,FALSE,Has existing newsletter - not searched for RSS yet
Martinsville Bulletin,https://swelbyboy.github.io/prospect-rss-feeds/martinsville-bulletin.xml,OG,success,2025-12-02 11:59:28,United States,martinsvillebulletin.com,To Do,TRUE,,,FALSE,Has existing newsletter - not searched for RSS yet
Sun Community News,-,N/A,-,,United States,suncommunitynews.com,No feed generated,TRUE,,,FALSE,RSS discovery attempted - no feed found
NewsBiscuit.com,https://swelbyboy.github.io/prospect-rss-feeds/newsbiscuit-com.xml,OG,success,2025-12-02 11:59:29,United Kingdom,newsbiscuit.com,To Do,TRUE,,,FALSE,Has existing newsletter - not searched for RSS yet
info.elblag.pl,https://swelbyboy.github.io/prospect-rss-feeds/info-elblag-pl.xml,OG,success,2025-12-02 11:59:58,Poland,info.elblag.pl,To Do,TRUE,,,FALSE,Has existing newsletter - not searched for RSS yet
Novosti.hr,https://swelbyboy.github.io/prospect-rss-feeds/novosti-hr.xml,OG,success,2025-12-02 11:43:23,Hungary,novosti.hr,To Do,TRUE,,,FALSE,Has existing newsletter - not searched for RSS yet
Family First,https://swelbyboy.github.io/prospect-rss-feeds/family-first.xml,OG,success,2025-12-02 11:59:32,United States,familyfirst.net,To Do,TRUE,,,FALSE,Has existing newsletter - not searched for RSS yet
Showbiz.gr,-,N/A,-,,Greece,showbiz.gr,No feed generated,TRUE,,,FALSE,RSS discovery attempted - no feed found
mykonosdaily.gr,https://swelbyboy.github.io/prospect-rss-feeds/mykonosdaily-gr.xml,OG,success,2025-12-02 11:43:11,Greece,mykonosdaily.gr,To Do,TRUE,,,FALSE,Has existing newsletter - not searched for RSS yet
Dlahandlu,https://swelbyboy.github.io/prospect-rss-feeds/dlahandlu.xml,OG,success,2025-12-02 11:59:36,Poland,dlahandlu.pl,To Do,TRUE,,,FALSE,Has existing newsletter - not searched for RSS yet
Radio1d.gr,https://swelbyboy.github.io/prospect-rss-feeds/radio1d-gr.xml,OG,success,2025-12-02 11:59:40,Greece,radio1d.gr,To Do,TRUE,,,FALSE,Has existing newsletter - not searched for RSS yet
4Media,-,N/A,-,,Poland,4media.com,No feed generated,TRUE,,,FALSE,RSS discovery attempted - no feed found
Vreancea.24,https://swelbyboy.github.io/prospect-rss-feeds/vreancea-24.xml,OG,success,2025-12-02 11:59:40,Romania,vrancea24.ro,To Do,TRUE,,,FALSE,Has existing newsletter - not searched for RSS yet
7 Media,-,N/A,-,,Romania,7media.ro,No feed generated,TRUE,,,FALSE,RSS discovery attempted - no feed found
Mobilissimo,https://swelbyboy.github.io/prospect-rss-feeds/mobilissimo.xml,OG,success,2025-12-02 11:59:35,Romania,mobilissimo.ro,To Do,TRUE,,,FALSE,Has existing newsletter - not searched for RSS yet
Radio Zenit,https://swelbyboy.github.io/prospect-rss-feeds/radio-zenit.xml,OG,success,2025-12-02 11:59:46,Bosnia and Herzegovina,zenit.ba,To Do,TRUE,,,FALSE,Newly discovered RSS feed
Buzzbands.la,https://swelbyboy.github.io/prospect-rss-feeds/buzzbands-la.xml,OG,failed,2025-12-02 12:00:04,United States,buzzbands.la,To Do,TRUE,,,FALSE,Has existing newsletter - not searched for RSS yet
NCZAS.com,-,N/A,-,,Poland,nczas.com,No feed generated,TRUE,,,FALSE,RSS discovery attempted - no feed found
Radio Nova Gradiška (98.1Mhz),https://swelbyboy.github.io/prospect-rss-feeds/radio-nova-gradiška--98-1mhz.xml,OG,success,2025-12-02 11:59:39,Croatia,radiong.hr,To Do,TRUE,,,FALSE,Has existing newsletter - not searched for RSS yet
Sheridan Media,https://swelbyboy.github.io/prospect-rss-feeds/sheridan-media.xml,OG,success,2025-12-02 11:43:04,United States,sheridanmedia.com,To Do,TRUE,,,FALSE,Has existing newsletter - not searched for RSS yet
Yo Free Samples,https://swelbyboy.github.io/prospect-rss-feeds/yo-free-samples.xml,OG,success,2025-12-02 11:59:37,United States,yofreesamples.com,To Do,TRUE,,,FALSE,Has existing newsletter - not searched for RSS yet
Cruise Industry News,-,N/A,-,,United States,cruiseindustrynews.com,No feed generated,TRUE,,,FALSE,RSS discovery attempted - no feed found
Gadgetreport.ro,https://swelbyboy.github.io/prospect-rss-feeds/gadgetreport-ro.xml,OG,success,2025-12-02 11:59:41,Romania,gadgetreport.ro,To Do,TRUE,,,FALSE,Has existing newsletter - not searched for RSS yet
Eurasia Review,-,N/A,-,,United States,eurasiareview.com,No feed generated,TRUE,,,FALSE,RSS discovery attempted - no feed found
Fox Chattanooga,https://swelbyboy.github.io/prospect-rss-feeds/fox-chattanooga.xml,OG,success,2025-12-02 11:59:38,United States,foxchattanooga.com,To Do,TRUE,,,FALSE,Has existing newsletter - not searched for RSS yet
Kutyabarát,-,N/A,-,,Hungary,kutyabarat.hu,No feed generated,TRUE,,,FALSE,RSS discovery attempted - no feed found
Express Elblag,-,N/A,-,,Poland,expresselblag.pl,No feed generated,TRUE,,,FALSE,RSS discovery attempted - no feed found
Naxos Press,https://swelbyboy.github.io/prospect-rss-feeds/naxos-press.xml,OG,success,2025-12-02 11:59:44,Greece,naxospress.gr,To Do,TRUE,,,FALSE,Has existing newsletter - not searched for RSS yet
It's Possible,https://swelbyboy.github.io/prospect-rss-feeds/it-s-possible.xml,OG,success,2025-12-02 11:59:46,Greece,itspossible.gr,To Do,TRUE,,,FALSE,Has existing newsletter - not searched for RSS yet
iporta.gr,https://swelbyboy.github.io/prospect-rss-feeds/iporta-gr.xml,OG,success,2025-12-02 11:59:49,Greece,iporta.gr,To Do,TRUE,,,FALSE,Has existing newsletter - not searched for RSS yet
ZiarMM.ro,https://swelbyboy.github.io/prospect-rss-feeds/ziarmm-ro.xml,OG,success,2025-12-02 11:59:42,Romania,ziarmm.ro,To Do,TRUE,,,FALSE,Has existing newsletter - not searched for RSS yet
2Eylül Gazetesi,https://swelbyboy.github.io/prospect-rss-feeds/2eylül-gazetesi.xml,OG,success,2025-12-02 11:59:43,Turkey,2eylul.com.tr,To Do,TRUE,,,FALSE,Has existing newsletter - not searched for RSS yet
abnews.ro,https://swelbyboy.github.io/prospect-rss-feeds/abnews-ro.xml,OG,success,2025-12-02 11:43:05,Romania,abnews.ro,To Do,TRUE,,,FALSE,Has existing newsletter - not searched for RSS yet
CyberDefence24,https://swelbyboy.github.io/prospect-rss-feeds/cyberdefence24.xml,OG,success,2025-12-02 11:59:44,Poland,cyberdefence24.pl,To Do,TRUE,,,FALSE,Has existing newsletter - not searched for RSS yet
RTV Doboj,https://swelbyboy.github.io/prospect-rss-feeds/rtv-doboj.xml,OG,success,2025-12-02 11:59:54,Bosnia and Herzegovina,rtvdoboj.org,To Do,TRUE,,,FALSE,Has existing newsletter - not searched for RSS yet
Mondo,https://swelbyboy.github.io/prospect-rss-feeds/mondo.xml,OG,-,,Bosnia and Herzegovina,mondo.ba,To Do,TRUE,,,FALSE,Hosted feed generated successfully
Cloud Academy,-,N/A,-,,United States,cloudacademy.com,No feed generated,TRUE,,,FALSE,RSS discovery attempted - no feed found
Fagersta-Posten,https://swelbyboy.github.io/prospect-rss-feeds/fagersta-posten.xml,OG,success,2025-12-02 11:59:45,Sweden,fagersta-posten.se,To Do,TRUE,,,FALSE,Has existing newsletter - not searched for RSS yet
Xanthinea,https://swelbyboy.github.io/prospect-rss-feeds/xanthinea.xml,OG,success,2025-12-02 11:43:20,Greece,xanthinea.gr,To Do,TRUE,,,FALSE,Has existing newsletter - not searched for RSS yet
Youthopia SG,-,N/A,-,,Singapore,youthopia.sg,No feed generated,TRUE,,,FALSE,RSS discovery attempted - no feed found
Schooltime.gr,-,N/A,-,,Greece,schooltime.gr,No feed generated,TRUE,,,FALSE,RSS discovery attempted - no feed found
Ocala-News.com,https://swelbyboy.github.io/prospect-rss-feeds/ocala-news-com.xml,OG,success,2025-12-02 11:59:44,United States,ocala-news.com,To Do,TRUE,,,FALSE,Has existing newsletter - not searched for RSS yet
Kurier Kolejowy,-,N/A,-,,Poland,kurier-kolejowy.pl,No feed generated,TRUE,,,FALSE,RSS discovery attempted - no feed found
Rynek Lotniczy,https://swelbyboy.github.io/prospect-rss-feeds/rynek-lotniczy.xml,OG,success,2025-12-02 11:59:46,Poland,rynek-lotniczy.pl,To Do,TRUE,,,FALSE,Has existing newsletter - not searched for RSS yet
Valentina VNB,https://swelbyboy.github.io/prospect-rss-feeds/valentina-vnb.xml,OG,success,2025-12-02 11:59:54,Romania,valentinavnb.ro,To Do,TRUE,,,FALSE,Has existing newsletter - not searched for RSS yet
Green Agenda,https://swelbyboy.github.io/prospect-rss-feeds/green-agenda.xml,OG,success,2025-12-02 11:43:13,Greece,greenagenda.gr,To Do,TRUE,,,FALSE,Has existing newsletter - not searched for RSS yet
New York Family,https://swelbyboy.github.io/prospect-rss-feeds/new-york-family.xml,OG,success,2025-12-02 11:59:48,United States,newyorkfamily.com,To Do,TRUE,,,FALSE,Has existing newsletter - not searched for RSS yet
Esküvő Classic Magazin,https://swelbyboy.github.io/prospect-rss-feeds/esküvő-classic-magazin.xml,OG,success,2025-12-02 11:59:47,Hungary,eskuvoclassic.hu,To Do,TRUE,,,FALSE,Has existing newsletter - not searched for RSS yet
Jacana Media,https://swelbyboy.github.io/prospect-rss-feeds/jacana-media.xml,OG,success,2025-12-02 11:59:50,South Africa,jacana.co.za,To Do,TRUE,,,FALSE,Has existing newsletter - not searched for RSS yet
Hit Channel,https://swelbyboy.github.io/prospect-rss-feeds/hit-channel.xml,OG,success,2025-12-02 11:59:55,Greece,hit-channel.com,To Do,TRUE,,,FALSE,Has existing newsletter - not searched for RSS yet
Philebrity,https://swelbyboy.github.io/prospect-rss-feeds/philebrity.xml,OG,success,2025-12-02 11:59:48,United States,philebrity.com,To Do,TRUE,,,FALSE,Has existing newsletter - not searched for RSS yet
Mesagerul Hunedorean,https://swelbyboy.github.io/prospect-rss-feeds/mesagerul-hunedorean.xml,OG,success,2025-12-02 11:59:55,Romania,mesagerulhunedorean.ro,To Do,TRUE,,,FALSE,Has existing newsletter - not searched for RSS yet
Springfield Business Journal,-,N/A,-,,United States,sbj.net,No feed generated,TRUE,,,FALSE,RSS discovery attempted - no feed found
Sport Cyclades,https://swelbyboy.github.io/prospect-rss-feeds/sport-cyclades.xml,OG,success,2025-12-02 12:00:03,Greece,sportcyclades.gr,To Do,TRUE,,,FALSE,Has existing newsletter - not searched for RSS yet
Rochdale Online,-,N/A,-,,United Kingdom,rochdaleonline.co.uk,No feed generated,TRUE,,,FALSE,RSS discovery attempted - no feed found
WIBX,https://swelbyboy.github.io/prospect-rss-feeds/wibx.xml,OG,success,2025-12-02 11:59:52,United States,wibx950.com,To Do,TRUE,,,FALSE,Has existing newsletter - not searched for RSS yet
Muralist,https://swelbyboy.github.io/prospect-rss-feeds/muralist.xml,OG,success,2025-12-02 11:59:54,Croatia,muralist.hr,To Do,TRUE,,,FALSE,Has existing newsletter - not searched for RSS yet
Megeia,https://swelbyboy.github.io/prospect-rss-feeds/megeia.xml,OG,success,2025-12-02 12:00:19,Greece,megeia.gr,To Do,TRUE,,,FALSE,Has existing newsletter - not searched for RSS yet
SEEcult,-,N/A,-,,Bosnia and Herzegovina,seecult.org,No feed generated,TRUE,,,FALSE,RSS discovery attempted - no feed found
Curierul National,https://swelbyboy.github.io/prospect-rss-feeds/curierul-national.xml,OG,success,2025-12-02 11:43:12,Romania,curierulnational.ro,To Do,TRUE,,,FALSE,Has existing newsletter - not searched for RSS yet
Moto Magazine Greece,https://swelbyboy.github.io/prospect-rss-feeds/moto-magazine-greece.xml,OG,success,2025-12-02 12:00:03,Greece,motomag.gr,To Do,TRUE,,,FALSE,Has existing newsletter - not searched for RSS yet
TVMneamţ.ro,https://swelbyboy.github.io/prospect-rss-feeds/tvmneamţ-ro.xml,OG,success,2025-12-02 11:43:18,Romania,tvmneamt.ro,To Do,TRUE,,,FALSE,Has existing newsletter - not searched for RSS yet
Suwalki24.pl,https://swelbyboy.github.io/prospect-rss-feeds/suwalki24-pl.xml,OG,success,2025-12-02 11:59:59,Poland,suwalki24.pl,To Do,TRUE,,,FALSE,Has existing newsletter - not searched for RSS yet
Poslovne Novine,-,N/A,-,,Bosnia and Herzegovina,poslovnenovine.ba,No feed generated,TRUE,,,FALSE,RSS discovery attempted - no feed found
TokyoHive,-,N/A,-,,United States,tokyohive.com,No feed generated,TRUE,,,FALSE,RSS discovery attempted - no feed found
GIZGUIDE,https://swelbyboy.github.io/prospect-rss-feeds/gizguide.xml,OG,success,2025-12-02 11:59:56,Philippines,gizguide.com,To Do,TRUE,,,FALSE,Has existing newsletter - not searched for RSS yet
Cronica Romana,https://swelbyboy.github.io/prospect-rss-feeds/cronica-romana.xml,OG,success,2025-12-02 11:43:15,Romania,cronicaromana.net,To Do,TRUE,,,FALSE,Has existing newsletter - not searched for RSS yet
Dagens Arena,https://swelbyboy.github.io/prospect-rss-feeds/dagens-arena.xml,OG,success,2025-12-02 11:59:57,Sweden,dagensarena.se,To Do,TRUE,,,FALSE,Has existing newsletter - not searched for RSS yet
Utdanningsnytt,-,N/A,-,,Norway,utdanningsnytt.no,No feed generated,TRUE,,,FALSE,RSS discovery attempted - no feed found
Intrigi,https://swelbyboy.github.io/prospect-rss-feeds/intrigi.xml,OG,success,2025-12-02 11:43:25,Bulgaria,intrigi.bg,To Do,TRUE,,,FALSE,Has existing newsletter - not searched for RSS yet
Jobs Agent,https://swelbyboy.github.io/prospect-rss-feeds/jobs-agent.xml,OG,success,2025-12-02 12:00:00,Bulgaria,jobsagents.com,To Do,TRUE,,,FALSE,Has existing newsletter - not searched for RSS yet
The News of Lesvos,https://swelbyboy.github.io/prospect-rss-feeds/the-news-of-lesvos.xml,OG,success,2025-12-02 12:00:02,Greece,nealesvou.gr,To Do,TRUE,,,FALSE,Has existing newsletter - not searched for RSS yet
VimaOnline.gr,https://swelbyboy.github.io/prospect-rss-feeds/vimaonline-gr.xml,OG,success,2025-12-02 12:00:00,Greece,vimaonline.gr,To Do,TRUE,,,FALSE,Has existing newsletter - not searched for RSS yet
Kalohírek,-,N/A,-,,Hungary,kalohirek.hu,No feed generated,TRUE,,,FALSE,RSS discovery attempted - no feed found
Medieval Archives,https://swelbyboy.github.io/prospect-rss-feeds/medieval-archives.xml,OG,success,2025-12-02 11:59:59,United Kingdom,medievalarchives.com,To Do,TRUE,,,FALSE,Has existing newsletter - not searched for RSS yet
Boswell Media,https://swelbyboy.github.io/prospect-rss-feeds/boswell-media.xml,OG,success,2025-12-02 12:00:05,United States,boswellmedia.net,To Do,TRUE,,,FALSE,Has existing newsletter - not searched for RSS yet
Two Sisters Writing and Publishing,https://swelbyboy.github.io/prospect-rss-feeds/two-sisters-writing-and-publishing.xml,OG,success,2025-12-02 12:00:02,United States,twosisterswriting.com,To Do,TRUE,,,FALSE,Has existing newsletter - not searched for RSS yet
Radio BK,https://swelbyboy.github.io/prospect-rss-feeds/radio-bk.xml,OG,success,2025-12-02 12:00:20,Bosnia and Herzegovina,radiobk.ba,To Do,TRUE,,,FALSE,Has existing newsletter - not searched for RSS yet
Koncert.hu,https://swelbyboy.github.io/prospect-rss-feeds/koncert-hu.xml,OG,success,2025-12-02 12:00:06,Hungary,koncert.hu,To Do,TRUE,,,FALSE,Has existing newsletter - not searched for RSS yet
HamletHub,-,N/A,-,,United States,hamlethub.com,No feed generated,TRUE,,,FALSE,RSS discovery attempted - no feed found
VelocityNews,https://swelbyboy.github.io/prospect-rss-feeds/velocitynews.xml,OG,success,2025-12-02 11:43:16,New Zealand,velocitynews.co.nz,To Do,TRUE,,,FALSE,Has existing newsletter - not searched for RSS yet
Vimmerby Tidning,https://swelbyboy.github.io/prospect-rss-feeds/vimmerby-tidning.xml,OG,success,2025-12-02 12:00:03,Sweden,vimmerbytidning.se,To Do,TRUE,,,FALSE,Has existing newsletter - not searched for RSS yet
iPress.hr,https://swelbyboy.github.io/prospect-rss-feeds/ipress-hr.xml,OG,success,2025-12-02 12:00:09,Croatia,ipress.hr,To Do,TRUE,,,FALSE,Has existing newsletter - not searched for RSS yet
MAK Center for Art and Architecture,-,N/A,-,,United States,makcenter.org,No feed generated,TRUE,,,FALSE,RSS discovery attempted - no feed found
Miles to Memories,https://swelbyboy.github.io/prospect-rss-feeds/miles-to-memories.xml,OG,success,2025-12-02 12:00:05,United States,milestomemories.com,To Do,TRUE,,,FALSE,Has existing newsletter - not searched for RSS yet
Jurnal De Craiova,https://swelbyboy.github.io/prospect-rss-feeds/jurnal-de-craiova.xml,OG,success,2025-12-02 11:43:15,Romania,jurnaldecraiova.ro,To Do,TRUE,,,FALSE,Has existing newsletter - not searched for RSS yet
Vaken.se,https://swelbyboy.github.io/prospect-rss-feeds/vaken-se.xml,OG,success,2025-12-02 11:43:31,Sweden,vaken.se,To Do,TRUE,,,FALSE,Has existing newsletter - not searched for RSS yet
Промоции без край,https://swelbyboy.github.io/prospect-rss-feeds/промоции-без-край.xml,OG,success,2025-12-02 12:00:07,Bulgaria,proomo.info,To Do,TRUE,,,FALSE,Has existing newsletter - not searched for RSS yet
Financial Intelligence,https://swelbyboy.github.io/prospect-rss-feeds/financial-intelligence.xml,OG,success,2025-12-02 12:00:04,Romania,financialintelligence.ro,To Do,TRUE,,,FALSE,Has existing newsletter - not searched for RSS yet
Mojobreak,-,N/A,-,,United States,mojobreak.com,No feed generated,TRUE,,,FALSE,RSS discovery attempted - no feed found
Louder Than War,-,N/A,-,,United Kingdom,louderthanwar.com,No feed generated,TRUE,,,FALSE,RSS discovery attempted - no feed found
MyGoNews,-,N/A,-,,Taiwan,mygonews.com,No feed generated,TRUE,,,FALSE,RSS discovery attempted - no feed found
Radio Fx Net,https://swelbyboy.github.io/prospect-rss-feeds/radio-fx-net.xml,OG,success,2025-12-02 11:43:19,Romania,radiofxnet.ro,To Do,TRUE,,,FALSE,Has existing newsletter - not searched for RSS yet
Grad Sarajevo,-,N/A,-,,Bosnia and Herzegovina,sarajevo.ba,No feed generated,TRUE,,,FALSE,RSS discovery attempted - no feed found
FotbollDirekt,https://swelbyboy.github.io/prospect-rss-feeds/fotbolldirekt.xml,OG,success,2025-12-02 12:00:06,Sweden,fotbolldirekt.se,To Do,TRUE,,,FALSE,Has existing newsletter - not searched for RSS yet
Wccftech,-,N/A,-,,United States,wccftech.com,No feed generated,TRUE,,,FALSE,RSS discovery attempted - no feed found
Gazeta de Bistrita,https://swelbyboy.github.io/prospect-rss-feeds/gazeta-de-bistrita.xml,OG,success,2025-12-02 12:00:08,Romania,gazetadebistrita.ro,To Do,TRUE,,,FALSE,Has existing newsletter - not searched for RSS yet
RadioInfo.com.au,-,N/A,-,,Australia,radioinfo.com.au,No feed generated,TRUE,,,FALSE,RSS discovery attempted - no feed found
RynekInfrastruktury.pl,https://swelbyboy.github.io/prospect-rss-feeds/rynekinfrastruktury-pl.xml,OG,success,2025-12-02 12:00:07,Poland,rynekinfrastruktury.pl,To Do,TRUE,,,FALSE,Has existing newsletter - not searched for RSS yet
The Ennis News,https://swelbyboy.github.io/prospect-rss-feeds/the-ennis-news.xml,OG,success,2025-12-02 12:00:07,United States,ennisdailynews.com,To Do,TRUE,,,FALSE,Has existing newsletter - not searched for RSS yet
Flag Polgári Magazin,https://swelbyboy.github.io/prospect-rss-feeds/flag-polgári-magazin.xml,OG,success,2025-12-02 12:00:11,Hungary,flagmagazin.hu,To Do,TRUE,,,FALSE,Has existing newsletter - not searched for RSS yet
PORT.hu,-,N/A,-,,Hungary,port.hu,No feed generated,TRUE,,,FALSE,RSS discovery attempted - no feed found
Now24,https://swelbyboy.github.io/prospect-rss-feeds/now24.xml,OG,success,2025-12-02 11:43:24,Greece,now24.gr,To Do,TRUE,,,FALSE,Has existing newsletter - not searched for RSS yet
AutoStrada.MD,https://swelbyboy.github.io/prospect-rss-feeds/autostrada-md.xml,OG,success,2025-12-02 12:00:09,Romania,autoblog.md,To Do,TRUE,,,FALSE,Has existing newsletter - not searched for RSS yet
Transilvania Business,https://swelbyboy.github.io/prospect-rss-feeds/transilvania-business.xml,OG,success,2025-12-02 12:00:49,Romania,transilvaniabusiness.ro,To Do,TRUE,,,FALSE,Has existing newsletter - not searched for RSS yet
Oldhouses.com,-,N/A,-,,United States,oldhouses.com,No feed generated,TRUE,,,FALSE,RSS discovery attempted - no feed found
Livnovine,-,N/A,-,,Bosnia and Herzegovina,livnovine.com,No feed generated,TRUE,,,FALSE,RSS discovery attempted - no feed found
Rigzone,-,N/A,-,,United States,rigzone.com,No feed generated,TRUE,,,FALSE,RSS discovery attempted - no feed found
e-stargard.pl,https://swelbyboy.github.io/prospect-rss-feeds/e-stargard-pl.xml,OG,success,2025-12-02 12:00:14,Poland,e-stargard.pl,To Do,TRUE,,,FALSE,Has existing newsletter - not searched for RSS yet
Gastronomy Tours,https://swelbyboy.github.io/prospect-rss-feeds/gastronomy-tours.xml,OG,success,2025-12-02 12:00:12,Greece,gastronomytours.com,To Do,TRUE,,,FALSE,Has existing newsletter - not searched for RSS yet
Tripawds,https://swelbyboy.github.io/prospect-rss-feeds/tripawds.xml,OG,success,2025-12-02 12:00:17,United States,tripawds.com,To Do,TRUE,,,FALSE,Has existing newsletter - not searched for RSS yet
Radio Targujiu,https://swelbyboy.github.io/prospect-rss-feeds/radio-targujiu.xml,OG,success,2025-12-02 12:00:20,Romania,radiotargujiu.ro,To Do,TRUE,,,FALSE,Has existing newsletter - not searched for RSS yet
Elblag.net,-,N/A,-,,Poland,elblag.net,No feed generated,TRUE,,,FALSE,RSS discovery attempted - no feed found
Work Enter,-,N/A,-,,Greece,workenter.gr,No feed generated,TRUE,,,FALSE,RSS discovery attempted - no feed found
Top Shelf Productions,https://swelbyboy.github.io/prospect-rss-feeds/top-shelf-productions.xml,OG,success,2025-12-02 12:00:10,United States,topshelfcomix.com,To Do,TRUE,,,FALSE,Has existing newsletter - not searched for RSS yet
Equnews.nl,-,N/A,-,,Netherlands,equnews.nl,No feed generated,TRUE,,,FALSE,RSS discovery attempted - no feed found
The Federalist Papers,https://swelbyboy.github.io/prospect-rss-feeds/the-federalist-papers.xml,OG,success,2025-12-02 12:00:10,United States,thefederalistpapers.org,To Do,TRUE,,,FALSE,Has existing newsletter - not searched for RSS yet
Het Kontakt,-,N/A,-,,Netherlands,hetkontakt.nl,No feed generated,TRUE,,,FALSE,RSS discovery attempted - no feed found
Susanvillestuff.com,https://swelbyboy.github.io/prospect-rss-feeds/susanvillestuff-com.xml,OG,success,2025-12-02 12:00:16,United States,susanvillestuff.com,To Do,TRUE,,,FALSE,Has existing newsletter - not searched for RSS yet
Rethinking The Future,-,N/A,-,,India,re-thinkingthefuture.com,No feed generated,TRUE,,,FALSE,RSS discovery attempted - no feed found
Sivil Sayfalar,-,N/A,-,,Turkey,sivilsayfalar.org,No feed generated,TRUE,,,FALSE,RSS discovery attempted - no feed found
Mom Among Chaos,https://swelbyboy.github.io/prospect-rss-feeds/mom-among-chaos.xml,OG,success,2025-12-02 12:00:12,United States,momamongchaos.com,To Do,TRUE,,,FALSE,Has existing newsletter - not searched for RSS yet
Germiston City News,-,N/A,-,,South Africa,germistoncitynews.co.za,No feed generated,TRUE,,,FALSE,RSS discovery attempted - no feed found
October Gallery,https://swelbyboy.github.io/prospect-rss-feeds/october-gallery.xml,OG,success,2025-12-02 12:00:30,United States,octobergallery.com,To Do,TRUE,,,FALSE,Has existing newsletter - not searched for RSS yet
Sin Comillas,-,N/A,-,,United States,sincomillas.com,No feed generated,TRUE,,,FALSE,RSS discovery attempted - no feed found
PolitikYol,-,N/A,-,,Turkey,politikyol.com,No feed generated,TRUE,,,FALSE,RSS discovery attempted - no feed found
PTWP Group,-,N/A,-,,Poland,ptwp.pl,No feed generated,TRUE,,,FALSE,RSS discovery attempted - no feed found
Insider NJ,-,N/A,-,,United States,insidernj.com,No feed generated,TRUE,,,FALSE,RSS discovery attempted - no feed found
thespro.gr,https://swelbyboy.github.io/prospect-rss-feeds/thespro-gr.xml,OG,success,2025-12-02 12:00:20,Greece,thespro.gr,To Do,TRUE,,,FALSE,Has existing newsletter - not searched for RSS yet
My Baba,https://swelbyboy.github.io/prospect-rss-feeds/my-baba.xml,OG,success,2025-12-02 12:00:14,United Kingdom,mybaba.com,To Do,TRUE,,,FALSE,Has existing newsletter - not searched for RSS yet
OilPrice.com,https://swelbyboy.github.io/prospect-rss-feeds/oilprice-com.xml,OG,success,2025-12-02 12:00:15,United States,oilprice.com,To Do,TRUE,,,FALSE,Has existing newsletter - not searched for RSS yet
El Sol Latino Newspaper,https://swelbyboy.github.io/prospect-rss-feeds/el-sol-latino-newspaper.xml,OG,success,2025-12-02 12:00:16,United States,elsolnewsmedia.com,To Do,TRUE,,,FALSE,Has existing newsletter - not searched for RSS yet
Car and Driver Greece,https://swelbyboy.github.io/prospect-rss-feeds/car-and-driver-greece.xml,OG,success,2025-12-02 12:00:21,Greece,caranddriver.gr,To Do,TRUE,,,FALSE,Has existing newsletter - not searched for RSS yet
FanGraphs,-,N/A,-,,United States,fangraphs.com,No feed generated,TRUE,,,FALSE,RSS discovery attempted - no feed found
Verkkouutiset,https://swelbyboy.github.io/prospect-rss-feeds/verkkouutiset.xml,OG,success,2025-12-02 12:00:18,Finland,verkkouutiset.fi,To Do,TRUE,,,FALSE,Has existing newsletter - not searched for RSS yet
Polityka Zdrowotna,-,N/A,-,,Poland,politykazdrowotna.com,No feed generated,TRUE,,,FALSE,RSS discovery attempted - no feed found
EnergyPress.net,https://swelbyboy.github.io/prospect-rss-feeds/energypress-net.xml,OG,success,2025-12-02 11:43:28,Croatia,energypress.net,To Do,TRUE,,,FALSE,Has existing newsletter - not searched for RSS yet
Lynn Lyons,https://swelbyboy.github.io/prospect-rss-feeds/lynn-lyons.xml,OG,success,2025-12-02 12:00:18,United States,lynnlyons.com,To Do,TRUE,,,FALSE,Has existing newsletter - not searched for RSS yet
Saur Energy News,https://swelbyboy.github.io/prospect-rss-feeds/saur-energy-news.xml,OG,success,2025-12-02 12:00:21,Bangladesh,saurenergy.com,To Do,TRUE,,,FALSE,Has existing newsletter - not searched for RSS yet
Bursamuhalif,-,N/A,-,,Turkey,bursamuhalif.com,No feed generated,TRUE,,,FALSE,RSS discovery attempted - no feed found
Voorne Putten,-,N/A,-,,Netherlands,voorne-putten.nl,No feed generated,TRUE,,,FALSE,RSS discovery attempted - no feed found
Midrand Reporter,https://midrandreporter.co.za/feed/,Discovered-pattern,failed,2025-12-21 22:13:01,South Africa,midrandreporter.co.za,To Do,TRUE,,,FALSE,Newly discovered RSS feed
Crisana,https://swelbyboy.github.io/prospect-rss-feeds/crisana.xml,OG,success,2025-12-02 12:00:21,Romania,crisana.ro,To Do,TRUE,,,FALSE,Has existing newsletter - not searched for RSS yet
Urbanize Media,-,N/A,-,,United States,urbanize.la,No feed generated,TRUE,,,FALSE,RSS discovery attempted - no feed found
League Publications,https://swelbyboy.github.io/prospect-rss-feeds/league-publications.xml,OG,success,2025-12-02 11:43:34,United Kingdom,totalrl.com,To Do,TRUE,,,FALSE,Has existing newsletter - not searched for RSS yet
Glitch N Dealz,https://swelbyboy.github.io/prospect-rss-feeds/glitch-n-dealz.xml,OG,success,2025-12-02 12:00:19,United States,glitchndealz.com,To Do,TRUE,,,FALSE,Has existing newsletter - not searched for RSS yet
Forza Italia,https://swelbyboy.github.io/prospect-rss-feeds/forza-italia.xml,OG,success,2025-12-02 12:00:22,Greece,italians.gr,To Do,TRUE,,,FALSE,Has existing newsletter - not searched for RSS yet
Glas Podravine i Prigorja,https://swelbyboy.github.io/prospect-rss-feeds/glas-podravine-i-prigorja.xml,OG,success,2025-12-02 11:43:42,Croatia,glaspodravine.hr,To Do,TRUE,,,FALSE,Has existing newsletter - not searched for RSS yet
GetRealPhilippines.COM,https://swelbyboy.github.io/prospect-rss-feeds/getrealphilippines-com.xml,OG,success,2025-12-02 12:00:21,Philippines,getrealphilippines.com,To Do,TRUE,,,FALSE,Has existing newsletter - not searched for RSS yet
InVeria.gr,https://swelbyboy.github.io/prospect-rss-feeds/inveria-gr.xml,OG,success,2025-12-02 12:00:22,Greece,inveria.gr,To Do,TRUE,,,FALSE,Has existing newsletter - not searched for RSS yet
Big Country News,-,N/A,-,,United States,bigcountrynewsconnection.com,No feed generated,TRUE,,,FALSE,RSS discovery attempted - no feed found
100%NL Magazine,https://swelbyboy.github.io/prospect-rss-feeds/100-nl-magazine.xml,OG,success,2025-12-02 12:00:28,Netherlands,100pmagazine.nl,To Do,TRUE,,,FALSE,Has existing newsletter - not searched for RSS yet
ExtraMediaUK,-,N/A,-,,United Kingdom,extramedia1.com,No feed generated,TRUE,,,FALSE,RSS discovery attempted - no feed found
Verianet.gr,https://swelbyboy.github.io/prospect-rss-feeds/verianet-gr.xml,OG,success,2025-12-02 11:43:23,Greece,verianet.gr,To Do,TRUE,,,FALSE,Has existing newsletter - not searched for RSS yet
Akhisar Gözde Haber,https://swelbyboy.github.io/prospect-rss-feeds/akhisar-gözde-haber.xml,OG,success,2025-12-02 11:43:26,Turkey,akhisargozde.com,To Do,TRUE,,,FALSE,Has existing newsletter - not searched for RSS yet
KFDI News,https://swelbyboy.github.io/prospect-rss-feeds/kfdi-news.xml,OG,success,2025-12-02 12:00:23,United States,kfdi.com,To Do,TRUE,,,FALSE,Has existing newsletter - not searched for RSS yet
Hebban.nl,-,N/A,-,,Netherlands,hebban.nl,No feed generated,TRUE,,,FALSE,RSS discovery attempted - no feed found
Listen Money Matters,-,N/A,-,,United States,listenmoneymatters.com,No feed generated,TRUE,,,FALSE,RSS discovery attempted - no feed found
Meloman,https://swelbyboy.github.io/prospect-rss-feeds/meloman.xml,OG,success,2025-12-02 12:00:21,Bulgaria,meloman.bg,To Do,TRUE,,,FALSE,Has existing newsletter - not searched for RSS yet
Discogs,-,N/A,-,,United States,discogs.com,No feed generated,TRUE,,,FALSE,RSS discovery attempted - no feed found
Kanal Frederikshavn,-,N/A,-,,Denmark,kanalfrederikshavn.dk,No feed generated,TRUE,,,FALSE,RSS discovery attempted - no feed found
Downtown Holiday Market,-,N/A,-,,United States,downtownholidaymarket.com,No feed generated,TRUE,,,FALSE,RSS discovery attempted - no feed found
Luxe Wed,https://swelbyboy.github.io/prospect-rss-feeds/luxe-wed.xml,OG,success,2025-12-02 12:00:25,Taiwan,luxewed.asia,To Do,TRUE,,,FALSE,Has existing newsletter - not searched for RSS yet
Equitours,-,N/A,-,,United States,equitours.com,No feed generated,TRUE,,,FALSE,RSS discovery attempted - no feed found
ILaks,https://swelbyboy.github.io/prospect-rss-feeds/ilaks.xml,OG,failed,2025-12-02 12:00:21,Norway,ilaks.no,To Do,TRUE,,,FALSE,Has existing newsletter - not searched for RSS yet
Dom Idealny,-,N/A,-,,Poland,livingroom24.pl,No feed generated,TRUE,,,FALSE,RSS discovery attempted - no feed found
Art Haber,https://swelbyboy.github.io/prospect-rss-feeds/art-haber.xml,OG,success,2025-12-02 12:00:26,Turkey,arthaber.net,To Do,TRUE,,,FALSE,Has existing newsletter - not searched for RSS yet
RideApart,-,N/A,-,,United States,rideapart.com,No feed generated,TRUE,,,FALSE,RSS discovery attempted - no feed found
Breaking Travel News,-,N/A,-,,United States,breakingtravelnews.com,No feed generated,TRUE,,,FALSE,RSS discovery attempted - no feed found
Up in the Sky,https://swelbyboy.github.io/prospect-rss-feeds/up-in-the-sky.xml,OG,success,2025-12-02 12:01:01,Netherlands,upinthesky.nl,To Do,TRUE,,,FALSE,Has existing newsletter - not searched for RSS yet
Sandzak Danas,-,N/A,-,,Serbia,sandzakdanas.rs,No feed generated,TRUE,,,FALSE,RSS discovery attempted - no feed found
Poskok online,-,N/A,-,,Croatia,poskok.info,No feed generated,TRUE,,,FALSE,RSS discovery attempted - no feed found
Freelance Bulgaria,https://swelbyboy.github.io/prospect-rss-feeds/freelance-bulgaria.xml,OG,success,2025-12-02 11:43:27,Bulgaria,freelance.bg,To Do,TRUE,,,FALSE,Has existing newsletter - not searched for RSS yet
Penniless Parenting,https://swelbyboy.github.io/prospect-rss-feeds/penniless-parenting.xml,OG,success,2025-12-02 12:00:27,United States,pennilessparenting.com,To Do,TRUE,,,FALSE,Has existing newsletter - not searched for RSS yet
The Franklin News-Post,https://swelbyboy.github.io/prospect-rss-feeds/the-franklin-news-post.xml,OG,success,2025-12-07 22:12:21,United States,thefranklinnewspost.com,To Do,TRUE,,,FALSE,Has existing newsletter - not searched for RSS yet
IoanninaBars.gr,https://swelbyboy.github.io/prospect-rss-feeds/ioanninabars-gr.xml,OG,success,2025-12-02 12:00:28,Greece,ioanninabars.gr,To Do,TRUE,,,FALSE,Has existing newsletter - not searched for RSS yet
Tygodnik Idziemy,https://swelbyboy.github.io/prospect-rss-feeds/tygodnik-idziemy.xml,OG,success,2025-12-02 12:00:30,Poland,idziemy.pl,To Do,TRUE,,,FALSE,Has existing newsletter - not searched for RSS yet
News Update Times,https://swelbyboy.github.io/prospect-rss-feeds/news-update-times.xml,OG,success,2025-12-02 11:43:31,Pakistan,newsupdatetimes.com,To Do,TRUE,,,FALSE,Has existing newsletter - not searched for RSS yet
PowWows.com,https://swelbyboy.github.io/prospect-rss-feeds/powwows-com.xml,OG,success,2025-12-02 12:00:28,United States,powwows.com,To Do,TRUE,,,FALSE,Has existing newsletter - not searched for RSS yet
Fitness Motivation Hellas,-,N/A,-,,Greece,fmh.gr,No feed generated,TRUE,,,FALSE,RSS discovery attempted - no feed found
Utrechtfans,-,N/A,-,,Netherlands,utrechtfans.nl,No feed generated,TRUE,,,FALSE,RSS discovery attempted - no feed found
Your Next Shoes,https://swelbyboy.github.io/prospect-rss-feeds/your-next-shoes.xml,OG,success,2025-12-02 12:00:28,United States,yournextshoes.com,To Do,TRUE,,,FALSE,Has existing newsletter - not searched for RSS yet
Gazeta de Dimineata,https://swelbyboy.github.io/prospect-rss-feeds/gazeta-de-dimineata.xml,OG,success,2025-12-02 11:43:28,Romania,gddhd.ro,To Do,TRUE,,,FALSE,Has existing newsletter - not searched for RSS yet
Lakeland PBS,https://swelbyboy.github.io/prospect-rss-feeds/lakeland-pbs.xml,OG,success,2025-12-02 11:43:28,United States,lptv.org,To Do,TRUE,,,FALSE,Has existing newsletter - not searched for RSS yet
Epoli.gr,-,N/A,-,,Greece,epoli.gr,No feed generated,TRUE,,,FALSE,RSS discovery attempted - no feed found
DailyTimes24,-,N/A,-,,India,dailytimes24.com,No feed generated,TRUE,,,FALSE,RSS discovery attempted - no feed found
Black Rhino Music,https://swelbyboy.github.io/prospect-rss-feeds/black-rhino-music.xml,OG,success,2025-12-02 11:43:30,Romania,blackrhinoradio.com,To Do,TRUE,,,FALSE,Has existing newsletter - not searched for RSS yet
Enikonomia,https://swelbyboy.github.io/prospect-rss-feeds/enikonomia.xml,OG,success,2025-12-02 12:00:30,Greece,enikonomia.gr,To Do,TRUE,,,FALSE,Has existing newsletter - not searched for RSS yet
Cybermed,-,N/A,-,,Croatia,cybermed.hr,No feed generated,TRUE,,,FALSE,RSS discovery attempted - no feed found
Encomium,https://swelbyboy.github.io/prospect-rss-feeds/encomium.xml,OG,success,2025-12-02 12:00:32,Nigeria,encomium.ng,To Do,TRUE,,,FALSE,Has existing newsletter - not searched for RSS yet
East Side Boxing,https://swelbyboy.github.io/prospect-rss-feeds/east-side-boxing.xml,OG,success,2025-12-02 12:00:29,United States,boxing247.com,To Do,TRUE,,,FALSE,Has existing newsletter - not searched for RSS yet
Lithgow Mercury,https://swelbyboy.github.io/prospect-rss-feeds/lithgow-mercury.xml,OG,success,2025-12-02 12:00:32,Australia,lithgowmercury.com.au,To Do,TRUE,,,FALSE,Has existing newsletter - not searched for RSS yet
Harborough FM,https://swelbyboy.github.io/prospect-rss-feeds/harborough-fm.xml,OG,success,2025-12-02 11:43:34,United Kingdom,harboroughfm.co.uk,To Do,TRUE,,,FALSE,Has existing newsletter - not searched for RSS yet
Wiadomości,-,N/A,-,,Poland,wiadomosci.com,No feed generated,TRUE,,,FALSE,RSS discovery attempted - no feed found
Gramofona.com,https://swelbyboy.github.io/prospect-rss-feeds/gramofona-com.xml,OG,success,2025-12-02 12:00:31,Bulgaria,gramofona.com,To Do,TRUE,,,FALSE,Has existing newsletter - not searched for RSS yet
Sveriges Släktforskarförbund,-,N/A,-,,Sweden,rotter.se,No feed generated,TRUE,,,FALSE,RSS discovery attempted - no feed found
GreekNews24,https://swelbyboy.github.io/prospect-rss-feeds/greeknews24.xml,OG,success,2025-12-02 11:43:43,Greece,greeknews24.gr,To Do,TRUE,,,FALSE,Has existing newsletter - not searched for RSS yet
Baptist Press,-,N/A,-,,United States,baptistpress.com,No feed generated,TRUE,,,FALSE,RSS discovery attempted - no feed found
THERMISnews,https://swelbyboy.github.io/prospect-rss-feeds/thermisnews.xml,OG,success,2025-12-02 12:00:31,Greece,thermisnews.gr,To Do,TRUE,,,FALSE,Has existing newsletter - not searched for RSS yet
The Watchers,https://swelbyboy.github.io/prospect-rss-feeds/the-watchers.xml,OG,success,2025-12-02 12:00:31,United States,watchers.news,To Do,TRUE,,,FALSE,Has existing newsletter - not searched for RSS yet
INFE Greece,https://swelbyboy.github.io/prospect-rss-feeds/infe-greece.xml,OG,success,2025-12-02 12:00:44,Greece,infegreece.gr,To Do,TRUE,,,FALSE,Has existing newsletter - not searched for RSS yet
TechNews.bg,https://swelbyboy.github.io/prospect-rss-feeds/technews-bg.xml,OG,success,2025-12-02 12:00:34,Bulgaria,technews.bg,To Do,TRUE,,,FALSE,Has existing newsletter - not searched for RSS yet
Olesnica24.com,-,N/A,-,,Poland,olesnica24.com,No feed generated,TRUE,,,FALSE,RSS discovery attempted - no feed found
Zadarski list,https://swelbyboy.github.io/prospect-rss-feeds/zadarski-list.xml,OG,success,2025-12-02 12:00:33,Croatia,zadarskilist.hr,To Do,TRUE,,,FALSE,Has existing newsletter - not searched for RSS yet
Skijumping,https://swelbyboy.github.io/prospect-rss-feeds/skijumping.xml,OG,success,2025-12-02 12:00:35,Poland,skijumping.pl,To Do,TRUE,,,FALSE,Has existing newsletter - not searched for RSS yet
Sim Racer Magazine,-,N/A,-,,United Kingdom,simracer-mag.com,No feed generated,TRUE,,,FALSE,RSS discovery attempted - no feed found
Pen City Current,-,N/A,-,,United States,pencitycurrent.com,No feed generated,TRUE,,,FALSE,RSS discovery attempted - no feed found
Radio Doxa,https://swelbyboy.github.io/prospect-rss-feeds/radio-doxa.xml,OG,success,2025-12-02 12:00:42,Poland,doxa.fm,To Do,TRUE,,,FALSE,Has existing newsletter - not searched for RSS yet
Pretty Hot,https://swelbyboy.github.io/prospect-rss-feeds/pretty-hot.xml,OG,success,2025-12-02 12:00:35,United States,pretty-hot.com,To Do,TRUE,,,FALSE,Has existing newsletter - not searched for RSS yet
CenyRolnicze.pl,-,N/A,-,,Poland,cenyrolnicze.pl,No feed generated,TRUE,,,FALSE,RSS discovery attempted - no feed found
Szczecin Floating Garden,https://szczecin.eu/rss.xml,Discovered-pattern,N/A,,Poland,szczecin.eu,To Do,TRUE,,,FALSE,Has existing newsletter - not searched for RSS yet
Praise Charlotte,https://swelbyboy.github.io/prospect-rss-feeds/praise-charlotte.xml,OG,success,2025-12-02 12:00:42,United States,praisecharlotte.com,To Do,TRUE,,,FALSE,Has existing newsletter - not searched for RSS yet
TGN,https://swelbyboy.github.io/prospect-rss-feeds/tgn.xml,OG,success,2025-12-02 12:00:38,Norway,tgn.no,To Do,TRUE,,,FALSE,Has existing newsletter - not searched for RSS yet
PWMania.com,https://swelbyboy.github.io/prospect-rss-feeds/pwmania-com.xml,OG,success,2025-12-02 12:00:36,United States,pwmania.com,To Do,TRUE,,,FALSE,Has existing newsletter - not searched for RSS yet
SC Magazine,-,N/A,-,,United States,scmagazine.com,No feed generated,TRUE,,,FALSE,RSS discovery attempted - no feed found
Garbo.ro,-,N/A,-,,Romania,garbo.ro,No feed generated,TRUE,,,FALSE,RSS discovery attempted - no feed found
bolaskor.com,https://swelbyboy.github.io/prospect-rss-feeds/bolaskor-com.xml,OG,success,2025-12-02 12:00:40,Indonesia,bolaskor.com,To Do,TRUE,,,FALSE,Has existing newsletter - not searched for RSS yet
Universal Reporters,-,N/A,-,,Nigeria,universalreportersng.com,No feed generated,TRUE,,,FALSE,RSS discovery attempted - no feed found
Triklopodia,-,N/A,-,,Greece,triklopodia.gr,No feed generated,TRUE,,,FALSE,RSS discovery attempted - no feed found
TaxiPoint,https://swelbyboy.github.io/prospect-rss-feeds/taxipoint.xml,OG,success,2025-12-02 12:00:36,United Kingdom,taxi-point.co.uk,To Do,TRUE,,,FALSE,Has existing newsletter - not searched for RSS yet
Ujpest Media,https://swelbyboy.github.io/prospect-rss-feeds/ujpest-media.xml,OG,success,2025-12-02 12:00:43,Hungary,ujpestmedia.hu,To Do,TRUE,,,FALSE,Has existing newsletter - not searched for RSS yet
Merahputih,-,N/A,-,,Indonesia,merahputih.com,No feed generated,TRUE,,,FALSE,RSS discovery attempted - no feed found
Stiri regionale,https://swelbyboy.github.io/prospect-rss-feeds/stiri-regionale.xml,OG,success,2025-12-02 11:43:48,Romania,zch.ro,To Do,TRUE,,,FALSE,Has existing newsletter - not searched for RSS yet
Morgan City Daily-Review,https://swelbyboy.github.io/prospect-rss-feeds/morgan-city-daily-review.xml,OG,success,2025-12-02 12:00:39,United Kingdom,stmarynow.com,To Do,TRUE,,,FALSE,Has existing newsletter - not searched for RSS yet
Parapolitika Argolida,https://swelbyboy.github.io/prospect-rss-feeds/parapolitika-argolida.xml,OG,success,2025-12-02 11:43:36,Greece,parapolitikaargolida.gr,To Do,TRUE,,,FALSE,Has existing newsletter - not searched for RSS yet
Lite 98.7 WLZW,https://swelbyboy.github.io/prospect-rss-feeds/lite-98-7-wlzw.xml,OG,success,2025-12-02 12:00:52,United States,lite987.com,To Do,TRUE,,,FALSE,Has existing newsletter - not searched for RSS yet
LitNet.co.za,https://swelbyboy.github.io/prospect-rss-feeds/litnet-co-za.xml,OG,success,2025-12-02 11:43:34,South Africa,litnet.co.za,To Do,TRUE,,,FALSE,Has existing newsletter - not searched for RSS yet
South Asia Journal,-,N/A,-,,United States,southasiajournal.net,No feed generated,TRUE,,,FALSE,RSS discovery attempted - no feed found
Gradbanjaluka.com,https://swelbyboy.github.io/prospect-rss-feeds/gradbanjaluka-com.xml,OG,success,2025-12-02 12:00:48,Bosnia and Herzegovina,gradbanjaluka.com,To Do,TRUE,,,FALSE,Has existing newsletter - not searched for RSS yet
igryfino.pl,-,N/A,-,,Poland,igryfino.pl,No feed generated,TRUE,,,FALSE,RSS discovery attempted - no feed found
Verken je Geest,https://swelbyboy.github.io/prospect-rss-feeds/verken-je-geest.xml,OG,success,2025-12-02 12:00:48,Netherlands,verkenjegeest.com,To Do,TRUE,,,FALSE,Has existing newsletter - not searched for RSS yet
Proshare,-,N/A,-,,Nigeria,proshareng.com,No feed generated,TRUE,,,FALSE,RSS discovery attempted - no feed found
netakias.com,-,N/A,-,,Greece,netakias.com,No feed generated,TRUE,,,FALSE,RSS discovery attempted - no feed found
PressHub,https://swelbyboy.github.io/prospect-rss-feeds/presshub.xml,OG,success,2025-12-02 12:00:41,Romania,presshub.ro,To Do,TRUE,,,FALSE,Has existing newsletter - not searched for RSS yet
Receptkirály.hu,https://swelbyboy.github.io/prospect-rss-feeds/receptkirály-hu.xml,OG,success,2025-12-07 22:12:34,Hungary,receptkiraly.hu,To Do,TRUE,,,FALSE,Has existing newsletter - not searched for RSS yet
Sportmarketing,https://swelbyboy.github.io/prospect-rss-feeds/sportmarketing.xml,OG,success,2025-12-02 12:00:48,Poland,sportmarketing.pl,To Do,TRUE,,,FALSE,Has existing newsletter - not searched for RSS yet
Irablogging,-,N/A,-,,India,irablogging.com,No feed generated,TRUE,,,FALSE,RSS discovery attempted - no feed found
Lika Club,https://swelbyboy.github.io/prospect-rss-feeds/lika-club.xml,OG,success,2025-12-02 12:00:44,Croatia,likaclub.eu,To Do,TRUE,,,FALSE,Has existing newsletter - not searched for RSS yet
infoDENT24.pl,https://swelbyboy.github.io/prospect-rss-feeds/infodent24-pl.xml,OG,success,2025-12-02 12:00:46,Poland,infodent24.pl,To Do,TRUE,,,FALSE,Has existing newsletter - not searched for RSS yet
Trabzonum,https://swelbyboy.github.io/prospect-rss-feeds/trabzonum.xml,OG,success,2025-12-02 11:43:36,Turkey,trabzonum.tv,To Do,TRUE,,,FALSE,Has existing newsletter - not searched for RSS yet
MIXER.HR,https://swelbyboy.github.io/prospect-rss-feeds/mixer-hr.xml,OG,success,2025-12-02 12:00:46,Croatia,mixer.hr,To Do,TRUE,,,FALSE,Has existing newsletter - not searched for RSS yet
TV Confidential,https://swelbyboy.github.io/prospect-rss-feeds/tv-confidential.xml,OG,success,2025-12-02 12:00:53,United States,televisionconfidential.com,To Do,TRUE,,,FALSE,Has existing newsletter - not searched for RSS yet
Rising Sun Overport,-,N/A,-,,South Africa,risingsunoverport.co.za,No feed generated,TRUE,,,FALSE,RSS discovery attempted - no feed found
Ένωση Αγρινίου,-,N/A,-,,Greece,e-ea.gr,No feed generated,TRUE,,,FALSE,RSS discovery attempted - no feed found
The Kimberley Echo,https://swelbyboy.github.io/prospect-rss-feeds/the-kimberley-echo.xml,OG,success,2025-12-02 12:00:55,Australia,kimberleyecho.com.au,To Do,TRUE,,,FALSE,Has existing newsletter - not searched for RSS yet
Έμβολος Emvolos,https://swelbyboy.github.io/prospect-rss-feeds/έμβολος-emvolos.xml,OG,success,2025-12-02 12:00:54,Greece,emvolos.gr,To Do,TRUE,,,FALSE,Has existing newsletter - not searched for RSS yet
Ionian Channel,https://swelbyboy.github.io/prospect-rss-feeds/ionian-channel.xml,OG,success,2025-12-02 12:00:50,Greece,ioniantv.gr,To Do,TRUE,,,FALSE,Has existing newsletter - not searched for RSS yet
Cluj.com - Ghid Local,https://swelbyboy.github.io/prospect-rss-feeds/cluj-com---ghid-local.xml,OG,success,2025-12-02 12:01:01,Romania,cluj.com,To Do,TRUE,,,FALSE,Has existing newsletter - not searched for RSS yet
Povijest.hr,https://swelbyboy.github.io/prospect-rss-feeds/povijest-hr.xml,OG,success,2025-12-02 12:00:55,Croatia,povijest.hr,To Do,TRUE,,,FALSE,Has existing newsletter - not searched for RSS yet
LawLex,https://swelbyboy.github.io/prospect-rss-feeds/lawlex.xml,OG,success,2025-12-02 11:43:37,United States,lawlex.org,To Do,TRUE,,,FALSE,Has existing newsletter - not searched for RSS yet
Rate It Green,-,N/A,-,,United States,rateitgreen.com,No feed generated,TRUE,,,FALSE,RSS discovery attempted - no feed found
Los Alamos Daily Post,https://swelbyboy.github.io/prospect-rss-feeds/los-alamos-daily-post.xml,OG,success,2025-12-02 11:43:41,United States,ladailypost.com,To Do,TRUE,,,FALSE,Has existing newsletter - not searched for RSS yet
WPFO FOX23,https://swelbyboy.github.io/prospect-rss-feeds/wpfo-fox23.xml,OG,success,2025-12-02 12:00:49,United States,fox23maine.com,To Do,TRUE,,,FALSE,Has existing newsletter - not searched for RSS yet
Proininews.gr,-,N/A,-,,Greece,proininews.gr,No feed generated,TRUE,,,FALSE,RSS discovery attempted - no feed found
speedwaynews.pl,https://swelbyboy.github.io/prospect-rss-feeds/speedwaynews-pl.xml,OG,success,2025-12-02 12:00:57,Poland,speedwaynews.pl,To Do,TRUE,,,FALSE,Has existing newsletter - not searched for RSS yet
Metal Shock Finland,https://swelbyboy.github.io/prospect-rss-feeds/metal-shock-finland.xml,OG,success,2025-12-02 12:00:52,Finland,metalshockfinland.com,To Do,TRUE,,,FALSE,Has existing newsletter - not searched for RSS yet
onebanglanews.com,https://swelbyboy.github.io/prospect-rss-feeds/onebanglanews-com.xml,OG,success,2025-12-02 11:43:59,Bangladesh,onebanglanews.com,To Do,TRUE,,,FALSE,Has existing newsletter - not searched for RSS yet
NotiFight,-,N/A,-,,United States,notifight.com,No feed generated,TRUE,,,FALSE,RSS discovery attempted - no feed found
Parakato.gr,https://swelbyboy.github.io/prospect-rss-feeds/parakato-gr.xml,OG,success,2025-12-02 12:00:52,Greece,parakato.gr,To Do,TRUE,,,FALSE,Has existing newsletter - not searched for RSS yet
Via Cluj Tv,https://swelbyboy.github.io/prospect-rss-feeds/via-cluj-tv.xml,OG,success,2025-12-02 11:43:37,Romania,viacluj.tv,To Do,TRUE,,,FALSE,Has existing newsletter - not searched for RSS yet
Sănătate INFO,-,N/A,-,,Romania,sanatateinfo.md,No feed generated,TRUE,,,FALSE,RSS discovery attempted - no feed found
greekhandball.com,-,N/A,-,,Greece,greekhandball.com,No feed generated,TRUE,,,FALSE,RSS discovery attempted - no feed found
Pliroforiodotis Imathias,https://swelbyboy.github.io/prospect-rss-feeds/pliroforiodotis-imathias.xml,OG,success,2025-12-02 12:01:03,Greece,pliroforiodotis.gr,To Do,TRUE,,,FALSE,Has existing newsletter - not searched for RSS yet
Praise 106.1 Baltimore,https://swelbyboy.github.io/prospect-rss-feeds/praise-106-1-baltimore.xml,OG,success,2025-12-02 12:01:00,United States,praisebaltimore.com,To Do,TRUE,,,FALSE,Has existing newsletter - not searched for RSS yet
Lanzarote Information,https://swelbyboy.github.io/prospect-rss-feeds/lanzarote-information.xml,OG,success,2025-12-02 12:00:53,United Kingdom,lanzaroteinformation.co.uk,To Do,TRUE,,,FALSE,Has existing newsletter - not searched for RSS yet
Halkidikifocus,-,N/A,-,,Greece,halkidikifocus.gr,No feed generated,TRUE,,,FALSE,RSS discovery attempted - no feed found
Northwich Guardian,https://swelbyboy.github.io/prospect-rss-feeds/northwich-guardian.xml,OG,success,2025-12-02 12:01:01,United Kingdom,northwichguardian.co.uk,To Do,TRUE,,,FALSE,Has existing newsletter - not searched for RSS yet
Mid America Live,https://swelbyboy.github.io/prospect-rss-feeds/mid-america-live.xml,OG,success,2025-12-02 12:00:56,United States,midamericalive.com,To Do,TRUE,,,FALSE,Has existing newsletter - not searched for RSS yet
Ανοικτή Βιβλιοθήκη,https://swelbyboy.github.io/prospect-rss-feeds/ανοικτή-βιβλιοθήκη.xml,OG,success,2025-12-02 11:43:43,Greece,openbook.gr,To Do,TRUE,,,FALSE,Has existing newsletter - not searched for RSS yet
Forsvarets Forum,-,N/A,-,,Norway,forsvaretsforum.no,No feed generated,TRUE,,,FALSE,RSS discovery attempted - no feed found
Tarnowskie Góry,https://swelbyboy.github.io/prospect-rss-feeds/tarnowskie-góry.xml,OG,success,2025-12-02 12:00:57,Poland,tarnogorski.info,To Do,TRUE,,,FALSE,Has existing newsletter - not searched for RSS yet
North Devon Gazette,-,N/A,-,,United Kingdom,northdevongazette.co.uk,No feed generated,TRUE,,,FALSE,RSS discovery attempted - no feed found
World of WP,https://swelbyboy.github.io/prospect-rss-feeds/world-of-wp.xml,OG,success,2025-12-02 12:00:57,United States,worldofwp.com,To Do,TRUE,,,FALSE,Has existing newsletter - not searched for RSS yet
Northcliff Melville Times,-,N/A,-,,South Africa,northcliffmelvilletimes.co.za,No feed generated,TRUE,,,FALSE,RSS discovery attempted - no feed found
La Voce del Popolo,https://swelbyboy.github.io/prospect-rss-feeds/la-voce-del-popolo.xml,OG,success,2025-12-02 11:43:47,Croatia,lavoce.hr,To Do,TRUE,,,FALSE,Has existing newsletter - not searched for RSS yet
Picks & Parlays,https://swelbyboy.github.io/prospect-rss-feeds/picks---parlays.xml,OG,success,2025-12-02 12:00:57,United States,picksandparlays.net,To Do,TRUE,,,FALSE,Has existing newsletter - not searched for RSS yet
ВРАЦА ДНЕС,-,N/A,-,,Bulgaria,vratzadnes.com,No feed generated,TRUE,,,FALSE,RSS discovery attempted - no feed found
Telemundo 51 Fresno,https://swelbyboy.github.io/prospect-rss-feeds/telemundo-51-fresno.xml,OG,success,2025-12-02 12:01:04,United States,telemundofresno.com,To Do,TRUE,,,FALSE,Has existing newsletter - not searched for RSS yet
L'Observateur US,https://swelbyboy.github.io/prospect-rss-feeds/l-observateur-us.xml,OG,success,2025-12-02 12:00:59,United States,lobservateur.com,To Do,TRUE,,,FALSE,Has existing newsletter - not searched for RSS yet
MyNewsLA.com,https://swelbyboy.github.io/prospect-rss-feeds/mynewsla-com.xml,OG,success,2025-12-02 12:01:01,United States,mynewsla.com,To Do,TRUE,,,FALSE,Has existing newsletter - not searched for RSS yet
North.Wales,https://swelbyboy.github.io/prospect-rss-feeds/north-wales.xml,OG,success,2025-12-02 11:43:43,United Kingdom,north.wales,To Do,TRUE,,,FALSE,Has existing newsletter - not searched for RSS yet
Dnevni.ba,-,N/A,-,,Bosnia and Herzegovina,dnevni.ba,No feed generated,TRUE,,,FALSE,RSS discovery attempted - no feed found
News Medical,https://swelbyboy.github.io/prospect-rss-feeds/news-medical.xml,OG,success,2025-12-02 12:00:58,United Kingdom,news-medical.net,To Do,TRUE,,,FALSE,Has existing newsletter - not searched for RSS yet
Asomiya Pratidin,https://swelbyboy.github.io/prospect-rss-feeds/asomiya-pratidin.xml,OG,success,2025-12-02 12:01:02,India,asomiyapratidin.in,To Do,TRUE,,,FALSE,Has existing newsletter - not searched for RSS yet
www.RunningNews.gr - Τα πάντα για το Τρέξιμο,-,N/A,-,,Greece,runningnews.gr,No feed generated,TRUE,,,FALSE,RSS discovery attempted - no feed found
onetamilnews.com,https://swelbyboy.github.io/prospect-rss-feeds/onetamilnews-com.xml,OG,success,2025-12-02 11:43:42,India,onetamilnews.com,To Do,TRUE,,,FALSE,Has existing newsletter - not searched for RSS yet
Techmaniacs,https://swelbyboy.github.io/prospect-rss-feeds/techmaniacs.xml,OG,success,2025-12-02 12:01:08,Greece,techmaniacs.gr,To Do,TRUE,,,FALSE,Has existing newsletter - not searched for RSS yet
NHL Trade Rumors,https://swelbyboy.github.io/prospect-rss-feeds/nhl-trade-rumors.xml,OG,success,2025-12-02 12:01:00,United States,nhltraderumors.me,To Do,TRUE,,,FALSE,Has existing newsletter - not searched for RSS yet
Guitar.com,https://swelbyboy.github.io/prospect-rss-feeds/guitar-com.xml,OG,success,2025-12-02 12:01:02,United States,guitar.com,To Do,TRUE,,,FALSE,Has existing newsletter - not searched for RSS yet
Secrets of the Sambar,-,N/A,-,,United States,sambardeer.com,No feed generated,TRUE,,,FALSE,RSS discovery attempted - no feed found
Myxalandri.gr,-,N/A,-,,Greece,myxalandri.gr,No feed generated,TRUE,,,FALSE,RSS discovery attempted - no feed found
Cyclist Magazine,https://swelbyboy.github.io/prospect-rss-feeds/cyclist-magazine.xml,OG,success,2025-12-02 12:01:02,United Kingdom,cyclist.co.uk,To Do,TRUE,,,FALSE,Has existing newsletter - not searched for RSS yet
LiveRC,https://swelbyboy.github.io/prospect-rss-feeds/liverc.xml,OG,success,2025-12-02 12:01:05,United States,liverc.com,To Do,TRUE,,,FALSE,Has existing newsletter - not searched for RSS yet
Turizm Güncel,-,N/A,-,,Turkey,turizmguncel.com,No feed generated,TRUE,,,FALSE,RSS discovery attempted - no feed found
Watermark,https://swelbyboy.github.io/prospect-rss-feeds/watermark.xml,OG,success,2025-12-02 12:01:05,United States,watermarkonline.com,To Do,TRUE,,,FALSE,Has existing newsletter - not searched for RSS yet
Τύπος Ιωαννίνων typos-i.gr,https://swelbyboy.github.io/prospect-rss-feeds/τύπος-ιωαννίνων-typos-i-gr.xml,OG,success,2025-12-02 12:01:06,Greece,typos-i.gr,To Do,TRUE,,,FALSE,Has existing newsletter - not searched for RSS yet
efimeridakefalonia.gr,https://swelbyboy.github.io/prospect-rss-feeds/efimeridakefalonia-gr.xml,OG,success,2025-12-02 11:43:46,Greece,efimeridakefalonia.gr,To Do,TRUE,,,FALSE,Has existing newsletter - not searched for RSS yet
Zeek玩家誌,-,N/A,-,,Taiwan,zeekmagazine.com,No feed generated,TRUE,,,FALSE,RSS discovery attempted - no feed found
Vozdovac,https://swelbyboy.github.io/prospect-rss-feeds/vozdovac.xml,OG,success,2025-12-02 11:43:49,Serbia,vozdovacinfo.rs,To Do,TRUE,,,FALSE,Has existing newsletter - not searched for RSS yet
Someseanul,https://swelbyboy.github.io/prospect-rss-feeds/someseanul.xml,OG,success,2025-12-02 11:43:49,Romania,someseanul.ro,To Do,TRUE,,,FALSE,Has existing newsletter - not searched for RSS yet
Natural Health News UK,https://swelbyboy.github.io/prospect-rss-feeds/natural-health-news-uk.xml,OG,success,2025-12-02 12:01:07,United Kingdom,naturalhealthnews.uk,To Do,TRUE,,,FALSE,Has existing newsletter - not searched for RSS yet
Auto Motor & Sport Sverige,https://swelbyboy.github.io/prospect-rss-feeds/auto-motor---sport-sverige.xml,OG,success,2025-12-02 12:01:07,Sweden,mestmotor.se,To Do,TRUE,,,FALSE,Has existing newsletter - not searched for RSS yet
NRMjobs.com.au,-,N/A,-,,Australia,nrmjobs.com.au,No feed generated,TRUE,,,FALSE,RSS discovery attempted - no feed found
大大學院,https://swelbyboy.github.io/prospect-rss-feeds/大大學院.xml,OG,success,2025-12-02 12:01:06,Taiwan,smartm.com.tw,To Do,TRUE,,,FALSE,Has existing newsletter - not searched for RSS yet
ÖT - Österbottens Tidning,-,N/A,-,,Finland,osterbottenstidning.fi,No feed generated,TRUE,,,FALSE,RSS discovery attempted - no feed found
Ruby Lane,-,N/A,-,,United States,rubylane.com,No feed generated,TRUE,,,FALSE,RSS discovery attempted - no feed found
Δημοτική Ραδιοφωνία Πειραιά,-,N/A,-,,Greece,kanaliena.gr,No feed generated,TRUE,,,FALSE,RSS discovery attempted - no feed found
Launceston Examiner,https://swelbyboy.github.io/prospect-rss-feeds/launceston-examiner.xml,OG,success,2025-12-02 12:01:10,Australia,examiner.com.au,To Do,TRUE,,,FALSE,Has existing newsletter - not searched for RSS yet
Roodepoort Record / Northsider,-,N/A,-,,South Africa,roodepoortrecord.co.za,No feed generated,TRUE,,,FALSE,RSS discovery attempted - no feed found
Agrozona,-,N/A,-,,Bulgaria,agrozona.bg,No feed generated,TRUE,,,FALSE,RSS discovery attempted - no feed found
Southern Highland News,https://swelbyboy.github.io/prospect-rss-feeds/southern-highland-news.xml,OG,success,2025-12-02 12:01:11,Australia,southernhighlandnews.com.au,To Do,TRUE,,,FALSE,Has existing newsletter - not searched for RSS yet
Touch Arcade,-,N/A,-,,United States,toucharcade.com,No feed generated,TRUE,,,FALSE,RSS discovery attempted - no feed found
Vantagemag,https://swelbyboy.github.io/prospect-rss-feeds/vantagemag.xml,OG,success,2025-12-02 12:01:06,Greece,vantagemag.com,To Do,TRUE,,,FALSE,Has existing newsletter - not searched for RSS yet
Nevşehir-i Dilara,https://swelbyboy.github.io/prospect-rss-feeds/nevşehir-i-dilara.xml,OG,success,2025-12-02 12:01:14,Turkey,ndhaber.com.tr,To Do,TRUE,,,FALSE,Has existing newsletter - not searched for RSS yet
San Mateo Daily Journal,-,N/A,-,,United States,smdailyjournal.com,No feed generated,TRUE,,,FALSE,RSS discovery attempted - no feed found
Daily Liberal,https://swelbyboy.github.io/prospect-rss-feeds/daily-liberal.xml,OG,success,2025-12-02 12:01:11,Australia,dailyliberal.com.au,To Do,TRUE,,,FALSE,Has existing newsletter - not searched for RSS yet
Vordingborg.in,https://swelbyboy.github.io/prospect-rss-feeds/vordingborg-in.xml,OG,success,2025-12-02 11:44:07,Denmark,vordingborg.in,To Do,TRUE,,,FALSE,Has existing newsletter - not searched for RSS yet
The Border Mail,https://swelbyboy.github.io/prospect-rss-feeds/the-border-mail.xml,OG,success,2025-12-02 12:01:12,Australia,bordermail.com.au,To Do,TRUE,,,FALSE,Has existing newsletter - not searched for RSS yet
The Armidale Express,https://swelbyboy.github.io/prospect-rss-feeds/the-armidale-express.xml,OG,success,2025-12-02 12:01:09,Australia,armidaleexpress.com.au,To Do,TRUE,,,FALSE,Has existing newsletter - not searched for RSS yet
eGryfice,-,N/A,-,,Poland,egryfice.pl,No feed generated,TRUE,,,FALSE,RSS discovery attempted - no feed found
Farm Weekly,https://swelbyboy.github.io/prospect-rss-feeds/farm-weekly.xml,OG,success,2025-12-02 12:01:11,Australia,farmweekly.com.au,To Do,TRUE,,,FALSE,Has existing newsletter - not searched for RSS yet
Travel Weekly,https://travelweekly.com.au/feed/,Discovered-autodiscovery,N/A,,Australia,travelweekly.com.au,To Do,TRUE,,,FALSE,Has existing newsletter - not searched for RSS yet
Kansalainen,https://swelbyboy.github.io/prospect-rss-feeds/kansalainen.xml,OG,success,2025-12-02 12:01:11,Finland,kansalainen.fi,To Do,TRUE,,,FALSE,Has existing newsletter - not searched for RSS yet
TELEPOLIS.PL,https://swelbyboy.github.io/prospect-rss-feeds/telepolis-pl.xml,OG,success,2025-12-02 12:01:12,Poland,telepolis.pl,To Do,TRUE,,,FALSE,Has existing newsletter - not searched for RSS yet
Medyascope,https://swelbyboy.github.io/prospect-rss-feeds/medyascope.xml,OG,success,2025-12-02 12:01:10,Turkey,medyascope.tv,To Do,TRUE,,,FALSE,Has existing newsletter - not searched for RSS yet
Auto Expert Magazine Romania,https://swelbyboy.github.io/prospect-rss-feeds/auto-expert-magazine-romania.xml,OG,success,2025-12-02 11:44:08,Romania,autoexpert.ro,To Do,TRUE,,,FALSE,Has existing newsletter - not searched for RSS yet
"ProMED-mail, the Program for Monitoring Emerging Diseases",-,N/A,-,,United States,promedmail.org,No feed generated,TRUE,,,FALSE,RSS discovery attempted - no feed found
Οδηγός Εργατικής Νομοθεσίας,-,N/A,-,,Greece,oenet.gr,No feed generated,TRUE,,,FALSE,RSS discovery attempted - no feed found
NoHo Arts District,https://swelbyboy.github.io/prospect-rss-feeds/noho-arts-district.xml,OG,success,2025-12-02 11:43:46,United States,nohoartsdistrict.com,To Do,TRUE,,,FALSE,Has existing newsletter - not searched for RSS yet
Griechenland Zeitung,https://swelbyboy.github.io/prospect-rss-feeds/griechenland-zeitung.xml,OG,success,2025-12-02 12:01:23,Greece,griechenland.net,To Do,TRUE,,,FALSE,Has existing newsletter - not searched for RSS yet
E-Razgrad,https://swelbyboy.github.io/prospect-rss-feeds/e-razgrad.xml,OG,success,2025-12-02 12:01:56,Bulgaria,e-razgrad.bg,To Do,TRUE,,,FALSE,Has existing newsletter - not searched for RSS yet
Raumnes,-,N/A,-,,Norway,raumnes.no,No feed generated,TRUE,,,FALSE,RSS discovery attempted - no feed found
IL GLOBO,-,N/A,-,,Australia,ilglobo.com,No feed generated,TRUE,,,FALSE,RSS discovery attempted - no feed found
Εφημερίδα Κοινωνική,-,N/A,-,,Greece,koinoniki.gr,No feed generated,TRUE,,,FALSE,RSS discovery attempted - no feed found
Do It Yourself,-,N/A,-,,Romania,ideipentrucasa.ro,No feed generated,TRUE,,,FALSE,RSS discovery attempted - no feed found
MÉDIAPIAC.COM,https://swelbyboy.github.io/prospect-rss-feeds/médiapiac-com.xml,OG,success,2025-12-02 12:01:13,Hungary,mediapiac.com,To Do,TRUE,,,FALSE,Has existing newsletter - not searched for RSS yet
Wrestling-Online,https://swelbyboy.github.io/prospect-rss-feeds/wrestling-online.xml,OG,success,2025-12-02 11:43:48,Malta,wrestling-online.com,To Do,TRUE,,,FALSE,Has existing newsletter - not searched for RSS yet
Stiri Prahova,https://swelbyboy.github.io/prospect-rss-feeds/stiri-prahova.xml,OG,success,2025-12-02 12:01:16,Romania,zdp.ro,To Do,TRUE,,,FALSE,Has existing newsletter - not searched for RSS yet
Јужна Србија,-,N/A,-,,Serbia,juznasrbija.info,No feed generated,TRUE,,,FALSE,RSS discovery attempted - no feed found
Sport365.hu,https://swelbyboy.github.io/prospect-rss-feeds/sport365-hu.xml,OG,success,2025-12-02 11:43:53,Hungary,sport365.hu,To Do,TRUE,,,FALSE,Has existing newsletter - not searched for RSS yet
CursDeGuvernare.ro,https://swelbyboy.github.io/prospect-rss-feeds/cursdeguvernare-ro.xml,OG,success,2025-12-02 12:01:12,Romania,cursdeguvernare.ro,To Do,TRUE,,,FALSE,Has existing newsletter - not searched for RSS yet
e-thessalia.gr,https://swelbyboy.github.io/prospect-rss-feeds/e-thessalia-gr.xml,OG,success,2025-12-02 12:01:13,Greece,e-thessalia.gr,To Do,TRUE,,,FALSE,Has existing newsletter - not searched for RSS yet
Polski Tenis Stołowy,https://swelbyboy.github.io/prospect-rss-feeds/polski-tenis-stołowy.xml,OG,success,2025-12-02 12:01:24,Poland,pzts.pl,To Do,TRUE,,,FALSE,Has existing newsletter - not searched for RSS yet
Love Your Pub,-,N/A,-,,United Kingdom,loveyourpub.co.uk,No feed generated,TRUE,,,FALSE,RSS discovery attempted - no feed found
FutbolNews.pl,https://swelbyboy.github.io/prospect-rss-feeds/futbolnews-pl.xml,OG,success,2025-12-02 12:01:14,Poland,futbolnews.pl,To Do,TRUE,,,FALSE,Has existing newsletter - not searched for RSS yet
Great Golf Courses of Australia,-,N/A,-,,Australia,greatgolfaustralia.com.au,No feed generated,TRUE,,,FALSE,RSS discovery attempted - no feed found
Aparajeo Bangla,-,N/A,-,,Bangladesh,aparajeobangla.com,No feed generated,TRUE,,,FALSE,RSS discovery attempted - no feed found
Kansan Uutiset,https://swelbyboy.github.io/prospect-rss-feeds/kansan-uutiset.xml,OG,success,2025-12-02 12:01:14,Finland,kansanuutiset.fi,To Do,TRUE,,,FALSE,Has existing newsletter - not searched for RSS yet
GourdUp,https://swelbyboy.github.io/prospect-rss-feeds/gourdup.xml,OG,success,2025-12-02 12:01:16,South Africa,groundup.org.za,To Do,TRUE,,,FALSE,Has existing newsletter - not searched for RSS yet
Rousing The Kop,https://swelbyboy.github.io/prospect-rss-feeds/rousing-the-kop.xml,OG,success,2025-12-02 12:01:14,United Kingdom,rousingthekop.com,To Do,TRUE,,,FALSE,Has existing newsletter - not searched for RSS yet
Lifestyle.bg,-,N/A,-,,Bulgaria,lifestyle.bg,No feed generated,TRUE,,,FALSE,RSS discovery attempted - no feed found
Zname,https://swelbyboy.github.io/prospect-rss-feeds/zname.xml,OG,success,2025-12-02 12:01:18,Bulgaria,zname.info,To Do,TRUE,,,FALSE,Has existing newsletter - not searched for RSS yet
Luso-Americano Newspaper,https://swelbyboy.github.io/prospect-rss-feeds/luso-americano-newspaper.xml,OG,success,2025-12-02 12:01:15,United States,lusoamericano.com,To Do,TRUE,,,FALSE,Has existing newsletter - not searched for RSS yet
Glusi.TV,-,N/A,-,,Poland,glusi.tv,No feed generated,TRUE,,,FALSE,RSS discovery attempted - no feed found
PortalSpozywczy,https://swelbyboy.github.io/prospect-rss-feeds/portalspozywczy.xml,OG,success,2025-12-02 12:01:18,Poland,portalspozywczy.pl,To Do,TRUE,,,FALSE,Has existing newsletter - not searched for RSS yet
Roadracing World,https://swelbyboy.github.io/prospect-rss-feeds/roadracing-world.xml,OG,success,2025-12-02 12:01:16,United States,roadracingworld.com,To Do,TRUE,,,FALSE,Has existing newsletter - not searched for RSS yet
Temat Szczecinecki,https://swelbyboy.github.io/prospect-rss-feeds/temat-szczecinecki.xml,OG,success,2025-12-02 12:01:19,Poland,szczecinek.com,To Do,TRUE,,,FALSE,Has existing newsletter - not searched for RSS yet
The Cartoon Cowboy,https://swelbyboy.github.io/prospect-rss-feeds/the-cartoon-cowboy.xml,OG,success,2025-12-02 12:01:18,United States,thecartooncowboy.com,To Do,TRUE,,,FALSE,Has existing newsletter - not searched for RSS yet
steigan.no,https://swelbyboy.github.io/prospect-rss-feeds/steigan-no.xml,OG,success,2025-12-02 12:01:19,Norway,steigan.no,To Do,TRUE,,,FALSE,Has existing newsletter - not searched for RSS yet
Fakty Białystok,https://swelbyboy.github.io/prospect-rss-feeds/fakty-białystok.xml,OG,success,2025-12-02 12:01:21,Poland,fakty.bialystok.pl,To Do,TRUE,,,FALSE,Has existing newsletter - not searched for RSS yet
St George & Sutherland Shire Leader,https://swelbyboy.github.io/prospect-rss-feeds/st-george---sutherland-shire-leader.xml,OG,success,2025-12-02 12:01:20,Australia,theleader.com.au,To Do,TRUE,,,FALSE,Has existing newsletter - not searched for RSS yet
Avrupa Gazete,https://swelbyboy.github.io/prospect-rss-feeds/avrupa-gazete.xml,OG,success,2025-12-02 12:01:20,United Kingdom,avrupagazete.co.uk,To Do,TRUE,,,FALSE,Has existing newsletter - not searched for RSS yet
Geelong Advertiser,-,N/A,-,,Australia,geelongadvertiser.com.au,No feed generated,TRUE,,,FALSE,RSS discovery attempted - no feed found
V4Stream,https://swelbyboy.github.io/prospect-rss-feeds/v4stream.xml,OG,success,2025-12-02 12:01:31,India,v4news.com,To Do,TRUE,,,FALSE,Has existing newsletter - not searched for RSS yet
Edessa News,https://swelbyboy.github.io/prospect-rss-feeds/edessa-news.xml,OG,success,2025-12-02 12:01:23,Greece,edessanews.gr,To Do,TRUE,,,FALSE,Has existing newsletter - not searched for RSS yet
The Daily Advertiser,https://swelbyboy.github.io/prospect-rss-feeds/the-daily-advertiser.xml,OG,success,2025-12-02 12:01:26,Australia,dailyadvertiser.com.au,To Do,TRUE,,,FALSE,Has existing newsletter - not searched for RSS yet
Midtjyllands Avis,-,N/A,-,,Denmark,midtjyllandsavis.dk,No feed generated,TRUE,,,FALSE,RSS discovery attempted - no feed found
For Every Mom,https://swelbyboy.github.io/prospect-rss-feeds/for-every-mom.xml,OG,success,2025-12-02 12:01:23,United States,foreverymom.com,To Do,TRUE,,,FALSE,Has existing newsletter - not searched for RSS yet
Manning River Times,https://swelbyboy.github.io/prospect-rss-feeds/manning-river-times.xml,OG,success,2025-12-02 12:01:26,Australia,manningrivertimes.com.au,To Do,TRUE,,,FALSE,Has existing newsletter - not searched for RSS yet
Radio Luna,https://swelbyboy.github.io/prospect-rss-feeds/radio-luna.xml,OG,success,2025-12-02 12:01:32,Serbia,radioluna.info,To Do,TRUE,,,FALSE,Has existing newsletter - not searched for RSS yet
旧金山湾区华人资讯网,-,N/A,-,,United States,chineseinsfbay.com,No feed generated,TRUE,,,FALSE,RSS discovery attempted - no feed found
WLR FM,-,N/A,-,,Ireland,wlrfm.com,No feed generated,TRUE,,,FALSE,RSS discovery attempted - no feed found
Vantaan Sanomat,https://swelbyboy.github.io/prospect-rss-feeds/vantaan-sanomat.xml,OG,success,2025-12-02 12:01:24,Finland,vantaansanomat.fi,To Do,TRUE,,,FALSE,Has existing newsletter - not searched for RSS yet
Yapi Dergisi,https://swelbyboy.github.io/prospect-rss-feeds/yapi-dergisi.xml,OG,success,2025-12-02 12:01:36,Turkey,yapi.com.tr,To Do,TRUE,,,FALSE,Has existing newsletter - not searched for RSS yet
HaberVakti,-,N/A,-,,Turkey,habervakti.com,No feed generated,TRUE,,,FALSE,RSS discovery attempted - no feed found
Naija Live TV,https://swelbyboy.github.io/prospect-rss-feeds/naija-live-tv.xml,OG,success,2025-12-02 12:02:34,Nigeria,naijalivetv.com,To Do,TRUE,,,FALSE,Has existing newsletter - not searched for RSS yet
Kayseri Haber Gazetesi,https://swelbyboy.github.io/prospect-rss-feeds/kayseri-haber-gazetesi.xml,OG,success,2025-12-02 12:01:46,Turkey,kayserihaber.com.tr,To Do,TRUE,,,FALSE,Has existing newsletter - not searched for RSS yet
National Indian Gaming Association,https://swelbyboy.github.io/prospect-rss-feeds/national-indian-gaming-association.xml,OG,success,2025-12-02 12:01:28,India,indiangaming.org,To Do,TRUE,,,FALSE,Has existing newsletter - not searched for RSS yet
eduadvisor.gr,-,N/A,-,,Greece,eduadvisor.gr,No feed generated,TRUE,,,FALSE,RSS discovery attempted - no feed found
BWW Media Group,https://swelbyboy.github.io/prospect-rss-feeds/bww-media-group.xml,OG,success,2025-12-02 11:43:49,United States,bwwmediagroup.com,To Do,TRUE,,,FALSE,Has existing newsletter - not searched for RSS yet
Team-BHP.com,-,N/A,-,,India,team-bhp.com,No feed generated,TRUE,,,FALSE,RSS discovery attempted - no feed found
World Red Eye,https://swelbyboy.github.io/prospect-rss-feeds/world-red-eye.xml,OG,success,2025-12-02 12:01:25,United States,worldredeye.com,To Do,TRUE,,,FALSE,Has existing newsletter - not searched for RSS yet
Noise11,https://swelbyboy.github.io/prospect-rss-feeds/noise11.xml,OG,success,2025-12-02 12:01:27,Australia,noise11.com,To Do,TRUE,,,FALSE,Has existing newsletter - not searched for RSS yet
Port Technology International,-,N/A,-,,United Kingdom,porttechnology.org,No feed generated,TRUE,,,FALSE,RSS discovery attempted - no feed found
Εργασιακά Νέα,https://swelbyboy.github.io/prospect-rss-feeds/εργασιακά-νέα.xml,OG,success,2025-12-02 11:43:52,Greece,ergasiakanea.eu,To Do,TRUE,,,FALSE,Has existing newsletter - not searched for RSS yet
SXM Talks,https://swelbyboy.github.io/prospect-rss-feeds/sxm-talks.xml,OG,success,2025-12-02 12:01:29,Netherlands,sxm-talks.com,To Do,TRUE,,,FALSE,Has existing newsletter - not searched for RSS yet
Southern Maryland Online,-,N/A,-,,United States,somd.com,No feed generated,TRUE,,,FALSE,RSS discovery attempted - no feed found
Smirking Chimp,https://swelbyboy.github.io/prospect-rss-feeds/smirking-chimp.xml,OG,success,2025-12-02 12:01:30,United States,smirkingchimp.com,To Do,TRUE,,,FALSE,Has existing newsletter - not searched for RSS yet
PécsMa.hu,https://swelbyboy.github.io/prospect-rss-feeds/pécsma-hu.xml,OG,success,2025-12-02 12:01:33,Hungary,pecsma.hu,To Do,TRUE,,,FALSE,Has existing newsletter - not searched for RSS yet
TalkGlitz Media,https://swelbyboy.github.io/prospect-rss-feeds/talkglitz-media.xml,OG,success,2025-12-02 12:01:34,Nigeria,talkglitz.media,To Do,TRUE,,,FALSE,Has existing newsletter - not searched for RSS yet
Koinignomi,https://swelbyboy.github.io/prospect-rss-feeds/koinignomi.xml,OG,success,2025-12-02 12:01:31,Greece,koinignomi.gr,To Do,TRUE,,,FALSE,Has existing newsletter - not searched for RSS yet
Kocaeli Bizim Yaka Gazetesi,-,N/A,-,,Turkey,bizimyaka.com,No feed generated,TRUE,,,FALSE,RSS discovery attempted - no feed found
Agenziaimpress,https://swelbyboy.github.io/prospect-rss-feeds/agenziaimpress.xml,OG,success,2025-12-02 12:01:36,United States,agenziaimpress.it,To Do,TRUE,,,FALSE,Has existing newsletter - not searched for RSS yet
Nova Vest,https://swelbyboy.github.io/prospect-rss-feeds/nova-vest.xml,OG,success,2025-12-02 12:01:34,Bulgaria,novavest.bg,To Do,TRUE,,,FALSE,Has existing newsletter - not searched for RSS yet
Erettsegi.com,-,N/A,-,,Hungary,erettsegi.com,No feed generated,TRUE,,,FALSE,RSS discovery attempted - no feed found
Muzyczne Radio INFO,-,N/A,-,,Poland,muzyczneradio.pl,No feed generated,TRUE,,,FALSE,RSS discovery attempted - no feed found
Small Caps,https://swelbyboy.github.io/prospect-rss-feeds/small-caps.xml,OG,success,2025-12-02 12:01:37,Australia,smallcaps.com.au,To Do,TRUE,,,FALSE,Has existing newsletter - not searched for RSS yet
Vestnik Utro,https://swelbyboy.github.io/prospect-rss-feeds/vestnik-utro.xml,OG,success,2025-12-02 12:02:01,Bulgaria,utroruse.com,To Do,TRUE,,,FALSE,Has existing newsletter - not searched for RSS yet
Ploumistos,https://swelbyboy.github.io/prospect-rss-feeds/ploumistos.xml,OG,success,2025-12-02 12:01:36,Greece,ploumistos.com,To Do,TRUE,,,FALSE,Has existing newsletter - not searched for RSS yet
Vestnik Borba,https://swelbyboy.github.io/prospect-rss-feeds/vestnik-borba.xml,OG,success,2025-12-02 12:01:37,Bulgaria,borbabg.com,To Do,TRUE,,,FALSE,Has existing newsletter - not searched for RSS yet
Cotidianul Gorjeanul,https://swelbyboy.github.io/prospect-rss-feeds/cotidianul-gorjeanul.xml,OG,success,2025-12-02 11:43:53,Romania,gorjeanul.ro,To Do,TRUE,,,FALSE,Has existing newsletter - not searched for RSS yet
Itech News,https://swelbyboy.github.io/prospect-rss-feeds/itech-news.xml,OG,success,2025-12-02 11:43:50,Greece,itechnews.gr,To Do,TRUE,,,FALSE,Has existing newsletter - not searched for RSS yet
TASTY GUIDE,-,N/A,-,,Greece,tasty-guide.gr,No feed generated,TRUE,,,FALSE,RSS discovery attempted - no feed found
WLS-tv,https://swelbyboy.github.io/prospect-rss-feeds/wls-tv.xml,OG,success,2025-12-02 12:01:38,United States,wlsam.com,To Do,TRUE,,,FALSE,Has existing newsletter - not searched for RSS yet
The Educators Domain,https://swelbyboy.github.io/prospect-rss-feeds/the-educators-domain.xml,OG,success,2025-12-02 12:01:37,Australia,educatorsdomain.com.au,To Do,TRUE,,,FALSE,Has existing newsletter - not searched for RSS yet
VYPE Texas,https://swelbyboy.github.io/prospect-rss-feeds/vype-texas.xml,OG,success,2025-12-02 12:01:37,United States,vype.com,To Do,TRUE,,,FALSE,Has existing newsletter - not searched for RSS yet
Wtaj-Tv,https://swelbyboy.github.io/prospect-rss-feeds/wtaj-tv.xml,OG,success,2025-12-02 12:01:39,United States,wearecentralpa.com,To Do,TRUE,,,FALSE,Has existing newsletter - not searched for RSS yet
Greendex.hu,https://swelbyboy.github.io/prospect-rss-feeds/greendex-hu.xml,OG,success,2025-12-02 12:01:42,Hungary,greendex.hu,To Do,TRUE,,,FALSE,Has existing newsletter - not searched for RSS yet
HarlequinJunkie Romance Reviews,https://swelbyboy.github.io/prospect-rss-feeds/harlequinjunkie-romance-reviews.xml,OG,success,2025-12-02 12:01:38,United States,harlequinjunkie.com,To Do,TRUE,,,FALSE,Has existing newsletter - not searched for RSS yet
The Eagle 100.9,-,N/A,-,,United States,okotoksonline.com,No feed generated,TRUE,,,FALSE,RSS discovery attempted - no feed found
MyChesCo,https://swelbyboy.github.io/prospect-rss-feeds/mychesco.xml,OG,success,2025-12-02 12:01:38,United States,mychesco.com,To Do,TRUE,,,FALSE,Has existing newsletter - not searched for RSS yet
AlesdOnline,https://swelbyboy.github.io/prospect-rss-feeds/alesdonline.xml,OG,success,2025-12-02 11:43:53,Romania,alesdonline.ro,To Do,TRUE,,,FALSE,Has existing newsletter - not searched for RSS yet
Daily Pahenji Akhbar,-,N/A,-,,Pakistan,thetimenews.tv,No feed generated,TRUE,,,FALSE,RSS discovery attempted - no feed found
Healthpharma,https://swelbyboy.github.io/prospect-rss-feeds/healthpharma.xml,OG,success,2025-12-02 11:44:02,Greece,healthpharma.gr,To Do,TRUE,,,FALSE,Has existing newsletter - not searched for RSS yet
Forin.gr,-,N/A,-,,Greece,forin.gr,No feed generated,TRUE,,,FALSE,RSS discovery attempted - no feed found
İşte Çanakkale Gazetesi,https://swelbyboy.github.io/prospect-rss-feeds/i-şte-çanakkale-gazetesi.xml,OG,success,2025-12-02 12:02:56,Turkey,istecanakkalegazetesi.com,To Do,TRUE,,,FALSE,Has existing newsletter - not searched for RSS yet
konecki24.pl,https://swelbyboy.github.io/prospect-rss-feeds/konecki24-pl.xml,OG,success,2025-12-02 12:01:41,Poland,konecki24.pl,To Do,TRUE,,,FALSE,Has existing newsletter - not searched for RSS yet
Rythymfm,-,N/A,-,,Netherlands,rythymfm.net,No feed generated,TRUE,,,FALSE,RSS discovery attempted - no feed found
Tuairisc,https://swelbyboy.github.io/prospect-rss-feeds/tuairisc.xml,OG,success,2025-12-02 12:01:40,Ireland,tuairisc.ie,To Do,TRUE,,,FALSE,Has existing newsletter - not searched for RSS yet
The Maritime Executive,-,N/A,-,,United States,maritime-executive.com,No feed generated,TRUE,,,FALSE,RSS discovery attempted - no feed found
Winona Daily News,https://swelbyboy.github.io/prospect-rss-feeds/winona-daily-news.xml,OG,success,2025-12-02 12:01:39,United States,winonadailynews.com,To Do,TRUE,,,FALSE,Has existing newsletter - not searched for RSS yet
Västgöta-Bladet,https://swelbyboy.github.io/prospect-rss-feeds/västgöta-bladet.xml,OG,success,2025-12-02 12:01:41,Sweden,vastgotabladet.se,To Do,TRUE,,,FALSE,Has existing newsletter - not searched for RSS yet
Gold Derby,https://swelbyboy.github.io/prospect-rss-feeds/gold-derby.xml,OG,success,2025-12-02 12:01:42,United States,goldderby.com,To Do,TRUE,,,FALSE,Has existing newsletter - not searched for RSS yet
SportsCafe,-,N/A,-,,India,sportscafe.in,No feed generated,TRUE,,,FALSE,RSS discovery attempted - no feed found
ABC7 News,https://swelbyboy.github.io/prospect-rss-feeds/abc7-news.xml,OG,success,2025-12-02 12:01:41,United States,abc7news.com,To Do,TRUE,,,FALSE,Has existing newsletter - not searched for RSS yet
dneprnews,https://swelbyboy.github.io/prospect-rss-feeds/dneprnews.xml,OG,success,2025-12-02 11:43:53,Greece,dneprnews.info,To Do,TRUE,,,FALSE,Has existing newsletter - not searched for RSS yet
Revive NL,-,N/A,-,,Netherlands,revive.nl,No feed generated,TRUE,,,FALSE,RSS discovery attempted - no feed found
Pleasanton Weekly,https://swelbyboy.github.io/prospect-rss-feeds/pleasanton-weekly.xml,OG,success,2025-12-02 12:01:56,United States,pleasantonweekly.com,To Do,TRUE,,,FALSE,Has existing newsletter - not searched for RSS yet
Torbalı Güncel,https://swelbyboy.github.io/prospect-rss-feeds/torbalı-güncel.xml,OG,success,2025-12-02 12:01:44,Turkey,torbaliguncel.com,To Do,TRUE,,,FALSE,Has existing newsletter - not searched for RSS yet
The Assam Tribune,https://swelbyboy.github.io/prospect-rss-feeds/the-assam-tribune.xml,OG,success,2025-12-02 12:01:47,India,assamtribune.com,To Do,TRUE,,,FALSE,Has existing newsletter - not searched for RSS yet
To Vima,https://swelbyboy.github.io/prospect-rss-feeds/to-vima.xml,OG,success,2025-12-02 12:01:45,Greece,tovima.gr,To Do,TRUE,,,FALSE,Has existing newsletter - not searched for RSS yet
Detroit News,-,N/A,-,,United States,detroitnews.com,No feed generated,TRUE,,,FALSE,RSS discovery attempted - no feed found
Juicing for Health,https://swelbyboy.github.io/prospect-rss-feeds/juicing-for-health.xml,OG,success,2025-12-02 12:01:44,United States,juicing-for-health.com,To Do,TRUE,,,FALSE,Has existing newsletter - not searched for RSS yet
MarketBeat.com,-,N/A,-,,United States,marketbeat.com,No feed generated,TRUE,,,FALSE,RSS discovery attempted - no feed found
Servantsofgrace,https://swelbyboy.github.io/prospect-rss-feeds/servantsofgrace.xml,OG,success,2025-12-02 12:01:47,United States,servantsofgrace.org,To Do,TRUE,,,FALSE,Has existing newsletter - not searched for RSS yet
Technology Times Pakistan,-,N/A,-,,Pakistan,technologytimes.pk,No feed generated,TRUE,,,FALSE,RSS discovery attempted - no feed found
Buzaumedia,https://swelbyboy.github.io/prospect-rss-feeds/buzaumedia.xml,OG,success,2025-12-02 11:43:54,Romania,buzaumedia.ro,To Do,TRUE,,,FALSE,Has existing newsletter - not searched for RSS yet
Hizmet Gazetesi,https://swelbyboy.github.io/prospect-rss-feeds/hizmet-gazetesi.xml,OG,success,2025-12-02 12:01:47,Turkey,hizmetgazetesi.com.tr,To Do,TRUE,,,FALSE,Has existing newsletter - not searched for RSS yet
Tύπος Ηπείρου,https://swelbyboy.github.io/prospect-rss-feeds/tύπος-ηπείρου.xml,OG,success,2025-12-02 12:01:57,Greece,typosepeirou.gr,To Do,TRUE,,,FALSE,Has existing newsletter - not searched for RSS yet
U.S. Environmental Protection Agency,-,N/A,-,,United States,epa.gov,No feed generated,TRUE,,,FALSE,RSS discovery attempted - no feed found
Powergame.gr,https://swelbyboy.github.io/prospect-rss-feeds/powergame-gr.xml,OG,success,2025-12-02 12:01:49,Greece,powergame.gr,To Do,TRUE,,,FALSE,Has existing newsletter - not searched for RSS yet
Ray Haber,https://swelbyboy.github.io/prospect-rss-feeds/ray-haber.xml,OG,success,2025-12-02 12:01:50,Turkey,rayhaber.com,To Do,TRUE,,,FALSE,Has existing newsletter - not searched for RSS yet
Evrytania Sport,https://swelbyboy.github.io/prospect-rss-feeds/evrytania-sport.xml,OG,success,2025-12-02 12:01:51,Greece,evrytaniasport.gr,To Do,TRUE,,,FALSE,Has existing newsletter - not searched for RSS yet
Ελεύθερος Κόσμος,https://swelbyboy.github.io/prospect-rss-feeds/ελεύθερος-κόσμος.xml,OG,success,2025-12-02 12:01:55,Greece,elkosmos.gr,To Do,TRUE,,,FALSE,Has existing newsletter - not searched for RSS yet
Jurnalul National,https://swelbyboy.github.io/prospect-rss-feeds/jurnalul-national.xml,OG,success,2025-12-02 11:43:57,Romania,jurnalulnational.ro,To Do,TRUE,,,FALSE,Has existing newsletter - not searched for RSS yet
CT Haber,-,N/A,-,,Turkey,cthaber.com,No feed generated,TRUE,,,FALSE,RSS discovery attempted - no feed found
Erzurum Haber,-,N/A,-,,Turkey,erzurumhaber.com.tr,No feed generated,TRUE,,,FALSE,RSS discovery attempted - no feed found
Karma News,-,N/A,-,,India,thekarmanews.com,No feed generated,TRUE,,,FALSE,RSS discovery attempted - no feed found
Wjactv,https://swelbyboy.github.io/prospect-rss-feeds/wjactv.xml,OG,success,2025-12-02 12:01:50,United States,wjactv.com,To Do,TRUE,,,FALSE,Has existing newsletter - not searched for RSS yet
Frontstretch,https://swelbyboy.github.io/prospect-rss-feeds/frontstretch.xml,OG,success,2025-12-02 12:01:51,United States,frontstretch.com,To Do,TRUE,,,FALSE,Has existing newsletter - not searched for RSS yet
Γαστροτουρισμός Gastrotourismos,-,N/A,-,,Greece,gastrotourismos.gr,No feed generated,TRUE,,,FALSE,RSS discovery attempted - no feed found
SigortaMedya,https://swelbyboy.github.io/prospect-rss-feeds/sigortamedya.xml,OG,success,2025-12-02 12:01:57,Turkey,sigortamedya.com.tr,To Do,TRUE,,,FALSE,Has existing newsletter - not searched for RSS yet
Gazete Rize,https://swelbyboy.github.io/prospect-rss-feeds/gazete-rize.xml,OG,success,2025-12-02 12:01:53,Turkey,gazeterize.com,To Do,TRUE,,,FALSE,Has existing newsletter - not searched for RSS yet
Sakarya'dan son dakika Haberi,-,N/A,-,,Turkey,sakaryadanhaber.com,No feed generated,TRUE,,,FALSE,RSS discovery attempted - no feed found
AL.com,https://swelbyboy.github.io/prospect-rss-feeds/al-com.xml,OG,success,2025-12-02 12:01:53,United States,al.com,To Do,TRUE,,,FALSE,Has existing newsletter - not searched for RSS yet
The Upcoming,https://swelbyboy.github.io/prospect-rss-feeds/the-upcoming.xml,OG,success,2025-12-02 12:02:02,United Kingdom,theupcoming.co.uk,To Do,TRUE,,,FALSE,Has existing newsletter - not searched for RSS yet
Green.hr,https://swelbyboy.github.io/prospect-rss-feeds/green-hr.xml,OG,success,2025-12-02 11:43:55,Bosnia and Herzegovina,green.hr,To Do,TRUE,,,FALSE,Has existing newsletter - not searched for RSS yet
Televiziunea Intermedia,https://swelbyboy.github.io/prospect-rss-feeds/televiziunea-intermedia.xml,OG,success,2025-12-02 11:43:58,Romania,intermediatv.ro,To Do,TRUE,,,FALSE,Has existing newsletter - not searched for RSS yet
Haber Şanlıurfa,-,N/A,-,,Turkey,habersanliurfa.net,No feed generated,TRUE,,,FALSE,RSS discovery attempted - no feed found
Prag News,-,N/A,-,,India,pragnews.com,No feed generated,TRUE,,,FALSE,RSS discovery attempted - no feed found
Düzce Parantez Gazetesi,-,N/A,-,,Turkey,duzceparantez.com,No feed generated,TRUE,,,FALSE,RSS discovery attempted - no feed found
Travel Europe,https://swelbyboy.github.io/prospect-rss-feeds/travel-europe.xml,OG,success,2025-12-02 11:43:56,Romania,traveleurope.ro,To Do,TRUE,,,FALSE,Has existing newsletter - not searched for RSS yet
Kolo TV,-,N/A,-,,United States,kolotv.com,No feed generated,TRUE,,,FALSE,RSS discovery attempted - no feed found
Rapport,-,N/A,-,,Finland,rapport.fi,No feed generated,TRUE,,,FALSE,RSS discovery attempted - no feed found
Åbo Underrättelser,-,N/A,-,,Finland,abounderrattelser.fi,No feed generated,TRUE,,,FALSE,RSS discovery attempted - no feed found
Signals,https://swelbyboy.github.io/prospect-rss-feeds/signals.xml,OG,success,2025-12-02 12:01:57,United States,signalsaz.com,To Do,TRUE,,,FALSE,Has existing newsletter - not searched for RSS yet
Caravan magazine,-,N/A,-,,India,caravanmagazine.in,No feed generated,TRUE,,,FALSE,RSS discovery attempted - no feed found
Βεροιώτης,https://swelbyboy.github.io/prospect-rss-feeds/βεροιώτης.xml,OG,success,2025-12-02 12:01:58,Greece,veriotis.gr,To Do,TRUE,,,FALSE,Has existing newsletter - not searched for RSS yet
Pokazivac,-,N/A,-,,Serbia,pokazivac.com,No feed generated,TRUE,,,FALSE,RSS discovery attempted - no feed found
Hellenic Shipping News,https://swelbyboy.github.io/prospect-rss-feeds/hellenic-shipping-news.xml,OG,success,2025-12-02 12:01:57,Greece,hellenicshippingnews.com,To Do,TRUE,,,FALSE,Newly discovered RSS feed
Ηλιούπολη για όλους,-,N/A,-,,Greece,ilioupoligiaolous.gr,No feed generated,TRUE,,,FALSE,RSS discovery attempted - no feed found
Korinthostv Peloponnisos,https://swelbyboy.github.io/prospect-rss-feeds/korinthostv-peloponnisos.xml,OG,success,2025-12-02 12:02:12,Greece,korinthostv.gr,To Do,TRUE,,,FALSE,Has existing newsletter - not searched for RSS yet
The Wave,https://swelbyboy.github.io/prospect-rss-feeds/the-wave.xml,OG,success,2025-12-02 12:02:06,United States,rockawave.com,To Do,TRUE,,,FALSE,Has existing newsletter - not searched for RSS yet
Ljubuški portal,https://swelbyboy.github.io/prospect-rss-feeds/ljubuški-portal.xml,OG,success,2025-12-02 11:43:59,Bosnia and Herzegovina,ljportal.com,To Do,TRUE,,,FALSE,Has existing newsletter - not searched for RSS yet
Przasnysz EPrzasnysz,https://swelbyboy.github.io/prospect-rss-feeds/przasnysz-eprzasnysz.xml,OG,success,2025-12-02 12:02:01,Poland,eprzasnysz.pl,To Do,TRUE,,,FALSE,Has existing newsletter - not searched for RSS yet
KRCRtv,https://swelbyboy.github.io/prospect-rss-feeds/krcrtv.xml,OG,success,2025-12-02 12:01:58,United States,krcrtv.com,To Do,TRUE,,,FALSE,Has existing newsletter - not searched for RSS yet
Mărturie Athonită,https://swelbyboy.github.io/prospect-rss-feeds/mărturie-athonită.xml,OG,success,2025-12-02 12:02:04,Romania,marturieathonita.ro,To Do,TRUE,,,FALSE,Has existing newsletter - not searched for RSS yet
Travelling,https://swelbyboy.github.io/prospect-rss-feeds/travelling.xml,OG,success,2025-12-02 12:02:21,Greece,travelling.gr,To Do,TRUE,,,FALSE,Has existing newsletter - not searched for RSS yet
Norrtelje Tidning,https://swelbyboy.github.io/prospect-rss-feeds/norrtelje-tidning.xml,OG,success,2025-12-02 12:02:16,Sweden,norrteljetidning.se,To Do,TRUE,,,FALSE,Has existing newsletter - not searched for RSS yet
Q13 Fox,https://swelbyboy.github.io/prospect-rss-feeds/q13-fox.xml,OG,success,2025-12-02 12:02:06,United States,q13fox.com,To Do,TRUE,,,FALSE,Has existing newsletter - not searched for RSS yet
Sanj Samachar,-,N/A,-,,India,sanjsamachar.net,No feed generated,TRUE,,,FALSE,RSS discovery attempted - no feed found
The Citizen,https://swelbyboy.github.io/prospect-rss-feeds/the-citizen.xml,OG,success,2025-12-02 12:02:17,United States,thecitizen.com,To Do,TRUE,,,FALSE,Has existing newsletter - not searched for RSS yet
Pécs Aktuál,-,N/A,-,,Hungary,pecsaktual.hu,No feed generated,TRUE,,,FALSE,RSS discovery attempted - no feed found
Ravalli Republic,http://ravallirepublic.com/search/?f=rss&t=article&l=50&s=start_time&sd=desc&k%5B%5D=%23topstory,Discovered-autodiscovery,failed,2025-12-21 22:13:01,United States,ravallirepublic.com,To Do,TRUE,,,FALSE,Newly discovered RSS feed
iwanbanaran.com,-,N/A,-,,Indonesia,iwanbanaran.com,No feed generated,TRUE,,,FALSE,RSS discovery attempted - no feed found
UltimateTube.com,https://swelbyboy.github.io/prospect-rss-feeds/ultimatetube-com.xml,OG,success,2025-12-02 12:02:15,United States,ultimatetube.com,To Do,TRUE,,,FALSE,Has existing newsletter - not searched for RSS yet
Glasul Sucevei,https://swelbyboy.github.io/prospect-rss-feeds/glasul-sucevei.xml,OG,success,2025-12-02 11:44:12,Romania,glasulsucevei.ro,To Do,TRUE,,,FALSE,Has existing newsletter - not searched for RSS yet
Mak Lambe Turah,-,N/A,-,,Indonesia,beritaterheboh.com,No feed generated,TRUE,,,FALSE,RSS discovery attempted - no feed found
HealthWeb.gr,https://swelbyboy.github.io/prospect-rss-feeds/healthweb-gr.xml,OG,success,2025-12-02 12:02:06,Greece,healthweb.gr,To Do,TRUE,,,FALSE,Has existing newsletter - not searched for RSS yet
Ziarul Bursa,-,N/A,-,,Romania,bursa.ro,No feed generated,TRUE,,,FALSE,RSS discovery attempted - no feed found
Župan.hr,https://swelbyboy.github.io/prospect-rss-feeds/župan-hr.xml,OG,success,2025-12-02 11:44:01,Hungary,zupan.hr,To Do,TRUE,,,FALSE,Has existing newsletter - not searched for RSS yet
Lethbridge News Now,https://swelbyboy.github.io/prospect-rss-feeds/lethbridge-news-now.xml,OG,success,2025-12-02 12:02:09,United States,lethbridgenewsnow.com,To Do,TRUE,,,FALSE,Has existing newsletter - not searched for RSS yet
Tur-Info.pl,-,N/A,-,,Poland,tur-info.pl,No feed generated,TRUE,,,FALSE,RSS discovery attempted - no feed found
"Интернет-газета ""Континент""",-,N/A,-,,United States,kontinentusa.com,No feed generated,TRUE,,,FALSE,RSS discovery attempted - no feed found
Λαιμητόμος Ειδησεις,-,N/A,-,,Greece,laimitomos.com,No feed generated,TRUE,,,FALSE,RSS discovery attempted - no feed found
Agro TV Srbija,https://swelbyboy.github.io/prospect-rss-feeds/agro-tv-srbija.xml,OG,success,2025-12-02 11:44:02,Serbia,agrotv.net,To Do,TRUE,,,FALSE,Has existing newsletter - not searched for RSS yet
Explore Liverpool,-,N/A,-,,United Kingdom,explore-liverpool.com,No feed generated,TRUE,,,FALSE,RSS discovery attempted - no feed found
WWL Media Jacek Kubiak,https://swelbyboy.github.io/prospect-rss-feeds/wwl-media-jacek-kubiak.xml,OG,success,2025-12-02 12:02:10,Poland,wwl24.pl,To Do,TRUE,,,FALSE,Has existing newsletter - not searched for RSS yet
Öteki Sinema,https://swelbyboy.github.io/prospect-rss-feeds/öteki-sinema.xml,OG,success,2025-12-02 12:02:10,Turkey,otekisinema.com,To Do,TRUE,,,FALSE,Has existing newsletter - not searched for RSS yet
Δρόμος της Αριστεράς,-,N/A,-,,Greece,edromos.gr,No feed generated,TRUE,,,FALSE,RSS discovery attempted - no feed found
Аюрведа център & БИО магазин,-,N/A,-,,Bulgaria,ayurvedabio.com,No feed generated,TRUE,,,FALSE,RSS discovery attempted - no feed found
The Greek Lawyer,https://swelbyboy.github.io/prospect-rss-feeds/the-greek-lawyer.xml,OG,success,2025-12-02 12:02:27,Greece,thegreeklawyer.gr,To Do,TRUE,,,FALSE,Has existing newsletter - not searched for RSS yet
Gazete Memur,-,N/A,-,,Turkey,gazetememur.com,No feed generated,TRUE,,,FALSE,RSS discovery attempted - no feed found
Wdef,https://swelbyboy.github.io/prospect-rss-feeds/wdef.xml,OG,success,2025-12-02 12:02:11,United States,wdef.com,To Do,TRUE,,,FALSE,Has existing newsletter - not searched for RSS yet
Kuzey Ekspres Gazetesi,-,N/A,-,,Turkey,kuzeyekspres.com.tr,No feed generated,TRUE,,,FALSE,RSS discovery attempted - no feed found
VLT AB,https://swelbyboy.github.io/prospect-rss-feeds/vlt-ab.xml,OG,success,2025-12-02 12:02:14,Sweden,vlt.se,To Do,TRUE,,,FALSE,Newly discovered RSS feed
Capenews.net,https://swelbyboy.github.io/prospect-rss-feeds/capenews-net.xml,OG,failed,2025-12-02 12:02:11,United States,capenews.net,To Do,TRUE,,,FALSE,Newly discovered RSS feed
Shields Gazette,https://swelbyboy.github.io/prospect-rss-feeds/shields-gazette.xml,OG,success,2025-12-02 12:02:13,United Kingdom,shieldsgazette.com,To Do,TRUE,,,FALSE,Newly discovered RSS feed
Gotlands Allehanda,https://swelbyboy.github.io/prospect-rss-feeds/gotlands-allehanda.xml,OG,success,2025-12-02 12:02:14,Sweden,helagotland.se,To Do,TRUE,,,FALSE,Newly discovered RSS feed
THE WEEK INDIA,-,N/A,-,,India,theweek.in,No feed generated,TRUE,,,FALSE,RSS discovery attempted - no feed found
The Evening Sun,-,N/A,-,,United States,eveningsun.com,No feed generated,TRUE,,,FALSE,RSS discovery attempted - no feed found
Thrylos24.gr,https://swelbyboy.github.io/prospect-rss-feeds/thrylos24-gr.xml,OG,success,2025-12-02 12:02:23,Greece,thrylos24.gr,To Do,TRUE,,,FALSE,Newly discovered RSS feed
The Pueblo Chieftain,-,N/A,-,,United States,chieftain.com,No feed generated,TRUE,,,FALSE,RSS discovery attempted - no feed found
Bu Sabah Malatya,-,N/A,-,,Turkey,busabahmalatya.com,No feed generated,TRUE,,,FALSE,RSS discovery attempted - no feed found
WTVQ,https://swelbyboy.github.io/prospect-rss-feeds/wtvq.xml,OG,success,2025-12-02 12:02:15,United States,wtvq.com,To Do,TRUE,,,FALSE,Newly discovered RSS feed
Luton Today,https://swelbyboy.github.io/prospect-rss-feeds/luton-today.xml,OG,success,2025-12-02 12:02:16,United Kingdom,lutontoday.co.uk,To Do,TRUE,,,FALSE,Newly discovered RSS feed
Niğde Günaydın Gazetesi,https://swelbyboy.github.io/prospect-rss-feeds/niğde-günaydın-gazetesi.xml,OG,success,2025-12-02 12:02:32,Turkey,nigdegunaydin.com,To Do,TRUE,,,FALSE,Newly discovered RSS feed
Daily The Nation,-,N/A,-,,Pakistan,nation.com.pk,No feed generated,TRUE,,,FALSE,RSS discovery attempted - no feed found
Just the News,https://swelbyboy.github.io/prospect-rss-feeds/just-the-news.xml,OG,success,2025-12-02 12:02:15,United States,justthenews.com,To Do,TRUE,,,FALSE,Newly discovered RSS feed
BanglaVision TV,-,N/A,-,,Bangladesh,bvnews24.com,No feed generated,TRUE,,,FALSE,RSS discovery attempted - no feed found
The AV Club,https://swelbyboy.github.io/prospect-rss-feeds/the-av-club.xml,OG,success,2025-12-02 12:02:17,United States,avclub.com,To Do,TRUE,,,FALSE,Newly discovered RSS feed
Polskie Radio PIK,https://swelbyboy.github.io/prospect-rss-feeds/polskie-radio-pik.xml,OG,success,2025-12-02 12:02:19,Poland,radiopik.pl,To Do,TRUE,,,FALSE,Newly discovered RSS feed
Ksnv-tv,https://swelbyboy.github.io/prospect-rss-feeds/ksnv-tv.xml,OG,success,2025-12-02 12:02:17,United States,news3lv.com,To Do,TRUE,,,FALSE,Newly discovered RSS feed
Channel 2,https://swelbyboy.github.io/prospect-rss-feeds/channel-2.xml,OG,success,2025-12-02 12:02:17,United States,idahonews.com,To Do,TRUE,,,FALSE,Newly discovered RSS feed
Wvva,-,N/A,-,,United States,wvva.com,No feed generated,TRUE,,,FALSE,RSS discovery attempted - no feed found
The Irish Field,-,N/A,-,,Ireland,theirishfield.ie,No feed generated,TRUE,,,FALSE,RSS discovery attempted - no feed found
Sheboygan Press,-,N/A,-,,United States,sheboyganpress.com,No feed generated,TRUE,,,FALSE,RSS discovery attempted - no feed found
Light Reading,https://swelbyboy.github.io/prospect-rss-feeds/light-reading.xml,OG,success,2025-12-02 12:02:19,United States,lightreading.com,To Do,TRUE,,,FALSE,Newly discovered RSS feed
PoliticsHome,-,N/A,-,,United Kingdom,politicshome.com,No feed generated,TRUE,,,FALSE,RSS discovery attempted - no feed found
Financial Planning,https://swelbyboy.github.io/prospect-rss-feeds/financial-planning.xml,OG,success,2025-12-02 12:02:27,United States,financial-planning.com,To Do,TRUE,,,FALSE,Newly discovered RSS feed
Wlox,-,N/A,-,,United States,wlox.com,No feed generated,TRUE,,,FALSE,RSS discovery attempted - no feed found
Kent Ravenna Record-Courier,-,N/A,-,,United States,record-courier.com,No feed generated,TRUE,,,FALSE,RSS discovery attempted - no feed found
Music News Ltd,https://swelbyboy.github.io/prospect-rss-feeds/music-news-ltd.xml,OG,success,2025-12-02 12:02:19,United Kingdom,music-news.com,To Do,TRUE,,,FALSE,Newly discovered RSS feed
The 6PR,-,N/A,-,,Australia,6pr.com.au,No feed generated,TRUE,,,FALSE,RSS discovery attempted - no feed found
Siouxland News,https://swelbyboy.github.io/prospect-rss-feeds/siouxland-news.xml,OG,success,2025-12-02 12:02:19,United States,siouxlandnews.com,To Do,TRUE,,,FALSE,Newly discovered RSS feed
Wsaw,-,N/A,-,,United States,wsaw.com,No feed generated,TRUE,,,FALSE,RSS discovery attempted - no feed found
Techpoint,https://swelbyboy.github.io/prospect-rss-feeds/techpoint.xml,OG,success,2025-12-02 12:02:20,Nigeria,techpoint.ng,To Do,TRUE,,,FALSE,Newly discovered RSS feed
Urfa Haber İnternet Gazetesi,-,N/A,-,,Turkey,urfahaber.com,No feed generated,TRUE,,,FALSE,RSS discovery attempted - no feed found
Kocham Radzyń Podlaski,https://swelbyboy.github.io/prospect-rss-feeds/kocham-radzyń-podlaski.xml,OG,success,2025-12-02 11:44:04,Poland,kochamradzyn.pl,To Do,TRUE,,,FALSE,Newly discovered RSS feed
De Ondernemer,-,N/A,-,,Netherlands,deondernemer.nl,No feed generated,TRUE,,,FALSE,RSS discovery attempted - no feed found
My Lefkada,https://swelbyboy.github.io/prospect-rss-feeds/my-lefkada.xml,OG,success,2025-12-02 11:44:03,Greece,mylefkada.gr,To Do,TRUE,,,FALSE,Newly discovered RSS feed
Kiplinger,https://swelbyboy.github.io/prospect-rss-feeds/kiplinger.xml,OG,success,2025-12-02 12:02:20,United States,kiplinger.com,To Do,TRUE,,,FALSE,Newly discovered RSS feed
KATU Channel 2,https://swelbyboy.github.io/prospect-rss-feeds/katu-channel-2.xml,OG,success,2025-12-02 12:02:20,United States,katu.com,To Do,TRUE,,,FALSE,Newly discovered RSS feed
Fox 29,https://swelbyboy.github.io/prospect-rss-feeds/fox-29.xml,OG,success,2025-12-02 12:02:22,United States,fox29.com,To Do,TRUE,,,FALSE,Newly discovered RSS feed
The KPAX,https://swelbyboy.github.io/prospect-rss-feeds/the-kpax.xml,OG,success,2025-12-02 12:02:21,United States,kpax.com,To Do,TRUE,,,FALSE,Newly discovered RSS feed
DothanFirst,https://swelbyboy.github.io/prospect-rss-feeds/dothanfirst.xml,OG,success,2025-12-02 12:02:22,United States,dothanfirst.com,To Do,TRUE,,,FALSE,Newly discovered RSS feed
Kilkenny People,-,N/A,-,,Ireland,kilkennypeople.ie,No feed generated,TRUE,,,FALSE,RSS discovery attempted - no feed found
Wbko,-,N/A,-,,United States,wbko.com,No feed generated,TRUE,,,FALSE,RSS discovery attempted - no feed found
Η ΓΝΩΜΗ,https://swelbyboy.github.io/prospect-rss-feeds/η-γνωμη.xml,OG,success,2025-12-02 11:44:22,Greece,gnomionline.gr,To Do,TRUE,,,FALSE,Newly discovered RSS feed
Business Insider Bangladesh,-,N/A,-,,Bangladesh,businessinsiderbd.com,No feed generated,TRUE,,,FALSE,RSS discovery attempted - no feed found
WICS,https://swelbyboy.github.io/prospect-rss-feeds/wics.xml,OG,success,2025-12-02 12:02:21,United States,newschannel20.com,To Do,TRUE,,,FALSE,Newly discovered RSS feed
Ny1,-,N/A,-,,United States,ny1.com,No feed generated,TRUE,,,FALSE,RSS discovery attempted - no feed found
Kısa Dalga Medya,https://swelbyboy.github.io/prospect-rss-feeds/kısa-dalga-medya.xml,OG,success,2025-12-02 12:02:25,Turkey,kisadalga.net,To Do,TRUE,,,FALSE,Newly discovered RSS feed
Wndu,-,N/A,-,,United States,wndu.com,No feed generated,TRUE,,,FALSE,RSS discovery attempted - no feed found
KECI-TV,https://swelbyboy.github.io/prospect-rss-feeds/keci-tv.xml,OG,success,2025-12-02 12:02:21,United States,nbcmontana.com,To Do,TRUE,,,FALSE,Newly discovered RSS feed
Wmfe,-,N/A,-,,United States,wmfe.org,No feed generated,TRUE,,,FALSE,RSS discovery attempted - no feed found
WJFW Newswatch 12,-,N/A,-,,United States,wjfw.com,No feed generated,TRUE,,,FALSE,RSS discovery attempted - no feed found
Asia Financial,https://swelbyboy.github.io/prospect-rss-feeds/asia-financial.xml,OG,success,2025-12-02 12:02:23,United Kingdom,asiafinancial.com,To Do,TRUE,,,FALSE,Newly discovered RSS feed
El Periódico Extremadura,https://swelbyboy.github.io/prospect-rss-feeds/el-periódico-extremadura.xml,OG,success,2025-12-02 12:02:25,United States,elperiodicoextremadura.com,To Do,TRUE,,,FALSE,Newly discovered RSS feed
Droitwich Standard,https://swelbyboy.github.io/prospect-rss-feeds/droitwich-standard.xml,OG,success,2025-12-02 12:02:23,United Kingdom,droitwichstandard.co.uk,To Do,TRUE,,,FALSE,Newly discovered RSS feed
LeicestershireLive,https://swelbyboy.github.io/prospect-rss-feeds/leicestershirelive.xml,OG,success,2025-12-02 12:02:28,United Kingdom,leicestermercury.co.uk,To Do,TRUE,,,FALSE,Newly discovered RSS feed
Θέμα Υγείας,https://swelbyboy.github.io/prospect-rss-feeds/θέμα-υγείας.xml,OG,success,2025-12-02 12:02:27,Greece,themaygeias.gr,To Do,TRUE,,,FALSE,Newly discovered RSS feed
Limerick Leader,-,N/A,-,,Ireland,limerickleader.ie,No feed generated,TRUE,,,FALSE,RSS discovery attempted - no feed found
UpNorthLive,https://swelbyboy.github.io/prospect-rss-feeds/upnorthlive.xml,OG,success,2025-12-02 12:02:24,United States,upnorthlive.com,To Do,TRUE,,,FALSE,Newly discovered RSS feed
Tok FM,-,N/A,-,,Poland,tokfm.pl,No feed generated,TRUE,,,FALSE,RSS discovery attempted - no feed found
WITN-7 News,-,N/A,-,,United States,witn.com,No feed generated,TRUE,,,FALSE,RSS discovery attempted - no feed found
Wwmt,https://swelbyboy.github.io/prospect-rss-feeds/wwmt.xml,OG,success,2025-12-02 12:02:25,United States,wwmt.com,To Do,TRUE,,,FALSE,Newly discovered RSS feed
Wtov,https://swelbyboy.github.io/prospect-rss-feeds/wtov.xml,OG,success,2025-12-02 12:02:25,United States,wtov9.com,To Do,TRUE,,,FALSE,Newly discovered RSS feed
Wear TV,https://swelbyboy.github.io/prospect-rss-feeds/wear-tv.xml,OG,success,2025-12-02 12:02:25,United States,weartv.com,To Do,TRUE,,,FALSE,Newly discovered RSS feed
Kjrh,https://swelbyboy.github.io/prospect-rss-feeds/kjrh.xml,OG,success,2025-12-02 12:02:26,United States,kjrh.com,To Do,TRUE,,,FALSE,Newly discovered RSS feed
The WOWT,-,N/A,-,,United States,wowt.com,No feed generated,TRUE,,,FALSE,RSS discovery attempted - no feed found
Woman & Home S.A,-,N/A,-,,South Africa,womanandhomemagazine.co.za,No feed generated,TRUE,,,FALSE,RSS discovery attempted - no feed found
Wcyb,https://swelbyboy.github.io/prospect-rss-feeds/wcyb.xml,OG,success,2025-12-02 12:02:26,United States,wcyb.com,To Do,TRUE,,,FALSE,Newly discovered RSS feed
News4SanAntonio,https://swelbyboy.github.io/prospect-rss-feeds/news4sanantonio.xml,OG,success,2025-12-02 12:02:26,United States,news4sanantonio.com,To Do,TRUE,,,FALSE,Newly discovered RSS feed
ZM Online,https://swelbyboy.github.io/prospect-rss-feeds/zm-online.xml,OG,success,2025-12-02 12:02:37,United States,zmonline.com,To Do,TRUE,,,FALSE,Newly discovered RSS feed
The WLOS,https://swelbyboy.github.io/prospect-rss-feeds/the-wlos.xml,OG,success,2025-12-02 12:02:26,United States,wlos.com,To Do,TRUE,,,FALSE,Newly discovered RSS feed
Bet3.gr,https://swelbyboy.github.io/prospect-rss-feeds/bet3-gr.xml,OG,success,2025-12-02 12:02:31,Greece,bet3.gr,To Do,TRUE,,,FALSE,Newly discovered RSS feed
Wifr,-,N/A,-,,United States,wifr.com,No feed generated,TRUE,,,FALSE,RSS discovery attempted - no feed found
KTVH,https://swelbyboy.github.io/prospect-rss-feeds/ktvh.xml,OG,success,2025-12-02 12:02:27,United States,ktvh.com,To Do,TRUE,,,FALSE,Newly discovered RSS feed
Komu,-,N/A,-,,United States,komu.com,No feed generated,TRUE,,,FALSE,RSS discovery attempted - no feed found
Love Ballymena,https://swelbyboy.github.io/prospect-rss-feeds/love-ballymena.xml,OG,success,2025-12-02 12:02:27,United Kingdom,loveballymena.online,To Do,TRUE,,,FALSE,Newly discovered RSS feed
WTVY Studios,-,N/A,-,,United States,wtvy.com,No feed generated,TRUE,,,FALSE,RSS discovery attempted - no feed found
SEN Magazine,-,N/A,-,,United Kingdom,senmagazine.co.uk,No feed generated,TRUE,,,FALSE,RSS discovery attempted - no feed found
Pulaski County - Patriot,https://swelbyboy.github.io/prospect-rss-feeds/pulaski-county---patriot.xml,OG,success,2025-12-07 22:12:44,United States,pcpatriot.com,To Do,TRUE,,,FALSE,Newly discovered RSS feed
Kabb,https://swelbyboy.github.io/prospect-rss-feeds/kabb.xml,OG,success,2025-12-02 12:02:27,United States,foxsanantonio.com,To Do,TRUE,,,FALSE,Newly discovered RSS feed
N/A,https://swelbyboy.github.io/prospect-rss-feeds/n-a.xml,OG,success,2025-12-02 12:02:28,United States,fox17.com,To Do,TRUE,,,FALSE,Newly discovered RSS feed
Tribuna Ávila,https://swelbyboy.github.io/prospect-rss-feeds/tribuna-ávila.xml,OG,success,2025-12-02 12:02:31,United States,tribunaavila.com,To Do,TRUE,,,FALSE,Newly discovered RSS feed
WYMT,-,N/A,-,,United States,wymt.com,No feed generated,TRUE,,,FALSE,RSS discovery attempted - no feed found
FunX,https://swelbyboy.github.io/prospect-rss-feeds/funx.xml,OG,success,2025-12-02 12:02:34,Netherlands,funx.nl,To Do,TRUE,,,FALSE,Newly discovered RSS feed
Daily Trojan,https://swelbyboy.github.io/prospect-rss-feeds/daily-trojan.xml,OG,success,2025-12-02 12:02:29,United States,dailytrojan.com,To Do,TRUE,,,FALSE,Newly discovered RSS feed
KarditsaSport.gr,-,N/A,-,,Greece,karditsasport.gr,No feed generated,TRUE,,,FALSE,RSS discovery attempted - no feed found
Kezj,https://swelbyboy.github.io/prospect-rss-feeds/kezj.xml,OG,success,2025-12-02 12:02:35,United States,kezj.com,To Do,TRUE,,,FALSE,Newly discovered RSS feed
Banbury Guardian,https://swelbyboy.github.io/prospect-rss-feeds/banbury-guardian.xml,OG,success,2025-12-02 12:02:31,United Kingdom,banburyguardian.co.uk,To Do,TRUE,,,FALSE,Newly discovered RSS feed
Dark Reading,https://swelbyboy.github.io/prospect-rss-feeds/dark-reading.xml,OG,success,2025-12-02 12:02:32,United States,darkreading.com,To Do,TRUE,,,FALSE,Newly discovered RSS feed
KSHB-TV,https://swelbyboy.github.io/prospect-rss-feeds/kshb-tv.xml,OG,success,2025-12-02 12:02:32,United States,kshb.com,To Do,TRUE,,,FALSE,Newly discovered RSS feed
KGAN TV,https://swelbyboy.github.io/prospect-rss-feeds/kgan-tv.xml,OG,success,2025-12-02 12:02:32,United States,cbs2iowa.com,To Do,TRUE,,,FALSE,Newly discovered RSS feed
South Coast Business Awards 2018,https://swelbyboy.github.io/prospect-rss-feeds/south-coast-business-awards-2018.xml,OG,success,2025-12-02 12:02:35,United Kingdom,dailyecho.co.uk,To Do,TRUE,,,FALSE,Newly discovered RSS feed
Eco-Business,https://swelbyboy.github.io/prospect-rss-feeds/eco-business.xml,OG,success,2025-12-02 12:02:38,Singapore,eco-business.com,To Do,TRUE,,,FALSE,Newly discovered RSS feed
Beatrice Daily Sun,-,N/A,-,,United States,beatricedailysun.com,No feed generated,TRUE,,,FALSE,RSS discovery attempted - no feed found
čačanski glas,https://swelbyboy.github.io/prospect-rss-feeds/čačanski-glas.xml,OG,success,2025-12-02 12:02:35,Serbia,caglas.rs,To Do,TRUE,,,FALSE,Newly discovered RSS feed
Wrgb,https://swelbyboy.github.io/prospect-rss-feeds/wrgb.xml,OG,success,2025-12-02 12:02:33,United States,cbs6albany.com,To Do,TRUE,,,FALSE,Newly discovered RSS feed
ব্যাংকিং নিউজ বাংলাদেশ,https://swelbyboy.github.io/prospect-rss-feeds/ব-য--ক---ন-উজ-ব--ল-দ-শ.xml,OG,success,2025-12-02 11:44:07,Bangladesh,bankingnewsbd.com,To Do,TRUE,,,FALSE,Newly discovered RSS feed
Wcti-tv,https://swelbyboy.github.io/prospect-rss-feeds/wcti-tv.xml,OG,success,2025-12-02 12:02:33,United States,wcti12.com,To Do,TRUE,,,FALSE,Newly discovered RSS feed
Global Business Press,https://swelbyboy.github.io/prospect-rss-feeds/global-business-press.xml,OG,success,2025-12-02 12:02:37,Singapore,gbp.com.sg,To Do,TRUE,,,FALSE,Newly discovered RSS feed
Courier Media Group,-,N/A,-,,United States,wcfcourier.com,No feed generated,TRUE,,,FALSE,RSS discovery attempted - no feed found
DualShockers,-,N/A,-,,United States,dualshockers.com,No feed generated,TRUE,,,FALSE,RSS discovery attempted - no feed found
KNAU Arizona Public Radio,-,N/A,-,,United States,knau.org,No feed generated,TRUE,,,FALSE,RSS discovery attempted - no feed found
The Penny Hoarder,https://swelbyboy.github.io/prospect-rss-feeds/the-penny-hoarder.xml,OG,success,2025-12-02 12:02:37,United States,thepennyhoarder.com,To Do,TRUE,,,FALSE,Newly discovered RSS feed
HW News Network,https://swelbyboy.github.io/prospect-rss-feeds/hw-news-network.xml,OG,success,2025-12-02 12:02:37,India,hwnews.in,To Do,TRUE,,,FALSE,Newly discovered RSS feed
The Lawrence Times,https://swelbyboy.github.io/prospect-rss-feeds/the-lawrence-times.xml,OG,success,2025-12-02 12:02:40,United States,lawrencekstimes.com,To Do,TRUE,,,FALSE,Newly discovered RSS feed
TECHx,https://swelbyboy.github.io/prospect-rss-feeds/techx.xml,OG,success,2025-12-02 11:44:17,United Arab Emirates,techxmedia.com,To Do,TRUE,,,FALSE,Newly discovered RSS feed
Deep Roots at Home,-,N/A,-,,United States,deeprootsathome.com,No feed generated,TRUE,,,FALSE,RSS discovery attempted - no feed found
OpenGov Asia,https://swelbyboy.github.io/prospect-rss-feeds/opengov-asia.xml,OG,success,2025-12-02 12:02:36,Singapore,opengovasia.com,To Do,TRUE,,,FALSE,Newly discovered RSS feed
NDT.org,-,N/A,-,,United States,ndt.org,No feed generated,TRUE,,,FALSE,RSS discovery attempted - no feed found
Peoples Gazette,https://swelbyboy.github.io/prospect-rss-feeds/peoples-gazette.xml,OG,success,2025-12-02 12:02:38,Nigeria,gazettengr.com,To Do,TRUE,,,FALSE,Newly discovered RSS feed
Ładnebebe,https://swelbyboy.github.io/prospect-rss-feeds/ładnebebe.xml,OG,success,2025-12-02 11:44:10,Poland,ladnebebe.pl,To Do,TRUE,,,FALSE,Newly discovered RSS feed
International Business Magazine,https://swelbyboy.github.io/prospect-rss-feeds/international-business-magazine.xml,OG,success,2025-12-02 11:44:06,United Arab Emirates,intlbm.com,To Do,TRUE,,,FALSE,Newly discovered RSS feed
Block Club Chicago,https://swelbyboy.github.io/prospect-rss-feeds/block-club-chicago.xml,OG,success,2025-12-02 12:02:40,United States,blockclubchicago.org,To Do,TRUE,,,FALSE,Newly discovered RSS feed
NaikMotor,-,N/A,-,,United States,naikmotor.com,No feed generated,TRUE,,,FALSE,RSS discovery attempted - no feed found
James Spann,-,N/A,-,,United States,alabamawx.com,No feed generated,TRUE,,,FALSE,RSS discovery attempted - no feed found
Richmond News,https://swelbyboy.github.io/prospect-rss-feeds/richmond-news.xml,OG,success,2025-12-02 12:02:38,United States,richmond-news.com,To Do,TRUE,,,FALSE,Newly discovered RSS feed
Politica la Iasi,https://swelbyboy.github.io/prospect-rss-feeds/politica-la-iasi.xml,OG,success,2025-12-02 12:02:48,Romania,iasitvlife.ro,To Do,TRUE,,,FALSE,Newly discovered RSS feed
Rádió Antritt,https://swelbyboy.github.io/prospect-rss-feeds/rádió-antritt.xml,OG,success,2025-12-02 12:02:43,Hungary,radioantritt.hu,To Do,TRUE,,,FALSE,Newly discovered RSS feed
Play-Off Magazine,-,N/A,-,,United States,playoffmagazine.com,No feed generated,TRUE,,,FALSE,RSS discovery attempted - no feed found
Nevada Appeal,-,N/A,-,,United States,nevadaappeal.com,No feed generated,TRUE,,,FALSE,RSS discovery attempted - no feed found
Nottinghamshire Live,https://swelbyboy.github.io/prospect-rss-feeds/nottinghamshire-live.xml,OG,success,2025-12-02 12:02:43,United Kingdom,nottinghampost.com,To Do,TRUE,,,FALSE,Newly discovered RSS feed
Arrajol,https://swelbyboy.github.io/prospect-rss-feeds/arrajol.xml,OG,success,2025-12-02 12:02:47,United Arab Emirates,arrajol.com,To Do,TRUE,,,FALSE,Newly discovered RSS feed
Empty,-,N/A,-,,Turkey,coinbilgi.net,No feed generated,TRUE,,,FALSE,RSS discovery attempted - no feed found
AGENDA BEŞİKTAŞ,-,N/A,-,,Turkey,gundembesiktas.com,No feed generated,TRUE,,,FALSE,RSS discovery attempted - no feed found
De Beste Social Media,http://debestesocialmedia.nl/feed,Discovered-pattern,-,,Netherlands,debestesocialmedia.nl,To Do,TRUE,,,FALSE,Newly discovered RSS feed
My Alternative Look,-,N/A,-,,United States,unfoldingroma.com,No feed generated,TRUE,,,FALSE,RSS discovery attempted - no feed found
Reuters Breakingviews,-,N/A,-,,United States,breakingviews.com,No feed generated,TRUE,,,FALSE,RSS discovery attempted - no feed found
Justia Mexico,-,N/A,-,,United States,justia.com,No feed generated,TRUE,,,FALSE,RSS discovery attempted - no feed found
Infosecurity Magazine,-,N/A,-,,United Kingdom,infosecurity-magazine.com,No feed generated,TRUE,,,FALSE,RSS discovery attempted - no feed found
Uttarbanga Sambad,https://swelbyboy.github.io/prospect-rss-feeds/uttarbanga-sambad.xml,OG,success,2025-12-02 11:44:24,India,uttarbangasambad.com,To Do,TRUE,,,FALSE,Newly discovered RSS feed
Alföld Televízió,https://swelbyboy.github.io/prospect-rss-feeds/alföld-televízió.xml,OG,success,2025-12-02 12:02:50,Hungary,hajdupress.hu,To Do,TRUE,,,FALSE,Newly discovered RSS feed
GB News,https://swelbyboy.github.io/prospect-rss-feeds/gb-news.xml,OG,success,2025-12-02 12:02:40,United Kingdom,gbnews.uk,To Do,TRUE,,,FALSE,Newly discovered RSS feed
Don't Panic Magazine,https://swelbyboy.github.io/prospect-rss-feeds/don-t-panic-magazine.xml,OG,success,2025-12-02 12:02:46,United States,dnpmag.com,To Do,TRUE,,,FALSE,Newly discovered RSS feed
Happiness is here,https://swelbyboy.github.io/prospect-rss-feeds/happiness-is-here.xml,OG,success,2025-12-02 12:02:41,Australia,happinessishereblog.com,To Do,TRUE,,,FALSE,Newly discovered RSS feed
The Mazatlan Post,https://swelbyboy.github.io/prospect-rss-feeds/the-mazatlan-post.xml,OG,success,2025-12-02 12:02:50,United States,themazatlanpost.com,To Do,TRUE,,,FALSE,Newly discovered RSS feed
PGurus.com,https://swelbyboy.github.io/prospect-rss-feeds/pgurus-com.xml,OG,success,2025-12-02 11:44:18,United States,pgurus.com,To Do,TRUE,,,FALSE,Newly discovered RSS feed
Selena Thinking Out Loud,https://swelbyboy.github.io/prospect-rss-feeds/selena-thinking-out-loud.xml,OG,success,2025-12-02 12:02:44,United States,selenathinkingoutloud.com,To Do,TRUE,,,FALSE,Newly discovered RSS feed
F for Free,-,N/A,-,,India,fforfree.net,No feed generated,TRUE,,,FALSE,RSS discovery attempted - no feed found
Mediehuset Hallandsposten,https://swelbyboy.github.io/prospect-rss-feeds/mediehuset-hallandsposten.xml,OG,success,2025-12-02 12:02:44,Sweden,hallandsposten.se,To Do,TRUE,,,FALSE,Newly discovered RSS feed
Unity TV,https://swelbyboy.github.io/prospect-rss-feeds/unity-tv.xml,OG,success,2025-12-02 12:02:47,Netherlands,unity.nu,To Do,TRUE,,,FALSE,Newly discovered RSS feed
The Yak Magazine,https://swelbyboy.github.io/prospect-rss-feeds/the-yak-magazine.xml,OG,success,2025-12-02 11:44:12,Indonesia,theyakmag.com,To Do,TRUE,,,FALSE,Newly discovered RSS feed
Eastern Daily Press,https://swelbyboy.github.io/prospect-rss-feeds/eastern-daily-press.xml,OG,success,2025-12-02 12:02:48,United Kingdom,edp24.co.uk,To Do,TRUE,,,FALSE,Newly discovered RSS feed
気になるバイクニュース。,https://swelbyboy.github.io/prospect-rss-feeds/気になるバイクニュース.xml,OG,success,2025-12-02 12:02:50,United States,kininarubikenews.com,To Do,TRUE,,,FALSE,Newly discovered RSS feed
TV6 & FOX UP,-,N/A,-,,United States,uppermichiganssource.com,No feed generated,TRUE,,,FALSE,RSS discovery attempted - no feed found
Big Country Preps,https://swelbyboy.github.io/prospect-rss-feeds/big-country-preps.xml,OG,success,2025-12-02 12:02:52,United States,bigcountrypreps.com,To Do,TRUE,,,FALSE,Newly discovered RSS feed
One Media,https://swelbyboy.github.io/prospect-rss-feeds/one-media.xml,OG,success,2025-12-02 11:44:22,Sweden,thelocal.se,To Do,TRUE,,,FALSE,Newly discovered RSS feed
Katrineholms-Kuriren,https://swelbyboy.github.io/prospect-rss-feeds/katrineholms-kuriren.xml,OG,success,2025-12-02 12:02:49,Sweden,kkuriren.se,To Do,TRUE,,,FALSE,Newly discovered RSS feed
Awesome Mitten,https://swelbyboy.github.io/prospect-rss-feeds/awesome-mitten.xml,OG,success,2025-12-02 12:02:48,United States,awesomemitten.com,To Do,TRUE,,,FALSE,Newly discovered RSS feed
都筑区民ニュース,-,N/A,-,,United States,kumin.news,No feed generated,TRUE,,,FALSE,RSS discovery attempted - no feed found
GhanaWeb,-,N/A,-,,Netherlands,ghanaweb.com,No feed generated,TRUE,,,FALSE,RSS discovery attempted - no feed found
Home Adore,https://swelbyboy.github.io/prospect-rss-feeds/home-adore.xml,OG,success,2025-12-02 12:02:49,United States,homeadore.com,To Do,TRUE,,,FALSE,Newly discovered RSS feed
รถมือสอง รถบ้านมือสอง รถบ้านเจ้าของขายเอง,-,N/A,-,,United States,xn--22caobb7fvah1fc9id1dce1ti4me.net,No feed generated,TRUE,,,FALSE,RSS discovery attempted - no feed found
The NYC Daily Post,https://swelbyboy.github.io/prospect-rss-feeds/the-nyc-daily-post.xml,OG,success,2025-12-02 12:02:53,United States,nycdailypost.com,To Do,TRUE,,,FALSE,Newly discovered RSS feed
Où Sortir Avignon,-,N/A,-,,United States,ou-sortir-avignon.com,No feed generated,TRUE,,,FALSE,RSS discovery attempted - no feed found
Zena a toua,https://swelbyboy.github.io/prospect-rss-feeds/zena-a-toua.xml,OG,success,2025-12-02 11:44:27,United States,zenaatoua.com,To Do,TRUE,,,FALSE,Newly discovered RSS feed
Elittleworld,-,N/A,-,,Hong Kong,elittleworld.com,No feed generated,TRUE,,,FALSE,RSS discovery attempted - no feed found
HRM Asia,https://swelbyboy.github.io/prospect-rss-feeds/hrm-asia.xml,OG,success,2025-12-02 12:02:52,Singapore,hrmasia.com,To Do,TRUE,,,FALSE,Newly discovered RSS feed
VisionPlus,https://swelbyboy.github.io/prospect-rss-feeds/visionplus.xml,OG,success,2025-12-02 12:02:54,United Arab Emirates,visionplusmag.com,To Do,TRUE,,,FALSE,Newly discovered RSS feed
OstrowMaz24.pl,https://swelbyboy.github.io/prospect-rss-feeds/ostrowmaz24-pl.xml,OG,success,2025-12-02 12:02:50,Poland,ostrowmaz24.pl,To Do,TRUE,,,FALSE,Newly discovered RSS feed
RE/MAX Québec inc.,-,N/A,-,,United States,remax-quebec.com,No feed generated,TRUE,,,FALSE,RSS discovery attempted - no feed found
"Old Houses Under $50,000",-,N/A,-,,United States,oldhousesunder50k.com,No feed generated,TRUE,,,FALSE,RSS discovery attempted - no feed found
wattsupwiththat,https://swelbyboy.github.io/prospect-rss-feeds/wattsupwiththat.xml,OG,success,2025-12-02 12:03:08,United States,wattsupwiththat.com,To Do,TRUE,,,FALSE,Newly discovered RSS feed
Lessons From the End of a Marriage,https://swelbyboy.github.io/prospect-rss-feeds/lessons-from-the-end-of-a-marriage.xml,OG,success,2025-12-02 12:02:52,United States,lessonsfromtheendofamarriage.com,To Do,TRUE,,,FALSE,Newly discovered RSS feed
The China Study - Nutrizione Consapevole,https://swelbyboy.github.io/prospect-rss-feeds/the-china-study---nutrizione-consapevole.xml,OG,success,2025-12-02 11:44:18,United States,nutrizioneconsapevole.info,To Do,TRUE,,,FALSE,Newly discovered RSS feed
幻冬舎ゴールドオンライン,https://swelbyboy.github.io/prospect-rss-feeds/幻冬舎ゴールドオンライン.xml,OG,success,2025-12-02 12:02:57,United States,gentosha-go.com,To Do,TRUE,,,FALSE,Newly discovered RSS feed
Computer tips & tricks,-,N/A,-,,India,sachinjindal.co.in,No feed generated,TRUE,,,FALSE,RSS discovery attempted - no feed found
Write a letter to God,https://swelbyboy.github.io/prospect-rss-feeds/write-a-letter-to-god.xml,OG,success,2025-12-02 12:02:54,United States,ilovepsalms.com,To Do,TRUE,,,FALSE,Newly discovered RSS feed
Kayıp Rıhtım,https://swelbyboy.github.io/prospect-rss-feeds/kayıp-rıhtım.xml,OG,success,2025-12-02 11:44:18,Turkey,kayiprihtim.com,To Do,TRUE,,,FALSE,Newly discovered RSS feed
The Washington Standard,https://swelbyboy.github.io/prospect-rss-feeds/the-washington-standard.xml,OG,success,2025-12-02 11:44:18,United States,thewashingtonstandard.com,To Do,TRUE,,,FALSE,Newly discovered RSS feed
Adil Medya,https://swelbyboy.github.io/prospect-rss-feeds/adil-medya.xml,OG,success,2025-12-02 12:02:58,Turkey,adilmedya.com,To Do,TRUE,,,FALSE,Newly discovered RSS feed
LOLO Tour,https://swelbyboy.github.io/prospect-rss-feeds/lolo-tour.xml,OG,success,2025-12-02 11:44:19,Romania,lolotour.ro,To Do,TRUE,,,FALSE,Newly discovered RSS feed
SSBCrackExams,https://swelbyboy.github.io/prospect-rss-feeds/ssbcrackexams.xml,OG,success,2025-12-02 12:02:54,India,ssbcrackexams.com,To Do,TRUE,,,FALSE,Newly discovered RSS feed
디지털데일리,-,N/A,-,,United States,delighit.net,No feed generated,TRUE,,,FALSE,RSS discovery attempted - no feed found
Ρωμαίικο Οδοιπορικό,-,N/A,-,,Greece,orthodoxia-ellhnismos.gr,No feed generated,TRUE,,,FALSE,RSS discovery attempted - no feed found
1688 Media,-,N/A,-,,Australia,1688.com.au,No feed generated,TRUE,,,FALSE,RSS discovery attempted - no feed found
epicure,https://swelbyboy.github.io/prospect-rss-feeds/epicure.xml,OG,success,2025-12-02 12:03:01,Singapore,epicureasia.com,To Do,TRUE,,,FALSE,Newly discovered RSS feed
全民學英文,https://swelbyboy.github.io/prospect-rss-feeds/全民學英文.xml,OG,success,2025-12-02 12:02:56,United States,englisher.info,To Do,TRUE,,,FALSE,Newly discovered RSS feed
Ashland Times Gazette,-,N/A,-,,United States,times-gazette.com,No feed generated,TRUE,,,FALSE,RSS discovery attempted - no feed found
The Holiday NInja,https://swelbyboy.github.io/prospect-rss-feeds/the-holiday-ninja.xml,OG,success,2025-12-02 11:44:23,United States,theholidayninja.com,To Do,TRUE,,,FALSE,Newly discovered RSS feed
WANNABE MAGAZINE,https://swelbyboy.github.io/prospect-rss-feeds/wannabe-magazine.xml,OG,success,2025-12-02 12:03:14,Serbia,wannabemagazine.com,To Do,TRUE,,,FALSE,Newly discovered RSS feed
Drug Store News,-,N/A,-,,United States,drugstorenews.com,No feed generated,TRUE,,,FALSE,RSS discovery attempted - no feed found
Traffic-Chic,https://swelbyboy.github.io/prospect-rss-feeds/traffic-chic.xml,OG,success,2025-12-02 12:03:05,United States,traffic-chic.com,To Do,TRUE,,,FALSE,Newly discovered RSS feed
The City Lane,https://swelbyboy.github.io/prospect-rss-feeds/the-city-lane.xml,OG,success,2025-12-02 12:02:57,United States,thecitylane.com,To Do,TRUE,,,FALSE,Newly discovered RSS feed
El Librero de Gutenberg,-,N/A,-,,United States,gutenberg.rocks,No feed generated,TRUE,,,FALSE,RSS discovery attempted - no feed found
Amaliadanews.gr,https://swelbyboy.github.io/prospect-rss-feeds/amaliadanews-gr.xml,OG,success,2025-12-02 12:03:03,Greece,ilia.news,To Do,TRUE,,,FALSE,Newly discovered RSS feed
Grace Filled Homemaking,https://swelbyboy.github.io/prospect-rss-feeds/grace-filled-homemaking.xml,OG,success,2025-12-02 12:02:57,United States,gracefilledhomemaking.com,To Do,TRUE,,,FALSE,Newly discovered RSS feed
In Memory of Neda Agha-Soltan,-,N/A,-,,United States,iranians.global,No feed generated,TRUE,,,FALSE,RSS discovery attempted - no feed found
Winston County Journal,-,N/A,-,,United States,redhillsmsnews.com,No feed generated,TRUE,,,FALSE,RSS discovery attempted - no feed found
Enjoying Prayer,-,N/A,-,,United States,christconnection.cc,No feed generated,TRUE,,,FALSE,RSS discovery attempted - no feed found
Franz Alt - SONNENSEITE.COM,https://www.sonnenseite.com/de/feed/,Discovered-autodiscovery,-,,United States,sonnenseite.com,To Do,TRUE,,,FALSE,Newly discovered RSS feed
NewsBangla24.com,-,N/A,-,,Bangladesh,newsbangla24.com,No feed generated,TRUE,,,FALSE,RSS discovery attempted - no feed found
TalkDisney,-,N/A,-,,United States,talkdisney.com,No feed generated,TRUE,,,FALSE,RSS discovery attempted - no feed found
Basketaki.com,-,N/A,-,,Greece,basketaki.com,No feed generated,TRUE,,,FALSE,RSS discovery attempted - no feed found
"NHS Discount Offers - Staff, Friends & Family",-,N/A,-,,United Kingdom,nhsdiscountoffers.co.uk,No feed generated,TRUE,,,FALSE,RSS discovery attempted - no feed found
AskMen,https://swelbyboy.github.io/prospect-rss-feeds/askmen.xml,OG,success,2025-12-02 12:02:59,United States,askmen.com,To Do,TRUE,,,FALSE,Newly discovered RSS feed
Libertatea,-,N/A,-,,Romania,libertatea.ro,No feed generated,TRUE,,,FALSE,RSS discovery attempted - no feed found
Kékfény,https://swelbyboy.github.io/prospect-rss-feeds/kékfény.xml,OG,success,2025-12-02 11:44:20,Hungary,kekvillogo.hu,To Do,TRUE,,,FALSE,Newly discovered RSS feed
Know Your Meme,https://swelbyboy.github.io/prospect-rss-feeds/know-your-meme.xml,OG,success,2025-12-02 12:02:58,United States,knowyourmeme.com,To Do,TRUE,,,FALSE,Newly discovered RSS feed
Freebies 2 Deals,https://swelbyboy.github.io/prospect-rss-feeds/freebies-2-deals.xml,OG,success,2025-12-02 12:03:00,United States,freebies2deals.com,To Do,TRUE,,,FALSE,Newly discovered RSS feed
Sky At Night magazine,-,N/A,-,,United States,skyatnightmagazine.com,No feed generated,TRUE,,,FALSE,RSS discovery attempted - no feed found
Budaörs Képekben,https://swelbyboy.github.io/prospect-rss-feeds/budaörs-képekben.xml,OG,success,2025-12-02 11:44:26,Hungary,budaorsiinfo.hu,To Do,TRUE,,,FALSE,Newly discovered RSS feed
miastoNS.pl,https://swelbyboy.github.io/prospect-rss-feeds/miastons-pl.xml,OG,success,2025-12-02 12:03:02,Poland,miastons.pl,To Do,TRUE,,,FALSE,Newly discovered RSS feed
ITutorial.ro - Noutăți și tutoriale pentru iPhone,https://swelbyboy.github.io/prospect-rss-feeds/itutorial-ro---noutăți-și-tutoriale-pentru-iphone.xml,OG,success,2025-12-02 12:03:19,Romania,itutorial.ro,To Do,TRUE,,,FALSE,Newly discovered RSS feed
Health Beyond Belief,-,N/A,-,,United States,healthbeyondbelief.com,No feed generated,TRUE,,,FALSE,RSS discovery attempted - no feed found
Mujer Medicina de la Tierra,https://swelbyboy.github.io/prospect-rss-feeds/mujer-medicina-de-la-tierra.xml,OG,success,2025-12-02 12:03:03,United States,mujermedicinadelatierra.com,To Do,TRUE,,,FALSE,Newly discovered RSS feed
Snow Tracks,https://swelbyboy.github.io/prospect-rss-feeds/snow-tracks.xml,OG,success,2025-12-02 12:03:00,United States,snowtracks.com,To Do,TRUE,,,FALSE,Newly discovered RSS feed
Rustenburg.biz,https://swelbyboy.github.io/prospect-rss-feeds/rustenburg-biz.xml,OG,success,2025-12-02 12:03:10,South Africa,rustenburg.biz,To Do,TRUE,,,FALSE,Newly discovered RSS feed
Dziennik Prawny,-,N/A,-,,Poland,dziennikprawny.pl,No feed generated,TRUE,,,FALSE,RSS discovery attempted - no feed found
Visegrad Live,https://swelbyboy.github.io/prospect-rss-feeds/visegrad-live.xml,OG,success,2025-12-02 11:44:29,Bosnia and Herzegovina,visegradlive.com,To Do,TRUE,,,FALSE,Newly discovered RSS feed
Times Today India,-,N/A,-,,India,timestodayindia.com,No feed generated,TRUE,,,FALSE,RSS discovery attempted - no feed found
Vecsés Hírek,https://swelbyboy.github.io/prospect-rss-feeds/vecsés-hírek.xml,OG,success,2025-12-02 11:44:28,Hungary,vecseshirek.hu,To Do,TRUE,,,FALSE,Newly discovered RSS feed
Информационна Агенция и Вестник Монитор,https://swelbyboy.github.io/prospect-rss-feeds/информационна-агенция-и-вестник-монитор.xml,OG,success,2025-12-02 12:03:04,Bulgaria,monitor.bg,To Do,TRUE,,,FALSE,Newly discovered RSS feed
UsabilityGeek - Usability & User Experience Blog,https://swelbyboy.github.io/prospect-rss-feeds/usabilitygeek---usability---user-experience-blog.xml,OG,success,2025-12-02 12:03:03,United States,usabilitygeek.com,To Do,TRUE,,,FALSE,Newly discovered RSS feed
WriteJobs,https://swelbyboy.github.io/prospect-rss-feeds/writejobs.xml,OG,success,2025-12-02 12:03:04,United States,writejobs.info,To Do,TRUE,,,FALSE,Newly discovered RSS feed
Kroger Krazy,https://swelbyboy.github.io/prospect-rss-feeds/kroger-krazy.xml,OG,success,2025-12-02 12:03:05,United States,krogerkrazy.com,To Do,TRUE,,,FALSE,Newly discovered RSS feed
Il Marghine,-,N/A,-,,United States,ilmarghine.net,No feed generated,TRUE,,,FALSE,RSS discovery attempted - no feed found
Price Pony,-,N/A,-,,Philippines,pricepony.com.ph,No feed generated,TRUE,,,FALSE,RSS discovery attempted - no feed found
–°—Ç–∞—ö–µ —Å—Ç–≤–∞—Ä–∏,https://swelbyboy.github.io/prospect-rss-feeds/ç---ö-µ--å-ç-----ä.xml,OG,success,2025-12-02 12:03:14,United States,stanjestvari.com,To Do,TRUE,,,FALSE,Newly discovered RSS feed
La Voce del Tigullio,https://swelbyboy.github.io/prospect-rss-feeds/la-voce-del-tigullio.xml,OG,success,2025-12-02 12:03:07,United States,vocetigullio.com,To Do,TRUE,,,FALSE,Newly discovered RSS feed
인도네시아 전문현지여행사 사삭투어,https://swelbyboy.github.io/prospect-rss-feeds/인도네시아-전문현지여행사-사삭투어.xml,OG,success,2025-12-02 12:03:15,Indonesia,sasaktour.co.kr,To Do,TRUE,,,FALSE,Newly discovered RSS feed
ΝΕΟΣ ΑΓΩΝ,https://swelbyboy.github.io/prospect-rss-feeds/νεος-αγων.xml,OG,success,2025-12-02 12:03:06,Greece,neosagon.gr,To Do,TRUE,,,FALSE,Newly discovered RSS feed
Senayanpost,-,N/A,-,,Indonesia,senayanpost.com,No feed generated,TRUE,,,FALSE,RSS discovery attempted - no feed found
Western Armenia,https://swelbyboy.github.io/prospect-rss-feeds/western-armenia.xml,OG,success,2025-12-02 12:03:13,United States,westernarmeniatv.com,To Do,TRUE,,,FALSE,Newly discovered RSS feed
SHOPPING and INFO,https://swelbyboy.github.io/prospect-rss-feeds/shopping-and-info.xml,OG,success,2025-12-02 12:03:14,United States,shoppingandinfo.com,To Do,TRUE,,,FALSE,Newly discovered RSS feed
ljepotaizdravlje.ba,https://swelbyboy.github.io/prospect-rss-feeds/ljepotaizdravlje-ba.xml,OG,success,2025-12-02 12:03:14,Bosnia and Herzegovina,ljepotaizdravlje.ba,To Do,TRUE,,,FALSE,Newly discovered RSS feed
7giorni,-,N/A,-,,United States,7giorni.info,No feed generated,TRUE,,,FALSE,RSS discovery attempted - no feed found
Transport Journal Newspaper,https://swelbyboy.github.io/prospect-rss-feeds/transport-journal-newspaper.xml,OG,success,2025-12-02 12:03:21,United States,trjournalnews.com,To Do,TRUE,,,FALSE,Newly discovered RSS feed
Családdal vagyok,-,N/A,-,,Hungary,babafalva.hu,No feed generated,TRUE,,,FALSE,RSS discovery attempted - no feed found
Vanilla Radio Smooth Flavors,https://swelbyboy.github.io/prospect-rss-feeds/vanilla-radio-smooth-flavors.xml,OG,success,2025-12-02 12:03:28,United States,vanillaradio.com,To Do,TRUE,,,FALSE,Newly discovered RSS feed
Conservative Firing Line,https://swelbyboy.github.io/prospect-rss-feeds/conservative-firing-line.xml,OG,success,2025-12-02 12:03:15,United States,conservativefiringline.com,To Do,TRUE,,,FALSE,Newly discovered RSS feed
Careers In Government,https://swelbyboy.github.io/prospect-rss-feeds/careers-in-government.xml,OG,success,2025-12-02 12:03:18,United States,careersingovernment.com,To Do,TRUE,,,FALSE,Newly discovered RSS feed
–ü—Ä–µ—Å—Å–∞ –£–∫—Ä–∞–∏–Ω—ã,https://swelbyboy.github.io/prospect-rss-feeds/ü-ä-µ-å-å--------ä-----ω-ã.xml,OG,success,2025-12-02 12:03:18,United States,uapress.info,To Do,TRUE,,,FALSE,Newly discovered RSS feed
VonBeau.com,https://swelbyboy.github.io/prospect-rss-feeds/vonbeau-com.xml,OG,success,2025-12-02 12:03:15,United States,vonbeau.com,To Do,TRUE,,,FALSE,Newly discovered RSS feed
woohoo.hu,https://swelbyboy.github.io/prospect-rss-feeds/woohoo-hu.xml,OG,success,2025-12-02 11:44:26,Hungary,woohoo.hu,To Do,TRUE,,,FALSE,Newly discovered RSS feed
Low Carb Mag,-,N/A,-,,United States,lowcarbmag.com,No feed generated,TRUE,,,FALSE,RSS discovery attempted - no feed found
Gospodarka Wyborcza.pl,https://swelbyboy.github.io/prospect-rss-feeds/gospodarka-wyborcza-pl.xml,OG,success,2025-12-02 12:03:18,United States,wyborcza.biz,To Do,TRUE,,,FALSE,Newly discovered RSS feed
Creative Healthy Family,https://swelbyboy.github.io/prospect-rss-feeds/creative-healthy-family.xml,OG,success,2025-12-02 12:03:15,United States,creativehealthyfamily.com,To Do,TRUE,,,FALSE,Newly discovered RSS feed
Fibre2Fashion,-,N/A,-,,India,fibre2fashion.com,No feed generated,TRUE,,,FALSE,RSS discovery attempted - no feed found
Nissaa,https://swelbyboy.github.io/prospect-rss-feeds/nissaa.xml,OG,success,2025-12-02 12:03:17,United States,nissaa.net,To Do,TRUE,,,FALSE,Newly discovered RSS feed
Burgasnews.com,https://swelbyboy.github.io/prospect-rss-feeds/burgasnews-com.xml,OG,success,2025-12-02 12:03:32,Bulgaria,burgasnews.com,To Do,TRUE,,,FALSE,Newly discovered RSS feed
Boss Hunting,https://swelbyboy.github.io/prospect-rss-feeds/boss-hunting.xml,OG,success,2025-12-02 12:03:19,Australia,bosshunting.com.au,To Do,TRUE,,,FALSE,Newly discovered RSS feed
Nikkis Freebie Jeebies,-,N/A,-,,United States,nikkisfreebiejeebies.com,No feed generated,TRUE,,,FALSE,RSS discovery attempted - no feed found
Small Town Woman,https://swelbyboy.github.io/prospect-rss-feeds/small-town-woman.xml,OG,success,2025-12-02 12:03:17,United States,smalltownwoman.com,To Do,TRUE,,,FALSE,Newly discovered RSS feed
MotoList - Motociclete Echipamente Moto,https://swelbyboy.github.io/prospect-rss-feeds/motolist---motociclete-echipamente-moto.xml,OG,success,2025-12-02 11:44:25,Romania,motolist.ro,To Do,TRUE,,,FALSE,Newly discovered RSS feed
Jambalaya News Louisiana,-,N/A,-,,United States,jambalayanews.com,No feed generated,TRUE,,,FALSE,RSS discovery attempted - no feed found
Political Economist,https://swelbyboy.github.io/prospect-rss-feeds/political-economist.xml,OG,success,2025-12-02 12:03:25,Nigeria,politicaleconomistng.com,To Do,TRUE,,,FALSE,Newly discovered RSS feed
ΣΕΜΙΝΑΡΙΑ ΨΥΧΟΛΟΓΙΑΣ,-,N/A,-,,Greece,seminaria-psychologias.gr,No feed generated,TRUE,,,FALSE,RSS discovery attempted - no feed found
Monitor de Oriente,-,N/A,-,,United States,monitordeoriente.com,No feed generated,TRUE,,,FALSE,RSS discovery attempted - no feed found
CongoPlanete.com,https://swelbyboy.github.io/prospect-rss-feeds/congoplanete-com.xml,OG,success,2025-12-02 12:03:18,United States,congoplanete.com,To Do,TRUE,,,FALSE,Newly discovered RSS feed
WakacyjniPiraci,-,N/A,-,,Poland,wakacyjnipiraci.pl,No feed generated,TRUE,,,FALSE,RSS discovery attempted - no feed found
Agri4all.com,-,N/A,-,,South Africa,agri4all.com,No feed generated,TRUE,,,FALSE,RSS discovery attempted - no feed found
Mamme&Risparmio,https://swelbyboy.github.io/prospect-rss-feeds/mamme-risparmio.xml,OG,success,2025-12-02 12:03:22,United States,wordpress.com,To Do,TRUE,,,FALSE,Newly discovered RSS feed
Micronus Prime,-,N/A,-,,United States,tfw2005.com,No feed generated,TRUE,,,FALSE,RSS discovery attempted - no feed found
The Covai Mail,https://swelbyboy.github.io/prospect-rss-feeds/the-covai-mail.xml,OG,success,2025-12-02 11:44:29,India,covaimail.com,To Do,TRUE,,,FALSE,Newly discovered RSS feed
Persatuan Ibu Mengandung & Menyusu,-,N/A,-,,United States,mommyiskandar.com,No feed generated,TRUE,,,FALSE,RSS discovery attempted - no feed found
Herault.news,-,N/A,-,,United States,herault.news,No feed generated,TRUE,,,FALSE,RSS discovery attempted - no feed found
JK24x7News,-,N/A,-,,India,jk24x7news.tv,No feed generated,TRUE,,,FALSE,RSS discovery attempted - no feed found
Golden Homes Midrand,-,N/A,-,,South Africa,goldenhomes.co.za,No feed generated,TRUE,,,FALSE,RSS discovery attempted - no feed found
Beginning and End,-,N/A,-,,United States,beginningandend.com,No feed generated,TRUE,,,FALSE,RSS discovery attempted - no feed found
9jafanz,https://swelbyboy.github.io/prospect-rss-feeds/9jafanz.xml,OG,success,2025-12-02 12:03:20,Nigeria,usa4records.com,To Do,TRUE,,,FALSE,Newly discovered RSS feed
Domodi.pl,-,N/A,-,,Poland,domodi.pl,No feed generated,TRUE,,,FALSE,RSS discovery attempted - no feed found
divainbucatarie.ro,https://swelbyboy.github.io/prospect-rss-feeds/divainbucatarie-ro.xml,OG,success,2025-12-02 12:03:27,Romania,divainbucatarie.ro,To Do,TRUE,,,FALSE,Newly discovered RSS feed
Migraine Savvy,https://swelbyboy.github.io/prospect-rss-feeds/migraine-savvy.xml,OG,success,2025-12-02 11:44:25,Australia,migrainesavvy.com,To Do,TRUE,,,FALSE,Newly discovered RSS feed
INSANE BLOG,-,N/A,-,,United States,insaneblog.net,No feed generated,TRUE,,,FALSE,RSS discovery attempted - no feed found
Robo Stiri Vaslui,-,N/A,-,,Romania,robo-stiri.ro,No feed generated,TRUE,,,FALSE,RSS discovery attempted - no feed found
The Motley Fool UK,https://swelbyboy.github.io/prospect-rss-feeds/the-motley-fool-uk.xml,OG,success,2025-12-02 12:03:28,United Kingdom,fool.co.uk,To Do,TRUE,,,FALSE,Newly discovered RSS feed
Koenig Solutions Pvt. Ltd.,-,N/A,-,,India,koenig-solutions.com,No feed generated,TRUE,,,FALSE,RSS discovery attempted - no feed found
BL!N,-,N/A,-,,United States,banjalukain.com,No feed generated,TRUE,,,FALSE,RSS discovery attempted - no feed found
Manila Shopper,https://swelbyboy.github.io/prospect-rss-feeds/manila-shopper.xml,OG,success,2025-12-02 12:03:28,Philippines,manilashopper.com,To Do,TRUE,,,FALSE,Newly discovered RSS feed
FanHammer,https://swelbyboy.github.io/prospect-rss-feeds/fanhammer.xml,OG,success,2025-12-02 12:03:24,United States,fanhammer.org,To Do,TRUE,,,FALSE,Newly discovered RSS feed
Todoele,https://swelbyboy.github.io/prospect-rss-feeds/todoele.xml,OG,success,2025-12-02 12:03:22,United States,todoele.net,To Do,TRUE,,,FALSE,Newly discovered RSS feed
Telewizja Olsztyn,-,N/A,-,,Poland,telewizjaolsztyn.pl,No feed generated,TRUE,,,FALSE,RSS discovery attempted - no feed found
Emprego XL - Ofertas de Emprego,https://swelbyboy.github.io/prospect-rss-feeds/emprego-xl---ofertas-de-emprego.xml,OG,failed,2025-12-02 12:03:22,United States,empregoxl.com,To Do,TRUE,,,FALSE,Newly discovered RSS feed
zinfo,https://swelbyboy.github.io/prospect-rss-feeds/zinfo.xml,OG,success,2025-12-02 12:03:31,Poland,zinfo.pl,To Do,TRUE,,,FALSE,Newly discovered RSS feed
শিক্ষাবার্তা ডট কম,https://swelbyboy.github.io/prospect-rss-feeds/শ-ক-ষ-ব-র-ত--ডট-কম.xml,OG,success,2025-12-02 11:44:29,Bangladesh,shikshabarta.com,To Do,TRUE,,,FALSE,Newly discovered RSS feed
O cão que fuma,https://swelbyboy.github.io/prospect-rss-feeds/o-cão-que-fuma.xml,OG,success,2025-12-02 12:03:33,United States,caoquefuma.com,To Do,TRUE,,,FALSE,Newly discovered RSS feed
Irish Political Ephemera,https://swelbyboy.github.io/prospect-rss-feeds/irish-political-ephemera.xml,OG,success,2025-12-02 12:03:28,United States,irishelectionliterature.com,To Do,TRUE,,,FALSE,Newly discovered RSS feed
Find It in Kimberley,https://swelbyboy.github.io/prospect-rss-feeds/find-it-in-kimberley.xml,OG,success,2025-12-02 11:44:36,South Africa,find-it.co.za,To Do,TRUE,,,FALSE,Newly discovered RSS feed
Deccoria.pl,-,N/A,-,,Poland,deccoria.pl,No feed generated,TRUE,,,FALSE,RSS discovery attempted - no feed found
Maja VOLK - Zdravi Stilovi Života.,https://swelbyboy.github.io/prospect-rss-feeds/maja-volk---zdravi-stilovi-života.xml,OG,success,2025-12-02 11:44:30,United States,novapoetika.com,To Do,TRUE,,,FALSE,Newly discovered RSS feed
Kresy24.pl,https://swelbyboy.github.io/prospect-rss-feeds/kresy24-pl.xml,OG,success,2025-12-02 12:03:30,Poland,kresy24.pl,To Do,TRUE,,,FALSE,Newly discovered RSS feed
Списание Жилища,-,N/A,-,,Bulgaria,jilishta.com,No feed generated,TRUE,,,FALSE,RSS discovery attempted - no feed found
Bookhub.ro,https://swelbyboy.github.io/prospect-rss-feeds/bookhub-ro.xml,OG,success,2025-12-02 12:03:29,Romania,bookhub.ro,To Do,TRUE,,,FALSE,Newly discovered RSS feed
AsiBiliou,https://swelbyboy.github.io/prospect-rss-feeds/asibiliou.xml,OG,success,2025-12-02 12:03:32,Greece,asibiliou.gr,To Do,TRUE,,,FALSE,Newly discovered RSS feed
Latest Jobs in Pakistan,https://swelbyboy.github.io/prospect-rss-feeds/latest-jobs-in-pakistan.xml,OG,success,2025-12-02 12:03:29,United States,vulearning.com,To Do,TRUE,,,FALSE,Newly discovered RSS feed
BundelkhandNEWS.Com,-,N/A,-,,India,bundelkhandnews.com,No feed generated,TRUE,,,FALSE,RSS discovery attempted - no feed found
Curt Pate Stockmanship,https://swelbyboy.github.io/prospect-rss-feeds/curt-pate-stockmanship.xml,OG,success,2025-12-02 12:03:31,United States,curtpatestockmanship.com,To Do,TRUE,,,FALSE,Newly discovered RSS feed
Lebanon Gate,-,N/A,-,,United States,lebanongate.net,No feed generated,TRUE,,,FALSE,RSS discovery attempted - no feed found
Wydawnictwo Zwierciadło,https://swelbyboy.github.io/prospect-rss-feeds/wydawnictwo-zwierciadło.xml,OG,success,2025-12-02 12:03:32,Poland,zwierciadlo.pl,To Do,TRUE,,,FALSE,Newly discovered RSS feed
–î–æ–±—Ä–∏—á,-,N/A,-,,United States,dobrichonline.com,No feed generated,TRUE,,,FALSE,RSS discovery attempted - no feed found
Wydawnictwo Fronda,-,N/A,-,,Poland,wydawnictwofronda.pl,No feed generated,TRUE,,,FALSE,RSS discovery attempted - no feed found
Reusdigital,https://swelbyboy.github.io/prospect-rss-feeds/reusdigital.xml,OG,success,2025-12-02 12:03:38,United States,reusdigital.cat,To Do,TRUE,,,FALSE,Newly discovered RSS feed
PortalMorski.pl,-,N/A,-,,Poland,portalmorski.pl,No feed generated,TRUE,,,FALSE,RSS discovery attempted - no feed found
HM4C News,-,N/A,-,,United States,hm4christ.com,No feed generated,TRUE,,,FALSE,RSS discovery attempted - no feed found
Miglena Kirilova-Artist,https://swelbyboy.github.io/prospect-rss-feeds/miglena-kirilova-artist.xml,OG,success,2025-12-02 12:03:36,Bulgaria,studiokirilovi.com,To Do,TRUE,,,FALSE,Newly discovered RSS feed
ÿßŸÑÿÆÿ®ÿ± ÿßŸÑŸäŸÖŸÜŸä,https://swelbyboy.github.io/prospect-rss-feeds/ÿßÿñÿæÿ-ÿ--ÿßÿñÿäÿöÿüÿä.xml,OG,success,2025-12-02 12:03:42,United States,alkhabaralyemeni.net,To Do,TRUE,,,FALSE,Newly discovered RSS feed
Journalist Aakarshan Uppal,https://swelbyboy.github.io/prospect-rss-feeds/journalist-aakarshan-uppal.xml,OG,success,2025-12-02 11:45:11,India,indiabreaking.com,To Do,TRUE,,,FALSE,Newly discovered RSS feed
Conservation Job Board,https://swelbyboy.github.io/prospect-rss-feeds/conservation-job-board.xml,OG,success,2025-12-02 12:03:32,United States,conservationjobboard.com,To Do,TRUE,,,FALSE,Newly discovered RSS feed
PrimeTime Media,https://swelbyboy.github.io/prospect-rss-feeds/primetime-media.xml,OG,success,2025-12-02 12:03:48,India,theprimetime.in,To Do,TRUE,,,FALSE,Newly discovered RSS feed
ManchesterWorld,https://swelbyboy.github.io/prospect-rss-feeds/manchesterworld.xml,OG,success,2025-12-02 12:03:33,United Kingdom,manchesterworld.uk,To Do,TRUE,,,FALSE,Newly discovered RSS feed
YesilOdak,-,N/A,-,,Turkey,yesilodak.com,No feed generated,TRUE,,,FALSE,RSS discovery attempted - no feed found
Swindon Link,-,N/A,-,,United Kingdom,swindonlink.com,No feed generated,TRUE,,,FALSE,RSS discovery attempted - no feed found
KTTS,https://swelbyboy.github.io/prospect-rss-feeds/ktts.xml,OG,success,2025-12-02 12:03:41,United States,ktts.com,To Do,TRUE,,,FALSE,Newly discovered RSS feed
IQads News,-,N/A,-,,Romania,iqads.ro,No feed generated,TRUE,,,FALSE,RSS discovery attempted - no feed found
Feol Sport,-,N/A,-,,Hungary,feol.hu,No feed generated,TRUE,,,FALSE,RSS discovery attempted - no feed found
Nedeljnik Vreme,https://swelbyboy.github.io/prospect-rss-feeds/nedeljnik-vreme.xml,OG,success,2025-12-02 12:03:36,Serbia,vreme.com,To Do,TRUE,,,FALSE,Newly discovered RSS feed
Marianas Variety News & Views,https://swelbyboy.github.io/prospect-rss-feeds/marianas-variety-news---views.xml,OG,success,2025-12-02 12:03:40,United States,mvariety.com,To Do,TRUE,,,FALSE,Newly discovered RSS feed
B102.7,https://swelbyboy.github.io/prospect-rss-feeds/b102-7.xml,OG,success,2025-12-02 12:03:43,United States,b1027.com,To Do,TRUE,,,FALSE,Newly discovered RSS feed
Marie Claire Australia,https://swelbyboy.github.io/prospect-rss-feeds/marie-claire-australia.xml,OG,success,2025-12-02 12:03:38,Australia,marieclaire.com.au,To Do,TRUE,,,FALSE,Newly discovered RSS feed
Pelita Banten,https://swelbyboy.github.io/prospect-rss-feeds/pelita-banten.xml,OG,success,2025-12-02 12:03:36,Indonesia,pelitabanten.com,To Do,TRUE,,,FALSE,Newly discovered RSS feed
The Guillotine,https://swelbyboy.github.io/prospect-rss-feeds/the-guillotine.xml,OG,success,2025-12-02 12:03:37,United States,theguillotine.com,To Do,TRUE,,,FALSE,Newly discovered RSS feed
9AM.ro,-,N/A,-,,Romania,9am.ro,No feed generated,TRUE,,,FALSE,RSS discovery attempted - no feed found
The National Law Review,https://swelbyboy.github.io/prospect-rss-feeds/the-national-law-review.xml,OG,success,2025-12-02 12:03:37,United States,natlawreview.com,To Do,TRUE,,,FALSE,Newly discovered RSS feed
Nursery World Magazine,-,N/A,-,,United Kingdom,nurseryworld.co.uk,No feed generated,TRUE,,,FALSE,RSS discovery attempted - no feed found
Nyheder24,https://swelbyboy.github.io/prospect-rss-feeds/nyheder24.xml,OG,success,2025-12-02 12:03:39,Denmark,nyheder24.dk,To Do,TRUE,,,FALSE,Newly discovered RSS feed
Romanian Tribune Newspaper - Chicago,https://swelbyboy.github.io/prospect-rss-feeds/romanian-tribune-newspaper---chicago.xml,OG,success,2025-12-02 12:03:37,United States,tribuna.us,To Do,TRUE,,,FALSE,Newly discovered RSS feed
Wangaratta Chronicle,https://swelbyboy.github.io/prospect-rss-feeds/wangaratta-chronicle.xml,OG,success,2025-12-02 12:03:47,Australia,wangarattachronicle.com.au,To Do,TRUE,,,FALSE,Newly discovered RSS feed
Huge Rugby,https://swelbyboy.github.io/prospect-rss-feeds/huge-rugby.xml,OG,success,2025-12-02 11:44:41,United Kingdom,hugerugby.news,To Do,TRUE,,,FALSE,Newly discovered RSS feed
Church POP Español,https://swelbyboy.github.io/prospect-rss-feeds/church-pop-español.xml,OG,success,2025-12-02 12:03:38,United States,churchpop.com,To Do,TRUE,,,FALSE,Newly discovered RSS feed
North Wales Pioneer,https://swelbyboy.github.io/prospect-rss-feeds/north-wales-pioneer.xml,OG,success,2025-12-02 12:03:43,United Kingdom,northwalespioneer.co.uk,To Do,TRUE,,,FALSE,Newly discovered RSS feed
Vegetarian Times,https://swelbyboy.github.io/prospect-rss-feeds/vegetarian-times.xml,OG,success,2025-12-02 12:03:42,United States,vegetariantimes.com,To Do,TRUE,,,FALSE,Newly discovered RSS feed
Lastnewsbd.com,-,N/A,-,,Bangladesh,lastnewsbd.com,No feed generated,TRUE,,,FALSE,RSS discovery attempted - no feed found
Cyclingnews,https://swelbyboy.github.io/prospect-rss-feeds/cyclingnews.xml,OG,success,2025-12-02 12:03:56,United Kingdom,cyclingnews.com,To Do,TRUE,,,FALSE,Newly discovered RSS feed
Jackson Hole Buckrail,https://swelbyboy.github.io/prospect-rss-feeds/jackson-hole-buckrail.xml,OG,success,2025-12-02 12:03:47,United States,buckrail.com,To Do,TRUE,,,FALSE,Newly discovered RSS feed
Majalah InfoSAWIT,-,N/A,-,,Indonesia,infosawit.com,No feed generated,TRUE,,,FALSE,RSS discovery attempted - no feed found
HeraldLIVE - Port Elizabeth,-,N/A,-,,South Africa,heraldlive.co.za,No feed generated,TRUE,,,FALSE,RSS discovery attempted - no feed found
OG Portal,https://swelbyboy.github.io/prospect-rss-feeds/og-portal.xml,OG,success,2025-12-02 11:44:32,Croatia,ogportal.com,To Do,TRUE,,,FALSE,Newly discovered RSS feed
Liberty Nation,https://swelbyboy.github.io/prospect-rss-feeds/liberty-nation.xml,OG,success,2025-12-02 12:03:41,United States,libertynation.com,To Do,TRUE,,,FALSE,Newly discovered RSS feed
TRENDS Magazine,https://swelbyboy.github.io/prospect-rss-feeds/trends-magazine.xml,OG,success,2025-12-02 12:03:46,United Arab Emirates,trendsmena.com,To Do,TRUE,,,FALSE,Newly discovered RSS feed
Yabangee,-,N/A,-,,Turkey,yabangee.com,No feed generated,TRUE,,,FALSE,RSS discovery attempted - no feed found
HáziPatika.com,-,N/A,-,,Hungary,hazipatika.com,No feed generated,TRUE,,,FALSE,RSS discovery attempted - no feed found
ICv2,https://swelbyboy.github.io/prospect-rss-feeds/icv2.xml,OG,success,2025-12-02 12:03:42,United States,icv2.com,To Do,TRUE,,,FALSE,Newly discovered RSS feed
MyIndMakers,-,N/A,-,,India,myind.net,No feed generated,TRUE,,,FALSE,RSS discovery attempted - no feed found
Παρατηρητής της Θράκης,-,N/A,-,,Greece,paratiritis-news.gr,No feed generated,TRUE,,,FALSE,RSS discovery attempted - no feed found
Cape Town Etc,https://swelbyboy.github.io/prospect-rss-feeds/cape-town-etc.xml,OG,success,2025-12-02 12:03:44,South Africa,capetownetc.com,To Do,TRUE,,,FALSE,Newly discovered RSS feed
Yalla Abu Dhabi,-,N/A,-,,United Arab Emirates,yallaabudhabi.ae,No feed generated,TRUE,,,FALSE,RSS discovery attempted - no feed found
The Boca Raton Tribune,-,N/A,-,,United States,bocaratontribune.com,No feed generated,TRUE,,,FALSE,RSS discovery attempted - no feed found
97.5 WOKQ,https://swelbyboy.github.io/prospect-rss-feeds/97-5-wokq.xml,OG,success,2025-12-02 12:03:51,United States,wokq.com,To Do,TRUE,,,FALSE,Newly discovered RSS feed
David Moody,https://swelbyboy.github.io/prospect-rss-feeds/david-moody.xml,OG,success,2025-12-02 12:03:47,United States,davidmoody.net,To Do,TRUE,,,FALSE,Newly discovered RSS feed
Kirkintilloch Herald Series,https://swelbyboy.github.io/prospect-rss-feeds/kirkintilloch-herald-series.xml,OG,success,2025-12-02 12:03:44,United Kingdom,glasgowworld.com,To Do,TRUE,,,FALSE,Newly discovered RSS feed
Sulkysport AB,https://swelbyboy.github.io/prospect-rss-feeds/sulkysport-ab.xml,OG,success,2025-12-02 11:44:31,Sweden,sulkysport.se,To Do,TRUE,,,FALSE,Newly discovered RSS feed
TCW,https://swelbyboy.github.io/prospect-rss-feeds/tcw.xml,OG,success,2025-12-02 12:03:44,United Kingdom,conservativewoman.co.uk,To Do,TRUE,,,FALSE,Newly discovered RSS feed
EnviroForensics,https://swelbyboy.github.io/prospect-rss-feeds/enviroforensics.xml,OG,success,2025-12-02 12:03:46,United States,enviroforensics.com,To Do,TRUE,,,FALSE,Newly discovered RSS feed
Gorcumse Courant,-,N/A,-,,Netherlands,destadgorinchem.nl,No feed generated,TRUE,,,FALSE,RSS discovery attempted - no feed found
Times of San Diego,https://swelbyboy.github.io/prospect-rss-feeds/times-of-san-diego.xml,OG,success,2025-12-02 12:03:48,United States,timesofsandiego.com,To Do,TRUE,,,FALSE,Newly discovered RSS feed
Benoni City Times,-,N/A,-,,South Africa,benonicitytimes.co.za,No feed generated,TRUE,,,FALSE,RSS discovery attempted - no feed found
HuffPost Greece,-,N/A,-,,Greece,huffingtonpost.gr,No feed generated,TRUE,,,FALSE,RSS discovery attempted - no feed found
Times of Wayne County,https://swelbyboy.github.io/prospect-rss-feeds/times-of-wayne-county.xml,OG,success,2025-12-02 11:44:30,United States,waynetimes.com,To Do,TRUE,,,FALSE,Newly discovered RSS feed
Money.bg,-,N/A,-,,Bulgaria,money.bg,No feed generated,TRUE,,,FALSE,RSS discovery attempted - no feed found
Nownews.gr,https://swelbyboy.github.io/prospect-rss-feeds/nownews-gr.xml,OG,success,2025-12-02 12:04:21,Greece,nownews.gr,To Do,TRUE,,,FALSE,Newly discovered RSS feed
Khabar Satta,https://swelbyboy.github.io/prospect-rss-feeds/khabar-satta.xml,OG,success,2025-12-02 11:44:40,India,khabarsatta.com,To Do,TRUE,,,FALSE,Newly discovered RSS feed
Moviemeter,https://swelbyboy.github.io/prospect-rss-feeds/moviemeter.xml,OG,success,2025-12-02 12:03:50,Netherlands,moviemeter.nl,To Do,TRUE,,,FALSE,Newly discovered RSS feed
Boksburg Advertiser,-,N/A,-,,South Africa,boksburgadvertiser.co.za,No feed generated,TRUE,,,FALSE,RSS discovery attempted - no feed found
Biznews,https://swelbyboy.github.io/prospect-rss-feeds/biznews.xml,OG,success,2025-12-02 12:03:49,Greece,biznews.gr,To Do,TRUE,,,FALSE,Newly discovered RSS feed
Women in Adria,https://swelbyboy.github.io/prospect-rss-feeds/women-in-adria.xml,OG,success,2025-12-02 12:04:12,Croatia,womeninadria.com,To Do,TRUE,,,FALSE,Newly discovered RSS feed
Climate Change Dispatch,-,N/A,-,,United States,climatechangedispatch.com,No feed generated,TRUE,,,FALSE,RSS discovery attempted - no feed found
Fenland Citizen,-,N/A,-,,United Kingdom,fenlandcitizen.co.uk,No feed generated,TRUE,,,FALSE,RSS discovery attempted - no feed found
ARENA Constructiilor,https://swelbyboy.github.io/prospect-rss-feeds/arena-constructiilor.xml,OG,success,2025-12-02 12:03:51,Romania,arenaconstruct.ro,To Do,TRUE,,,FALSE,Newly discovered RSS feed
Black History Month UK,https://swelbyboy.github.io/prospect-rss-feeds/black-history-month-uk.xml,OG,success,2025-12-02 12:03:53,United Kingdom,blackhistorymonth.org.uk,To Do,TRUE,,,FALSE,Newly discovered RSS feed
Startup Magazine South Africa,https://swelbyboy.github.io/prospect-rss-feeds/startup-magazine-south-africa.xml,OG,success,2025-12-02 12:03:51,South Africa,startupmag.co.za,To Do,TRUE,,,FALSE,Newly discovered RSS feed
AutoMoto Magazine,https://swelbyboy.github.io/prospect-rss-feeds/automoto-magazine.xml,OG,success,2025-12-02 12:03:59,Greece,automoto.com.gr,To Do,TRUE,,,FALSE,Newly discovered RSS feed
Akilanews.com,-,N/A,-,,India,akilanews.com,No feed generated,TRUE,,,FALSE,RSS discovery attempted - no feed found
Fox Wilmington,-,N/A,-,,United States,revrocket.us,No feed generated,TRUE,,,FALSE,RSS discovery attempted - no feed found
Anziksz Nagyk√°rolyr√≥l,https://swelbyboy.github.io/prospect-rss-feeds/anziksz-nagyk--rolyr--l.xml,OG,success,2025-12-02 12:04:01,Romania,anziksz.com,To Do,TRUE,,,FALSE,Newly discovered RSS feed
PályázatMenedzser.hu,https://swelbyboy.github.io/prospect-rss-feeds/pályázatmenedzser-hu.xml,OG,success,2025-12-02 11:44:33,Hungary,palyazatmenedzser.hu,To Do,TRUE,,,FALSE,Newly discovered RSS feed
belihape.id,-,N/A,-,,Indonesia,belihape.id,No feed generated,TRUE,,,FALSE,RSS discovery attempted - no feed found
ElderConsult Geriatric Medicine,https://swelbyboy.github.io/prospect-rss-feeds/elderconsult-geriatric-medicine.xml,OG,success,2025-12-02 12:03:51,United States,elderconsult.com,To Do,TRUE,,,FALSE,Newly discovered RSS feed
First Verdict Media,-,N/A,-,,India,firstverdict.com,No feed generated,TRUE,,,FALSE,RSS discovery attempted - no feed found
Espinof,https://swelbyboy.github.io/prospect-rss-feeds/espinof.xml,OG,success,2025-12-02 12:03:55,United States,espinof.com,To Do,TRUE,,,FALSE,Newly discovered RSS feed
Church Leaders,https://swelbyboy.github.io/prospect-rss-feeds/church-leaders.xml,OG,success,2025-12-02 12:03:52,United States,churchleaders.com,To Do,TRUE,,,FALSE,Newly discovered RSS feed
X101 Always Classic,https://swelbyboy.github.io/prospect-rss-feeds/x101-always-classic.xml,OG,success,2025-12-02 12:03:51,United States,wxhc.com,To Do,TRUE,,,FALSE,Newly discovered RSS feed
EVOKE.ie,https://swelbyboy.github.io/prospect-rss-feeds/evoke-ie.xml,OG,success,2025-12-02 12:03:53,Ireland,evoke.ie,To Do,TRUE,,,FALSE,Newly discovered RSS feed
Sharjah24.ae,-,N/A,-,,United Arab Emirates,sharjah24.ae,No feed generated,TRUE,,,FALSE,RSS discovery attempted - no feed found
Latest Daily,https://swelbyboy.github.io/prospect-rss-feeds/latest-daily.xml,OG,success,2025-12-02 12:04:10,India,latestonline.in,To Do,TRUE,,,FALSE,Newly discovered RSS feed
Lake & McHenry County Scanner,https://swelbyboy.github.io/prospect-rss-feeds/lake---mchenry-county-scanner.xml,OG,success,2025-12-02 11:44:32,United States,lakemchenryscanner.com,To Do,TRUE,,,FALSE,Newly discovered RSS feed
Banks.com.gr,https://swelbyboy.github.io/prospect-rss-feeds/banks-com-gr.xml,OG,success,2025-12-02 12:03:55,Greece,banks.com.gr,To Do,TRUE,,,FALSE,Newly discovered RSS feed
De Orkaan,https://swelbyboy.github.io/prospect-rss-feeds/de-orkaan.xml,OG,success,2025-12-02 12:03:57,Netherlands,deorkaan.nl,To Do,TRUE,,,FALSE,Newly discovered RSS feed
Houston Herald,https://swelbyboy.github.io/prospect-rss-feeds/houston-herald.xml,OG,success,2025-12-02 12:04:00,United States,houstonherald.com,To Do,TRUE,,,FALSE,Newly discovered RSS feed
Ypodomes.com,https://swelbyboy.github.io/prospect-rss-feeds/ypodomes-com.xml,OG,success,2025-12-02 12:03:58,Greece,ypodomes.com,To Do,TRUE,,,FALSE,Newly discovered RSS feed
iRACE,-,N/A,-,,Singapore,irace.com.sg,No feed generated,TRUE,,,FALSE,RSS discovery attempted - no feed found
KNIA KRLS,https://swelbyboy.github.io/prospect-rss-feeds/knia-krls.xml,OG,success,2025-12-02 12:03:56,United States,kniakrls.com,To Do,TRUE,,,FALSE,Newly discovered RSS feed
The Eagle Online,-,N/A,-,,Nigeria,theeagleonline.com.ng,No feed generated,TRUE,,,FALSE,RSS discovery attempted - no feed found
Kungsbacka-Posten,https://swelbyboy.github.io/prospect-rss-feeds/kungsbacka-posten.xml,OG,success,2025-12-02 12:03:58,Sweden,kungsbackaposten.se,To Do,TRUE,,,FALSE,Newly discovered RSS feed
Starting Ingatlan Iroda,-,N/A,-,,Hungary,startingingatlan.hu,No feed generated,TRUE,,,FALSE,RSS discovery attempted - no feed found
Impartial Reporter,https://swelbyboy.github.io/prospect-rss-feeds/impartial-reporter.xml,OG,success,2025-12-02 12:04:04,United Kingdom,impartialreporter.com,To Do,TRUE,,,FALSE,Newly discovered RSS feed
Buziness Bytes,https://swelbyboy.github.io/prospect-rss-feeds/buziness-bytes.xml,OG,success,2025-12-02 11:44:35,India,buzinessbytes.com,To Do,TRUE,,,FALSE,Newly discovered RSS feed
Pieszy Miejski Poznań,https://swelbyboy.github.io/prospect-rss-feeds/pieszy-miejski-poznań.xml,OG,success,2025-12-02 12:04:01,Poland,epoznan.pl,To Do,TRUE,,,FALSE,Newly discovered RSS feed
Weekblad De Brug,-,N/A,-,,Netherlands,weekbladdebrug.nl,No feed generated,TRUE,,,FALSE,RSS discovery attempted - no feed found
Read The Tarot,https://swelbyboy.github.io/prospect-rss-feeds/read-the-tarot.xml,OG,success,2025-12-02 12:03:59,United States,charissevanhorn.com,To Do,TRUE,,,FALSE,Newly discovered RSS feed
Wormser Zeitung,-,N/A,-,,United States,wormser-zeitung.de,No feed generated,TRUE,,,FALSE,RSS discovery attempted - no feed found
HW News Marathi,-,N/A,-,,India,hwmarathi.in,No feed generated,TRUE,,,FALSE,RSS discovery attempted - no feed found
Earth.com,-,N/A,-,,United States,earth.com,No feed generated,TRUE,,,FALSE,RSS discovery attempted - no feed found
Bo Omroep Van de Bollenstreek,https://swelbyboy.github.io/prospect-rss-feeds/bo-omroep-van-de-bollenstreek.xml,OG,success,2025-12-02 12:04:05,Netherlands,bollenstreekomroep.nl,To Do,TRUE,,,FALSE,Newly discovered RSS feed
zabalaaldia.com,https://swelbyboy.github.io/prospect-rss-feeds/zabalaaldia-com.xml,OG,success,2025-12-02 11:44:35,United States,zabalaaldia.com,To Do,TRUE,,,FALSE,Newly discovered RSS feed
Deepal Trivedi,-,N/A,-,,India,vibesofindia.com,No feed generated,TRUE,,,FALSE,RSS discovery attempted - no feed found
Nationale Onderwijsgids,https://swelbyboy.github.io/prospect-rss-feeds/nationale-onderwijsgids.xml,OG,success,2025-12-02 12:04:03,Netherlands,nationaleonderwijsgids.nl,To Do,TRUE,,,FALSE,Newly discovered RSS feed
Istologio Katihisis,https://swelbyboy.github.io/prospect-rss-feeds/istologio-katihisis.xml,OG,success,2025-12-02 11:44:38,Greece,katanixi.gr,To Do,TRUE,,,FALSE,Newly discovered RSS feed
PropertyCasualty360,-,N/A,-,,United States,propertycasualty360.com,No feed generated,TRUE,,,FALSE,RSS discovery attempted - no feed found
News Addaa,-,N/A,-,,India,newsaddaa.in,No feed generated,TRUE,,,FALSE,RSS discovery attempted - no feed found
The Hindustan Times,-,N/A,-,,India,hindustantimes.com,No feed generated,TRUE,,,FALSE,RSS discovery attempted - no feed found
3minute.net,https://swelbyboy.github.io/prospect-rss-feeds/3minute-net.xml,OG,success,2025-12-02 12:04:01,Romania,3minute.net,To Do,TRUE,,,FALSE,Newly discovered RSS feed
KHAMSA,https://swelbyboy.github.io/prospect-rss-feeds/khamsa.xml,OG,success,2025-12-02 11:44:44,United Arab Emirates,khamsa5.com,To Do,TRUE,,,FALSE,Newly discovered RSS feed
CNN Greece,https://swelbyboy.github.io/prospect-rss-feeds/cnn-greece.xml,OG,success,2025-12-02 12:04:07,Greece,cnn.gr,To Do,TRUE,,,FALSE,Newly discovered RSS feed
Leitrim Observer,-,N/A,-,,Ireland,leitrimobserver.ie,No feed generated,TRUE,,,FALSE,RSS discovery attempted - no feed found
Tekniikan Maailma,https://swelbyboy.github.io/prospect-rss-feeds/tekniikan-maailma.xml,OG,success,2025-12-02 12:04:06,Finland,tekniikanmaailma.fi,To Do,TRUE,,,FALSE,Newly discovered RSS feed
TechCentral,https://swelbyboy.github.io/prospect-rss-feeds/techcentral.xml,OG,success,2025-12-02 12:04:05,South Africa,techcentral.co.za,To Do,TRUE,,,FALSE,Newly discovered RSS feed
AstroTeam by Enallaktiki Paideia,https://swelbyboy.github.io/prospect-rss-feeds/astroteam-by-enallaktiki-paideia.xml,OG,success,2025-12-02 12:04:19,Greece,astroteam.gr,To Do,TRUE,,,FALSE,Newly discovered RSS feed
The Munsif Daily,https://swelbyboy.github.io/prospect-rss-feeds/the-munsif-daily.xml,OG,success,2025-12-02 12:04:06,India,munsifdaily.com,To Do,TRUE,,,FALSE,Newly discovered RSS feed
The Augusta Press,https://swelbyboy.github.io/prospect-rss-feeds/the-augusta-press.xml,OG,success,2025-12-02 12:04:07,United States,theaugustapress.com,To Do,TRUE,,,FALSE,Newly discovered RSS feed
KNOP-TV News 2,-,N/A,-,,United States,knopnews2.com,No feed generated,TRUE,,,FALSE,RSS discovery attempted - no feed found
Εν Κινήσει,https://swelbyboy.github.io/prospect-rss-feeds/εν-κινήσει.xml,OG,success,2025-12-02 11:44:46,Greece,enkinisi.gr,To Do,TRUE,,,FALSE,Newly discovered RSS feed
Ancient Origins,-,N/A,-,,Ireland,ancient-origins.net,No feed generated,TRUE,,,FALSE,RSS discovery attempted - no feed found
"BIKE NATION Magazine FZ,LLC",https://swelbyboy.github.io/prospect-rss-feeds/bike-nation-magazine-fz-llc.xml,OG,success,2025-12-02 11:44:39,United Arab Emirates,bikenationmag.com,To Do,TRUE,,,FALSE,Newly discovered RSS feed
1819News,https://swelbyboy.github.io/prospect-rss-feeds/1819news.xml,OG,success,2025-12-02 12:04:06,United States,1819news.com,To Do,TRUE,,,FALSE,Newly discovered RSS feed
Ndalo Media,https://swelbyboy.github.io/prospect-rss-feeds/ndalo-media.xml,OG,success,2025-12-02 12:04:13,South Africa,destinyconnect.com,To Do,TRUE,,,FALSE,Newly discovered RSS feed
Women Blazing Trails,https://swelbyboy.github.io/prospect-rss-feeds/women-blazing-trails.xml,OG,success,2025-12-02 12:04:14,United States,womenblazingtrails.com,To Do,TRUE,,,FALSE,Newly discovered RSS feed
Homegrown,https://swelbyboy.github.io/prospect-rss-feeds/homegrown.xml,OG,success,2025-12-02 12:04:07,India,homegrown.co.in,To Do,TRUE,,,FALSE,Newly discovered RSS feed
مجلة سيدتي,https://swelbyboy.github.io/prospect-rss-feeds/مجلة-سيدتي.xml,OG,success,2025-12-02 12:04:11,United Arab Emirates,sayidaty.net,To Do,TRUE,,,FALSE,Newly discovered RSS feed
Tatler Asia Group,-,N/A,-,,Singapore,tatlerasiagroup.com,No feed generated,TRUE,,,FALSE,RSS discovery attempted - no feed found
Korinthia.net.gr,https://swelbyboy.github.io/prospect-rss-feeds/korinthia-net-gr.xml,OG,success,2025-12-02 11:44:59,Greece,korinthia.net.gr,To Do,TRUE,,,FALSE,Newly discovered RSS feed
Business Khabar,https://swelbyboy.github.io/prospect-rss-feeds/business-khabar.xml,OG,success,2025-12-02 11:44:40,India,businesskhabar.com,To Do,TRUE,,,FALSE,Newly discovered RSS feed
MOJEH,-,N/A,-,,United Arab Emirates,mojeh.com,No feed generated,TRUE,,,FALSE,RSS discovery attempted - no feed found
DesignAlive,https://swelbyboy.github.io/prospect-rss-feeds/designalive.xml,OG,success,2025-12-02 11:44:45,Poland,designalive.pl,To Do,TRUE,,,FALSE,Newly discovered RSS feed
Innovazione Sociale,https://swelbyboy.github.io/prospect-rss-feeds/innovazione-sociale.xml,OG,success,2025-12-02 12:04:14,United States,innovazionesociale.org,To Do,TRUE,,,FALSE,Newly discovered RSS feed
IBTimes,https://swelbyboy.github.io/prospect-rss-feeds/ibtimes.xml,OG,success,2025-12-02 12:04:08,Australia,ibtimes.com.au,To Do,TRUE,,,FALSE,Newly discovered RSS feed
West Onondaga County Journal,-,N/A,-,,United States,auburnpub.com,No feed generated,TRUE,,,FALSE,RSS discovery attempted - no feed found
Cincai News group of companies,-,N/A,-,,United States,cincainews.com,No feed generated,TRUE,,,FALSE,RSS discovery attempted - no feed found
Okay.ng,https://swelbyboy.github.io/prospect-rss-feeds/okay-ng.xml,OG,success,2025-12-02 12:04:12,Nigeria,okay.ng,To Do,TRUE,,,FALSE,Newly discovered RSS feed
Neuse News,-,N/A,-,,United States,neusenews.com,No feed generated,TRUE,,,FALSE,RSS discovery attempted - no feed found
Etelä-Savon Viestintä Oy,https://swelbyboy.github.io/prospect-rss-feeds/etelä-savon-viestintä-oy.xml,OG,success,2025-12-02 12:04:12,Finland,lansi-savo.fi,To Do,TRUE,,,FALSE,Newly discovered RSS feed
De Twentsche Courant Tubantia,-,N/A,-,,Netherlands,tubantia.nl,No feed generated,TRUE,,,FALSE,RSS discovery attempted - no feed found
Thrifty Traveler,https://swelbyboy.github.io/prospect-rss-feeds/thrifty-traveler.xml,OG,success,2025-12-02 12:04:14,United States,thriftytraveler.com,To Do,TRUE,,,FALSE,Newly discovered RSS feed
FooDiva,https://swelbyboy.github.io/prospect-rss-feeds/foodiva.xml,OG,success,2025-12-02 11:44:44,United Arab Emirates,foodiva.net,To Do,TRUE,,,FALSE,Newly discovered RSS feed
Newsband,-,N/A,-,,India,newsband.in,No feed generated,TRUE,,,FALSE,RSS discovery attempted - no feed found
World Travel Magazine,https://swelbyboy.github.io/prospect-rss-feeds/world-travel-magazine.xml,OG,success,2025-12-02 12:04:16,Singapore,wtravelmagazine.com,To Do,TRUE,,,FALSE,Newly discovered RSS feed
Aller X,-,N/A,-,,Norway,allerx.no,No feed generated,TRUE,,,FALSE,RSS discovery attempted - no feed found
MMAjunkie.com,-,N/A,-,,United States,mmajunkie.com,No feed generated,TRUE,,,FALSE,RSS discovery attempted - no feed found
Топ Преса,https://swelbyboy.github.io/prospect-rss-feeds/топ-преса.xml,OG,success,2025-12-02 12:04:24,Bulgaria,toppresa.com,To Do,TRUE,,,FALSE,Newly discovered RSS feed
Sunshine Coast News,-,N/A,-,,Australia,sunshinecoastnews.com.au,No feed generated,TRUE,,,FALSE,RSS discovery attempted - no feed found
HallyuSG,https://swelbyboy.github.io/prospect-rss-feeds/hallyusg.xml,OG,success,2025-12-02 12:04:16,Singapore,hallyusg.net,To Do,TRUE,,,FALSE,Newly discovered RSS feed
Crawford County Now studios,https://swelbyboy.github.io/prospect-rss-feeds/crawford-county-now-studios.xml,OG,success,2025-12-02 12:04:20,United States,crawfordcountynow.com,To Do,TRUE,,,FALSE,Newly discovered RSS feed
Terrace Standard,https://swelbyboy.github.io/prospect-rss-feeds/terrace-standard.xml,OG,success,2025-12-02 12:04:14,United States,terracestandard.com,To Do,TRUE,,,FALSE,Newly discovered RSS feed
Мениджър,-,N/A,-,,Bulgaria,manager.bg,No feed generated,TRUE,,,FALSE,RSS discovery attempted - no feed found
NK News,https://swelbyboy.github.io/prospect-rss-feeds/nk-news.xml,OG,success,2025-12-02 12:04:20,United States,nknews.org,To Do,TRUE,,,FALSE,Newly discovered RSS feed
NT Independent,https://swelbyboy.github.io/prospect-rss-feeds/nt-independent.xml,OG,success,2025-12-02 12:04:19,Australia,ntindependent.com.au,To Do,TRUE,,,FALSE,Newly discovered RSS feed
North Wales Chronicle,https://swelbyboy.github.io/prospect-rss-feeds/north-wales-chronicle.xml,OG,success,2025-12-02 12:04:23,United Kingdom,northwaleschronicle.co.uk,To Do,TRUE,,,FALSE,Newly discovered RSS feed
KA-Business.gr,https://swelbyboy.github.io/prospect-rss-feeds/ka-business-gr.xml,OG,success,2025-12-02 11:45:00,Greece,ka-business.gr,To Do,TRUE,,,FALSE,Newly discovered RSS feed
Katherine Times,https://swelbyboy.github.io/prospect-rss-feeds/katherine-times.xml,OG,success,2025-12-02 12:04:21,Australia,katherinetimes.com.au,To Do,TRUE,,,FALSE,Newly discovered RSS feed
Värnamo Nyheter,https://swelbyboy.github.io/prospect-rss-feeds/värnamo-nyheter.xml,OG,success,2025-12-02 12:04:19,Sweden,vn.se,To Do,TRUE,,,FALSE,Newly discovered RSS feed
Voice of America,https://swelbyboy.github.io/prospect-rss-feeds/voice-of-america.xml,OG,success,2025-12-02 12:04:19,United States,voanews.com,To Do,TRUE,,,FALSE,Newly discovered RSS feed
The Current,-,N/A,-,,Pakistan,thecurrent.pk,No feed generated,TRUE,,,FALSE,RSS discovery attempted - no feed found
24h au Bénin,http://24haubenin.bj/spip.php?page=backend,Discovered-autodiscovery,failed,2025-12-02 09:52:32,United States,24haubenin.bj,To Do,TRUE,,,FALSE,Newly discovered RSS feed
BrandSpur Ng,https://swelbyboy.github.io/prospect-rss-feeds/brandspur-ng.xml,OG,success,2025-12-02 11:44:48,Nigeria,brandspurng.com,To Do,TRUE,,,FALSE,Newly discovered RSS feed
Daily Urdu Columns,-,N/A,-,,United States,dailyurducolumns.com,No feed generated,TRUE,,,FALSE,RSS discovery attempted - no feed found
Great Day St. Louis,-,N/A,-,,United States,kmov.com,No feed generated,TRUE,,,FALSE,RSS discovery attempted - no feed found
Beat Magazine,https://swelbyboy.github.io/prospect-rss-feeds/beat-magazine.xml,OG,success,2025-12-02 12:04:24,Australia,beat.com.au,To Do,TRUE,,,FALSE,Newly discovered RSS feed
BuzzFeed,https://swelbyboy.github.io/prospect-rss-feeds/buzzfeed.xml,OG,success,2025-12-02 12:04:20,United States,buzzfeed.com,To Do,TRUE,,,FALSE,Newly discovered RSS feed
Enepalese,-,N/A,-,,United States,enepalese.com,No feed generated,TRUE,,,FALSE,RSS discovery attempted - no feed found
WAMW,https://swelbyboy.github.io/prospect-rss-feeds/wamw.xml,OG,success,2025-12-02 12:04:28,United States,wamwamfm.com,To Do,TRUE,,,FALSE,Newly discovered RSS feed
Forte Magazine,-,N/A,-,,Australia,fortemag.com.au,No feed generated,TRUE,,,FALSE,RSS discovery attempted - no feed found
KOLR10 & Ozarks Local News,https://swelbyboy.github.io/prospect-rss-feeds/kolr10---ozarks-local-news.xml,OG,success,2025-12-02 12:04:21,United States,ozarksfirst.com,To Do,TRUE,,,FALSE,Newly discovered RSS feed
Lesvosvoice.gr,https://swelbyboy.github.io/prospect-rss-feeds/lesvosvoice-gr.xml,OG,success,2025-12-02 11:44:57,Greece,lesvosvoice.gr,To Do,TRUE,,,FALSE,Newly discovered RSS feed
iHeartDogs.com,https://swelbyboy.github.io/prospect-rss-feeds/iheartdogs-com.xml,OG,success,2025-12-02 12:04:27,United States,iheartdogs.com,To Do,TRUE,,,FALSE,Newly discovered RSS feed
AnaedoOnline,-,N/A,-,,Nigeria,anaedoonline.ng,No feed generated,TRUE,,,FALSE,RSS discovery attempted - no feed found
30Seconds,https://swelbyboy.github.io/prospect-rss-feeds/30seconds.xml,OG,success,2025-12-02 12:04:21,United States,30seconds.com,To Do,TRUE,,,FALSE,Newly discovered RSS feed
FANGORIA,https://swelbyboy.github.io/prospect-rss-feeds/fangoria.xml,OG,success,2025-12-02 12:04:21,United States,fangoria.com,To Do,TRUE,,,FALSE,Newly discovered RSS feed
Eastern Mirror,-,N/A,-,,India,easternmirrornagaland.com,No feed generated,TRUE,,,FALSE,RSS discovery attempted - no feed found
Srednja.hr,https://swelbyboy.github.io/prospect-rss-feeds/srednja-hr.xml,OG,success,2025-12-02 12:04:25,Croatia,srednja.hr,To Do,TRUE,,,FALSE,Newly discovered RSS feed
Commonwealth Union,https://swelbyboy.github.io/prospect-rss-feeds/commonwealth-union.xml,OG,success,2025-12-02 12:04:44,United States,commonwealthunion.com,To Do,TRUE,,,FALSE,Newly discovered RSS feed
HighEnd Media,-,N/A,-,,Singapore,highend.media,No feed generated,TRUE,,,FALSE,RSS discovery attempted - no feed found
Middlesboro-Tazewell Newsmedia,https://swelbyboy.github.io/prospect-rss-feeds/middlesboro-tazewell-newsmedia.xml,OG,success,2025-12-02 12:04:24,United States,claiborneprogress.net,To Do,TRUE,,,FALSE,Newly discovered RSS feed
Floppy Cats,https://swelbyboy.github.io/prospect-rss-feeds/floppy-cats.xml,OG,success,2025-12-02 12:04:23,United States,floppycats.com,To Do,TRUE,,,FALSE,Newly discovered RSS feed
Coeur D Alene Press,-,N/A,-,,United States,cdapress.com,No feed generated,TRUE,,,FALSE,RSS discovery attempted - no feed found
Raging Patriot News,https://swelbyboy.github.io/prospect-rss-feeds/raging-patriot-news.xml,OG,success,2025-12-02 12:04:39,United States,ragingpatriotnews.org,To Do,TRUE,,,FALSE,Newly discovered RSS feed
El Culture,https://swelbyboy.github.io/prospect-rss-feeds/el-culture.xml,OG,success,2025-12-02 12:04:27,Greece,elculture.gr,To Do,TRUE,,,FALSE,Newly discovered RSS feed
Daily Pakistan,-,N/A,-,,Pakistan,dailypakistan.com.pk,No feed generated,TRUE,,,FALSE,RSS discovery attempted - no feed found
ilarissa.gr,https://swelbyboy.github.io/prospect-rss-feeds/ilarissa-gr.xml,OG,success,2025-12-02 12:04:28,Greece,ilarissa.gr,To Do,TRUE,,,FALSE,Newly discovered RSS feed
Farmers Weekly NZ,-,N/A,-,,New Zealand,farmersweekly.co.nz,No feed generated,TRUE,,,FALSE,RSS discovery attempted - no feed found
Clacton,https://swelbyboy.github.io/prospect-rss-feeds/clacton.xml,OG,success,2025-12-02 12:04:35,United Kingdom,clactonandfrintongazette.co.uk,To Do,TRUE,,,FALSE,Newly discovered RSS feed
AlimoshoToday,-,N/A,-,,Nigeria,alimoshotoday.com,No feed generated,TRUE,,,FALSE,RSS discovery attempted - no feed found
24.com,-,N/A,-,,South Africa,news24.com,No feed generated,TRUE,,,FALSE,RSS discovery attempted - no feed found
Ειδήσεις της Πελοποννήσου,https://swelbyboy.github.io/prospect-rss-feeds/ειδήσεις-της-πελοποννήσου.xml,OG,success,2025-12-02 12:04:27,Greece,anagnostis.org,To Do,TRUE,,,FALSE,Newly discovered RSS feed
Static Media,-,N/A,-,,United States,static.com,No feed generated,TRUE,,,FALSE,RSS discovery attempted - no feed found
The Irish Farmers Journal,-,N/A,-,,United Kingdom,farmersjournal.ie,No feed generated,TRUE,,,FALSE,RSS discovery attempted - no feed found
Ipswich Press,https://swelbyboy.github.io/prospect-rss-feeds/ipswich-press.xml,OG,success,2025-12-02 12:04:30,United Kingdom,ipswichstar.co.uk,To Do,TRUE,,,FALSE,Newly discovered RSS feed
Ślązag,https://swelbyboy.github.io/prospect-rss-feeds/ślązag.xml,OG,success,2025-12-02 12:04:29,Poland,slazag.pl,To Do,TRUE,,,FALSE,Newly discovered RSS feed
Simply Recipes Inc.,https://swelbyboy.github.io/prospect-rss-feeds/simply-recipes-inc.xml,OG,success,2025-12-02 12:04:29,United States,simplyrecipes.com,To Do,TRUE,,,FALSE,Newly discovered RSS feed
Harvard University,https://swelbyboy.github.io/prospect-rss-feeds/harvard-university.xml,OG,success,2025-12-02 12:04:30,United States,harvard.edu,To Do,TRUE,,,FALSE,Newly discovered RSS feed
Observer Eccentric Newspapers,-,N/A,-,,United States,hometownlife.com,No feed generated,TRUE,,,FALSE,RSS discovery attempted - no feed found
Kaupunkilehti Tamperelainen,https://swelbyboy.github.io/prospect-rss-feeds/kaupunkilehti-tamperelainen.xml,OG,success,2025-12-02 12:04:31,Finland,tamperelainen.fi,To Do,TRUE,,,FALSE,Newly discovered RSS feed
CsaHaber,https://swelbyboy.github.io/prospect-rss-feeds/csahaber.xml,OG,success,2025-12-02 12:04:30,United States,csahaber.com,To Do,TRUE,,,FALSE,Newly discovered RSS feed
Lehigh Valley Latin Mass,https://swelbyboy.github.io/prospect-rss-feeds/lehigh-valley-latin-mass.xml,OG,success,2025-12-02 12:04:30,United States,lehighvalleylatinmass.org,To Do,TRUE,,,FALSE,Newly discovered RSS feed
Destinations of the World News,-,N/A,-,,United Arab Emirates,dotwnews.com,No feed generated,TRUE,,,FALSE,RSS discovery attempted - no feed found
The Tradin' Post,-,N/A,-,,United States,chippewa.com,No feed generated,TRUE,,,FALSE,RSS discovery attempted - no feed found
Offaly Express,-,N/A,-,,Ireland,offalyexpress.ie,No feed generated,TRUE,,,FALSE,RSS discovery attempted - no feed found
