Prospect Name,RSS Feed,Data Source,Last Scrape Status,Last Scrape Timestamp,Country,Domain,Status,Existing newsletter?,Person,Date sent,Replied,Comments
Rugby Addict,https://rugby-addict.com/fr/55d3bd647880b1a27a8b457c/rss,N/A,failed,2025-11-29 11:33:29,United Kingdom,rugby-addict.com,No feed generated,FALSE,Sam,,FALSE,
UCLA,-,N/A,-,,United States,ucla.edu,No feed generated,FALSE,,,FALSE,
Pacific Media Group,https://pmghawaii.com/feed,OG,success,2025-11-29 11:33:29,United States,pmghawaii.com,Parent org,FALSE,Karen,,FALSE,
3FM,-,N/A,-,,United Kingdom,three.fm,No feed generated,FALSE,,,FALSE,
It's Gone Viral,https://igvofficial.com/feed,OG,success,2025-11-29 11:33:34,United Kingdom,igvofficial.com,Error adding feed to EBX,FALSE,Sam,,FALSE,An error occurred while validating the feed URL
Haystack News,-,N/A,-,,United States,haystack.tv,No feed generated,FALSE,,,FALSE,
London Bangla Ltd,-,N/A,-,,United Kingdom,lb24.tv,No feed generated,FALSE,,,FALSE,
SamMobile.com,https://sammobile.com/feed,OG,success,2025-11-29 11:33:35,United States,sammobile.com,Sending,FALSE,Karen,,FALSE,
Isle of Wight Radio,https://www.iwradio.co.uk/blog-feed.xml,OG,success,2025-11-29 11:33:36,United Kingdom,iwradio.co.uk,Sending,FALSE,Sam,,FALSE,
The Richmond Observer,-,N/A,-,,United States,richmondobserver.com,No feed generated,FALSE,,,FALSE,
KTTN,https://kttn.com/feed,OG,success,2025-11-29 11:33:38,United States,kttn.com,Error adding feed to EBX,FALSE,Karen,,FALSE,Error adding content feed
Chinese Herald,https://www.chineseherald.co.nz/home/rss,N/A,failed,2025-11-29 12:03:00,New Zealand,chineseherald.co.nz,No feed generated,FALSE,Later,,FALSE,
Gay Times,https://gaytimes.co.uk/feed,OG,success,2025-11-29 11:33:40,United Kingdom,gaytimes.co.uk,Sending,FALSE,Sam,,FALSE,
Catchfence,https://catchfence.com/rss.xml,OG,success,2025-11-29 11:33:48,United States,catchfence.com,Error adding feed to EBX,FALSE,Karen,,FALSE,Error adding content feed
Eleven Warriors,https://elevenwarriors.com/rss.xml,OG,success,2025-11-29 11:33:49,United States,elevenwarriors.com,Sending,FALSE,Karen,,FALSE,
Farmers Guardian,https://farmersguardian.com/.rss,OG,success,2025-11-29 12:03:02,,farmersguardian.com,To Do,FALSE,,,FALSE,Newly discovered RSS feed
Crime Online,https://crimeonline.com/feed,OG,success,2025-11-29 11:33:50,United States,crimeonline.com,Sending,FALSE,Karen,,FALSE,
Best Little Sites,https://comicbookmovie.com/rss,OG,success,2025-11-29 11:33:51,United States,comicbookmovie.com,Sending,FALSE,Karen,,FALSE,
Ringside News,https://ringsidenews.com/feed,OG,success,2025-11-29 11:33:52,United States,ringsidenews.com,Sending,FALSE,Karen,,FALSE,
Pulse 2.0,https://pulse2.com/feed,OG,success,2025-11-29 11:33:54,United States,pulse2.com,Sending,FALSE,Karen,,FALSE,
Cricket Australia,https://cricketaustralia.com.au/news/rss,RSS,success,2025-11-29 12:03:04,Australia,cricketaustralia.com.au,Error adding feed to EBX,FALSE,Sam,,FALSE,Error adding content feed
KnowTechie,https://knowtechie.com/feed,OG,success,2025-11-29 11:33:56,United States,knowtechie.com,Sending,FALSE,Karen,,FALSE,
Londra Gazete,https://londragazete.com/rss.xml,OG,success,2025-11-29 11:34:00,United Kingdom,londragazete.com,Sending,FALSE,Sam,,FALSE,Error adding content feed
Vital MTB,https://vitalmtb.com/rss.xml,N/A,failed,2025-11-29 11:34:00,United States,vitalmtb.com,No feed generated,FALSE,Sam,,FALSE,
Eagle Country 99.3,-,N/A,-,,United States,eaglecountryonline.com,No feed generated,FALSE,,,FALSE,
Just Jared,https://justjared.com/feed,OG,success,2025-11-29 11:34:01,United States,justjared.com,Insufficient/Old Content,FALSE,Sam,,FALSE,No content showing on newsletter
Rimix Radio,https://rimixradio.com/feed,OG,success,2025-11-29 11:34:17,United States,rimixradio.com,Sending,FALSE,Karen,,FALSE,
The Poke,https://thepoke.co.uk/feed,OG,success,2025-11-29 11:34:19,United Kingdom,thepoke.co.uk,Sending,FALSE,Sam,,FALSE,
Celeb Dirty Laundry,https://celebdirtylaundry.com/feed,OG,success,2025-11-29 11:34:27,United States,celebdirtylaundry.com,Sending,FALSE,Karen,,FALSE,
Over60,https://oversixty.com.au/feed,OG,success,2025-11-29 12:03:09,Australia,oversixty.com.au,To Do,FALSE,Sam,,FALSE,
Quad Cities,https://quadcities.com/feed,OG,success,2025-11-29 11:34:32,United States,quadcities.com,Sending,FALSE,Karen,,FALSE,
Gematsu,https://gematsu.com/feed,OG,success,2025-11-29 12:03:10,Australia,gematsu.com,Sending,FALSE,Later,,FALSE,
Jedi News,https://www.jedinews.com/feed/,RSS,success,2025-11-29 11:34:42,United Kingdom,jedinews.co.uk,To Do,FALSE,,,FALSE,Newly discovered RSS feed
Talking Rugby Union (TRU),-,N/A,-,,United Kingdom,talkingrugbyunion.co.uk,No feed generated,FALSE,,,FALSE,
AllHipHop,https://allhiphop.com/feed,OG,success,2025-11-29 11:34:43,United States,allhiphop.com,Sending,FALSE,Karen,,FALSE,
Mom and More,https://momandmore.com/feed,OG,success,2025-11-29 11:35:01,United States,momandmore.com,Sending,FALSE,Sam,,FALSE,Error adding content feed
IMBOLDN,https://imboldn.com/feed,OG,success,2025-11-29 11:35:05,United States,imboldn.com,Sending,FALSE,Karen,,FALSE,
RNZ,-,N/A,-,,New Zealand,radionz.co.nz,No feed generated,FALSE,,,FALSE,
Manx Radio,-,N/A,-,,United Kingdom,manxradio.com,No feed generated,FALSE,,,FALSE,
Derry Daily,https://derrydaily.net/feed,N/A,failed,2025-11-29 11:35:05,United Kingdom,derrydaily.net,No feed generated,FALSE,Sam,,FALSE,
Indiana Public Media,https://www.ipm.org/index.rss,OG,success,2025-11-29 11:35:10,United States,indianapublicmedia.org,Sending,FALSE,Karen,,FALSE,
I Creative Ideas,https://icreativeideas.com/feed,OG,success,2025-11-29 11:35:11,United States,icreativeideas.com,Irrelevant prospect,FALSE,Karen,,FALSE,"""No relevant articles found on content feeds""
(Most articles are very old)"
Newsdakota.com,https://newsdakota.com/feed,OG,success,2025-11-29 11:35:16,United States,newsdakota.com,Sending,FALSE,Karen,,FALSE,
Essex Media Group,https://itemlive.com/feed,OG,success,2025-11-29 12:03:12,,itemlive.com,To Do,FALSE,,,FALSE,Newly discovered RSS feed
MageeNews.com,https://mageenews.com/feed,OG,success,2025-11-29 11:35:23,United States,mageenews.com,Sending,FALSE,Karen,,FALSE,
TheBigLead,https://thebiglead.com/feed,N/A,failed,2025-11-29 11:35:23,United States,thebiglead.com,No feed generated,FALSE,Sam,,FALSE,
EventHubs,https://www.eventhubs.com/news/feed/frontpage/,OG,success,2025-11-29 11:35:25,United States,eventhubs.com,Sending,FALSE,Karen,,FALSE,
Wdtv,-,N/A,-,,United States,wdtv.com,No feed generated,FALSE,,,FALSE,
Thecryptobasic,https://thecryptobasic.com/feed,OG,success,2025-11-29 11:35:33,United States,thecryptobasic.com,Sending,FALSE,Karen,,FALSE,
FOX 24 Charleston,https://foxcharleston.com/feed,OG,success,2025-11-29 11:35:41,United States,foxcharleston.com,Insufficient/Old Content,FALSE,Sam,,FALSE,No content showing on newsletter
The Manual,https://themanual.com/rss,OG,success,2025-11-29 11:35:42,United States,themanual.com,Sending,FALSE,Karen,,FALSE,
NewsChannel 10,-,N/A,-,,United States,newschannel10.com,No feed generated,FALSE,,,FALSE,
GBnews24,-,N/A,-,,United Kingdom,gbnews24.com,No feed generated,FALSE,,,FALSE,
"Heritage Media Of Kentucky, Inc",https://k105.com/feed,OG,success,2025-11-29 11:35:48,United States,k105.com,Sending,FALSE,Karen,,FALSE,
Ziarul Românesc,https://ziarulromanesc.net/feed,OG,success,2025-11-29 11:35:50,United Kingdom,ziarulromanesc.net,Sending,FALSE,Sam,,FALSE,
Bounding Into Comics,https://boundingintocomics.com/feed,OG,success,2025-11-29 11:35:51,United States,boundingintocomics.com,Sending,FALSE,Karen,,FALSE,
Londynek.net,-,N/A,-,,United Kingdom,londynek.net,No feed generated,FALSE,,,FALSE,
News 12,-,N/A,-,,United States,wrdw.com,No feed generated,FALSE,,,FALSE,
MyMMANews.com,https://mymmanews.com/feed,OG,success,2025-11-29 11:35:57,United States,mymmanews.com,Sending,FALSE,Karen,,FALSE,
FOX 8,-,N/A,-,,United States,fox8live.com,No feed generated,FALSE,,,FALSE,
Albumism,-,N/A,-,,United States,albumism.com,No feed generated,FALSE,,,FALSE,
Kiss Binghamton,https://kissbinghamton.com/feed,OG,success,2025-11-29 11:36:08,United States,kissbinghamton.com,Sending,FALSE,Karen,,FALSE,
The Fandom Post,https://fandompost.com/feed,N/A,failed,2025-11-29 11:36:08,United States,fandompost.com,No feed generated,FALSE,Sam,,FALSE,
Ruck Rugby Limited,https://ruck.co.uk/feed,N/A,failed,2025-11-29 11:36:09,United Kingdom,ruck.co.uk,No feed generated,FALSE,Sam,,FALSE,
BangShift.com,https://bangshift.com/feed,OG,success,2025-11-29 11:36:10,United States,bangshift.com,Sending,FALSE,Karen,,FALSE,
Wisden Cricket,-,N/A,-,,United Kingdom,wisden.com,No feed generated,FALSE,,,FALSE,
AcheiUSA,https://acheiusa.com/feed,OG,success,2025-11-29 11:36:17,United States,acheiusa.com,Sending,FALSE,Karen,,FALSE,
Agrios Ltd,-,N/A,-,,United Kingdom,farminguk.com,No feed generated,FALSE,,,FALSE,
Coleraine Chronicle,-,N/A,-,,United Kingdom,colerainechronicle.co.uk,No feed generated,FALSE,,,FALSE,
KTVB,-,N/A,-,,United States,ktvb.com,No feed generated,FALSE,,,FALSE,
KBTX,-,N/A,-,,United States,kbtx.com,No feed generated,FALSE,,,FALSE,
BlackSportsOnline,https://blacksportsonline.com/feed,OG,success,2025-11-29 11:36:18,United States,blacksportsonline.com,Sending,FALSE,Karen,,FALSE,
EDM Identity,https://edmidentity.com/feed,OG,success,2025-11-29 11:36:20,United States,edmidentity.com,Sending,FALSE,Karen,,FALSE,
Awful Announcing,https://awfulannouncing.com/feed,OG,success,2025-11-29 11:36:21,United States,awfulannouncing.com,Sending,FALSE,Karen,,FALSE,
Motorsport Week,https://motorsportweek.com/feed,OG,success,2025-11-29 11:36:25,United Kingdom,motorsportweek.com,Sending,FALSE,Sam,,FALSE,
América TeVe,-,N/A,-,,United States,americateve.com,No feed generated,FALSE,,,FALSE,
Rangers FC,-,N/A,-,,United Kingdom,rangers.co.uk,No feed generated,FALSE,,,FALSE,
Mactrast,https://mactrast.com/feed,OG,success,2025-11-29 11:36:29,United States,mactrast.com,Insufficient/Old Content,FALSE,Sam,,FALSE,No content showing on newsletter
411Mania,https://411mania.com/feed,"OG (8), RSS (2)",success,2025-11-29 11:36:50,United States,411mania.com,No feed generated,FALSE,Sam,,FALSE,
Awareness Act,https://awarenessact.com/feed,OG,success,2025-11-29 11:36:51,United States,awarenessact.com,Insufficient/Old Content,FALSE,Sam,,FALSE,Most articles in the feed are from months ago
Bleeding Cool,https://bleedingcool.com/feed,OG,success,2025-11-29 11:36:51,United States,bleedingcool.com,Sending,FALSE,Karen,,FALSE,
The Hard Tackle,https://thehardtackle.com/feed,OG,success,2025-11-29 11:36:53,United Kingdom,thehardtackle.com,Insufficient/Old Content,FALSE,Sam,,FALSE,Most articles in the feed are from months ago
Comic Watch,https://comic-watch.com/feed,OG,success,2025-11-29 11:36:56,United States,comic-watch.com,Sending,FALSE,Karen,,FALSE,
MSPoweruser.com,https://mspoweruser.com/feed,N/A,failed,2025-11-29 11:36:56,United Kingdom,mspoweruser.com,No feed generated,FALSE,Sam,,FALSE,
Soccer Publishing Limited,https://thisisanfield.com/feed,OG,success,2025-11-29 11:36:57,United Kingdom,thisisanfield.com,Sending,FALSE,Sam,,FALSE,
Region 8 News,-,N/A,-,,United States,kait8.com,No feed generated,FALSE,,,FALSE,
"American Football International, LLC",https://www.americanfootballinternational.com/comments/feed/,OG,success,2025-11-29 11:37:02,United States,americanfootballinternational.com,Insufficient/Old Content,FALSE,Sam,,FALSE,Most articles in the feed are from months ago
Ink Free News,https://inkfreenews.com/feed,OG,success,2025-11-29 11:37:15,United States,inkfreenews.com,Sending,FALSE,Karen,,FALSE,
РаботникМК,-,N/A,-,,United States,rabotnik.com.mk,No feed generated,FALSE,,,FALSE,
LNGIndustry,https://www.lngindustry.com/rss/lngindustry.xml,OG,success,2025-11-29 11:37:23,United Kingdom,lngindustry.com,To Do,FALSE,,,FALSE,Newly discovered RSS feed
https://www.vavel.com/en-us/,-,N/A,-,,United States,vavel.com,No feed generated,FALSE,,,FALSE,
DailyFaceoff.com,https://dailyfaceoff.com/feed,OG,success,2025-11-29 11:37:24,United States,dailyfaceoff.com,Sending,FALSE,Karen,,FALSE,
The Market Herald,https://themarketherald.com.au/feed,OG,success,2025-11-29 12:03:29,Australia,themarketherald.com.au,Sending,FALSE,Later,,FALSE,
Trusted Reviews,https://trustedreviews.com/feed,N/A,failed,2025-11-29 11:37:24,United Kingdom,trustedreviews.com,No feed generated,FALSE,Sam,,FALSE,
WOUB Public Media,https://woub.org/feed,OG,success,2025-11-29 11:37:25,United States,woub.org,Error adding feed to EBX,FALSE,Karen,,FALSE,Error adding content feed
Distinctly Montana,https://distinctlymontana.com/rss.xml,OG,success,2025-11-29 11:37:28,United States,distinctlymontana.com,To Do,FALSE,Karen,,FALSE,
Noticia Cristiana,https://noticiacristiana.com/feed,OG,success,2025-11-29 11:37:30,United States,noticiacristiana.com,Sending,FALSE,Karen,,FALSE,
Motorcycle.com,-,N/A,-,,United States,motorcycle.com,No feed generated,FALSE,,,FALSE,
Wrestleview.com,https://wrestleview.com/feed,OG,success,2025-11-29 11:37:31,United States,wrestleview.com,Sending,FALSE,Karen,,FALSE,
Oyungg,https://savebutonu.com/feed,OG,success,2025-11-29 11:37:35,United States,savebutonu.com,To Do,FALSE,Karen,,FALSE,
Wect,-,N/A,-,,United States,wect.com,No feed generated,FALSE,,,FALSE,
DESblitz,https://desiblitz.com/feed,OG,success,2025-11-29 11:37:35,United Kingdom,desiblitz.com,Sending,FALSE,Sam,,FALSE,
Fitness Gurls,https://fitnessgurls.com/feed,OG,success,2025-11-29 11:37:41,United States,fitnessgurls.com,To Do,FALSE,Karen,,FALSE,
WMBF News,-,N/A,-,,United States,wmbfnews.com,No feed generated,FALSE,,,FALSE,
The Nerd Stash,https://thenerdstash.com/feed,OG,success,2025-11-29 11:37:42,United States,thenerdstash.com,Sending,FALSE,Karen,,FALSE,
057info,-,N/A,-,,Croatia,057info.hr,No feed generated,FALSE,,,FALSE,
072info,https://072info.com/feed,OG,success,2025-11-29 12:03:32,Bosnia and Herzegovina,072info.com,Sending,FALSE,Karen,"Nov 27, 2025 ",FALSE,
天使志工銀行,-,N/A,-,,Taiwan,104.com.tw,No feed generated,FALSE,,,FALSE,
10 Minute School,-,N/A,-,,Bangladesh,10minuteschool.com,No feed generated,FALSE,,,FALSE,
10 Missions Media,-,N/A,-,,United States,10missions.com,No feed generated,FALSE,,,FALSE,
112Groningen,https://112groningen.nl/feed,OG,success,2025-11-29 12:03:46,Netherlands,112groningen.nl,Sending,FALSE,Later,,FALSE,
KCJJ,https://1630kcjj.com/feed,OG,success,2025-11-29 11:37:44,United States,1630kcjj.com,Sending,FALSE,Karen,,FALSE,
Kurier Szczecińsk,-,N/A,-,,Poland,24kurier.pl,No feed generated,FALSE,,,FALSE,
24 Live News,-,N/A,-,,Bangladesh,24livenewspaper.com,No feed generated,FALSE,,,FALSE,
28Hse,-,N/A,-,,Hong Kong,28hse.com,No feed generated,FALSE,,,FALSE,
360medical.ro,https://360medical.ro/rss,OG,success,2025-11-29 12:03:50,Romania,360medical.ro,Sending,FALSE,Karen,"Nov 27, 2025 ",FALSE,
3Point.dk,https://3point.dk/feed,OG,success,2025-11-29 12:03:54,Denmark,3point.dk,To Do,FALSE,,,FALSE,Newly discovered RSS feed
4malayalees.com,-,N/A,-,,India,4malayalees.com,No feed generated,FALSE,,,FALSE,
52Bangla TV,https://52banglatv.com/feed,OG,success,2025-11-29 12:03:58,Bangladesh,52banglatv.com,To Do,FALSE,Later,,FALSE,
7car 小七車觀點,-,N/A,-,,Taiwan,7car.tw,No feed generated,FALSE,,,FALSE,
A07 Online Media,https://a07online.com/rss.xml,OG,success,2025-11-29 11:37:46,United States,a07online.com,Parent org,FALSE,Karen,,FALSE,
ABC Gazetesi,https://abcgazetesi.com/rss,N/A,failed,2025-11-29 12:03:58,Turkey,abcgazetesi.com,No feed generated,FALSE,Later,,FALSE,
ABC News,-,N/A,-,,United States,abcnews.go.com,No feed generated,FALSE,,,FALSE,
ABC Online Media,https://abconlinemedia.com/feed,OG,success,2025-11-29 12:04:01,Netherlands,abconlinemedia.com,Irrelevant prospect,FALSE,Later,,FALSE,
BFBS,-,N/A,-,,United Kingdom,about.bfbs.com,No feed generated,FALSE,,,FALSE,
actualdecluj.ro,-,N/A,-,,Romania,actualdecluj.ro,No feed generated,FALSE,,,FALSE,
Adafruit,https://adafruit.com/blog/feed,RSS,success,2025-11-29 11:37:48,United States,adafruit.com,Error adding feed to EBX,FALSE,Karen,,FALSE,Error adding content feed
A Day Magazine,https://adaymag.com/feed,OG,success,2025-11-29 12:04:05,Hong Kong,adaymag.com,Insufficient/Old Content,FALSE,Karen,,FALSE,Images not showing on newsletter
AEK1924.gr,https://aek1924.gr/feed,OG,success,2025-11-29 12:04:13,Greece,aek1924.gr,Sending,FALSE,Karen,"Nov 27, 2025 ",FALSE,
Αλέξης Φωτόπουλος,https://afotopoulos.gr/feed,OG,success,2025-11-29 12:04:28,Greece,afotopoulos.gr,Irrelevant prospect,FALSE,Karen,,FALSE,
Afyon Postası,https://afyonpostasi.com.tr/rss,N/A,failed,2025-11-29 12:04:29,Turkey,afyonpostasi.com.tr,No feed generated,FALSE,Later,,FALSE,
Αγγελίες εργασίας - Προγράμματα Ασεπ-Οαεδ,https://ageliesergasias.gr/feed,OG,success,2025-11-29 12:04:36,Greece,ageliesergasias.gr,Irrelevant prospect,FALSE,Karen,,FALSE,website hasn't been updated since January
Agriconnect,https://agriconnect.com/feed,RSS,success,2025-11-29 11:37:52,United Kingdom,agriconnect.com,Parent org,FALSE,Sam,,FALSE,
AgroKlub,-,N/A,-,,Croatia,agroklub.com,No feed generated,FALSE,,,FALSE,
Agromedia.ro,https://agromedia.ro/feed,OG,success,2025-11-29 12:04:41,Romania,agromedia.ro,Irrelevant prospect,FALSE,Karen,,FALSE,Not enough content
Ahewar,https://ahewar.org/rss,RSS,success,2025-11-29 12:04:42,Denmark,ahewar.org,Irrelevant prospect,FALSE,Karen,,FALSE,
Aixmi News,https://aixmi-news.gr/feed,OG,success,2025-11-29 12:04:47,Greece,aixmi-news.gr,Error adding feed to EBX,FALSE,Karen,,FALSE,An error occurred while validating the feed URL
AKİT TV,-,N/A,-,,Turkey,akittv.com.tr,No feed generated,FALSE,,,FALSE,
Akos.ba,https://akos.ba/feed,OG,success,2025-11-29 12:05:20,Bosnia and Herzegovina,akos.ba,Error adding feed to EBX,FALSE,Karen,,FALSE,An error occurred while validating the feed URL
Aktarr,-,N/A,-,,Sweden,aktarr.se,No feed generated,FALSE,,,FALSE,
Al Aan FM,-,N/A,-,,United Arab Emirates,alaan.fm,No feed generated,FALSE,,,FALSE,
Al-Arab Publishing House,https://alarab.co.uk/rss.xml,N/A,failed,2025-11-29 11:37:52,United Kingdom,alarab.co.uk,No feed generated,FALSE,Karen,,FALSE,
Aleph News,-,N/A,-,,Romania,alephnews.ro,No feed generated,FALSE,,,FALSE,
Alfahir,https://alfahir.hu/feed,OG,success,2025-11-29 12:05:22,Hungary,alfahir.hu,Sending,FALSE,Later,"Nov 27, 2025 ",FALSE,
Algoa FM,-,N/A,-,,South Africa,algoafm.co.za,No feed generated,FALSE,,,FALSE,
AllYou.gr,-,N/A,-,,Greece,allyou.gr,No feed generated,FALSE,,,FALSE,
Alo Media,-,N/A,-,,Serbia,alo.rs,No feed generated,FALSE,,,FALSE,
AM730,-,N/A,-,,Hong Kong,am730.com.hk,No feed generated,FALSE,,,FALSE,
AmaderShomoy.Com,-,N/A,-,,Bangladesh,amadershomoy.com,No feed generated,FALSE,,,FALSE,
Daily Amar Sangbad,-,N/A,-,,Bangladesh,amarsangbad.com,No feed generated,FALSE,,,FALSE,
Analytics Insight,https://analyticsinsight.net/feed,OG,success,2025-11-29 12:05:24,India,analyticsinsight.net,Sending,FALSE,Karen,"Nov 27, 2025 ",FALSE,
Analyzing America,https://www.analyzingamerica.org/feed/,OG,success,2025-11-29 11:37:55,United States,analyzingamerica.org,To Do,FALSE,,,FALSE,Newly discovered RSS feed
Aamoda Publications,-,N/A,-,,India,andhrajyothy.com,No feed generated,FALSE,,,FALSE,
Android.com.pl,https://android.com.pl/feed,OG,success,2025-11-29 12:05:26,Poland,android.com.pl,Sending,FALSE,Karen,"Nov 27, 2025 ",FALSE,
Antena 3,https://www.antena3.ro/rss,OG,success,2025-11-29 12:05:29,Romania,antena3.ro,To Do,FALSE,,,FALSE,Newly discovered RSS feed
Antena M,-,N/A,-,,Serbia,antenam.net,No feed generated,FALSE,,,FALSE,
Antyweb,https://antyweb.pl/feed/,OG,success,2025-11-29 12:05:31,Poland,antyweb.pl,To Do,FALSE,,,FALSE,Newly discovered RSS feed
Association of Optometrists,-,N/A,-,,United Kingdom,aop.org.uk,No feed generated,FALSE,,,FALSE,
Associated Press of Pakistan (APP),https://app.com.pk/feed,N/A,failed,2025-11-29 12:05:31,Pakistan,app.com.pk,No feed generated,FALSE,Later,,FALSE,
Arabi21,https://arabi21.com/feed,OG,success,2025-11-29 11:38:31,United Kingdom,arabi21.com,Irrelevant prospect,FALSE,Sam,,FALSE,
Arageek,https://backend.arageek.com/tWh65b/feed,OG,success,2025-11-29 12:05:34,United Arab Emirates,arageek.com,To Do,FALSE,,,FALSE,Newly discovered RSS feed
Archimania,https://archimania.pl/itemlist.feed?type=rss,OG,success,2025-11-29 12:05:40,Poland,archimania.pl,To Do,FALSE,,,FALSE,Newly discovered RSS feed
Arena Bodrum Haber,http://arenabodrumhaber.com/feed,OG,success,2025-11-29 12:06:08,Turkey,arenabodrumhaber.com,To Do,FALSE,Later,,FALSE,
Arre,-,N/A,-,,India,arre.co.in,No feed generated,FALSE,,,FALSE,
Ary Digital TV,-,N/A,-,,Pakistan,arydigital.tv,No feed generated,FALSE,,,FALSE,
ARY Digital Network,https://arydigitalnetwork.tv/feed,OG,success,2025-11-29 12:06:09,United Arab Emirates,arydigitalnetwork.tv,Parent org,FALSE,Karen,,FALSE,
Ary News,https://arynews.tv/feed,OG,success,2025-11-29 12:06:18,Pakistan,arynews.tv,To Do,FALSE,Later,,FALSE,
The Asian Age,https://www.asianage.com/google_feeds.xml,OG,success,2025-11-29 12:06:20,India,asianage.com,To Do,FALSE,,,FALSE,Newly discovered RSS feed
ASoglas,-,N/A,-,,Bosnia and Herzegovina,asinfo.info,No feed generated,FALSE,,,FALSE,
AT5,-,N/A,-,,Netherlands,at5.nl,No feed generated,FALSE,,,FALSE,
ATV,https://atv.hu/feed,OG,success,2025-11-29 12:06:23,Hungary,atv.hu,Sending,FALSE,Karen,"Nov 27, 2025 ",FALSE,
Atv Banja Luka,-,N/A,-,,Bosnia and Herzegovina,atvbl.com,No feed generated,FALSE,,,FALSE,
Augusta Free Press,https://augustafreepress.com/feed,N/A,failed,2025-11-29 11:38:31,United States,augustafreepress.com,To Do,FALSE,Karen,,TRUE,✨ Form submitted
Autoportal India,-,N/A,-,,India,autoportal.com,No feed generated,FALSE,,,FALSE,
Autoportal.hr,-,N/A,-,,Croatia,autoportal.hr,No feed generated,FALSE,,,FALSE,
Aviation & Defence Universe,http://aviation-defence-universe.com/feed,RSS,success,2025-11-29 12:06:30,India,aviation-defence-universe.com,Error adding feed to EBX,FALSE,Karen,,FALSE,An error occurred while validating the feed URL
Awami Web,-,N/A,-,,Pakistan,awamiweb.com,No feed generated,FALSE,,,FALSE,
Awesome Stuff 365,https://awesomestuff365.com/feed,OG,success,2025-11-29 12:06:39,New Zealand,awesomestuff365.com,Irrelevant prospect,FALSE,Later,,FALSE,
Aydınlık,https://aydinlik.com.tr/feed,OG,success,2025-11-29 12:06:47,Turkey,aydinlik.com.tr,To Do,FALSE,Later,,FALSE,
BabyHome,-,N/A,-,,Taiwan,babyhome.com.tw,No feed generated,FALSE,,,FALSE,
Backyard Garden Lover,https://backyardgardenlover.com/feed,OG,success,2025-11-29 11:38:32,United States,backyardgardenlover.com,Sending,FALSE,Karen,,FALSE,
Balkanrock,https://balkanrock.com/feed,OG,success,2025-11-29 12:06:51,Serbia,balkanrock.com,Error adding feed to EBX,FALSE,Karen,,FALSE,An error occurred while validating the feed URL
Bangladesh Post,-,N/A,-,,Bangladesh,bangladeshpost.net,No feed generated,FALSE,,,FALSE,
BanglaNews24.com.bd,https://banglanews24.com/rss.xml,Discovered-pattern,success,2025-11-29 12:06:57,Bangladesh,banglanews24.com,To Do,FALSE,,,FALSE,
Bangla Tribune,https://www.banglatribune.com/feed/,Discovered-autodiscovery,failed,2025-11-29 12:06:57,Bangladesh,banglatribune.com,To Do,FALSE,,,FALSE,
Bangla TV,https://banglatv.tv/rss,OG,success,2025-11-29 12:06:58,Bangladesh,banglatv.tv,To Do,FALSE,Later,,FALSE,
bankingnews.gr,https://bankingnews.gr/rss,OG,success,2025-11-29 12:07:01,Greece,bankingnews.gr,Sending,FALSE,Karen,"Nov 27, 2025 ",FALSE,
Banks News,-,N/A,-,,Greece,banksnews.gr,No feed generated,FALSE,,,FALSE,
Bant Mag,https://bantmag.com/feed,N/A,failed,2025-11-29 12:07:01,Turkey,bantmag.com,No feed generated,FALSE,Later,,FALSE,
Barta Bazar,https://bartabazar.com/feed,N/A,failed,2025-11-29 12:07:01,Bangladesh,bartabazar.com,No feed generated,FALSE,Later,,FALSE,
Basketa.gr,https://basketa.gr/feed,OG,success,2025-11-29 12:07:04,Greece,basketa.gr,Sending,FALSE,Karen,"Nov 27, 2025 ",FALSE,
Başlat Tuşu,https://baslattusu.com/feed,N/A,failed,2025-11-29 12:07:05,Turkey,baslattusu.com,No feed generated,FALSE,Later,,FALSE,
巴士的報,-,N/A,-,,Hong Kong,bastillepost.com,No feed generated,FALSE,,,FALSE,
Batman Çağdaş Gazetesi,http://batmancagdas.com/rss,RSS,success,2025-11-29 12:07:05,Turkey,batmancagdas.com,To Do,FALSE,Later,,FALSE,
bdnews24,-,N/A,-,,Bangladesh,bdnews24.com,No feed generated,FALSE,,,FALSE,
Beatport,-,N/A,-,,United States,beatport.com,No feed generated,FALSE,,,FALSE,
Beebom,https://beebom.com/feed,OG,success,2025-11-29 12:07:08,India,beebom.com,Sending,FALSE,Karen,"Nov 27, 2025 ",FALSE,
Behindwoods,-,N/A,-,,India,behindwoods.com,No feed generated,FALSE,,,FALSE,
BENGÜTÜRK TV,https://benguturk.com/rss,OG,success,2025-11-29 12:07:10,Turkey,benguturk.com,To Do,FALSE,Later,,FALSE,
BetaNews,https://betanews.com/feed,OG,success,2025-11-29 11:38:33,United States,betanews.com,Sending,FALSE,Karen,,FALSE,
Bezuzyteczna.pl,https://bezuzyteczna.pl/feed,OG,success,2025-11-29 12:07:14,Poland,bezuzyteczna.pl,Sending,FALSE,Karen,"Nov 27, 2025 ",FALSE,
Bezzeganya,https://www.borsonline.hu/publicapi/hu/rss/bors/articles,Discovered-autodiscovery,success,2025-11-29 12:07:25,Hungary,bezzeganya.hu,To Do,,,,,
Bulgaria on Air,-,N/A,-,,Bulgaria,bgonair.bg,No feed generated,FALSE,,,FALSE,
BHRT,-,N/A,-,,Bosnia and Herzegovina,bhrt.ba,No feed generated,FALSE,,,FALSE,
Portal Tuzlarije.net,-,N/A,-,,Bosnia and Herzegovina,bhstring.net,No feed generated,FALSE,,,FALSE,
Bianet,-,N/A,-,,Turkey,bianet.org,No feed generated,FALSE,,,FALSE,
Biplabi Sabyasachi News,https://biplabisabyasachi.com/feed,OG,success,2025-11-29 12:07:29,India,biplabisabyasachi.com,Sending,FALSE,Karen,"Nov 27, 2025 ",FALSE,
Aplicatia Biziday,https://biziday.ro/feed,OG,success,2025-11-29 12:07:30,Romania,biziday.ro,Sending,FALSE,Karen,"Nov 27, 2025 ",FALSE,
Black Southern Belle,https://blacksouthernbelle.com/feed,OG,success,2025-11-29 11:39:00,United States,blacksouthernbelle.com,Insufficient/Old Content,FALSE,Karen,,FALSE,Only half of the newsletter is showing
Bladna.nl,-,N/A,-,,Netherlands,bladna.nl,No feed generated,FALSE,,,FALSE,
Blagoevgrad-NEWS,https://blagoevgrad-news.com/feed/,Discovered-autodiscovery,success,2025-11-29 12:07:32,Bulgaria,blagoevgrad-news.com,To Do,FALSE,,,FALSE,
Bleacher Nation,-,N/A,-,,United States,bleachernation.com,No feed generated,FALSE,,,FALSE,
BlenderNation,https://blendernation.com/feed,OG,success,2025-11-29 12:07:35,Netherlands,blendernation.com,Error adding feed to EBX,FALSE,Later,,FALSE,Can't add feed
blife.gr,https://blife.gr/feed,OG,success,2025-11-29 12:07:38,Greece,blife.gr,Sending,FALSE,Karen,"Nov 27, 2025 ",FALSE,
Blitz.bg,https://blitz.bg/rss,Discovered-pattern,success,2025-11-29 12:07:40,Bulgaria,blitz.bg,To Do,FALSE,,,FALSE,
"Block Communications, Inc.",-,N/A,-,,United States,blockcommunications.com,No feed generated,FALSE,,,FALSE,
BLOKO,https://bloko.gr/rss.xml,OG,success,2025-11-29 12:07:49,Greece,bloko.gr,Sending,FALSE,Karen,"Nov 27, 2025 ",FALSE,
Bloomberg TV,-,N/A,-,,Bulgaria,bloombergtv.bg,No feed generated,FALSE,,,FALSE,
Blueprint Newspapers,https://blueprint.ng/feed,N/A,failed,2025-11-29 12:07:49,Nigeria,blueprint.ng,No feed generated,FALSE,Later,,FALSE,
Business Next Media Group,-,N/A,-,,Taiwan,bnext.com.tw,No feed generated,FALSE,,,FALSE,
Bobotoh ID,https://bobotoh.id/feed,OG,success,2025-11-29 12:08:11,Indonesia,bobotoh.id,To Do,FALSE,Later,,FALSE,
Boec.bg,https://boec.bg/feed,OG,success,2025-11-29 12:08:24,Bulgaria,boec.bg,Sending,FALSE,Karen,"Nov 27, 2025 ",FALSE,
bold.dk,-,N/A,-,,Denmark,bold.dk,No feed generated,FALSE,,,FALSE,
Bollywood.com,-,N/A,-,,India,bollywood.com,No feed generated,FALSE,,,FALSE,
Bollywood Bubble,https://bollywoodbubble.com/feed,OG,success,2025-11-29 12:08:41,India,bollywoodbubble.com,Sending,FALSE,Karen,"Nov 27, 2025 ",FALSE,
BollywoodShaadis.com,https://bollywoodshaadis.com/rss,OG,success,2025-11-29 12:08:49,India,bollywoodshaadis.com,To Do,FALSE,Karen,,FALSE,Most of the content in the feed is too old
Mumbai Samachar,https://bombaysamachar.com/feed,OG,success,2025-11-29 12:09:00,India,bombaysamachar.com,Sending,FALSE,Karen,"Nov 27, 2025 ",FALSE,
Daily Bonik Barta,-,N/A,-,,Bangladesh,bonikbarta.net,No feed generated,FALSE,,,FALSE,
Bosloker.com,-,N/A,-,,Indonesia,bosloker.com,No feed generated,FALSE,,,FALSE,
Булевард България Boulevard Bulgaria,https://boulevardbulgaria.bg/feed.atom,Discovered-autodiscovery,success,2025-11-29 12:09:04,Bulgaria,boulevardbulgaria.bg,To Do,FALSE,,,FALSE,
Brasov Time,https://brasov.net/feed,OG,success,2025-11-29 12:09:08,Romania,brasov.net,Sending,FALSE,Karen,"Nov 27, 2025 ",FALSE,
Business Recorder,-,N/A,-,,Pakistan,brecorder.com,No feed generated,FALSE,,,FALSE,
Bredavandaag,-,N/A,-,,Netherlands,bredavandaag.nl,No feed generated,FALSE,,,FALSE,
Brownwood News,https://brownwoodnews.com/feed,OG,success,2025-11-29 11:39:10,United States,brownwoodnews.com,Sending,FALSE,Karen,,TRUE,
budapest kornyeke,https://budapestkornyeke.hu/feed,OG,success,2025-11-29 12:09:10,Hungary,budapestkornyeke.hu,Sending,FALSE,Karen,"Nov 27, 2025 ",FALSE,
Budget Earth,https://budgetearth.com/feed,RSS,success,2025-11-29 11:39:14,United States,budgetearth.com,Irrelevant prospect,FALSE,Karen,,FALSE,
Bumm.sk,-,N/A,-,,Hungary,bumm.sk,No feed generated,FALSE,,,FALSE,
Bursasporda Bugün,-,N/A,-,,Turkey,bursaspordabugun.com,No feed generated,FALSE,,,FALSE,
BusinessFocus,-,N/A,-,,Hong Kong,businessfocus.io,No feed generated,FALSE,,,FALSE,
Business Today,-,N/A,-,,Taiwan,businesstoday.com.tw,No feed generated,FALSE,,,FALSE,
Caldecott Music Group,-,N/A,-,,Singapore,caldecottmusic.com,No feed generated,FALSE,,,FALSE,
Caras Online,https://caon.ro/feed,OG,success,2025-11-29 12:09:31,Romania,caon.ro,Sending,FALSE,Karen,"Nov 27, 2025 ",FALSE,
CapeCod.com,https://www.capecod.com/feed/,Discovered-autodiscovery,success,2025-11-29 11:39:15,United States,capecod.com,Sending,FALSE,Karen,"Nov 26, 2025 ",FALSE,
Capital.ro,https://capital.ro/feed,Discovered-pattern,success,2025-11-29 12:09:35,Romania,capital.ro,To Do,FALSE,,,FALSE,
Capital Blues,-,N/A,-,,India,capitalblues.in,No feed generated,FALSE,,,FALSE,
卡優新聞網,-,N/A,-,,Taiwan,cardu.com.tw,No feed generated,FALSE,,,FALSE,
CarGuide.PH,https://carguide.ph/rss.xml,OG,success,2025-11-29 12:09:39,Philippines,carguide.ph,To Do,FALSE,Later,,FALSE,
Cashless.pl,https://cashless.pl/rss,OG,success,2025-11-29 12:09:43,Poland,cashless.pl,Insufficient/Old Content,FALSE,Karen,,FALSE,Images not showing on newsletter
Catch News,-,N/A,-,,India,catchnews.com,No feed generated,FALSE,,,FALSE,
Cazin Danas,-,N/A,-,,Bosnia and Herzegovina,cazin-danas.net,No feed generated,FALSE,,,FALSE,
Ceknricek.com,https://ceknricek.com/feed,N/A,failed,2025-11-29 12:09:43,Indonesia,ceknricek.com,No feed generated,FALSE,Later,,FALSE,
Channel 24,-,N/A,-,,Bangladesh,channel24bd.tv,No feed generated,FALSE,,,FALSE,
Circle of Cricket India,https://circleofcricket.com/feed/,Discovered-pattern,success,2025-11-29 12:10:04,India,circleofcricket.com,To Do,FALSE,,,FALSE,
Civilhetes,https://civilhetes.net/rss.xml,RSS,success,2025-11-29 12:10:23,Hungary,civilhetes.net,Sending,FALSE,Karen,"Nov 28, 2025 ",FALSE,
Clare FM,https://clare.fm/feed,OG,success,2025-11-29 12:10:25,Ireland,clare.fm,To Do,FALSE,Later,,FALSE,
ClickTheCity,-,N/A,-,,Philippines,clickthecity.com,No feed generated,FALSE,,,FALSE,
clinica.bg,https://clinica.bg/rss/news.xml,Discovered-autodiscovery,success,2025-11-29 12:10:33,Bulgaria,clinica.bg,To Do,FALSE,,,FALSE,
Spitalul de cardiologie Clinicco Brașov,-,N/A,-,,Romania,clinicco.ro,No feed generated,FALSE,,,FALSE,
理財寶,-,N/A,-,,Taiwan,cmoney.tw,No feed generated,FALSE,,,FALSE,
Color Press,https://color.rs/feed,OG,success,2025-11-29 12:10:36,Serbia,color.rs,Parent org,FALSE,Karen,,FALSE,
Compupress,-,N/A,-,,Greece,compupress.gr,No feed generated,FALSE,,,FALSE,
Confidentials.com,-,N/A,-,,United Kingdom,confidentials.com,No feed generated,FALSE,,,FALSE,
Con Las Bases Llenas,-,N/A,-,,United States,conlasbasesllenas.com,No feed generated,FALSE,,,FALSE,
Corren,https://corren.se/rss,OG,success,2025-11-29 12:10:38,Sweden,corren.se,Sending,FALSE,Karen,,FALSE,
Cosmopolitan Taiwan,-,N/A,-,,Taiwan,cosmopolitan.com.tw,No feed generated,FALSE,,,FALSE,
CretaDrive,https://www.cretadrive.gr/feed,Discovered-autodiscovery,success,2025-11-29 12:10:55,Greece,cretadrive.gr,Error adding feed to EBX,FALSE,Karen,,FALSE,An error occurred while validating the feed URL
Cricfit,https://cricfit.com/feed,OG,success,2025-11-29 12:10:57,India,cricfit.com,Error adding feed to EBX,FALSE,Karen,,FALSE,An error occurred while validating the feed URL
Cricketnmore,https://cricketnmore.com/rss.xml,Discovered-pattern,success,2025-11-29 12:11:09,India,cricketnmore.com,To Do,FALSE,,,FALSE,
CricketTimes.com,https://crickettimes.com/feed/,Discovered-autodiscovery,success,2025-11-29 12:11:17,India,crickettimes.com,To Do,FALSE,,,FALSE,
Cricket Shots,https://cricshots.com/feed,OG,success,2025-11-29 12:11:21,India,cricshots.com,Sending,FALSE,Karen,"Nov 28, 2025 ",FALSE,
Crowd Media [Poland],https://crowdmedia.pl/feed,OG,success,2025-11-29 12:11:25,Poland,crowdmedia.pl,Sending,FALSE,Karen,"Nov 28, 2025 ",FALSE,
csakfoci.hu,-,N/A,-,,Hungary,csakfoci.hu,No feed generated,FALSE,,,FALSE,
Cuckoo For Coupon Deals,https://cuckooforcoupondeals.com/feed,OG,success,2025-11-29 11:39:36,United States,cuckooforcoupondeals.com,Irrelevant prospect,FALSE,Karen,,FALSE,
Cuget Liber Constanta,-,N/A,-,,Romania,cugetliber.ro,No feed generated,FALSE,,,FALSE,
Curvy Girl Chic,-,N/A,-,,United States,curvygirlchic.com,No feed generated,FALSE,,,FALSE,
INCREASE SPÓŁKA Z OGRANICZONĄ ODPOWIEDZIALNOŚCIĄ SPÓŁKA KOMANDYTOWA,-,N/A,-,,Poland,cytaty.pl,No feed generated,FALSE,,,FALSE,
Daijiworld News,-,N/A,-,,India,daijiworld.com,No feed generated,FALSE,,,FALSE,
Daily Aaj,-,N/A,-,,Pakistan,dailyaaj.com.pk,No feed generated,FALSE,,,FALSE,
Daily Ausaf,https://dailyausaf.com/feed,N/A,failed,2025-11-29 12:11:25,Pakistan,dailyausaf.com,No feed generated,FALSE,Later,,FALSE,
Daily Post Punjabi,https://dailypost.in/feed,OG,success,2025-11-29 12:11:36,India,dailypost.in,Sending,FALSE,Karen,"Nov 28, 2025 ",FALSE,
Daily Post Nigeria,https://dailypost.ng/feed,OG,success,2025-11-29 12:11:36,Nigeria,dailypost.ng,To Do,FALSE,Later,,FALSE,
Danybon,-,N/A,-,,Bulgaria,danybon.com,No feed generated,FALSE,,,FALSE,
Dap-News,https://dap-news.com/feed,OG,success,2025-11-29 12:11:46,India,dap-news.com,Sending,FALSE,Karen,"Nov 28, 2025 ",FALSE,
Dartfreakz.nl,https://www.dartfreakz.nl/sitemap/news.xml,Discovered-autodiscovery,success,2025-11-29 12:11:50,Netherlands,dartfreakz.nl,Sending,FALSE,Karen,"Nov 26, 2025 ",FALSE,
Dastak Times,https://dastaktimes.org/feed,OG,success,2025-11-29 12:11:55,India,dastaktimes.org,Sending,FALSE,Karen,"Nov 28, 2025 ",FALSE,
DCNews,https://dcnews.ro/feed,RSS,success,2025-11-29 12:11:57,Romania,dcnews.ro,Error adding feed to EBX,FALSE,Karen,,FALSE,An error occurred while validating the feed URL
DDTC Indonesia,-,N/A,-,,Indonesia,ddtc.co.id,No feed generated,FALSE,,,FALSE,
Debreceni Nap,https://debreceninap.hu/feed,OG,success,2025-11-29 12:12:15,Hungary,debreceninap.hu,Sending,FALSE,Karen,"Nov 28, 2025 ",FALSE,
Deccan Chronicle,https://deccanchronicle.com/feed,OG,success,2025-11-29 12:12:19,India,deccanchronicle.com,Sending,FALSE,Karen,"Nov 28, 2025 ",FALSE,
Decoded Magazine,https://www.decodedmagazine.com/feed/,Discovered-autodiscovery,success,2025-11-29 11:39:40,United Kingdom,decodedmagazine.com,To Do,FALSE,Karen,,TRUE,"Replied, not interested"
Deepika,-,N/A,-,,India,deepika.com,No feed generated,FALSE,,,FALSE,
Demotywatory,https://demotywatory.pl/rss,RSS,success,2025-11-29 12:12:21,Poland,demotywatory.pl,Error adding feed to EBX,FALSE,Karen,,FALSE,An error occurred while validating the feed URL
Denge Gazetesi,https://dengegazetesi.com.tr/rss,OG,success,2025-11-29 12:12:25,Turkey,dengegazetesi.com.tr,To Do,FALSE,Later,,FALSE,
DESCOPERA.ro,https://descopera.ro/feed,OG,success,2025-11-29 12:12:28,Romania,descopera.ro,Sending,FALSE,Karen,"Nov 28, 2025 ",FALSE,
Shrirang Prakashan,https://deshdoot.com/feed,OG,success,2025-11-29 12:12:32,India,deshdoot.com,Sending,FALSE,Karen,"Nov 28, 2025 ",FALSE,
Desprecopii,-,N/A,-,,Romania,desprecopii.com,No feed generated,FALSE,,,FALSE,
Detroit Sports Nation,https://detroitsportsnation.com/feed,OG,success,2025-11-29 11:39:42,United States,detroitsportsnation.com,Sending,FALSE,Karen,,FALSE,
DEV Community,https://dev.to/feed,OG,success,2025-11-29 11:39:42,United States,dev.to,Sending,FALSE,Karen,,FALSE,
DforDelhi,https://dfordelhi.in/feed,OG,success,2025-11-29 12:12:48,India,dfordelhi.in,Irrelevant prospect,FALSE,Karen,,FALSE,No new content
Dhanam Business Magazine,https://dhanamonline.com/feed,OG,success,2025-11-29 12:12:49,India,dhanamonline.com,Error adding feed to EBX,FALSE,Karen,,FALSE,An error occurred while validating the feed URL
Diadrastika,https://diadrastika.com/feed,OG,success,2025-11-29 12:12:59,Greece,diadrastika.com,Irrelevant prospect,FALSE,Karen,,FALSE,No new content
DIGI Távközlési és Szolgáltató,-,N/A,-,,Hungary,digi.hu,No feed generated,FALSE,,,FALSE,
Digi24,https://digi24.ro/rss,OG,success,2025-11-29 12:13:06,Romania,digi24.ro,Sending,FALSE,Karen,"Nov 28, 2025 ",FALSE,
Digitaal Dagblad,https://digitaaldagblad.nl/feed,OG,success,2025-11-29 12:13:08,Netherlands,digitaaldagblad.nl,Parent org,FALSE,Later,,FALSE,
OPINIONPOST,https://feeds.feedburner.com/dikaiologitika/ZteV,Discovered-autodiscovery,success,2025-11-29 12:13:10,Greece,dikaiologitika.gr,Sending,FALSE,Karen,"Nov 26, 2025 ",FALSE,
diken.com.tr,https://diken.com.tr/feed,OG,success,2025-11-29 12:13:13,Turkey,diken.com.tr,To Do,FALSE,Later,,FALSE,
Dimarxos,https://dimarxos.gr/feed,OG,success,2025-11-29 12:13:29,Greece,dimarxos.gr,Sending,FALSE,Karen,"Nov 28, 2025 ",FALSE,
Dinakaran,-,N/A,-,,India,dinakaran.com,No feed generated,FALSE,,,FALSE,
Dir.bg,-,N/A,-,,Bulgaria,dir.bg,No feed generated,FALSE,,,FALSE,
Diriliş Postası,https://dirilispostasi.com/rss,OG,success,2025-11-29 12:13:31,Turkey,dirilispostasi.com,To Do,FALSE,Later,,FALSE,
Divya Bhaskar,-,N/A,-,,India,divyabhaskar.co.in,No feed generated,FALSE,,,FALSE,
Dnevnik.rs,https://dnevnik.rs/rss.xml,N/A,failed,2025-11-29 12:13:31,Serbia,dnevnik.rs,No feed generated,FALSE,Later,,FALSE,
DOBA.PL,-,N/A,-,,Poland,doba.pl,No feed generated,FALSE,,,FALSE,
Dobrudja Media Group,https://dobrudjabg.com/rss,OG,success,2025-11-29 12:13:36,Bulgaria,dobrudjabg.com,Sending,FALSE,Karen,"Nov 28, 2025 ",FALSE,
Document.no,https://document.no/feed,OG,success,2025-11-29 12:13:45,Norway,document.no,Sending,FALSE,Karen,,FALSE,
Dokuz Eylül Akademi,https://dokuzeylul.com/rss,OG,success,2025-11-29 12:13:47,Turkey,dokuzeylul.com,To Do,FALSE,Later,,FALSE,
Izaberi zdravo,-,N/A,-,,Bosnia and Herzegovina,dominantni.com,No feed generated,FALSE,,,FALSE,
Donald,https://donald.pl/api/rss/,Discovered-autodiscovery,success,2025-11-29 12:13:53,Poland,donald.pl,To Do,FALSE,,,FALSE,
Dool News,https://doolnews.com/feed,OG,success,2025-11-29 12:14:03,India,doolnews.com,Sending,FALSE,Karen,"Nov 28, 2025 ",FALSE,
DPG Digital Media [CNN Greece],-,N/A,-,,Greece,dpgmedia.gr,No feed generated,FALSE,,,FALSE,
Drents Nieuws,-,N/A,-,,Netherlands,drentsnieuws.nl,No feed generated,FALSE,,,FALSE,
Dubrovnik Insider,https://dubrovnikinsider.hr/feed,OG,success,2025-11-29 12:14:15,Croatia,dubrovnikinsider.hr,Insufficient/Old Content,FALSE,Karen,,FALSE,Images not showing on newsletter
Verbum publicum,-,N/A,-,,Croatia,dubrovnikpress.hr,No feed generated,FALSE,,,FALSE,
Duna Médiaszolgáltató Zrt,-,N/A,-,,Hungary,dunamsz.hu,No feed generated,FALSE,,,FALSE,
Dunaszerdahelyi,https://dunaszerdahelyi.sk/rss,OG,success,2025-11-29 12:14:25,Hungary,dunaszerdahelyi.sk,Sending,FALSE,Karen,"Nov 28, 2025 ",FALSE,
Dynamite News,https://dynamitenews.com/feed,OG,success,2025-11-29 12:14:33,India,dynamitenews.com,Sending,FALSE,Karen,"Nov 28, 2025 ",FALSE,
DZRH Manila,-,N/A,-,,Philippines,dzrhnews.com.ph,No feed generated,FALSE,,,FALSE,
Earki,https://www.earki.co/feed/,Discovered-autodiscovery,success,2025-11-29 12:14:39,Bangladesh,earki.co,To Do,FALSE,,,FALSE,
EatTreat,-,N/A,-,,India,eattreat.in,No feed generated,FALSE,,,FALSE,
Ebasket.gr,https://ebasket.gr/feed,OG,success,2025-11-29 12:14:42,Greece,ebasket.gr,Error adding feed to EBX,FALSE,Karen,,FALSE,An error occurred while validating the feed URL
Eastern Broadcasting Company,-,N/A,-,,Taiwan,ebc.net.tw,No feed generated,FALSE,,,FALSE,
Economic.bg,https://economic.bg/rss.xml,RSS,success,2025-11-29 12:14:50,Bulgaria,economic.bg,To Do,FALSE,Karen,,FALSE,
Economica.net,https://economica.net/feed,OG,success,2025-11-29 12:15:00,Romania,economica.net,Sending,FALSE,Karen,"Nov 28, 2025 ",FALSE,
Economies.com,-,N/A,-,,United States,economies.com,No feed generated,FALSE,,,FALSE,
East Coast Radio,-,N/A,-,,South Africa,ecr.co.za,No feed generated,FALSE,,,FALSE,
eduguide.gr,-,N/A,-,,Greece,eduguide.gr,No feed generated,FALSE,,,FALSE,
EduPedu,https://edupedu.ro/feed,OG,success,2025-11-29 12:15:01,Romania,edupedu.ro,Sending,FALSE,Karen,"Nov 28, 2025 ",FALSE,
Eenadu,-,N/A,-,,India,eenadu.net,No feed generated,FALSE,,,FALSE,
Eger Hírek,https://egerhirek.hu/feed,OG,success,2025-11-29 12:15:25,Hungary,egerhirek.hu,Sending,FALSE,Karen,"Nov 28, 2025 ",FALSE,
EGM Media,https://egmnow.com/feed,OG,success,2025-11-29 11:39:46,United States,egmnow.com,Content not retrieved (retry later),FALSE,Karen,,FALSE,"""No relevant articles found on content feeds""""
(Most articles in the feed are old)"
Ekattor,https://ekattor.tv/feed/,Discovered-autodiscovery,failed,2025-11-29 12:15:25,Bangladesh,ekattor.tv,To Do,FALSE,,,FALSE,
Εκκλησία Online,-,N/A,-,,Greece,ekklisiaonline.gr,No feed generated,FALSE,,,FALSE,
Ekşi Sözlük,-,N/A,-,,Turkey,eksisozluk.com,No feed generated,FALSE,,,FALSE,
NedeljniEkspres,https://ekspres.net/rss.xml,N/A,failed,2025-11-29 12:15:25,Bosnia and Herzegovina,ekspres.net,No feed generated,FALSE,Later,,FALSE,
Ekushey TV,-,N/A,-,,Bangladesh,ekushey-tv.com,No feed generated,FALSE,,,FALSE,
Elbistan Olay,-,N/A,-,,Turkey,elbistanolay.com,No feed generated,FALSE,,,FALSE,
Elegant Star,-,N/A,-,,Croatia,elegant.hr,No feed generated,FALSE,,,FALSE,
ELLE (Bulgaria),https://www.elle.bg/rss/articles.xml,Discovered-autodiscovery,success,2025-11-29 12:15:28,Bulgaria,elle.bg,To Do,FALSE,,,FALSE,
EL Media Group,-,N/A,-,,Greece,elmedia.gr,No feed generated,FALSE,,,FALSE,
Emarat News (الإمارات نيوز),https://emarat-news.ae/feed,OG,success,2025-11-29 12:15:33,United Arab Emirates,emarat-news.ae,Sending,FALSE,Karen,"Nov 28, 2025 ",FALSE,
Emerald Green Media,https://emeraldgreenmedia.com/feed,OG,success,2025-11-29 11:39:48,United Kingdom,emeraldgreenmedia.com,Parent org,FALSE,Sam,,FALSE,
Emlak 365,https://www.emlak365.com.tr/service/rss.php,Discovered-autodiscovery,success,2025-11-29 12:15:35,Turkey,emlak365.com,To Do,FALSE,,,FALSE,
Εναλλακτική Δράση,https://enallaktikidrasi.com/feed,OG,success,2025-11-29 12:15:37,Greece,enallaktikidrasi.com,Sending,FALSE,Karen,"Nov 26, 2025 ",FALSE,
Energypress.gr,https://energypress.gr/rss,Discovered-pattern,success,2025-11-29 12:15:39,Greece,energypress.gr,Error adding feed to EBX,FALSE,Karen,,FALSE,An error occurred while validating the feed URL
Ensonhaber,https://ensonhaber.com/rss.xml,OG,success,2025-11-29 12:15:43,Turkey,ensonhaber.com,To Do,FALSE,Later,,FALSE,
Epirus News,https://epirusnews.eu/feed,OG,success,2025-11-29 12:15:46,Greece,epirusnews.eu,Content not retrieved (retry later),FALSE,Karen,,FALSE,try again later
ePitesti.ro,https://epitesti.ro/feed,OG,success,2025-11-29 12:15:57,Romania,epitesti.ro,Error adding feed to EBX,FALSE,Karen,,FALSE,An error occurred while validating the feed URL
Epoka E Re,https://epokaere.com/feed,"OG (8), RSS (2)",success,2025-11-29 12:16:00,Croatia,epokaere.com,Sending,FALSE,Karen,,FALSE,
Ereğli FM,-,N/A,-,,Turkey,ereglifm.com.tr,No feed generated,FALSE,,,FALSE,
إرم نيوز,-,N/A,-,,United Arab Emirates,eremnews.com,No feed generated,FALSE,,,FALSE,
ESDlife,-,N/A,-,,Hong Kong,esdlife.com,No feed generated,FALSE,,,FALSE,
Esport1,https://esport1.hu/rss,OG,success,2025-11-29 12:16:18,Hungary,esport1.hu,Sending,FALSE,Karen,"Nov 28, 2025 ",FALSE,
Esport Now,https://esportnow.pl/feed,OG,success,2025-11-29 12:16:27,Poland,esportnow.pl,Sending,FALSE,Karen,"Nov 28, 2025 ",FALSE,
Essex Media Group,-,N/A,-,,United States,essexmediagroup.com,Sending,FALSE,Karen,,FALSE,
Ethnos,https://ethnos.gr/rss,OG,success,2025-11-29 12:16:32,Greece,ethnos.gr,Sending,FALSE,Karen,"Nov 28, 2025 ",FALSE,
ET Today,-,N/A,-,,Taiwan,ettoday.net,No feed generated,FALSE,,,FALSE,
The Eurasian Times,https://eurasiantimes.com/feed,OG,success,2025-11-29 12:16:37,India,eurasiantimes.com,Sending,FALSE,Karen,"Nov 28, 2025 ",FALSE,
eVarazdin,-,N/A,-,,Croatia,evarazdin.hr,No feed generated,FALSE,,,FALSE,
EVZ Group,-,N/A,-,,Romania,evz.ro,No feed generated,FALSE,,,FALSE,
Expat Woman,-,N/A,-,,United Arab Emirates,expatwoman.com,No feed generated,FALSE,,,FALSE,
Extra Świecie,https://extraswiecie.pl/feed,OG,success,2025-11-29 12:16:40,Poland,extraswiecie.pl,Sending,FALSE,Karen,"Nov 28, 2025 ",FALSE,
F1Maximaal.nl,https://www.f1maximaal.nl/sitemap/news.xml,Discovered-autodiscovery,success,2025-11-29 12:16:49,Netherlands,f1maximaal.nl,Error adding feed to EBX,FALSE,Karen,,FALSE,An error occurred while validating the feed URL
F1VILÁG,https://f1vilag.hu/feed,OG,success,2025-11-29 12:16:53,Hungary,f1vilag.hu,No feed generated,FALSE,Later,,FALSE,
Face TV Sarajevo,https://face.ba/feed,OG,success,2025-11-29 12:16:55,Bosnia and Herzegovina,face.ba,Sending,FALSE,Karen,"Nov 28, 2025 ",FALSE,
FacMedicine,https://facmedicine.com/feed,OG,success,2025-11-29 11:39:50,United States,facmedicine.com,Irrelevant prospect,FALSE,Karen,,FALSE,
Hope Faith Love,https://faithhub.net/feed,Discovered-pattern,success,2025-11-29 11:39:55,United States,faithhub.net,Irrelevant prospect,FALSE,Karen,,FALSE,
Famous Birthdays,-,N/A,-,,United States,famousbirthdays.com,No feed generated,FALSE,,,FALSE,
Fangol PL,https://fangol.pl/rss,RSS,success,2025-11-29 12:16:56,Poland,fangol.pl,Error adding feed to EBX,FALSE,Karen,,FALSE,An error occurred while validating the feed URL
FanPiece,-,N/A,-,,Hong Kong,fanpiece.com,No feed generated,FALSE,,,FALSE,
FHM Nederland,https://fhm.nl/sitemap/news.xml,Discovered-autodiscovery,success,2025-11-29 12:17:01,Netherlands,fhm.nl,Sending,FALSE,Karen,"Nov 25, 2025 ",FALSE,
Fight24.pl,https://fight24.pl/feed,RSS,success,2025-11-29 12:17:06,Poland,fight24.pl,Irrelevant prospect,FALSE,Karen,,FALSE,No new content
Film Companion,https://filmcompanion.in/feed,OG,success,2025-11-29 12:17:08,India,filmcompanion.in,Irrelevant prospect,FALSE,Karen,,FALSE,No new content
Filmtekercs,https://filmtekercs.hu/feed,N/A,failed,2025-11-29 12:17:08,Hungary,filmtekercs.hu,No feed generated,FALSE,Later,,FALSE,
Findance,-,N/A,-,,Finland,findance.com,No feed generated,FALSE,,,FALSE,
Finder,https://finder.com.au/feed,OG,success,2025-11-29 12:17:09,Australia,finder.com.au,Irrelevant prospect,FALSE,Later,,FALSE,
First Coast News,-,N/A,-,,United States,firstcoastnews.com,No feed generated,FALSE,,,FALSE,
Media 365 j.d.o.o,https://fiuman.hr/feed,OG,success,2025-11-29 12:17:20,Croatia,fiuman.hr,Sending,FALSE,Karen,,FALSE,
Flashnews.gr,https://flashnews.gr/feed,OG,success,2025-11-29 12:17:35,Greece,flashnews.gr,Error adding feed to EBX,FALSE,Karen,,FALSE,An error occurred while validating the feed URL
Flashstar.gr,https://flashstars.gr/rss.xml,OG,success,2025-11-29 12:17:36,Greece,flashstars.gr,Irrelevant prospect,FALSE,Karen,,FALSE,No new content
Flood Communications,https://floodcomm.com/feed,Discovered-pattern,success,2025-11-29 11:39:59,United States,floodcomm.com,Parent org,FALSE,Karen,,FALSE,
Flow Magazine GR,-,N/A,-,,Greece,flowmagazine.gr,No feed generated,FALSE,,,FALSE,
Fly4Free,https://fly4free.pl/feed,OG,success,2025-11-29 12:17:41,Poland,fly4free.pl,Sending,FALSE,Karen,"Nov 28, 2025 ",FALSE,
Foochia,-,N/A,-,,United Arab Emirates,foochia.com,No feed generated,FALSE,,,FALSE,
Forever Communications,http://forevercom.com/feed,OG,success,2025-11-29 11:40:04,United States,forevercom.com,Parent org,FALSE,Karen,,FALSE,
Forum 24,-,N/A,-,,,forum24.fi,No feed generated,FALSE,,,FALSE,
放言 Fount Media,-,N/A,-,,Taiwan,fountmedia.io,No feed generated,FALSE,,,FALSE,
Fox 21 News,https://fox21online.com/feed,OG,success,2025-11-29 11:40:04,United States,fox21online.com,Sending,FALSE,Karen,,FALSE,
WPMT Fox43,-,N/A,-,,United States,fox43.com,No feed generated,FALSE,,,FALSE,
Ferencvárosi Torna Club,https://fradi.hu/rss,OG,success,2025-11-29 12:17:58,Hungary,fradi.hu,Sending,FALSE,Karen,"Nov 28, 2025 ",FALSE,
Fragile,https://fragilemag.gr/feed,OG,success,2025-11-29 12:18:01,Greece,fragilemag.gr,Sending,FALSE,Karen,"Nov 28, 2025 ",FALSE,
Francuskie.pl - Dziennik motoryzacji francuskiej,https://francuskie.pl/feed,OG,success,2025-11-29 12:18:04,Poland,francuskie.pl,Sending,FALSE,Karen,"Nov 28, 2025 ",FALSE,
Freddo News,https://freddonews.eu/feed,N/A,failed,2025-11-29 12:18:04,Greece,freddonews.eu,No feed generated,FALSE,Later,,FALSE,
Free Press Journal,-,N/A,-,,India,freepressjournal.in,No feed generated,FALSE,,,FALSE,
Fresh: Hip-Hop & R&B,https://freshhiphoprnb.com/feed,OG,success,2025-11-29 11:40:07,United States,freshhiphoprnb.com,Sending,FALSE,Karen,,FALSE,
G4 Media,https://g4media.ro/feed,OG,success,2025-11-29 12:18:07,Romania,g4media.ro,Sending,FALSE,Karen,"Nov 28, 2025 ",FALSE,
GadgetMatch,https://gadgetmatch.com/feed,OG,success,2025-11-29 12:18:16,Singapore,gadgetmatch.com,Sending,FALSE,Karen,,FALSE,
Gadgets Pilipinas,https://gadgetpilipinas.net/feed,OG,success,2025-11-29 12:18:29,Philippines,gadgetpilipinas.net,To Do,FALSE,Later,,FALSE,
Gamedaim,https://gamedaim.com/feed,OG,success,2025-11-29 12:18:34,Indonesia,gamedaim.com,To Do,FALSE,Later,,FALSE,
Gamer Network,-,N/A,-,,United Kingdom,gamer.network,No feed generated,FALSE,,,FALSE,
GameReactor EU,https://www.gamereactor.eu/rss/rss.php,Discovered-autodiscovery,success,2025-11-29 12:18:37,Denmark,gamereactor.eu,Sending,FALSE,Karen,"Nov 26, 2025 ",FALSE,
GameStar Hungary,-,N/A,-,,Hungary,gamestar.hu,No feed generated,FALSE,,,FALSE,
Gandul,https://gandul.info/feed,OG,success,2025-11-29 12:18:41,Romania,gandul.info,Sending,FALSE,Karen,"Nov 28, 2025 ",FALSE,
Gazeta Express,https://gazetaexpress.com/feed,N/A,failed,2025-11-29 12:18:41,Serbia,gazetaexpress.com,Insufficient/Old Content,FALSE,Karen,,FALSE,Images not showing on newsletter
Gazete Damga,https://www.gazetebirlik.com/rss/news,Discovered-autodiscovery,success,2025-11-29 12:18:44,Turkey,gazetedamga.com.tr,To Do,FALSE,,,FALSE,
Gazete Duvar,-,N/A,-,,Turkey,gazeteduvar.com.tr,No feed generated,FALSE,,,FALSE,
Gazeta de Sud,https://gds.ro/feed,OG,success,2025-11-29 12:18:47,Romania,gds.ro,Sending,FALSE,Karen,"Nov 28, 2025 ",FALSE,
Geo News,-,N/A,-,,Pakistan,geo.tv,No feed generated,FALSE,,,FALSE,
Geopolitika,https://geopolitika.news/feed,OG,success,2025-11-29 12:18:54,Croatia,geopolitika.news,Error adding feed to EBX,FALSE,Karen,,FALSE,"""An error occurred while validating the feed URL"""
Germanijak,-,N/A,-,,Croatia,germanijak.hr,No feed generated,FALSE,,,FALSE,
Gewoonvoorhem,https://gewoonvoorhem.nl/feed,OG,success,2025-11-29 12:19:00,Netherlands,gewoonvoorhem.nl,Sending,FALSE,Later,,FALSE,
Giladiskon,-,N/A,-,,Indonesia,giladiskon.com,No feed generated,FALSE,,,FALSE,
GistReel,https://gistreel.com/feed,OG,success,2025-11-29 12:19:01,Nigeria,gistreel.com,To Do,FALSE,Later,,FALSE,
Glamsham.com,https://glamsham.com/feed,OG,success,2025-11-29 12:19:17,India,glamsham.com,Insufficient/Old Content,FALSE,Karen,,FALSE,Images not showing on newsletter
Glas javnosti,-,N/A,-,,Serbia,glas-javnosti.rs,No feed generated,FALSE,,,FALSE,
Glas Slavonije,https://glas-slavonije.hr/rss.xml,OG,success,2025-11-29 12:19:19,Croatia,glas-slavonije.hr,Sending,FALSE,Karen,,FALSE,
Glasove,-,N/A,-,,Bulgaria,glasove.com,No feed generated,FALSE,,,FALSE,
Glas Srpske,https://www.glassrpske.com/lat/rss/najnovije,Discovered-autodiscovery,success,2025-11-29 12:19:20,Bosnia and Herzegovina,glassrpske.com,To Do,FALSE,,,FALSE,
Glas zapadne Srbije,-,N/A,-,,Serbia,glaszapadnesrbije.rs,No feed generated,FALSE,,,FALSE,
Global News Marathi,-,N/A,-,,India,globalnewsmarathi.com,No feed generated,FALSE,,,FALSE,
Goneis,https://goneis.info/feed,OG,success,2025-11-29 12:19:30,Greece,goneis.info,Content not retrieved (retry later),FALSE,Karen,,FALSE,No relevant articles found on content feeds
GoRiau,-,N/A,-,,Indonesia,goriau.com,No feed generated,FALSE,,,FALSE,
Gospel Hotspot,https://gospelhotspot.net/feed,OG,success,2025-11-29 12:19:35,Nigeria,gospelhotspot.net,To Do,FALSE,Later,,FALSE,
Goss.ie,https://goss.ie/feed,N/A,failed,2025-11-29 12:19:35,Ireland,goss.ie,No feed generated,FALSE,Later,,FALSE,
Południowa Oficyna Wydawnicza,-,N/A,-,,Poland,gostynska.pl,No feed generated,FALSE,,,FALSE,
Gosu Gamers,https://gosugamers.net/articles/rss,Discovered-pattern,success,2025-11-29 12:19:40,Singapore,gosugamers.net,Sending,FALSE,Karen,"Nov 26, 2025 ",FALSE,
Gazeta Polska Codziennie,-,N/A,-,,Poland,gpcodziennie.pl,No feed generated,FALSE,,,FALSE,
Grabien News,https://grabien.com/rss,OG,success,2025-11-29 11:40:08,United States,grabien.com,Irrelevant prospect,FALSE,Karen,,FALSE,
Graham Media Group,-,N/A,-,,United States,grahammedia.com,No feed generated,FALSE,,,FALSE,
Gransport.gr,https://grandsport.gr/feed,RSS,success,2025-11-29 12:19:42,Greece,grandsport.gr,To Do,FALSE,Karen,,FALSE,
Great American Outdoors,-,N/A,-,,United States,greatamericanoutdoors.com,No feed generated,FALSE,,,FALSE,
GreaterGood,-,N/A,-,,United States,greatergood.com,No feed generated,FALSE,,,FALSE,
Greater Kashmir,-,N/A,-,,India,greaterkashmir.com,No feed generated,FALSE,,,FALSE,
Great News,https://greatnews.ro/feed,OG,success,2025-11-29 12:19:59,Romania,greatnews.ro,Sending,FALSE,Karen,"Nov 26, 2025 ",FALSE,
Greek City Times,https://greekcitytimes.com/feed/,Discovered-pattern,success,2025-11-29 12:20:00,Australia,greekcitytimes.com,Error adding feed to EBX,FALSE,Karen,,FALSE,"""An error occurred while validating the feed URL"""
Grenda,-,N/A,-,,Norway,grenda.no,No feed generated,FALSE,,,FALSE,
Vlachopoulos Greveniotis,https://greveniotis.gr/feed,OG,success,2025-11-29 12:20:15,Greece,greveniotis.gr,Sending,FALSE,Karen,"Nov 28, 2025 ",FALSE,
Greynium Information Technologies Pvt. Ltd.,-,N/A,-,,India,greynium.com,No feed generated,FALSE,,,FALSE,
Group Medya,-,N/A,-,,Turkey,groupmedya.com,No feed generated,FALSE,,,FALSE,
Guident,-,N/A,-,,India,guident.net,No feed generated,FALSE,,,FALSE,
GujaratSamachar,-,N/A,-,,India,gujaratsamachar.com,No feed generated,FALSE,,,FALSE,
Gündeme Bakış,https://gundemebakis.com/rss,OG,success,2025-11-29 12:20:18,Turkey,gundemebakis.com,To Do,FALSE,Later,,FALSE,
GYŐR + MÉDIA Zrt.,https://gyorplusz.hu/feed,OG,success,2025-11-29 12:20:33,Hungary,gyorplusz.hu,Sending,FALSE,Karen,"Nov 28, 2025 ",FALSE,
Haber7,https://i12.haber7.net/sondakika/newsstand/latest.xml,Discovered-autodiscovery,success,2025-11-29 12:20:38,Turkey,haber7.com,To Do,FALSE,,,FALSE,
Haber Denizli,-,N/A,-,,Turkey,haberdenizli.com,No feed generated,FALSE,,,FALSE,
Haber Hendek,-,N/A,-,,Turkey,haberhendek.com,No feed generated,FALSE,,,FALSE,
Haberiniz Olsun,https://haberiniz.com.tr/feed/,Discovered-autodiscovery,success,2025-11-29 12:20:55,Turkey,haberiniz.com.tr,To Do,FALSE,,,FALSE,
Haberler.com,https://rss.haberler.com/rss.asp,Discovered-autodiscovery,success,2025-11-29 12:21:01,Turkey,haberler.com,To Do,FALSE,,,FALSE,
Handball-Planet.com,https://handball-planet.com/feed,N/A,failed,2025-11-29 12:21:01,Serbia,handball-planet.com,No feed generated,FALSE,Later,,FALSE,
Χανιώτικα νέα,https://haniotika-nea.gr/feed,OG,success,2025-11-29 12:21:05,Greece,haniotika-nea.gr,Sending,FALSE,Karen,"Nov 28, 2025 ",FALSE,
Parovi - Reality Show,https://happytv.rs/feed/,Discovered-autodiscovery,success,2025-11-29 12:21:11,Serbia,happytv.rs,To Do,FALSE,,,FALSE,
Harmonikum,https://harmonikum.co/feed,OG,success,2025-11-29 12:21:16,Hungary,harmonikum.co,Sending,FALSE,Karen,"Nov 28, 2025 ",FALSE,
HasználtAlma,-,N/A,-,,Hungary,hasznaltalma.hu,No feed generated,FALSE,,,FALSE,
Hayat.ba,https://hayat.ba/rss,OG,success,2025-11-29 12:21:21,Bosnia and Herzegovina,hayat.ba,Sending,FALSE,Karen,"Nov 28, 2025 ",FALSE,
HCL.hr Gaming Portal,https://hcl.hr/feed,OG,success,2025-11-29 12:21:25,Croatia,hcl.hr,Insufficient/Old Content,FALSE,Karen,,FALSE,Images not showing on newsletter
Healing Effect,https://healingeffect.gr/feed,OG,success,2025-11-29 12:21:29,Greece,healingeffect.gr,Irrelevant prospect,FALSE,Karen,,FALSE,
HealthMag,https://healthmag.gr/feed,OG,success,2025-11-29 12:21:34,Greece,healthmag.gr,Sending,FALSE,Karen,"Nov 26, 2025 ",FALSE,
Hello Health Group,https://hellohealthgroup.com/feed,RSS,success,2025-11-29 12:21:39,Singapore,hellohealthgroup.com,Irrelevant prospect,FALSE,Karen,,FALSE,
Hello Sehat,-,N/A,-,,Indonesia,hellosehat.com,No feed generated,FALSE,,,FALSE,
Her,-,N/A,-,,Ireland,her.ie,No feed generated,FALSE,,,FALSE,
Herzegovina.info,-,N/A,-,,Bosnia and Herzegovina,hercegovina.info,No feed generated,FALSE,,,FALSE,
Her Way,https://herway.net/feed,OG,success,2025-11-29 12:21:43,Bosnia and Herzegovina,herway.net,Irrelevant prospect,FALSE,Karen,,FALSE,No new articles since September
Highland Radio,https://highlandradio.com/feed,OG,success,2025-11-29 12:21:47,Ireland,highlandradio.com,Sending,FALSE,Later,,FALSE,
Himachal Dastak Media Group,https://himachaldastak.com/feed/,Discovered-autodiscovery,success,2025-11-29 12:21:54,India,himachaldastak.com,To Do,FALSE,,,FALSE,
Székely Hírmondó,https://szekelyhon.ro/rss/szekelyhon_hirek.xml,Discovered-autodiscovery,success,2025-11-29 12:22:00,Romania,hirmondo.ro,To Do,FALSE,,,FALSE,
HNGN Headlines & Global News,-,N/A,-,,United States,hngn.com,No feed generated,FALSE,,,FALSE,
Lynn Group Media,https://hoganstand.com/rss,RSS,success,2025-11-29 12:22:01,Ireland,hoganstand.com,Sending,FALSE,Later,,FALSE,
"Homelife Media, LLC",https://homelifemedia.com/feed,OG,success,2025-11-29 11:40:12,United States,homelifemedia.com,Irrelevant prospect,FALSE,Karen,,FALSE,
Hookshot Media,-,N/A,-,,United Kingdom,hookshot.media,No feed generated,FALSE,,,FALSE,
Horror Fuel,https://horrorfuel.com/feed/,Discovered-autodiscovery,success,2025-11-29 11:40:28,United States,horrorfuel.com,Sending,FALSE,Karen,"Nov 25, 2025 ",FALSE,
Horror Society,https://horrorsociety.com/feed,OG,success,2025-11-29 11:40:34,United States,horrorsociety.com,Sending,FALSE,Karen,,FALSE,
Hotnews.ro,https://hotnews.ro/feed,OG,success,2025-11-29 12:22:04,Romania,hotnews.ro,Sending,FALSE,Karen,"Nov 26, 2025 ",FALSE,
HT Press Online,-,N/A,-,,Greece,htpress.gr,No feed generated,FALSE,,,FALSE,
MSN Money,-,N/A,-,,United States,http://www.msn.com/money,No feed generated,FALSE,,,FALSE,
Huawei Central,-,N/A,-,,India,huaweicentral.com,No feed generated,FALSE,,,FALSE,
Hum Network,https://hum.tv/feed/,Discovered-autodiscovery,success,2025-11-29 12:22:07,Pakistan,hum.tv,To Do,FALSE,,,FALSE,
Humans Are Free,-,N/A,-,,United States,humansarefree.com,No feed generated,FALSE,,,FALSE,
Hürriyet Daily News,https://hurriyetdailynews.com/rss.php,Discovered-pattern,success,2025-11-29 12:22:17,Turkey,hurriyetdailynews.com,To Do,FALSE,,,FALSE,
Hürriyet Gazetecilik ve Matbaacılık,https://hurriyetkurumsal.com/feed,RSS,success,2025-11-29 12:22:22,Turkey,hurriyetkurumsal.com,Parent org,FALSE,Karen,,FALSE,
Hysteria,https://hysteria.gr/feed,OG,success,2025-11-29 12:22:27,Greece,hysteria.gr,Irrelevant prospect,FALSE,Karen,,FALSE,
S.B. Multimedia Private Limited,https://ibc24.in/feed,OG,success,2025-11-29 12:22:41,India,ibc24.in,Sending,FALSE,Karen,"Nov 28, 2025 ",FALSE,
Investor Media Group,-,N/A,-,,Bulgaria,ibg.bg,No feed generated,FALSE,,,FALSE,
International Business Times India,https://ibtimes.co.in/rss.xml,OG,success,2025-11-29 12:22:44,India,ibtimes.co.in,Sending,FALSE,Karen,"Nov 28, 2025 ",FALSE,
ICV,-,N/A,-,,Croatia,icv.hr,No feed generated,FALSE,,,FALSE,
IDP connect,-,N/A,-,,India,idp-connect.com,No feed generated,FALSE,,,FALSE,
iFarsala,https://ifarsala.gr/feed,OG,success,2025-11-29 12:22:49,Greece,ifarsala.gr,Sending,FALSE,Later,"Nov 26, 2025 ",FALSE,
iFitnessbook.com,-,N/A,-,,Greece,ifitnessbook.com,No feed generated,FALSE,,,FALSE,
iHunt.gr,https://ihunt.gr/feed,OG,success,2025-11-29 12:23:16,Greece,ihunt.gr,Sending,FALSE,Karen,"Nov 28, 2025 ",FALSE,
İleri Haber,-,N/A,-,,Turkey,ilerihaber.org,No feed generated,FALSE,,,FALSE,
Interlink Multi Media,-,N/A,-,,Pakistan,immcorporate.com,No feed generated,FALSE,,,FALSE,
Standard Publications,-,N/A,-,,Malta,independent.com.mt,No feed generated,FALSE,,,FALSE,
Independent24x7,-,N/A,-,,India,independent24x7.com,No feed generated,FALSE,,,FALSE,
Independent Media,-,N/A,-,,South Africa,independentmedia.co.za,No feed generated,FALSE,,,FALSE,
Index.hu Zrt.,https://index.hu/24ora/rss/,Discovered-autodiscovery,success,2025-11-29 12:23:22,Hungary,index.hu,To Do,FALSE,,,FALSE,
India Forums,https://indiaforums.com/feeds/0/index?type=rss20,Discovered-autodiscovery,success,2025-11-29 12:23:26,India,indiaforums.com,To Do,FALSE,,,FALSE,
India TV,https://api.indiatvnews.com/v3/en/gp7naGtJSQrs9oi/rss/topstory,Discovered-autodiscovery,success,2025-11-29 12:23:27,India,indiatvnews.com,To Do,FALSE,,,FALSE,
Indigo Dergisi,https://indigodergisi.com/feed,OG,success,2025-11-29 12:23:29,Turkey,indigodergisi.com,To Do,FALSE,Later,,FALSE,
Indosport.com,-,N/A,-,,Indonesia,indosport.com,No feed generated,FALSE,,,FALSE,
İnegöl Online,https://www.inegolonline.com/rss-baglantilari/rss.xml?limit=100,Discovered-autodiscovery,success,2025-11-29 12:23:32,Turkey,inegolonline.com,To Do,FALSE,,,FALSE,
Info Brcko,https://infobrcko.com/?format=feed&type=rss,Discovered-autodiscovery,success,2025-11-29 12:23:36,Bosnia and Herzegovina,infobrcko.com,To Do,FALSE,,,FALSE,
Info Pápa,-,N/A,-,,Hungary,infopapa.hu,No feed generated,FALSE,,,FALSE,
Informer,-,N/A,-,,Serbia,informer.rs,No feed generated,FALSE,,,FALSE,
Infovodice,-,N/A,-,,Croatia,infovodice.com,No feed generated,FALSE,,,FALSE,
冒牌生 inmywordz,https://inmywordz.com/feed,OG,success,2025-11-29 12:23:38,Taiwan,inmywordz.com,To Do,FALSE,Later,,FALSE,
Insajder,-,N/A,-,,Serbia,insajder.net,No feed generated,FALSE,,,FALSE,
Insajderi,https://insajderi.com/feed,OG,success,2025-11-29 12:23:40,Serbia,insajderi.com,To Do,FALSE,Later,,FALSE,
Kira9 Edumedia Pvt Ltd.,-,N/A,-,,India,insideiim.com,No feed generated,FALSE,,,FALSE,
Academy of Interactive Arts and Sciences,-,N/A,-,,United States,interactive.org,No feed generated,FALSE,,,FALSE,
Internetcorp SRL,https://internetcorp.ro/feed,OG,success,2025-11-29 12:23:48,Romania,internetcorp.ro,To Do,FALSE,Later,,FALSE,
In the Bunch,https://inthebunch.co.za/feed,OG,success,2025-11-29 12:24:11,South Africa,inthebunch.co.za,Irrelevant prospect,FALSE,Karen,,FALSE,Inactive since 2023
InTheCage.pl,https://inthecage.pl/feed,OG,success,2025-11-29 12:24:16,Poland,inthecage.pl,To Do,FALSE,Later,,FALSE,
iPaidia News,https://ipaidia.gr/feed,OG,success,2025-11-29 12:24:19,Greece,ipaidia.gr,To Do,FALSE,Later,,FALSE,
iQlik Movies,https://iqlikmovies.com/blog/feed,N/A,failed,2025-11-29 12:24:39,India,iqlikmovies.com,To Do,FALSE,Later,,FALSE,
iRadio,https://iradio.ie/feed,OG,success,2025-11-29 12:24:46,Ireland,iradio.ie,Sending,FALSE,Later,,FALSE,
Digital Impact Lab LLC,https://iranintl.com/feed,OG,success,2025-11-29 11:40:36,United Kingdom,iranintl.com,Irrelevant prospect,FALSE,Sam,,FALSE,
Ittefaq Group,https://www.ittefaq.com.bd/feed/,Discovered-autodiscovery,failed,2025-11-29 12:24:46,Bangladesh,ittefaq.com.bd,To Do,FALSE,,,FALSE,
ittlakunk.hu,-,N/A,-,,Hungary,ittlakunk.hu,No feed generated,FALSE,,,FALSE,
Ízes élet,https://izeselet.hu/feed,OG,success,2025-11-29 12:24:55,Hungary,izeselet.hu,To Do,FALSE,Later,,FALSE,
İzmir’de Son Dakika,https://izmirdesondakika.com.tr/rss,OG,success,2025-11-29 12:24:59,Turkey,izmirdesondakika.com.tr,To Do,FALSE,Later,,FALSE,
İzmir Gündemi,https://izmirgundemi.net/feed,N/A,failed,2025-11-29 12:25:00,Turkey,izmirgundemi.net,To Do,FALSE,Later,,FALSE,
Jacaranda FM,-,N/A,-,,South Africa,jacarandafm.com,No feed generated,FALSE,,,FALSE,
Jaintabarta24.com,-,N/A,-,,India,jaintabarta24.com,No feed generated,FALSE,,,FALSE,
Jamuna Television Ltd.,-,N/A,-,,Bangladesh,jamuna.tv,No feed generated,FALSE,,,FALSE,
Janam TV,-,N/A,-,,India,janamtv.com,No feed generated,FALSE,,,FALSE,
Jatkoaika.com,https://www.jatkoaika.com/rss/index.rss,Discovered-autodiscovery,success,2025-11-29 12:25:02,Finland,jatkoaika.com,Sending,FALSE,Karen,"Nov 25, 2025 ",FALSE,
Javed Chaudhry,https://javedch.com/feed,OG,success,2025-11-29 12:25:03,Pakistan,javedch.com,To Do,FALSE,Later,,FALSE,
JK MEDIA,https://jkmedia.net/?feed=rss2,Discovered-autodiscovery,success,2025-11-29 12:25:05,India,jkmedia.net,To Do,FALSE,,,FALSE,
Jobbland,-,N/A,-,,Sweden,jobbland.se,No feed generated,FALSE,,,FALSE,
Joemonster.org,https://joemonster.org/backend.php,Discovered-autodiscovery,success,2025-11-29 12:25:08,Poland,joemonster.org,To Do,FALSE,,,FALSE,
Juksy,-,N/A,-,,Taiwan,juksy.com,No feed generated,FALSE,,,FALSE,
ÎCS REFORMA ART SRL,-,N/A,-,,Romania,jurnaltv.md,No feed generated,FALSE,,,FALSE,
Just A Pinch Recipes,https://feeds.feedburner.com/RecipeOfTheDayFromJustAPinchRecipes,Discovered-autodiscovery,success,2025-11-29 11:40:38,United States,justapinch.com,Sending,FALSE,Karen,"Nov 25, 2025 ",FALSE,
Kairali News,https://kairalinewsonline.com/feed,OG,success,2025-11-29 12:25:09,India,kairalinewsonline.com,No feed generated,FALSE,Later,,FALSE,
Kaldata,https://www.kaldata.com/feed,Discovered-autodiscovery,success,2025-11-29 12:25:13,Bulgaria,kaldata.com,To Do,FALSE,,,FALSE,
Kaler Kantho,https://kalerkantho.com/rss.xml,Discovered-pattern,success,2025-11-29 12:25:13,Bangladesh,kalerkantho.com,To Do,FALSE,,,FALSE,
Kamudan Haber,https://kamudanhaber.net/rss,RSS,success,2025-11-29 12:25:14,Turkey,kamudanhaber.net,To Do,FALSE,Later,,FALSE,
Kanal D Romania,https://kanald.ro/feed,OG,success,2025-11-29 12:25:23,Romania,kanald.ro,To Do,FALSE,Later,,FALSE,
Kannada Prabha,https://kannadaprabha.com/feed,OG,success,2025-11-29 12:25:25,India,kannadaprabha.com,To Do,FALSE,Later,,FALSE,
Kaos GL,-,N/A,-,,Turkey,kaosgl.org,No feed generated,FALSE,,,FALSE,
Karar Haber,https://karar.com/rss,OG,success,2025-11-29 12:25:28,Turkey,karar.com,To Do,FALSE,Later,,FALSE,
Karditsa Live,-,N/A,-,,Greece,karditsalive.net,No feed generated,FALSE,,,FALSE,
Karlovački,https://karlovacki.hr/feed,OG,success,2025-11-29 12:25:32,Croatia,karlovacki.hr,Sending,FALSE,Karen,"Nov 21, 2025 ",FALSE,
Kasaragod Vartha,https://kasargodvartha.com/feed.xml,OG,success,2025-11-29 12:25:38,India,kasargodvartha.com,To Do,FALSE,Later,,FALSE,
Kashmir Observer,https://kashmirobserver.net/feed/,Discovered-autodiscovery,failed,2025-11-29 12:25:38,India,kashmirobserver.net,To Do,FALSE,,,FALSE,
Kaskus,https://kaskus.co.id/rss,OG,success,2025-11-29 12:25:48,Indonesia,kaskus.co.id,To Do,FALSE,Later,,FALSE,
KavalaNews.GR,https://kavalanews.gr/rss.xml,OG,success,2025-11-29 12:25:53,Greece,kavalanews.gr,To Do,FALSE,Later,,FALSE,
Kalkulatory Budowlane,https://kb.pl/feeds/,Discovered-autodiscovery,success,2025-11-29 12:25:55,Poland,kb.pl,To Do,FALSE,,,FALSE,
Kcbd,-,N/A,-,,United States,kcbd.com,No feed generated,FALSE,,,FALSE,
KCRG,-,N/A,-,,United States,kcrg.com,No feed generated,FALSE,,,FALSE,
Kaumudi Cyber Studio (P) Ltd,https://keralakaumudi.com/rss/topstories,Discovered-autodiscovery,success,2025-11-29 12:26:03,India,keralakaumudi.com,To Do,FALSE,,,FALSE,
Kerala Times,https://keralatimes.com/feed,OG,success,2025-11-29 12:26:04,India,keralatimes.com,To Do,FALSE,Later,,FALSE,
Keşan Postası,https://kesanpostasi.com/feed,OG,success,2025-11-29 12:26:20,Turkey,kesanpostasi.com,To Do,FALSE,Later,,FALSE,
KEYC News Now,-,N/A,-,,United States,keyc.com,No feed generated,FALSE,,,FALSE,
Kfyr Tv,-,N/A,-,,United States,kfyrtv.com,No feed generated,FALSE,,,FALSE,
Khabarchhe,https://khabarchhe.com/rss,OG,success,2025-11-29 12:26:27,India,khabarchhe.com,To Do,FALSE,Later,,FALSE,
Khasokhas,https://khasokhas.com/feed,OG,success,2025-11-29 11:40:47,United States,khasokhas.com,Irrelevant prospect,FALSE,Karen,,FALSE,
Kishoreganjnews,-,N/A,-,,Bangladesh,kishoreganjnews.com,No feed generated,FALSE,,,FALSE,
KitGuru,https://kitguru.net/feed,OG,success,2025-11-29 11:40:54,United Kingdom,kitguru.net,Insufficient/Old Content,FALSE,Karen,,FALSE,"Images not showing, format looks weird"
Kmeta.bg,-,N/A,-,,Bulgaria,kmeta.bg,No feed generated,FALSE,,,FALSE,
Kobieta.pl,https://kobieta.pl/feed,OG,success,2025-11-29 12:26:32,Poland,kobieta.pl,To Do,FALSE,Later,,FALSE,
Kocaeli Barış Gazetesi,-,N/A,-,,Turkey,kocaelibarisgazetesi.com,No feed generated,FALSE,,,FALSE,
KoiMoi.com,https://koimoi.com/feed,OG,success,2025-11-29 12:26:35,India,koimoi.com,To Do,FALSE,Later,,FALSE,
Korso Kolbuszowskie,-,N/A,-,,Poland,korsokolbuszowskie.pl,No feed generated,FALSE,,,FALSE,
Korso Sanockie,-,N/A,-,,Poland,korsosanockie.pl,No feed generated,FALSE,,,FALSE,
Kosovarja Magazine,https://kosovarja-ks.com/feed,N/A,failed,2025-11-29 12:26:36,Serbia,kosovarja-ks.com,No feed generated,FALSE,Later,,FALSE,
kozaniLife,https://kozanilife.gr/feed,OG,success,2025-11-29 12:26:41,Greece,kozanilife.gr,To Do,FALSE,Later,,FALSE,
KPSVR,https://kpsvr.hu/rss,OG,success,2025-11-29 12:26:49,Hungary,kpsvr.hu,To Do,FALSE,Later,,FALSE,
KROX,https://kroxam.com/feed,RSS,success,2025-11-29 11:40:58,United States,kroxam.com,Content not retrieved (retry later),FALSE,Karen,,FALSE,No content showing on newsletter
Krstarica,https://krstarica.com/feed,OG,success,2025-11-29 12:26:51,Serbia,krstarica.com,To Do,FALSE,Later,,FALSE,
KTSF,-,N/A,-,,United States,ktsf.com,No feed generated,FALSE,,,FALSE,
Kultura вестник  Култура,-,N/A,-,,Bulgaria,kultura.bg,No feed generated,FALSE,,,FALSE,
KUMUDAM PUBLICATIONS PVT LTD,-,N/A,-,,India,kumudam.com,No feed generated,FALSE,,,FALSE,
Kurir,https://kurir.rs/rss,OG,success,2025-11-29 12:26:54,Serbia,kurir.rs,To Do,FALSE,Later,,FALSE,
Kvartha World News,https://kvartha.com/feed.xml,OG,success,2025-11-29 12:27:01,India,kvartha.com,To Do,FALSE,Later,,FALSE,
KWEJK.pl,-,N/A,-,,Poland,kwejk.pl,No feed generated,FALSE,,,FALSE,
La Isla Oeste,-,N/A,-,,United States,laislaoeste.com,No feed generated,FALSE,,,FALSE,
LaoisToday.ie,https://laoistoday.ie/feed,"OG (9), RSS (1)",success,2025-11-29 12:27:11,Ireland,laoistoday.ie,Sending,FALSE,Later,,FALSE,
Larissanet.gr,https://larissanet.gr/feed,OG,success,2025-11-29 12:27:15,Greece,larissanet.gr,To Do,FALSE,Later,,FALSE,
Latest Laws,-,N/A,-,,India,latestlaws.com,No feed generated,FALSE,,,FALSE,
Lawyers Club Bangladesh,https://lawyersclubbangladesh.com/feed,OG,success,2025-11-29 12:27:16,Bangladesh,lawyersclubbangladesh.com,To Do,FALSE,Later,,FALSE,
Lazca,https://lazca.org/rss.xml,OG,success,2025-11-29 12:27:19,Turkey,lazca.org,To Do,FALSE,Later,,FALSE,
LBB,-,N/A,-,,India,lbb.in,No feed generated,FALSE,,,FALSE,
Lca.pl,-,N/A,-,,Poland,lca.pl,No feed generated,FALSE,,,FALSE,
Leadership Media Group,https://leadership.ng/feed,N/A,failed,2025-11-29 12:27:19,Nigeria,leadership.ng,No feed generated,FALSE,Later,,FALSE,
Leet.hu,-,N/A,-,,Hungary,leet.hu,No feed generated,FALSE,,,FALSE,
Liftable Media,-,N/A,-,,United States,liftablemedia.com,No feed generated,FALSE,,,FALSE,
Black & White Photography,-,N/A,-,,Ireland,lightandcomposition.com,No feed generated,FALSE,,,FALSE,
Listelist,https://listelist.com/feed,OG,success,2025-11-29 12:27:24,Turkey,listelist.com,To Do,FALSE,Later,,FALSE,
Hindustan Media Ventures Ltd,-,N/A,-,,India,livehindustan.com,No feed generated,FALSE,,,FALSE,
Liverpool FC Supporters Club Norway,-,N/A,-,,Norway,liverpool.no,No feed generated,FALSE,,,FALSE,
LOG Dergisi,https://log.com.tr/feed,OG,success,2025-11-29 12:28:00,Turkey,log.com.tr,To Do,FALSE,Later,,FALSE,
Lojiport,https://lojiport.com/feed,OG,success,2025-11-29 12:28:04,Turkey,lojiport.com,To Do,FALSE,Later,,FALSE,
Lokadata.id,-,N/A,-,,Indonesia,lokadata.id,No feed generated,FALSE,,,FALSE,
LokMarg,-,N/A,-,,India,lokmarg.com,No feed generated,FALSE,,,FALSE,
Lokmat Media,-,N/A,-,,India,lokmat.com,No feed generated,FALSE,,,FALSE,
Lovedeco.ro,https://lovedeco.ro/feed,OG,success,2025-11-29 12:28:08,Romania,lovedeco.ro,To Do,FALSE,Later,,FALSE,
LRF Media,-,N/A,-,,Sweden,lrfmedia.se,No feed generated,FALSE,,,FALSE,
Lubelski.pl,https://lubelski.pl/feed,OG,success,2025-11-29 12:28:34,Poland,lubelski.pl,To Do,FALSE,Later,,FALSE,
Pro Media Foundation,-,N/A,-,,Hungary,ma7.sk,No feed generated,FALSE,,,FALSE,
Mad TV,https://mad.tv/feed,"OG (6), RSS (4)",success,2025-11-29 12:28:38,Greece,mad.tv,To Do,FALSE,Later,,FALSE,
Madata,https://madata.gr/feed,OG,success,2025-11-29 12:28:41,Greece,madata.gr,To Do,FALSE,Later,,FALSE,
Madridista,https://madridista.dk/index.php/news-feed?format=feed&type=rss,Discovered-autodiscovery,success,2025-11-29 12:28:42,Denmark,madridista.dk,Sending,FALSE,Karen,"Nov 26, 2025 ",TRUE,
Kareklidis Group,-,N/A,-,,Greece,magnesianews.gr,No feed generated,FALSE,,,FALSE,
Makeleio.gr,-,N/A,-,,Greece,makeleio.gr,No feed generated,FALSE,,,FALSE,
Malataya News,https://malatyahabermerkezi.com/rss,OG,success,2025-11-29 12:28:47,Turkey,malatyahabermerkezi.com,To Do,FALSE,Later,,FALSE,
Malesbanget.com,-,N/A,-,,Indonesia,malesbanget.com,No feed generated,FALSE,,,FALSE,
Mamadu,https://mamadu.pl/rss/wszystkie,Discovered-autodiscovery,success,2025-11-29 12:28:51,Poland,mamadu.pl,To Do,FALSE,,,FALSE,
MangoBaaz,https://mangobaaz.com/feed,OG,success,2025-11-29 12:28:52,Pakistan,mangobaaz.com,To Do,FALSE,Later,,FALSE,
Manhattan Broadcasting Company,https://manhattanbroadcasting.com/feed/,Discovered-autodiscovery,success,2025-11-29 11:40:59,United States,manhattanbroadcasting.com,Parent org,FALSE,Karen,,FALSE,
Manila Standard,-,N/A,-,,Philippines,manilastandard.net,No feed generated,FALSE,,,FALSE,
Mariborinfo.com,-,N/A,-,,Serbia,mariborinfo.com,No feed generated,FALSE,,,FALSE,
Marica News & Media,https://marica.bg/rss,OG,success,2025-11-29 12:28:57,Bulgaria,marica.bg,To Do,FALSE,Later,,FALSE,
Masala TV,https://masala.tv/feed,RSS,success,2025-11-29 12:30:45,Pakistan,masala.tv,To Do,FALSE,Later,,FALSE,
Mashable,https://mashable.com/feed,OG,success,2025-11-29 12:30:48,,mashable.com,Sending,FALSE,Karen,,FALSE,
Maszol.ro,https://maszol.ro/rss,OG,success,2025-11-29 12:30:51,Romania,maszol.ro,To Do,FALSE,Later,,FALSE,
Maxabout.com,-,N/A,-,,India,maxabout.com,No feed generated,FALSE,,,FALSE,
Maxlo Media Group,https://maxlomedia.com/feed,OG,success,2025-11-29 11:40:59,United States,maxlomedia.com,Parent org,FALSE,Karen,,FALSE,
Meath Chronicle,-,N/A,-,,,meathchronicle.ie,No feed generated,FALSE,,,FALSE,
MEDANTODAY.com,-,N/A,-,,Indonesia,medantoday.com,No feed generated,FALSE,,,FALSE,
Medyabar,-,N/A,-,,Turkey,medyabar.com,No feed generated,FALSE,,,FALSE,
MemurlarNet,-,N/A,-,,Turkey,memurlar.net,No feed generated,FALSE,,,FALSE,
Menshouse,https://menshouse.gr/feed,OG,success,2025-11-29 12:30:54,Greece,menshouse.gr,To Do,FALSE,Later,,FALSE,
Meri Saheli,https://merisaheli.com/feed,OG,success,2025-11-29 12:31:04,India,merisaheli.com,To Do,FALSE,Later,,FALSE,
Media Group Bulgaria,-,N/A,-,,Bulgaria,mgb.bg,No feed generated,FALSE,,,FALSE,
Amber Press Publishing House,-,N/A,-,,Poland,miastokolobrzeg.pl,No feed generated,FALSE,,,FALSE,
Miastopoznaj,-,N/A,-,,Poland,miastopoznaj.pl,No feed generated,FALSE,,,FALSE,
Midlands 103,-,N/A,-,,Ireland,midlands103.com,No feed generated,FALSE,,,FALSE,
Midtsiden,-,N/A,-,,Norway,midtsiden.no,No feed generated,FALSE,,,FALSE,
Mirovina.hr,https://mirovina.hr/feed,OG,success,2025-11-29 12:31:06,Croatia,mirovina.hr,Sending,FALSE,Karen,,FALSE,
MissMalini,-,N/A,-,,India,missmalini.com,No feed generated,FALSE,,,FALSE,
Magasinet M!,https://mmm.dk/feed,OG,success,2025-11-29 12:31:19,Denmark,mmm.dk,Insufficient/Old Content,FALSE,Karen,,FALSE,Most articles in the feed are from months ago
Mobile01,-,N/A,-,,Taiwan,mobile01.com,No feed generated,FALSE,,,FALSE,
MojaBanjaluka.info,-,N/A,-,,Bosnia and Herzegovina,mojabanjaluka.info,No feed generated,FALSE,,,FALSE,
Mondo,https://mondo.rs/rss/629/Naslovna,Discovered-autodiscovery,success,2025-11-29 12:31:31,Serbia,mondo.rs,To Do,FALSE,,,FALSE,
Monitorul de Vrancea,https://www.monitoruldevrancea.ro/feed/,Discovered-autodiscovery,failed,2025-11-29 12:31:31,Romania,monitoruldevrancea.ro,To Do,FALSE,,,FALSE,
MonStyle,https://monstyle.nl/feed,OG,success,2025-11-29 12:31:33,Netherlands,monstyle.nl,Insufficient/Old Content,FALSE,Later,,FALSE,Most articles in the feed are from months ago
Mother & Baby Indonesia,-,N/A,-,,Indonesia,motherandbaby.co.id,No feed generated,FALSE,,,FALSE,
Mothership Singapore,https://mothership.sg/feed/,RSS,success,2025-11-29 12:31:33,Singapore,mothership.sg,To Do,FALSE,,,FALSE,Newly discovered RSS feed
MotorPlus Online,-,N/A,-,,Indonesia,motorplus-online.com,No feed generated,FALSE,,,FALSE,
Move It Magazine,-,N/A,-,,Greece,moveitmag.gr,No feed generated,FALSE,,,FALSE,
Movies Room,-,N/A,-,,Poland,moviesroom.pl,No feed generated,FALSE,,,FALSE,
Mozzart Sport,-,N/A,-,,Serbia,mozzartsport.com,No feed generated,FALSE,,,FALSE,
Medycyna Praktyczna,-,N/A,-,,Poland,mp.pl,No feed generated,FALSE,,,FALSE,
MTVA,-,N/A,-,,Hungary,mtva.hu,No feed generated,FALSE,,,FALSE,
Mundo Now,-,N/A,-,,United States,mundohispanico.com,No feed generated,FALSE,,,FALSE,
Mun Oulu,https://munoulu.fi/feed,OG,success,2025-11-29 12:31:49,Finland,munoulu.fi,Sending,FALSE,Karen,,FALSE,
Music Daily,https://musicdaily.hu/feed,OG,success,2025-11-29 12:31:58,Hungary,musicdaily.hu,To Do,FALSE,Later,,FALSE,
MS News,https://mustsharenews.com/feed,OG,success,2025-11-29 12:32:03,Singapore,mustsharenews.com,Sending,FALSE,Karen,,FALSE,
mysmartprice,-,N/A,-,,India,mysmartprice.com,No feed generated,FALSE,,,FALSE,
Health Beauty Wellness Tips,https://www.myupchar.com/feed.rss,Discovered-autodiscovery,success,2025-11-29 12:32:13,India,myupchar.com,To Do,FALSE,,,FALSE,
Nadmorski24.pl,-,N/A,-,,Poland,nadmorski24.pl,No feed generated,FALSE,,,FALSE,
naEKRANIE,https://naekranie.pl/feed/all.xml,Discovered-autodiscovery,success,2025-11-29 12:32:20,Poland,naekranie.pl,To Do,FALSE,,,FALSE,
NaiDunia,-,N/A,-,,India,naidunia.com,No feed generated,FALSE,,,FALSE,
NajboljaMamaNaSvetu.com,-,N/A,-,,Serbia,najboljamamanasvetu.com,No feed generated,FALSE,,,FALSE,
Novinska agencija Patria,-,N/A,-,,Bosnia and Herzegovina,nap.ba,No feed generated,FALSE,,,FALSE,
Napi,https://www.economx.hu/feed/mindencikk.xml,Discovered-autodiscovery,success,2025-11-29 12:32:24,Hungary,napi.hu,To Do,FALSE,,,FALSE,
Napidoktor,https://napidoktor.hu/rss,OG,success,2025-11-29 12:32:27,Hungary,napidoktor.hu,To Do,FALSE,Later,,FALSE,
Nasza Mława,-,N/A,-,,Poland,naszamlawa.pl,No feed generated,FALSE,,,FALSE,
natemat,https://natemat.pl/rss/wszystkie,Discovered-autodiscovery,success,2025-11-29 12:32:31,Poland,natemat.pl,To Do,FALSE,,,FALSE,
Poporul român.,-,N/A,-,,Romania,nationalisti.ro,No feed generated,FALSE,,,FALSE,
Nationwide 90 FM,-,N/A,-,,Jamaica,nationwideradiojm.com,No feed generated,FALSE,,,FALSE,
Nayaindia Digital,https://nayaindia.com/feed,OG,success,2025-11-29 12:32:42,India,nayaindia.com,To Do,FALSE,Later,,FALSE,
NorthEast Now,https://nenow.in/feed,N/A,failed,2025-11-29 12:32:42,India,nenow.in,No feed generated,FALSE,Later,,FALSE,
Ne Oldu,https://www.neoldu.com.tr/service/rss.php,Discovered-autodiscovery,failed,2025-11-29 12:32:43,Turkey,neoldu.com,To Do,FALSE,,,FALSE,
NEO TV Network,-,N/A,-,,Pakistan,neonetwork.pk,No feed generated,FALSE,,,FALSE,
Népszava,-,N/A,-,,Hungary,nepszava.hu,No feed generated,FALSE,,,FALSE,
Neverstill Media,https://neverstill.com/feed,RSS,success,2025-11-29 11:41:00,United States,neverstill.com,Irrelevant prospect,FALSE,Karen,,FALSE,
News24,https://news24online.com/feed,OG,success,2025-11-29 12:32:43,India,news24online.com,To Do,FALSE,Later,,FALSE,
News7Tamil,https://news7tamil.live/feed,OG,success,2025-11-29 12:32:50,India,news7tamil.live,To Do,FALSE,Later,,FALSE,
Beacon Media Group,-,N/A,-,,Malta,newsbook.com.mt,No feed generated,FALSE,,,FALSE,
News Channel Nebraska,-,N/A,-,,United States,newschannelnebraska.com,No feed generated,FALSE,,,FALSE,
News Narayanganj,-,N/A,-,,Bangladesh,newsnarayanganj24.net,No feed generated,FALSE,,,FALSE,
NewsTeam,https://newsteam.ro/feed,Discovered-autodiscovery,failed,2025-11-29 12:32:51,Romania,newsteam.ro,To Do,FALSE,,,FALSE,
Newstrack.com,-,N/A,-,,India,newstrack.com,No feed generated,FALSE,,,FALSE,
News Track Infomedia Pvt. Ltd,-,N/A,-,,India,newstracklive.com,No feed generated,FALSE,,,FALSE,
News Wing,https://newswing.com/feed,N/A,failed,2025-11-29 12:32:51,India,newswing.com,No feed generated,FALSE,Later,,FALSE,
Nezavisne Novine,-,N/A,-,,Bosnia and Herzegovina,nezavisne.com,No feed generated,FALSE,,,FALSE,
NHL Suomi,https://nhlsuomi.com/feed,OG,success,2025-11-29 12:32:56,Finland,nhlsuomi.com,Sending,FALSE,Karen,,FALSE,
NH Media,-,N/A,-,,Netherlands,nhmedia.nl,No feed generated,FALSE,,,FALSE,
NH Nieuws,-,N/A,-,,Netherlands,nhnieuws.nl,No feed generated,FALSE,,,FALSE,
Nieuws,https://nieuws.nl/feed,OG,success,2025-11-29 12:33:01,Netherlands,nieuws.nl,Sending,FALSE,Later,,FALSE,
Niezalezna.pl,https://niezalezna.pl/feed,OG,success,2025-11-29 12:33:04,Poland,niezalezna.pl,To Do,FALSE,Later,,FALSE,
NineForNews.nl,-,N/A,-,,Netherlands,ninefornews.nl,No feed generated,FALSE,,,FALSE,
Njuškalo,-,N/A,-,,Croatia,njuskalo.hr,No feed generated,FALSE,,,FALSE,
Noget i ovnen hos bagenørden,https://nogetiovnen.dk/feed,OG,success,2025-11-29 12:33:06,Denmark,nogetiovnen.dk,Irrelevant prospect,FALSE,Karen,,FALSE,Recipe website
Női Portál,https://noiportal.hu/rss,OG,success,2025-11-29 12:33:17,Hungary,noiportal.hu,To Do,FALSE,Later,,FALSE,
NotJustOk,https://notjustok.com/feed,OG,success,2025-11-29 12:33:19,Nigeria,notjustok.com,To Do,FALSE,Later,,FALSE,
Radio Nova,https://nova.ie/feed,N/A,failed,2025-11-29 12:33:19,Ireland,nova.ie,No feed generated,FALSE,Later,,FALSE,
New Varna,https://novavarna.net/feed,OG,success,2025-11-29 12:33:31,Bulgaria,novavarna.net,To Do,FALSE,Later,,FALSE,
Novosti.rs,-,N/A,-,,Serbia,novosti.rs,No feed generated,FALSE,,,FALSE,
Nowiny.pl,https://nowiny.pl/feed,OG,success,2025-11-29 12:33:37,Poland,nowiny.pl,To Do,FALSE,Later,,FALSE,
Npress,http://npress.gr/feed,N/A,failed,2025-11-29 12:33:38,Greece,npress.gr,No feed generated,FALSE,Later,,FALSE,
新唐人亞太電視台,-,N/A,-,,Taiwan,ntdtv.com.tw,No feed generated,FALSE,,,FALSE,
NU Online,https://nu.or.id/rss.xml,Discovered-pattern,success,2025-11-29 12:33:50,Indonesia,nu.or.id,To Do,FALSE,,,FALSE,
The Clown,-,N/A,-,,Greece,o-klooun.com,No feed generated,FALSE,,,FALSE,
Obiectiv - Vocea Brailei,https://obiectivbr.ro/rss.xml,"OG (3), RSS (7)",success,2025-11-29 12:33:56,Romania,obiectivbr.ro,To Do,FALSE,Later,,FALSE,
Objektiv,https://objektiv.rs/feed,N/A,failed,2025-11-29 12:33:56,Serbia,objektiv.rs,No feed generated,FALSE,Later,,FALSE,
Observatorul Prahovean,https://observatorulph.ro/feed,OG,success,2025-11-29 12:34:02,Romania,observatorulph.ro,To Do,FALSE,Later,,FALSE,
ODA TV,https://odatv.com/rss,OG,success,2025-11-29 12:34:04,Turkey,odatv.com,To Do,FALSE,Later,,FALSE,
OddNaari,-,N/A,-,,India,oddnaari.in,No feed generated,FALSE,,,FALSE,
OFFNews,-,N/A,-,,Bulgaria,offnews.bg,No feed generated,FALSE,,,FALSE,
OGÜNhaber,https://ogunhaber.com/rss,OG,success,2025-11-29 12:34:08,Turkey,ogunhaber.com,To Do,FALSE,Later,,FALSE,
OKO Press,https://oko.press/feed,OG,success,2025-11-29 12:34:16,Poland,oko.press,To Do,FALSE,Later,,FALSE,
OK Portal,https://okradio.rs/rss,Discovered-pattern,success,2025-11-29 12:34:20,Serbia,okradio.rs,To Do,FALSE,,,FALSE,
Omroep Venlo,-,N/A,-,,Netherlands,omroepvenlo.nl,No feed generated,FALSE,,,FALSE,
Öncü Şehir,https://oncusehir.com/rss.xml,OG,success,2025-11-29 12:34:24,Turkey,oncusehir.com,To Do,FALSE,Later,,FALSE,
Oneindia,-,N/A,-,,India,one.in,No feed generated,FALSE,,,FALSE,
Onedio,https://onedio.com/Publisher/publisher-daily.rss,Discovered-autodiscovery,success,2025-11-29 12:34:25,Turkey,onedio.com,To Do,FALSE,,,FALSE,
OpIndia,https://opindia.com/feed,OG,success,2025-11-29 12:34:28,India,opindia.com,To Do,FALSE,Later,,FALSE,
Opinia Buzău,-,N/A,-,,Romania,opiniabuzau.ro,No feed generated,FALSE,,,FALSE,
Opinia Transilvana,https://opiniatransilvana.ro/feed,OG,success,2025-11-29 12:34:32,Romania,opiniatransilvana.ro,To Do,FALSE,Later,,FALSE,
Options Media Pvt. Ltd,-,N/A,-,,India,optionsmediagroup.in,No feed generated,FALSE,,,FALSE,
Orissa Post,https://orissapost.com/feed,OG,success,2025-11-29 12:34:37,India,orissapost.com,To Do,FALSE,Later,,FALSE,
Os og Fusaposten,-,N/A,-,,Norway,osogfusa.no,No feed generated,FALSE,,,FALSE,
OtoSpirit,-,N/A,-,,Indonesia,otospirit.com,No feed generated,FALSE,,,FALSE,
Otostil,https://otostil.com/feed,OG,success,2025-11-29 12:34:47,Turkey,otostil.com,To Do,FALSE,Later,,FALSE,
Ozark Radio News,https://ozarkradionews.com/feed,OG,success,2025-11-29 11:41:11,United States,ozarkradionews.com,Sending,FALSE,Karen,,FALSE,
OZON magazine,https://en.ozonweb.com/feed,Discovered-autodiscovery,success,2025-11-29 12:34:50,Greece,ozonweb.com,Irrelevant prospect,FALSE,Karen,,FALSE,Old content
Padma Times 24,https://padmatimes24.com/feed,N/A,failed,2025-11-29 12:34:50,Bangladesh,padmatimes24.com,No feed generated,FALSE,Later,,FALSE,
Pakistan Observer,https://pakobserver.net/feed,N/A,failed,2025-11-29 12:34:50,Pakistan,pakobserver.net,No feed generated,FALSE,Later,,FALSE,
Pame Evro,https://pameevro.gr/feed,N/A,failed,2025-11-29 12:34:50,Greece,pameevro.gr,No feed generated,FALSE,Later,,FALSE,
Pamukkale Haber,https://pamukkalehaber.com/rss,OG,success,2025-11-29 12:34:54,Turkey,pamukkalehaber.com,To Do,FALSE,Later,,FALSE,
Pannon RTV,https://pannonrtv.com/feed,Discovered-pattern,success,2025-11-29 12:34:58,Serbia,pannonrtv.com,To Do,FALSE,,,FALSE,
PAOKFC,https://paokfc.gr/feed,N/A,failed,2025-11-29 12:34:59,Greece,paokfc.gr,No feed generated,FALSE,Later,,FALSE,
Polska Agencja Prasowa,-,N/A,-,,Poland,pap.pl,No feed generated,FALSE,,,FALSE,
Paratic,https://paratic.com/feed,OG,success,2025-11-29 12:35:01,Turkey,paratic.com,To Do,FALSE,Later,,FALSE,
Parent Tune,-,N/A,-,,India,parentune.com,No feed generated,FALSE,,,FALSE,
Parianostypos,-,N/A,-,,Greece,parianostypos.gr,No feed generated,FALSE,,,FALSE,
PathLegal India,-,N/A,-,,India,pathlegal.in,No feed generated,FALSE,,,FALSE,
Plug Media (PCM),https://pcmarket.com.hk/feed,OG,success,2025-11-29 12:35:15,Hong Kong,pcmarket.com.hk,Sending,FALSE,Karen,"Nov 26, 2025 ",FALSE,
PeepingMoon,https://peepingmoon.com/rss.xml,OG,success,2025-11-29 12:35:21,India,peepingmoon.com,To Do,FALSE,Later,,FALSE,
La Perla del Sur,-,N/A,-,,United States,periodicolaperla.com,No feed generated,FALSE,,,FALSE,
Periskopi,https://periskopi.com/feed,OG,success,2025-11-29 12:35:24,Serbia,periskopi.com,To Do,FALSE,Later,,FALSE,
Petel,https://petel.bg/rss,OG,success,2025-11-29 12:35:26,Bulgaria,petel.bg,To Do,FALSE,Later,,FALSE,
Phoenix 98 FM,https://phoenixfm.com/feed,N/A,failed,2025-11-29 11:41:11,United Kingdom,phoenixfm.com,No feed generated,FALSE,Karen,,FALSE,
Pikiran Rakyat,-,N/A,-,,Indonesia,pikiran-rakyat.com,No feed generated,FALSE,,,FALSE,
Pink.rs,https://pink.rs/rss-feed,Discovered-autodiscovery,success,2025-11-29 12:35:29,Serbia,pink.rs,Content not retrieved (retry later),FALSE,Sam,,FALSE,
PinkVilla,http://pinkvilla.com/rss.xml,OG,success,2025-11-29 12:35:29,India,pinkvilla.com,To Do,FALSE,Later,,FALSE,
PlanetaGracza.pl,https://planetagracza.pl/feed,OG,success,2025-11-29 12:35:32,Poland,planetagracza.pl,To Do,FALSE,Later,,FALSE,
Playtuşu,https://playtusu.com/feed,N/A,failed,2025-11-29 12:35:32,Turkey,playtusu.com,No feed generated,FALSE,Later,,FALSE,
Plovdiv-Online,https://plovdiv-online.com/feed,OG,success,2025-11-29 12:35:35,Bulgaria,plovdiv-online.com,To Do,FALSE,Later,,FALSE,
Plovdiv Press,-,N/A,-,,Bulgaria,plovdiv-press.bg,No feed generated,FALSE,,,FALSE,
Пловдивчани,https://www.plovdiv24.bg/rss.php,Discovered-autodiscovery,success,2025-11-29 12:35:39,Bulgaria,plovdiv24.bg,Error adding feed to EBX,FALSE,Sam,,FALSE,Error adding feed
PoBandzie,https://po-bandzie.com.pl/feed,OG,success,2025-11-29 12:35:42,Poland,po-bandzie.com.pl,To Do,FALSE,Later,,FALSE,
podlaskie24,https://podlaskie24.pl/feed,OG,success,2025-11-29 12:35:44,Poland,podlaskie24.pl,To Do,FALSE,Later,,FALSE,
Под тепето (www.podtepeto.com),https://podtepeto.com/feed,OG,success,2025-11-29 12:36:02,Bulgaria,podtepeto.com,To Do,FALSE,Later,,FALSE,
Politika Online,https://politika.rs/rss,Discovered-pattern,success,2025-11-29 12:36:08,Serbia,politika.rs,Error adding feed to EBX,FALSE,Sam,,FALSE,Error adding feed
polsatnews.pl,https://polsatnews.pl/rss,OG,success,2025-11-29 12:36:18,Poland,polsatnews.pl,To Do,FALSE,Later,,FALSE,
Pop Culture Media,-,N/A,-,,Greece,popculturemedia.gr,No feed generated,FALSE,,,FALSE,
PopDaily,-,N/A,-,,Taiwan,popdaily.com.tw,No feed generated,FALSE,,,FALSE,
POPxo,-,N/A,-,,India,popxo.com,No feed generated,FALSE,,,FALSE,
Porten.no,https://porten.no/rss,OG,success,2025-11-29 12:36:21,Norway,porten.no,Sending,FALSE,Karen,,FALSE,
Poznan.travel,-,N/A,-,,Poland,poznan.travel,No feed generated,FALSE,,,FALSE,
PPE,-,N/A,-,,Poland,ppe.pl,No feed generated,FALSE,,,FALSE,
Dwarikesh Informatics Limited,-,N/A,-,,India,prabhasakshi.com,No feed generated,FALSE,,,FALSE,
Neutral Publishing House,https://prabhatkhabar.com/feed,OG,success,2025-11-29 12:36:26,India,prabhatkhabar.com,To Do,FALSE,Later,,FALSE,
Prajavani,https://prajavani.net/feed,OG,success,2025-11-29 12:36:28,India,prajavani.net,To Do,FALSE,Later,,FALSE,
Prameya News 7,https://prameyanews7.com/feed,OG,success,2025-11-29 12:36:34,India,prameyanews7.com,To Do,FALSE,Later,,FALSE,
Pratilipi Malayalam - പ്രതിലിപി മലയാളം,-,N/A,-,,India,pratilipi.com,No feed generated,FALSE,,,FALSE,
Pressland,-,N/A,-,,Poland,press-land.pl,No feed generated,FALSE,,,FALSE,
Pride East Entertainments,-,N/A,-,,India,prideeast.com,No feed generated,FALSE,,,FALSE,
Probashir Diganta,https://www.probashirdiganta.com/articles/rssfeed,Discovered-autodiscovery,failed,2025-11-29 12:36:34,Bangladesh,probashirdiganta.com,No feed generated,FALSE,,,FALSE,
Profit.bg,-,N/A,-,,Bulgaria,profit.bg,No feed generated,FALSE,,,FALSE,
Promotions.hu,https://promotions.hu/rss/rss.xml,Discovered-autodiscovery,success,2025-11-29 12:36:37,Hungary,promotions.hu,Content not retrieved (retry later),FALSE,Sam,,FALSE,
Prudent Media,-,N/A,-,,India,prudentmedia.in,No feed generated,FALSE,,,FALSE,
Pudhari,https://pudhari.news/feed,OG,success,2025-11-29 12:36:38,India,pudhari.news,To Do,FALSE,Later,,FALSE,
Punablog,https://www.puna.nl/sitemap/news.xml,Discovered-autodiscovery,failed,2025-11-29 12:36:38,Netherlands,puna.nl,No feed generated,FALSE,Karen,,FALSE,
Ziarul Puterea,https://puterea.ro/feed,OG,success,2025-11-29 12:36:42,Romania,puterea.ro,To Do,FALSE,Later,,FALSE,
New Generation Media Corporation,https://puthiyathalaimurai.com/feed,OG,success,2025-11-29 12:36:44,India,puthiyathalaimurai.com,To Do,FALSE,Later,,FALSE,
PXR,-,N/A,-,,,pxr.nl,No feed generated,FALSE,,,FALSE,
Qirim Haber,-,N/A,-,,Turkey,qha.com.tr,No feed generated,FALSE,,,FALSE,
Qooah,https://qooah.com/feed,OG,success,2025-11-29 12:36:45,Hong Kong,qooah.com,Sending,FALSE,Karen,"Nov 26, 2025 ",FALSE,
QuirkyByte,https://www.quirkybyte.com/feed/,Discovered-autodiscovery,success,2025-11-29 12:36:49,India,quirkybyte.com,Content not retrieved (retry later),FALSE,Sam,,FALSE,
Racesport.nl,https://racesport.nl/feed,OG,success,2025-11-29 12:36:52,Netherlands,racesport.nl,Sending,FALSE,Later,,FALSE,
Radio Łódź,https://radiolodz.pl/feed,N/A,failed,2025-11-29 12:36:52,Poland,radiolodz.pl,No feed generated,FALSE,Later,,FALSE,
Radio Romania Resita,https://radioresita.ro/feed,OG,success,2025-11-29 12:37:01,Romania,radioresita.ro,To Do,FALSE,Later,,FALSE,
Radio Sarajevo,https://radiosarajevo.ba/rss,OG,success,2025-11-29 12:37:04,Bosnia and Herzegovina,radiosarajevo.ba,To Do,FALSE,Later,,FALSE,
Radio ZU,-,N/A,-,,Romania,radiozu.ro,No feed generated,FALSE,,,FALSE,
Radomsko24.pl,-,N/A,-,,Poland,radomsko24.pl,No feed generated,FALSE,,,FALSE,
Radom Sport,-,N/A,-,,Poland,radomsport.pl,No feed generated,FALSE,,,FALSE,
رأي اليوم,https://raialyoum.com/feed,N/A,failed,2025-11-29 11:41:11,United Kingdom,raialyoum.com,Irrelevant prospect,FALSE,Sam,,FALSE,
Rallypl,https://rallypl.com/feed,OG,success,2025-11-29 12:37:06,Poland,rallypl.com,To Do,FALSE,Later,,FALSE,
Lxkal.dk,https://randersidag.dk/feed,OG,success,2025-11-29 12:37:15,Denmark,randersidag.dk,Insufficient/Old Content,FALSE,Karen,,FALSE,Most articles in the feed are from months ago
Reformatorisch Dagblad,-,N/A,-,,Netherlands,rd.nl,No feed generated,FALSE,,,FALSE,
RealClear Media Group,https://realclearmediagroup.com/feed,RSS,success,2025-11-29 11:41:15,United States,realclearmediagroup.com,Parent org,FALSE,Karen,,FALSE,
Realitatea.net,https://rss.realitatea.net/homepage.xml,Discovered-autodiscovery,success,2025-11-29 12:37:18,Romania,realitatea.net,Content not retrieved (retry later),FALSE,Sam,,FALSE,
Realtimes Network,-,N/A,-,,Netherlands,realtimesnetwork.com,No feed generated,FALSE,,,FALSE,
Recept.se,-,N/A,-,,Sweden,recept.se,No feed generated,FALSE,,,FALSE,
Red Clover Media,https://redclovermedia.ro/feed,OG,success,2025-11-29 12:37:28,Romania,redclovermedia.ro,To Do,FALSE,Later,,FALSE,
Regionalni tjednik doo,https://regionalni.com/feed/,Discovered-autodiscovery,failed,2025-11-29 12:37:29,Croatia,regionalni.com,No feed generated,FALSE,,,FALSE,
R Media,-,N/A,-,,Serbia,reporteri.net,No feed generated,FALSE,,,FALSE,
Republic World,-,N/A,-,,India,republicworld.com,No feed generated,FALSE,,,FALSE,
Republika,https://republika.co.id/feed,OG,success,2025-11-29 12:37:39,Indonesia,republika.co.id,To Do,FALSE,Later,,FALSE,
Szeretem Koncz Zsuzsát,https://retromuzsika.hu/feed,OG,success,2025-11-29 12:37:50,Hungary,retromuzsika.hu,To Do,FALSE,Later,,FALSE,
RevivaL TV,-,N/A,-,,Indonesia,revivaltv.id,No feed generated,FALSE,,,FALSE,
RTV Rijnmond,-,N/A,-,,Netherlands,rijnmond.nl,No feed generated,FALSE,,,FALSE,
Risingbd.com,-,N/A,-,,Bangladesh,risingbd.com,No feed generated,FALSE,,,FALSE,
Rockbook.hu,-,N/A,-,,Hungary,rockbook.hu,No feed generated,FALSE,,,FALSE,
Rockway,-,N/A,-,,Greece,rockway.gr,No feed generated,FALSE,,,FALSE,
Rodiaki,https://rodiaki.gr/feed,Discovered-pattern,failed,2025-11-29 12:37:50,Greece,rodiaki.gr,No feed generated,FALSE,,,FALSE,
The Romania Journal,-,N/A,-,,Romania,romaniajournal.ro,No feed generated,FALSE,,,FALSE,
Rørosnytt,https://rorosnytt.no/feed,OG,success,2025-11-29 12:38:01,Norway,rorosnytt.no,Sending,FALSE,Karen,,FALSE,
Spokesman,https://rozanaspokesman.com/rss_feed/,Discovered-autodiscovery,success,2025-11-29 12:38:06,India,rozanaspokesman.com,Sending,FALSE,Sam,"Nov 26, 2025 ",FALSE,
roztocze.net Regionalny Dziennik Internetowy,-,N/A,-,,Poland,roztocze.net,No feed generated,FALSE,,,FALSE,
Radio Romania International,https://rri.ro/feed,OG,success,2025-11-29 12:38:09,Romania,rri.ro,To Do,FALSE,Later,,FALSE,
Romania TV,https://www.romaniatv.net/feed,Discovered-autodiscovery,success,2025-11-29 12:38:13,Romania,rtv.net,Sending,FALSE,Sam,"Nov 26, 2025 ",FALSE,
Radio Televizija BN,-,N/A,-,,Bosnia and Herzegovina,rtvbn.com,No feed generated,FALSE,,,FALSE,
RTV Noord,https://rtvnoord.nl/rss,OG,success,2025-11-29 12:38:18,Netherlands,rtvnoord.nl,To Do,FALSE,,,FALSE,Newly discovered RSS feed
Rtv,-,N/A,-,,Bangladesh,rtvonline.com,No feed generated,FALSE,,,FALSE,
PINK INTERNATIONAL COMPANY D.O.O.,http://rtvpink.com/rss/vesti.php,Discovered-autodiscovery,success,2025-11-29 12:38:20,Serbia,rtvpink.com,Content not retrieved (retry later),FALSE,Sam,,FALSE,
RTV Santos,https://rtvsantos.com/feed,OG,success,2025-11-29 12:38:33,Serbia,rtvsantos.com,To Do,FALSE,Later,,FALSE,
Sadece Haber,https://sadecehaber.com/feed,OG,success,2025-11-29 12:38:39,Turkey,sadecehaber.com,To Do,FALSE,Later,,FALSE,
Sądeczanin,-,N/A,-,,Poland,sadeczanin.info,No feed generated,FALSE,,,FALSE,
Sağlık Aktüel,https://saglikaktuel.com/rss,OG,success,2025-11-29 12:38:43,Turkey,saglikaktuel.com,To Do,FALSE,Later,,FALSE,
Saltenposten AS,-,N/A,-,,Norway,saltenposten.no,No feed generated,FALSE,,,FALSE,
Samakal,-,N/A,-,,Bangladesh,samakal.com,No feed generated,FALSE,,,FALSE,
SamosVoice.gr,https://samosvoice.gr/rss.xml,OG,success,2025-11-29 12:38:47,Greece,samosvoice.gr,To Do,FALSE,Later,,FALSE,
Sandesh,-,N/A,-,,India,sandesh.com,No feed generated,FALSE,,,FALSE,
Sarajevska sehara,https://sarajevskasehara.com/feed,OG,success,2025-11-29 12:38:54,Bosnia and Herzegovina,sarajevskasehara.com,To Do,FALSE,Later,,FALSE,
Saving Toward A Better Life,https://savingtowardabetterlife.com/feed,OG,success,2025-11-29 11:41:21,United States,savingtowardabetterlife.com,Irrelevant prospect,FALSE,Karen,,FALSE,
SayDigi點子生活,https://saydigi.com/feed,OG,success,2025-11-29 12:39:07,Taiwan,saydigi.com,To Do,FALSE,Later,,FALSE,
SBB Media,-,N/A,-,,Bulgaria,sbb.bg,No feed generated,FALSE,,,FALSE,
scigacz.pl,https://rss.scigacz.pl/rss.xml,Discovered-autodiscovery,success,2025-11-29 12:39:17,Poland,scigacz.pl,Sending,FALSE,Sam,"Nov 26, 2025 ",FALSE,
ScoopWhoop,-,N/A,-,,India,scoopwhoop.com,No feed generated,FALSE,,,FALSE,
SCVTV Media Center,https://scvtv.com/feed,OG,success,2025-11-29 11:41:33,United States,scvtv.com,Irrelevant prospect,FALSE,Karen,,FALSE,
Şehir Medya,https://sehirmedya.com/rss,OG,success,2025-11-29 12:39:21,Turkey,sehirmedya.com,To Do,FALSE,Later,,FALSE,
The Sentinel,https://sentinelassam.com/feed,OG,success,2025-11-29 12:39:23,India,sentinelassam.com,To Do,FALSE,Later,,FALSE,
sgCarMart,-,N/A,-,,Singapore,sgcarmart.com,No feed generated,FALSE,,,FALSE,
Shockmagazin,-,N/A,-,,Hungary,shockmagazin.hu,No feed generated,FALSE,,,FALSE,
Siasat Press,https://siasat.com/feed,OG,success,2025-11-29 12:39:24,India,siasat.com,To Do,FALSE,Later,,FALSE,
Sieć Portali,-,N/A,-,,Poland,siecportali.pl,No feed generated,FALSE,,,FALSE,
Sify,https://sify.com/feed,OG,success,2025-11-29 12:39:34,India,sify.com,To Do,FALSE,Later,,FALSE,
Siljan News,-,N/A,-,,Sweden,siljannews.se,No feed generated,FALSE,,,FALSE,
SILKCITYNEWS,https://silkcitynews.com/feed/,Discovered-autodiscovery,success,2025-11-29 12:39:43,Bangladesh,silkcitynews.com,No feed generated,FALSE,Sam,,FALSE,
Sinidisi,https://sinidisi.gr/feed,OG,success,2025-11-29 12:39:47,Greece,sinidisi.gr,To Do,FALSE,Later,,FALSE,
Sister2Sister,https://sis2sis.com/feed,OG,success,2025-11-29 11:41:42,United States,sis2sis.com,Insufficient/Old Content,FALSE,Karen,,FALSE,Most articles in the feed are from a month ago
Situation Publishing,https://situationpublishing.com/feed/,Discovered-autodiscovery,success,2025-11-29 11:41:43,United Kingdom,situationpublishing.com,Parent org,FALSE,Karen,,FALSE,
Skybox 360 Media,-,N/A,-,,United States,skybox360.com,No feed generated,FALSE,,,FALSE,
Skykiwi.com,-,N/A,-,,New Zealand,skykiwi.com,No feed generated,FALSE,,,FALSE,
Skymet Weather Services,-,N/A,-,,India,skymetweather.com,No feed generated,FALSE,,,FALSE,
SMnoticias,https://smnoticias.com/feed,N/A,failed,2025-11-29 11:41:43,United States,smnoticias.com,No feed generated,FALSE,Karen,,FALSE,
Smolyan Today!,-,N/A,-,,Bulgaria,smolyandnes.com,No feed generated,FALSE,,,FALSE,
Southern Newspapers,-,N/A,-,,United States,sninews.com,No feed generated,FALSE,,,FALSE,
So Delhi,-,N/A,-,,India,so.city,No feed generated,FALSE,,,FALSE,
soapcentral.com,https://soapcentral.com/feed,OG,success,2025-11-29 11:41:44,United States,soapcentral.com,Sending,FALSE,Karen,,FALSE,
Спомени от Народната република,https://socbg.com/feed,OG,success,2025-11-29 12:39:54,Bulgaria,socbg.com,To Do,FALSE,Later,,FALSE,
Someecards,https://www.someecards.com/rss/homepage.xml,Discovered-autodiscovery,success,2025-11-29 11:41:45,United States,someecards.com,Sending,FALSE,Karen,"Nov 25, 2025 ",FALSE,
Sondakika24,https://sondakika-24.com/rss,OG,success,2025-11-29 12:40:10,Turkey,sondakika-24.com,To Do,FALSE,Later,,FALSE,
Sosialnytt,https://sosialnytt.com/feed,OG,success,2025-11-29 12:40:16,Norway,sosialnytt.com,Sending,FALSE,Karen,,FALSE,
Source,-,N/A,-,,Bosnia and Herzegovina,source.ba,No feed generated,FALSE,,,FALSE,
Sözcü,-,N/A,-,,Turkey,sozcu.com.tr,No feed generated,FALSE,,,FALSE,
SPANIA I DAG,https://spaniaidag.no/feed,OG,success,2025-11-29 12:40:20,Norway,spaniaidag.no,Sending,FALSE,Karen,,FALSE,
Sparkles to Sprinkles,https://www.sparklestosprinkles.com/feed/,Discovered-autodiscovery,success,2025-11-29 11:41:46,United States,sparklestosprinkles.com,To Do,FALSE,Karen,,FALSE,Most of the articles in the feed are too old
Sportal Media Group,https://sportal.bg/rss,OG,success,2025-11-29 12:40:23,Bulgaria,sportal.bg,To Do,FALSE,Later,,FALSE,
Tippmixtippek,https://sportposzt.com/feed,OG,success,2025-11-29 12:40:30,Hungary,sportposzt.com,To Do,FALSE,Later,,FALSE,
Sportske.net,https://sportske.net/rss,OG,success,2025-11-29 12:40:33,Serbia,sportske.net,To Do,FALSE,Later,,FALSE,
Sportsnaut,https://sportsnaut.com/feed,OG,success,2025-11-29 11:41:47,United States,sportsnaut.com,To Do,FALSE,Karen,,TRUE,"Replied in first round, do not contact"
SportSport.ba - Fight Club,https://sportsport.ba/feed,OG,success,2025-11-29 12:40:35,Bosnia and Herzegovina,sportsport.ba,To Do,FALSE,Later,,FALSE,
sportstv,-,N/A,-,,Turkey,sportstv.com.tr,No feed generated,FALSE,,,FALSE,
Squawka,-,N/A,-,,United Kingdom,squawka.com,No feed generated,FALSE,,,FALSE,
Srbija Danas,https://srbijadanas.com/rss.xml,OG,success,2025-11-29 12:40:39,Serbia,srbijadanas.com,To Do,FALSE,Later,,FALSE,
Stacksocial,-,N/A,-,,United States,stacksocial.com,No feed generated,FALSE,,,FALSE,
Starity,-,N/A,-,,Hungary,starity.hu,No feed generated,FALSE,,,FALSE,
Statist SE,-,N/A,-,,Sweden,statist.se,No feed generated,FALSE,,,FALSE,
Steelers Depot,https://steelersdepot.com/feed/,Discovered-autodiscovery,success,2025-11-29 11:41:48,United States,steelersdepot.com,Sending,FALSE,Karen,"Nov 25, 2025 ",FALSE,
Stella Novus,https://stellanovus.com/blog/feed,RSS,success,2025-11-29 12:40:41,Ireland,stellanovus.com,Irrelevant prospect,FALSE,Later,,FALSE,
Sterea Economy,https://www.stereaeconomy.gr/feed/,Discovered-autodiscovery,success,2025-11-29 12:40:45,Greece,stereaeconomy.gr,Sending,FALSE,Sam,"Nov 26, 2025 ",FALSE,
StiriDiaspora,-,N/A,-,,Romania,stiridiaspora.ro,No feed generated,FALSE,,,FALSE,
Stiripesurse.ro,https://www.stiripesurse.ro/rss/stiri.xml,Discovered-autodiscovery,success,2025-11-29 12:40:51,Romania,stiripesurse.ro,Error adding feed to EBX,FALSE,Sam,,FALSE,Can't add feed
ST. MAXIM THE GREEK,https://stmaximthegreek.org/feed,OG,success,2025-11-29 12:40:57,Greece,stmaximthegreek.org,To Do,FALSE,Later,,FALSE,
Stoodnt,-,N/A,-,,United States,stoodnt.com,No feed generated,FALSE,,,FALSE,
風傳媒,-,N/A,-,,Taiwan,storm.mg,No feed generated,FALSE,,,FALSE,
Story Srbija,https://story.rs/feed,OG,success,2025-11-29 12:41:01,Serbia,story.rs,To Do,FALSE,Later,,FALSE,
Storypick,-,N/A,-,,India,storypick.com,No feed generated,FALSE,,,FALSE,
Strive Middle East,https://striveme.com/feed.xml,OG,success,2025-11-29 12:41:02,United Arab Emirates,striveme.com,To Do,FALSE,Karen,,FALSE,Most articles in the feed are from months ago
Struma.bg,https://struma.bg/feed,OG,success,2025-11-29 12:41:10,Bulgaria,struma.bg,To Do,FALSE,Later,,FALSE,
Studio Alphen,https://studioalphen.nl/rss,OG,success,2025-11-29 12:41:23,Netherlands,studioalphen.nl,Sending,FALSE,Later,,FALSE,
Studycafe,https://studycafe.in/feed,OG,success,2025-11-29 12:41:27,India,studycafe.in,To Do,FALSE,Later,,FALSE,
Mahipal Singh Rathore,-,N/A,-,,India,studyiq.com,No feed generated,FALSE,,,FALSE,
Styl.fm,-,N/A,-,,Poland,styl.fm,No feed generated,FALSE,,,FALSE,
Style&Decor Magazine,-,N/A,-,,Indonesia,styleanddecormagz.com,No feed generated,FALSE,,,FALSE,
Suara.com,-,N/A,-,,Indonesia,suara.com,No feed generated,FALSE,,,FALSE,
Suara Surabaya Media,https://suarasurabaya.net/feed,OG,success,2025-11-29 12:41:33,Indonesia,suarasurabaya.net,To Do,FALSE,Later,,FALSE,
SUBOTICA.com,-,N/A,-,,Serbia,subotica.com,No feed generated,FALSE,,,FALSE,
SUCH TV,-,N/A,-,,Pakistan,suchtv.pk,No feed generated,FALSE,,,FALSE,
Sun TV Network,-,N/A,-,,India,suntv.in,No feed generated,FALSE,,,FALSE,
SuperMamy,-,N/A,-,,Poland,supermamy.pl,No feed generated,FALSE,,,FALSE,
Swadesh,https://swadeshnews.in/feed,OG,success,2025-11-29 12:41:43,India,swadeshnews.in,To Do,FALSE,Later,,FALSE,
SwagGrabber,https://swaggrabber.com/feed,OG,success,2025-11-29 11:41:51,United States,swaggrabber.com,Sending,FALSE,Karen,,FALSE,
Swidnica24,https://swidnica24.pl/feed,OG,success,2025-11-29 12:41:45,Poland,swidnica24.pl,To Do,FALSE,Later,,FALSE,
SwingCompleto,https://swingcompleto.com/feed,OG,success,2025-11-29 11:41:54,United States,swingcompleto.com,Sending,FALSE,Karen,,FALSE,
Sydöstran,https://sydostran.se/feed,OG,success,2025-11-29 12:41:47,Sweden,sydostran.se,Sending,FALSE,Karen,,FALSE,
SylhetToday24,-,N/A,-,,Bangladesh,sylhettoday24.news,No feed generated,FALSE,,,FALSE,
Szegeder.hu,https://szegeder.hu/rss,N/A,failed,2025-11-29 12:41:48,Hungary,szegeder.hu,No feed generated,FALSE,Later,,FALSE,
Trønder-Avisa,-,N/A,-,,Norway,t-a.no,No feed generated,FALSE,,,FALSE,
Tamindir,https://tamindir.com/feed,OG,success,2025-11-29 12:41:49,Turkey,tamindir.com,To Do,FALSE,Later,,FALSE,
Tanjug,-,N/A,-,,Serbia,tanjug.rs,No feed generated,FALSE,,,FALSE,
Tarsus Akdeniz,https://www.tarsusakdeniz.com/SiteMap/Rss,Discovered-autodiscovery,success,2025-11-29 12:41:56,Turkey,tarsusakdeniz.com,Sending,FALSE,Sam,"Nov 26, 2025 ",FALSE,
Taste Life,https://tastelife.tv/feed,OG,success,2025-11-29 11:42:01,United States,tastelife.tv,Insufficient/Old Content,FALSE,Karen,,FALSE,Most articles in the feed are from months ago
Tatar Sukabumi,-,N/A,-,,Indonesia,tatarsukabumi.id,No feed generated,FALSE,,,FALSE,
tech360.tv,https://www.tech360.tv/blog-feed.xml,Discovered-autodiscovery,success,2025-11-29 12:41:57,Singapore,tech360.tv,Sending,FALSE,Karen,"Nov 25, 2025 ",FALSE,
TechNews.tw,https://technews.tw/feed,OG,success,2025-11-29 12:42:04,Taiwan,technews.tw,To Do,FALSE,Later,,FALSE,
Technology Vista,-,N/A,-,,India,technologyvista.in,No feed generated,FALSE,,,FALSE,
Technopat,https://www.technopat.net/feed/,Discovered-autodiscovery,success,2025-11-29 12:42:08,Turkey,technopat.net,Sending,FALSE,Sam,"Nov 26, 2025 ",FALSE,
Tech Travel Eat,https://techtraveleat.com/feed,OG,success,2025-11-29 12:42:31,India,techtraveleat.com,To Do,FALSE,Later,,FALSE,
TEEPR 亮新聞,https://teepr.com/feed,OG,success,2025-11-29 12:42:33,Taiwan,teepr.com,To Do,FALSE,Later,,FALSE,
Tek Indonesia,-,N/A,-,,Indonesia,tek.id,No feed generated,FALSE,,,FALSE,
Teknoblog,https://teknoblog.com/feed,OG,success,2025-11-29 12:42:38,Turkey,teknoblog.com,To Do,FALSE,Later,,FALSE,
Tele1 TV,https://tele1.com.tr/rss,OG,success,2025-11-29 12:42:41,Turkey,tele1.com.tr,To Do,FALSE,Later,,FALSE,
Telegraf.rs,https://telegraf.rs/rss,OG,success,2025-11-29 12:42:49,Serbia,telegraf.rs,To Do,FALSE,Later,,FALSE,
Telegrafi,https://telegrafi.com/feeds/feed.rss,Discovered-autodiscovery,success,2025-11-29 12:42:49,Serbia,telegrafi.com,Sending,FALSE,Sam,"Nov 26, 2025 ",FALSE,
Telemundo Atlanta,-,N/A,-,,United States,telemundoatlanta.com,No feed generated,FALSE,,,FALSE,
Telemundo Nebraska,-,N/A,-,,United States,telemundonebraska.com,No feed generated,FALSE,,,FALSE,
Teleskop,https://teleskop.hr/feed,OG,success,2025-11-29 12:42:55,Croatia,teleskop.hr,Error adding feed to EBX,FALSE,Karen,,FALSE,"""An error occurred while validating the feed URL"""
Telex.hu,https://telex.hu/rss,OG,success,2025-11-29 12:43:00,Hungary,telex.hu,To Do,FALSE,Later,,FALSE,
Tenniskafe,https://tenniskafe.com/feed,Discovered-pattern,failed,2025-11-29 12:43:00,Bulgaria,tenniskafe.com,No feed generated,FALSE,Sam,,FALSE,
Teslić Danas,-,N/A,-,,Bosnia and Herzegovina,teslicdanas.net,No feed generated,FALSE,,,FALSE,
Teton Media Works,-,N/A,-,,United States,tetonmediaworks.com,No feed generated,FALSE,,,FALSE,
007 Ladies,-,N/A,-,,Croatia,the007world.com,No feed generated,FALSE,,,FALSE,
The Animal Rescue Site,-,N/A,-,,United States,theanimalrescuesite.com,No feed generated,FALSE,,,FALSE,
The Bridge India,https://thebridge.in/feed,OG,success,2025-11-29 12:43:05,India,thebridge.in,To Do,FALSE,Later,,FALSE,
The Cable,-,N/A,-,,Nigeria,thecable.ng,No feed generated,FALSE,,,FALSE,
The Clemson Insider,https://theclemsoninsider.com/rss,N/A,failed,2025-11-29 11:42:06,United States,theclemsoninsider.com,Sending,FALSE,Karen,,FALSE,
The Grief Toolbox,-,N/A,-,,United States,thegrieftoolbox.com,No feed generated,FALSE,,,FALSE,
The Hans India,https://thehansindia.com/feed,OG,success,2025-11-29 12:43:12,India,thehansindia.com,To Do,FALSE,Later,,FALSE,
Harris Teeter Deals,https://theharristeeterdeals.com/feed/,Discovered-autodiscovery,success,2025-11-29 11:42:07,United States,theharristeeterdeals.com,Irrelevant prospect,FALSE,Karen,,FALSE,
The Hawk,-,N/A,-,,India,thehawk.in,No feed generated,FALSE,,,FALSE,
Initium Media 端傳媒,https://theinitium.com/feed,OG,success,2025-11-29 12:43:16,Singapore,theinitium.com,Sending,FALSE,Karen,,FALSE,
Kashmir Glory,https://thekashmirglory.com/feed,OG,success,2025-11-29 12:43:22,India,thekashmirglory.com,To Do,FALSE,Later,,FALSE,
The Ladies Finger,http://theladiesfinger.com/feed/,Discovered-autodiscovery,success,2025-11-29 12:43:36,India,theladiesfinger.com,Insufficient/Old Content,FALSE,Sam,,FALSE,Insufficient articles
TheLiberal.ie,https://theliberal.ie/feed/,Discovered-autodiscovery,failed,2025-11-29 12:43:36,Ireland,theliberal.ie,No feed generated,FALSE,,,FALSE,
The News International,-,N/A,-,,Pakistan,thenews.com.pk,No feed generated,FALSE,,,FALSE,
The News Lens 關鍵評論網,https://feeds.feedburner.com/TheNewsLens,Discovered-autodiscovery,success,2025-11-29 12:43:45,Taiwan,thenewslens.com,Error adding feed to EBX,FALSE,Sam,,FALSE,Error adding feed
The News Now,https://thenewsnow.co.in/feed,OG,success,2025-11-29 12:44:02,India,thenewsnow.co.in,To Do,FALSE,Later,,FALSE,
The Outbound Collective,https://theoutbound.com/blog/feed,OG,success,2025-11-29 11:42:15,United States,theoutbound.com,Irrelevant prospect,FALSE,Karen,,FALSE,
The Pinnacle List,https://thepinnaclelist.com/feed,OG,success,2025-11-29 11:42:26,United States,thepinnaclelist.com,Irrelevant prospect,FALSE,Karen,,FALSE,
The Poached Egg,-,N/A,-,,United States,thepoachedegg.net,No feed generated,FALSE,,,FALSE,
The Rainforest Site,-,N/A,-,,United States,therainforestsite.com,No feed generated,FALSE,,,FALSE,
South First,https://thesouthfirst.com/feed,OG,success,2025-11-29 12:44:11,India,thesouthfirst.com,To Do,FALSE,Later,,FALSE,
Statesman India,-,N/A,-,,India,thestatesman.com,No feed generated,FALSE,,,FALSE,
TheTrends.ro,https://thetrends.ro/feed,N/A,failed,2025-11-29 12:44:41,Romania,thetrends.ro,To Do,FALSE,Later,,FALSE,
The Unknown But Not Hidden,-,N/A,-,,India,theunknownbutnothidden.com,No feed generated,FALSE,,,FALSE,
The Vinyl District,https://www.thevinyldistrict.com/feed/,Discovered-autodiscovery,success,2025-11-29 11:42:27,United States,thevinyldistrict.com,To Do,FALSE,Karen,,FALSE,Most of the articles in the feed are too old
The Wire Hindi,https://thewirehindi.com/feed,OG,success,2025-11-29 12:44:48,India,thewirehindi.com,To Do,FALSE,Later,,FALSE,
Thisday Nigeria,https://thisdaylive.com/feed,OG,success,2025-11-29 12:44:51,Nigeria,thisdaylive.com,To Do,FALSE,Later,,FALSE,
THV11.com KTHV,-,N/A,-,,United States,thv11.com,No feed generated,FALSE,,,FALSE,
Tigris Haber,https://www.tigrishaber.com/service/rss.php,Discovered-autodiscovery,success,2025-11-29 12:44:54,Turkey,tigrishaber.com,Sending,FALSE,Sam,"Nov 26, 2025 ",FALSE,
Timeturk,https://www.timeturk.com/rss/,Discovered-autodiscovery,success,2025-11-29 12:44:59,Turkey,timeturk.com,Sending,FALSE,Sam,"Nov 26, 2025 ",FALSE,
Tipsbladet,-,N/A,-,,Denmark,tipsbladet.dk,No feed generated,FALSE,,,FALSE,
Tirto,-,N/A,-,,Indonesia,tirto.id,No feed generated,FALSE,,,FALSE,
Twój Kurier Olsztyński,https://tko.pl/feed,OG,success,2025-11-29 12:45:03,Poland,tko.pl,To Do,FALSE,Later,,FALSE,
TNN,-,N/A,-,,Pakistan,tnn.com.pk,No feed generated,FALSE,,,FALSE,
Tygodnik Ostrołęcki,-,N/A,-,,Poland,to.com.pl,No feed generated,FALSE,,,FALSE,
Tourism Today,-,N/A,-,,Turkey,tourismtoday.net,No feed generated,FALSE,,,FALSE,
Toy People,-,N/A,-,,Taiwan,toy-people.com,No feed generated,FALSE,,,FALSE,
Traffic News,https://trafficnews.bg/rss/index/,Discovered-autodiscovery,failed,2025-11-29 12:45:04,Bulgaria,trafficnews.bg,No feed generated,FALSE,Sam,,FALSE,
Traveling Media Network,http://travelingyuk.com/feed,OG,success,2025-11-29 12:45:11,Indonesia,travelingyuk.com,To Do,FALSE,,,FALSE,Newly discovered RSS feed
Trikalaidees,https://trikalaidees.gr/feed,OG,success,2025-11-29 12:45:24,Greece,trikalaidees.gr,Sending,FALSE,Karen,"Nov 26, 2025 ",FALSE,
Tripoto,-,N/A,-,,India,tripoto.com,No feed generated,FALSE,,,FALSE,
True Achievements,-,N/A,-,,United Kingdom,trueachievements.com,No feed generated,FALSE,,,FALSE,
True Life,https://truelife.gr/feed,OG,success,2025-11-29 12:45:34,Greece,truelife.gr,Error adding feed to EBX,FALSE,Karen,,FALSE,An error occurred while validating the feed URL
Turkiye Egitim,https://turkiyeegitim.com/feed,OG,success,2025-11-29 12:45:38,Turkey,turkiyeegitim.com,To Do,FALSE,Later,,FALSE,
Turnul Sfatului,https://turnulsfatului.ro/feed,OG,success,2025-11-29 12:46:00,Romania,turnulsfatului.ro,To Do,FALSE,Later,,FALSE,
tutor2u,-,N/A,-,,United Kingdom,tutor2u.net,No feed generated,FALSE,,,FALSE,
TVM,-,N/A,-,,Malta,tvm.com.mt,No feed generated,FALSE,,,FALSE,
TV MIDTVEST,https://tvmidtvest.dk/rss,"OG (2), RSS (8)",success,2025-11-29 12:46:03,Denmark,tvmidtvest.dk,Sending,FALSE,Karen,,FALSE,
tvOneNews,-,N/A,-,,Indonesia,tvonenews.com,No feed generated,FALSE,,,FALSE,
Open Greece,https://tvopen.gr/rss,OG,success,2025-11-29 12:46:11,Greece,tvopen.gr,Sending,FALSE,Karen,"Nov 26, 2025 ",FALSE,
Telewizja Republika,-,N/A,-,,Poland,tvrepublika.pl,No feed generated,FALSE,,,FALSE,
TVS,https://tvs.pl/feed,OG,success,2025-11-29 12:46:15,Poland,tvs.pl,To Do,FALSE,Later,,FALSE,
Star Kentrikis Elladas,https://tvstar.gr/feed/,Discovered-autodiscovery,success,2025-11-29 12:46:19,Greece,tvstar.gr,Sending,FALSE,Sam,"Nov 26, 2025 ",FALSE,
Tydzień Ziemi Śremskiej,https://tydzien.net.pl/feed,OG,success,2025-11-29 12:46:35,Poland,tydzien.net.pl,To Do,FALSE,Later,,FALSE,
UFOholic,-,N/A,-,,United States,ufoholic.com,No feed generated,FALSE,,,FALSE,
Unboxholics,-,N/A,-,,Greece,unboxholics.com,No feed generated,FALSE,,,FALSE,
Unghiul,https://unghiul.com/feed,OG,success,2025-11-29 12:46:42,Romania,unghiul.com,To Do,FALSE,Later,,FALSE,
Universul argesean,https://www.universulargesean.ro/feed/,Discovered-autodiscovery,failed,2025-11-29 12:47:13,Romania,universulargesean.ro,Sending,FALSE,Sam,"Nov 26, 2025 ",FALSE,Insufficient articles
Uplifers,https://uplifers.com/feed,OG,success,2025-11-29 12:47:16,Turkey,uplifers.com,To Do,FALSE,Later,,FALSE,
Urbanislandz,-,N/A,-,,United States,urbanislandz.com,No feed generated,FALSE,,,FALSE,
Usay.gr,https://usay.gr/feed,OG,success,2025-11-29 12:47:20,Greece,usay.gr,Error adding feed to EBX,FALSE,Karen,,FALSE,An error occurred while validating the feed URL
Valioliiga,https://valioliiga.com/feed,OG,success,2025-11-29 12:47:24,Finland,valioliiga.com,Sending,FALSE,Karen,,FALSE,
Varaždinske vijesti,https://www.varazdinske-vijesti.hr/feed/rss,Discovered-autodiscovery,failed,2025-11-29 12:47:25,Croatia,varazdinske-vijesti.hr,Error adding feed to EBX,FALSE,Sam,,FALSE,Error adding feed
Västerås Tidning,-,N/A,-,,Sweden,vasterastidning.se,No feed generated,FALSE,,,FALSE,
Voetbal International,https://vi.nl/rss,OG,success,2025-11-29 12:47:28,Netherlands,vi.nl,Sending,FALSE,Later,,FALSE,
Viata Libera,-,N/A,-,,Romania,viata-libera.ro,No feed generated,FALSE,,,FALSE,
Viata Verde Viu,https://viataverdeviu.ro/feed,OG,success,2025-11-29 12:47:31,Romania,viataverdeviu.ro,To Do,FALSE,Later,,FALSE,
Tatlı Tarifleri,https://videoluyemek.com/rss,OG,success,2025-11-29 12:47:34,Turkey,videoluyemek.com,To Do,FALSE,Later,,FALSE,
VIDI,-,N/A,-,,Croatia,vidi.hr,No feed generated,FALSE,,,FALSE,
Vijesti.ba,https://vijesti.ba/rss/svevijesti,OG,success,2025-11-29 12:47:37,Bosnia and Herzegovina,vijesti.ba,To Do,FALSE,,,FALSE,Newly discovered RSS feed
VIP Magazine Group,https://vipmagazine.ie/feed,OG,success,2025-11-29 12:47:47,Ireland,vipmagazine.ie,Sending,FALSE,Later,,FALSE,
VisionSansar,-,N/A,-,,United Kingdom,visionsansar.com,No feed generated,FALSE,,,FALSE,
Visoko.co.ba,https://visoko.ba/feed/,Discovered-autodiscovery,success,2025-11-29 12:47:50,Bosnia and Herzegovina,visoko.co.ba,Sending,FALSE,Sam,"Nov 26, 2025 ",FALSE,
VIVA.co.id,https://www.viva.co.id/get/all,Discovered-autodiscovery,success,2025-11-29 12:47:51,Indonesia,viva.co.id,Error adding feed to EBX,FALSE,Sam,,FALSE,Error adding feed
Voetbalflitsen,https://voetbalflitsen.nl/feed/rss,Discovered-autodiscovery,success,2025-11-29 12:47:58,Netherlands,voetbalflitsen.nl,Sending,FALSE,Karen,"Nov 25, 2025 ",FALSE,
Voetbalprimeur,https://voetbalprimeur.nl/rss,OG,success,2025-11-29 12:48:01,Netherlands,voetbalprimeur.nl,Sending,FALSE,Later,,FALSE,
Vogue Poland,-,N/A,-,,Poland,vogue.pl,No feed generated,FALSE,,,FALSE,
Voria,-,N/A,-,,Greece,voria.gr,No feed generated,FALSE,,,FALSE,
Wadowice24,https://wadowice24.pl/feed,OG,success,2025-11-29 12:48:04,Poland,wadowice24.pl,To Do,FALSE,Later,,FALSE,
Wałbrzych24.com,-,N/A,-,,Poland,walbrzych24.com,No feed generated,FALSE,,,FALSE,
Wall-Street.ro,-,N/A,-,,Romania,wall-street.ro,No feed generated,FALSE,,,FALSE,
Nawaiwaqt Group,-,N/A,-,,Pakistan,waqtnews.tv,No feed generated,FALSE,,,FALSE,
WOI-TV,-,N/A,-,,United States,weareiowa.com,No feed generated,FALSE,,,FALSE,
Webcafe EAD,-,N/A,-,,Bulgaria,webcafe.bg,No feed generated,FALSE,,,FALSE,
Weekendowo,-,N/A,-,,Poland,weekendowo.pl,No feed generated,FALSE,,,FALSE,
Wiara.pl,https://www.wiara.pl/rss/rtr/6a2bc.Najciekawsze-wiara-pl,Discovered-autodiscovery,success,2025-11-29 12:48:12,Poland,wiara.pl,Sending,FALSE,Sam,"Nov 26, 2025 ",FALSE,
Stowarzyszenie Fanatycy Widzewa,https://widzewtomy.net/feed,OG,success,2025-11-29 12:48:22,Poland,widzewtomy.net,To Do,FALSE,Later,,FALSE,
Wielerflits,https://wielerflits.nl/feed,OG,success,2025-11-29 12:48:24,Netherlands,wielerflits.nl,Sending,FALSE,Later,,TRUE,
Wieści Międzychodzkie,-,N/A,-,,Poland,wiescimiedzychodzkie.pl,No feed generated,FALSE,,,FALSE,
Wish TV,https://wishtv.com/feed,OG,success,2025-11-29 11:42:38,United States,wishtv.com,Sending,FALSE,Karen,,FALSE,
Wltx,-,N/A,-,,United States,wltx.com,No feed generated,FALSE,,,FALSE,
WNWS Radio,https://talknwesttn.com/feed/,OG,success,2025-11-29 11:42:51,United States,wnws.com,To Do,FALSE,,,FALSE,Newly discovered RSS feed
Woman.bg,-,N/A,-,,Bulgaria,woman.bg,No feed generated,FALSE,,,FALSE,
Womany,https://feeds.feedburner.com/womany,Discovered-autodiscovery,success,2025-11-29 12:48:25,Taiwan,womany.net,Insufficient/Old Content,FALSE,Sam,,FALSE,Insufficient articles
World Business Outlook,https://worldbusinessoutlook.com/feed,OG,success,2025-11-29 12:48:45,Singapore,worldbusinessoutlook.com,Sending,FALSE,Karen,,FALSE,
World Journal,-,N/A,-,,United States,worldjournal.com,No feed generated,FALSE,,,FALSE,
WRC News,https://wrc.net.pl/feed,OG,success,2025-11-29 12:48:48,Poland,wrc.net.pl,To Do,FALSE,Later,,FALSE,
Δημοσιογραφικός Οργανισμός Χρόνος,https://xronos.gr/rss.xml,N/A,failed,2025-11-29 12:48:48,Greece,xronos.gr,No feed generated,FALSE,Later,,FALSE,
Xryso Skoufaki,https://xrysoskoufaki.gr/feed,N/A,failed,2025-11-29 12:48:48,Greece,xrysoskoufaki.gr,No feed generated,FALSE,Later,,FALSE,
XXZ Magazin,-,N/A,-,,Serbia,xxzmagazin.com,No feed generated,FALSE,,,FALSE,
Yemek,-,N/A,-,,Turkey,yemek.com,No feed generated,FALSE,,,FALSE,
Yeni Asya,-,N/A,-,,Turkey,yeniasya.com.tr,No feed generated,FALSE,,,FALSE,
Yeniemlak,-,N/A,-,,Turkey,yeniemlak.com,No feed generated,FALSE,,,FALSE,
Yeşil Gazete,https://yesilgazete.org/feed/,Discovered-autodiscovery,failed,2025-11-29 12:48:48,Turkey,yesilgazete.org,No feed generated,FALSE,Sam,,FALSE,
We Media (India),https://www.youandi.com/feed/,Discovered-autodiscovery,success,2025-11-29 12:49:04,India,youandi.com,Content not retrieved (retry later),FALSE,Sam,,FALSE,
Youfly,https://youfly.com/feed,"OG (8), RSS (2)",success,2025-11-29 12:49:07,Greece,youfly.com,Sending,FALSE,Karen,"Nov 26, 2025 ",FALSE,
YugaTech,-,N/A,-,,Philippines,yugatech.com,No feed generated,FALSE,,,FALSE,
Zagorje International,https://zagorje-international.hr/feed,OG,success,2025-11-29 12:49:09,Croatia,zagorje-international.hr,Content not retrieved (retry later),FALSE,Karen,,FALSE,try again later
Zaječar Online,https://zajecaronline.com/feed,OG,success,2025-11-29 12:49:12,Serbia,zajecaronline.com,To Do,FALSE,Later,,FALSE,
Ziua Cluj,https://zcj.ro/feed,OG,success,2025-11-29 12:49:14,Romania,zcj.ro,To Do,FALSE,Later,,FALSE,
Zelfmaak Ideetjes,https://zelfmaak-ideetjes.nl/feed,OG,success,2025-11-29 12:49:17,Netherlands,zelfmaak-ideetjes.nl,Sending,FALSE,Later,,FALSE,
Zespolmi.pl,-,N/A,-,,Poland,zespolmi.pl,No feed generated,FALSE,,,FALSE,
GRUPULUI DE PRESĂ MEDIANET SRL,https://ziaruldeiasi.ro/rss,OG,success,2025-11-29 12:49:25,Romania,ziaruldeiasi.ro,To Do,FALSE,Later,,FALSE,
ziuaveche.ro,https://ziuaveche.ro/feed,OG,success,2025-11-29 12:49:40,Romania,ziuaveche.ro,To Do,FALSE,Later,,FALSE,
Zougla,https://www.zougla.gr/feed/,Discovered-autodiscovery,success,2025-11-29 12:49:46,Greece,zougla.gr,Sending,FALSE,Sam,"Nov 26, 2025 ",FALSE,
Zovnews,https://zovnews.com/feed,OG,success,2025-11-29 12:49:50,Bulgaria,zovnews.com,To Do,FALSE,Later,,FALSE,
Portal Zrenjaninski,https://zrenjaninski.com/feed,OG,success,2025-11-29 12:49:57,Serbia,zrenjaninski.com,Sending,FALSE,Later,,FALSE,
Sportski žurnal (zvanična stranica),https://zurnal.rs/rss,Discovered-pattern,success,2025-11-29 12:50:00,Serbia,zurnal.rs,Error adding feed to EBX,FALSE,Sam,,FALSE,Error adding feed
Zvono,-,N/A,-,,Croatia,zvono.eu,No feed generated,FALSE,,,FALSE,
Życie Kalisza,https://zyciekalisza.pl/rss,Discovered-pattern,failed,2025-11-29 12:50:00,Poland,zyciekalisza.pl,Error adding feed to EBX,FALSE,Sam,,FALSE,Error adding feed
Gazeteport,https://gazeteport.com/feed,OG,success,2025-11-29 12:50:06,Turkey,gazeteport.com,To Do,FALSE,,,FALSE,Newly discovered RSS feed
Bergens Tidende,https://www.bt.no/rss?characteristicsHotness=50..100,OG,success,2025-11-29 12:50:08,Norway,bt.no,To Do,FALSE,,,FALSE,Newly discovered RSS feed
Legit.ng Naij.com,https://www.legit.ng/rss/all.rss,OG,success,2025-11-29 12:50:10,Nigeria,naija.ng,To Do,FALSE,,,FALSE,Newly discovered RSS feed
RugbyLAD,https://rugbylad.ie/feed/,OG,success,2025-11-29 12:50:15,Ireland,rugbylad.ie,To Do,FALSE,,,FALSE,Newly discovered RSS feed
Hippson AB,-,N/A,-,,Sweden,hippson.se,No feed generated,FALSE,,,FALSE,
Sağlık Haberleri,-,N/A,-,,Turkey,saglikhaberleri.com.tr,No feed generated,FALSE,,,FALSE,
The Anti-Media,https://2ndamendmentshirts.com/feed/,OG,success,2025-11-29 11:42:55,United States,theantimedia.org,To Do,FALSE,,,FALSE,Newly discovered RSS feed
Svet,https://svet-scandal.rs/feed/,OG,success,2025-11-29 12:50:17,Serbia,svet.rs,To Do,FALSE,,,FALSE,Newly discovered RSS feed
Coppini Trading (Pty) LTD,-,N/A,-,,South Africa,tennisworldusa.org,No feed generated,FALSE,,,FALSE,
Red Bull Company,-,N/A,-,,United Kingdom,redbull.com,No feed generated,FALSE,,,FALSE,
Sønderborg NYT,-,N/A,-,,Denmark,sonderborgnyt.dk,No feed generated,FALSE,,,FALSE,
Girlscene.nl,https://girlscene.nl/feed,OG,success,2025-11-29 12:50:25,Netherlands,girlscene.nl,To Do,FALSE,,,FALSE,Newly discovered RSS feed
T24,-,N/A,-,,Turkey,t24.com.tr,No feed generated,FALSE,,,FALSE,
Report Look,https://reportlook.com/feed/,OG,success,2025-11-29 12:50:31,India,reportlook.com,To Do,FALSE,,,FALSE,Newly discovered RSS feed
PCWorld Hungary,-,N/A,-,,Hungary,pcworld.hu,No feed generated,FALSE,,,FALSE,
Ratpack,-,N/A,-,,Greece,ratpack.gr,No feed generated,FALSE,,,FALSE,
Awesome Inventions,https://www.awesomeinventions.com/feed/,OG,success,2025-11-29 11:42:57,United Kingdom,awesomeinventions.com,To Do,FALSE,,,FALSE,Newly discovered RSS feed
EGE HABER,https://egehaber.com/feed,OG,success,2025-11-29 12:50:35,Turkey,egehaber.com,To Do,FALSE,,,FALSE,Newly discovered RSS feed
Abante,https://abante.com.ph/rss.xml,OG,success,2025-11-29 12:50:47,Philippines,abante.com.ph,To Do,FALSE,,,FALSE,Newly discovered RSS feed
Kresy,https://kresy.pl/feed/,"OG (9), RSS (1)",success,2025-11-29 12:50:59,Poland,kresy.pl,To Do,FALSE,,,FALSE,Newly discovered RSS feed
Manisa Haberleri,https://manisahaberleri.com/rss,OG,success,2025-11-29 12:51:42,Turkey,manisahaberleri.com,To Do,FALSE,,,FALSE,Newly discovered RSS feed
Anadolu Türk Haber,http://www.anadoluturkhaber.com/rss.xml,RSS,success,2025-11-29 12:51:43,Turkey,anadoluturkhaber.com,To Do,FALSE,,,FALSE,Newly discovered RSS feed
NOWnews,-,N/A,-,,Taiwan,nownews.com,No feed generated,FALSE,,,FALSE,
Dagbladet,https://dagbladet.no/rss/,OG,success,2025-11-29 12:52:02,Norway,dagbladet.no,To Do,FALSE,,,FALSE,Newly discovered RSS feed
Condé Nast Britain,-,N/A,-,,United Kingdom,condenast.co.uk,No feed generated,FALSE,,,FALSE,
Telewizja Superstacja,https://www.superstacja.tv/feed/,OG,success,2025-11-29 12:52:07,Poland,superstacja.tv,To Do,FALSE,,,FALSE,Newly discovered RSS feed
UdaipurTimes,https://udaipurtimes.com/news/feed.xml,OG,success,2025-11-29 12:52:11,India,udaipurtimes.com,To Do,FALSE,,,FALSE,Newly discovered RSS feed
Pakistan Tribe English,-,N/A,-,,Pakistan,pakistantribe.com,No feed generated,FALSE,,,FALSE,
ipetgroup,-,N/A,-,,Taiwan,ipetgroup.com,No feed generated,FALSE,,,FALSE,
GeenStijl,-,N/A,-,,Netherlands,geenstijl.nl,No feed generated,FALSE,,,FALSE,
TRHaberler,https://trhaberler.com/feed/,OG,success,2025-11-29 12:52:17,Turkey,trhaberler.com,To Do,FALSE,,,FALSE,Newly discovered RSS feed
Radio Wrocław,https://radiowroclaw.pl/articles/rss,OG,success,2025-11-29 12:52:22,Poland,radiowroclaw.pl,To Do,FALSE,,,FALSE,Newly discovered RSS feed
INN,https://innpoland.pl/rss/wszystkie,OG,success,2025-11-29 12:52:28,Poland,innpoland.pl,To Do,FALSE,,,FALSE,Newly discovered RSS feed
Mommyish,https://mommyish.com/feed/,OG,success,2025-11-29 11:42:58,United States,mommyish.com,To Do,FALSE,,,FALSE,Newly discovered RSS feed
Coast Live,-,N/A,-,,Australia,coastlive.com.au,No feed generated,FALSE,,,FALSE,
Unbox,https://unbox.ph/feed/,RSS,success,2025-11-29 12:52:29,Philippines,unbox.ph,To Do,FALSE,,,FALSE,Newly discovered RSS feed
breakingnews.com.bd,-,N/A,-,,Bangladesh,breakingnews.com.bd,No feed generated,FALSE,,,FALSE,
Alma Media Finland Oy,https://almamedia.fi/feed,OG,success,2025-11-29 12:52:35,Finland,almamedia.fi,To Do,FALSE,,,FALSE,Newly discovered RSS feed
DalmacijaNews,-,N/A,-,,Croatia,dalmacijanews.hr,No feed generated,FALSE,,,FALSE,
Allied Newspapers Limited,https://timesofmalta.com/rss/,OG,success,2025-11-29 12:52:38,Malta,timesofmalta.com,To Do,FALSE,,,FALSE,Newly discovered RSS feed
Media Matrix [Law & Order],https://lawandorder.gr/feed/gn,OG,success,2025-11-29 12:52:41,Greece,lawandorder.gr,To Do,FALSE,,,FALSE,Newly discovered RSS feed
Vlaardingen24,-,N/A,-,,Netherlands,vlaardingen24.nl,No feed generated,FALSE,,,FALSE,
SILESION,https://silesion.pl/feed/,OG,success,2025-11-29 12:52:47,Poland,silesion.pl,To Do,FALSE,,,FALSE,Newly discovered RSS feed
Siraj Daily,https://sirajlive.com/feed,OG,success,2025-11-29 12:52:51,India,sirajlive.com,To Do,FALSE,,,FALSE,Newly discovered RSS feed
Berga Mosera Blog,-,N/A,-,,United States,bergamosera.com,No feed generated,FALSE,,,FALSE,
Rzeszów News,https://rzeszow-news.pl/feed/,OG,success,2025-11-29 12:52:56,Poland,rzeszow-news.pl,To Do,FALSE,,,FALSE,Newly discovered RSS feed
Tygodnik Podhalański,-,N/A,-,,Poland,24tp.pl,No feed generated,FALSE,,,FALSE,
Desimartini,-,N/A,-,,India,desimartini.com,No feed generated,FALSE,,,FALSE,
Kobiece Inspiracje,https://kobieceinspiracje.pl/rss/articles/,OG,success,2025-11-29 12:52:59,Poland,kobieceinspiracje.pl,To Do,FALSE,,,FALSE,Newly discovered RSS feed
Antena Zadar,https://www.antenazadar.hr/feed/,OG,success,2025-11-29 12:53:01,Croatia,antenazadar.hr,To Do,FALSE,,,FALSE,Newly discovered RSS feed
Warta Ekonomi,-,N/A,-,,Indonesia,wartaekonomi.co.id,No feed generated,FALSE,,,FALSE,
YouTube,-,N/A,-,,Pakistan,youtube.com,No feed generated,FALSE,,,FALSE,
Bryła,-,N/A,-,,Poland,bryla.pl,No feed generated,FALSE,,,FALSE,
DyingScene.com,-,N/A,-,,United States,dyingscene.com,No feed generated,FALSE,,,FALSE,
B1 TV,https://b1.ro/feed,"OG (1), RSS (9)",success,2025-11-29 12:53:05,Romania,b1.ro,To Do,FALSE,,,FALSE,Newly discovered RSS feed
Glossy magazin,https://espreso.rs/rss,OG,success,2025-11-29 12:53:07,Serbia,espreso.rs,To Do,FALSE,,,FALSE,Newly discovered RSS feed
DriveSpark,-,N/A,-,,India,drivespark.com,No feed generated,FALSE,,,FALSE,
Tabloid BINTANG Indonesia,https://tabloidbintang.com/feed,OG,success,2025-11-29 12:53:11,Indonesia,tabloidbintang.com,To Do,FALSE,,,FALSE,Newly discovered RSS feed
FilmiBeat,-,N/A,-,,India,filmibeat.com,No feed generated,FALSE,,,FALSE,
Coupon Karma,-,N/A,-,,United States,couponkarma.com,No feed generated,FALSE,,,FALSE,
Hello Swasthya,-,N/A,-,,India,helloswasthya.com,No feed generated,FALSE,,,FALSE,
SELULARonline,https://selular.id/feed/,RSS,success,2025-11-29 12:53:26,Indonesia,selular.id,To Do,FALSE,,,FALSE,Newly discovered RSS feed
Kochamy Zwierzaki,-,N/A,-,,Poland,kochamyzwierzaki.pl,No feed generated,FALSE,,,FALSE,
Philippine News Agency,https://syndication.pna.gov.ph/rss,N/A,failed,2025-11-29 12:53:27,Philippines,pna.gov.ph,To Do,FALSE,,,FALSE,Newly discovered RSS feed
Komicni statusi,https://komicnistatusi.rs/feed/,OG,success,2025-11-29 12:53:29,Serbia,komicnistatusi.rs,To Do,FALSE,,,FALSE,Newly discovered RSS feed
Bdmorning.com,-,N/A,-,,Bangladesh,bdmorning.com,No feed generated,FALSE,,,FALSE,
The Science Times,-,N/A,-,,United States,sciencetimes.com,No feed generated,FALSE,,,FALSE,
Dnes.bg,-,N/A,-,,Bulgaria,dnes.bg,No feed generated,FALSE,,,FALSE,
hastakshep.com,https://hastakshep.com/google_feeds.xml,OG,success,2025-11-29 12:53:33,India,hastakshep.com,To Do,FALSE,,,FALSE,Newly discovered RSS feed
Zenicablog,https://www.zenicablog.com/feed/,OG,success,2025-11-29 12:53:39,Bosnia and Herzegovina,zenicablog.com,To Do,FALSE,,,FALSE,Newly discovered RSS feed
The Summit Express,https://www.thesummitexpress.com/feeds/posts/default,OG,success,2025-11-29 12:53:45,Philippines,thesummitexpress.com,To Do,FALSE,,,FALSE,Newly discovered RSS feed
Bali Post,-,N/A,-,,Indonesia,balipost.com,No feed generated,FALSE,,,FALSE,
The Online Citizen,-,N/A,-,,Singapore,theonlinecitizen.com,No feed generated,FALSE,,,FALSE,
9to5 Mac Electrek,https://electrek.co/feed/,OG,success,2025-11-29 11:42:58,United States,electrek.co,To Do,FALSE,,,FALSE,Newly discovered RSS feed
PS News,https://psnews.ro/feed/,OG,success,2025-11-29 12:53:48,Romania,psnews.ro,To Do,FALSE,,,FALSE,Newly discovered RSS feed
Ekskluziva,-,N/A,-,,Bosnia and Herzegovina,ekskluziva.ba,No feed generated,FALSE,,,FALSE,
HABER3.com,https://haber3.com/rss/,OG,success,2025-11-29 12:53:51,Turkey,haber3.com,To Do,FALSE,,,FALSE,Newly discovered RSS feed
Dunavmost,-,N/A,-,,Bulgaria,dunavmost.com,No feed generated,FALSE,,,FALSE,
Gwida.mt,-,N/A,-,,Malta,gwida.mt,No feed generated,FALSE,,,FALSE,
iWoman,https://iwoman.bg/rss,OG,success,2025-11-29 12:54:06,Bulgaria,iwoman.bg,To Do,FALSE,,,FALSE,Newly discovered RSS feed
GIZBOT,-,N/A,-,,India,gizbot.com,No feed generated,FALSE,,,FALSE,
Гласувам за България,-,N/A,-,,Bulgaria,bgnow.eu,No feed generated,FALSE,,,FALSE,
पूर्वांचल न्यूज़,-,N/A,-,,India,purvanchalnews.com,No feed generated,FALSE,,,FALSE,
Radio Cluj,https://radiocluj.ro/feed,OG,success,2025-11-29 12:54:14,Romania,radiocluj.ro,To Do,FALSE,,,FALSE,Newly discovered RSS feed
Hellas Journal,-,N/A,-,,Greece,hellasjournal.com,No feed generated,FALSE,,,FALSE,
The Literacy Site,-,N/A,-,,United States,theliteracysite.com,No feed generated,FALSE,,,FALSE,
Polsat Sport,https://polsatsport.pl/rss/wszystkie.xml,OG,success,2025-11-29 12:54:22,Poland,polsatsport.pl,To Do,FALSE,,,FALSE,Newly discovered RSS feed
Rap-Up,https://rap-up.com/feed,OG,success,2025-11-29 11:42:59,United States,rap-up.com,To Do,FALSE,,,FALSE,Newly discovered RSS feed
Healthy Foods and Herbal Medicines,https://herbs-info.com/feed/,OG,success,2025-11-29 11:43:00,United States,herbs-info.com,To Do,FALSE,,,FALSE,Newly discovered RSS feed
Madly Odd,https://madlyodd.com/feed/,OG,success,2025-11-29 11:43:02,United States,madlyodd.com,To Do,FALSE,,,FALSE,Newly discovered RSS feed
LiveJournal Inc.,-,N/A,-,,United States,livejournal.com,No feed generated,FALSE,,,FALSE,
"Ce se intampla, Doctore?",https://www.csid.ro/feed/,OG,success,2025-11-29 12:54:25,Romania,csid.ro,To Do,FALSE,,,FALSE,Newly discovered RSS feed
Informiran.net,https://informiran.net/rss,OG,success,2025-11-29 12:54:28,Bulgaria,informiran.net,To Do,FALSE,,,FALSE,Newly discovered RSS feed
aek-live.gr,https://www.aek-live.gr/feed/,OG,success,2025-11-29 12:54:40,Greece,aek-live.gr,To Do,FALSE,,,FALSE,Newly discovered RSS feed
cazin.net,-,N/A,-,,Bosnia and Herzegovina,cazin.net,No feed generated,FALSE,,,FALSE,
Radio GLAS Drine (BiH),https://rtvglasdrine.com/feed/,OG,success,2025-11-29 12:54:49,Bosnia and Herzegovina,rtvglasdrine.com,To Do,FALSE,,,FALSE,Newly discovered RSS feed
Svet Plus,-,N/A,-,,Serbia,svetplus.com,No feed generated,FALSE,,,FALSE,
9to5 Mac 9to5Google,https://9to5google.com/feed/,OG,success,2025-11-29 11:43:03,United States,9to5google.com,To Do,FALSE,,,FALSE,Newly discovered RSS feed
Signal.bg,https://signal.bg/feed/,OG,success,2025-11-29 12:54:58,Bulgaria,signal.bg,To Do,FALSE,,,FALSE,Newly discovered RSS feed
Newstrend Network Communication,-,N/A,-,,India,newstrend.news,No feed generated,FALSE,,,FALSE,
Alba24.ro,http://alba24.ro/feed/,OG,success,2025-11-29 12:54:58,Romania,alba24.ro,To Do,FALSE,,,FALSE,Newly discovered RSS feed
Dalmacija Danas,https://www.dalmacijadanas.hr/feed/,OG,success,2025-11-29 12:55:02,Croatia,dalmacijadanas.hr,To Do,FALSE,,,FALSE,Newly discovered RSS feed
Epirus Post,https://www.epiruspost.gr/feed/,OG,success,2025-11-29 12:55:04,Greece,epiruspost.gr,To Do,FALSE,,,FALSE,Newly discovered RSS feed
krajina.ba,-,N/A,-,,Bosnia and Herzegovina,krajina.ba,No feed generated,FALSE,,,FALSE,
Aajkaal,-,N/A,-,,India,aajkaal.in,No feed generated,FALSE,,,FALSE,
Infosot.com,https://infosot.com/feed/,OG,success,2025-11-29 12:55:13,Serbia,infosot.com,To Do,FALSE,,,FALSE,Newly discovered RSS feed
Dehir.hu,https://dehir.hu/rss.php,OG,success,2025-11-29 12:55:16,Hungary,dehir.hu,To Do,FALSE,,,FALSE,Newly discovered RSS feed
iSLCollective,-,N/A,-,,Hungary,islcollective.com,No feed generated,FALSE,,,FALSE,
Mimi Mefo Info Ltd,-,N/A,-,,United Kingdom,mimimefoinfos.com,No feed generated,FALSE,,,FALSE,
The Daily Observer,https://observerbd.com/rss/,OG,success,2025-11-29 12:55:22,Bangladesh,observerbd.com,To Do,FALSE,,,FALSE,Newly discovered RSS feed
Wrestling News Source,https://cdn.wrestlingnewssource.com/feeds/feed_news.xml,OG,success,2025-11-29 11:43:04,United Kingdom,wrestlingnewssource.com,To Do,FALSE,,,FALSE,Newly discovered RSS feed
RaceSimCentral,-,N/A,-,,Denmark,racesimcentral.net,No feed generated,FALSE,,,FALSE,
Ajanimo,https://ajanimo.com/feed/,N/A,failed,2025-11-29 12:55:22,Turkey,ajanimo.com,To Do,FALSE,,,FALSE,Newly discovered RSS feed
Katalozi.net,-,N/A,-,,Croatia,katalozi.net,No feed generated,FALSE,,,FALSE,
Niiinis Kitchenlife,https://niiinis.se/feed,"OG (9), RSS (1)",success,2025-11-29 12:55:28,Sweden,niiinis.se,To Do,FALSE,,,FALSE,Newly discovered RSS feed
Observator,https://observatornews.ro/rss/,OG,success,2025-11-29 12:55:31,Romania,observator.tv,To Do,FALSE,,,FALSE,Newly discovered RSS feed
Düşünce Mektebi,-,N/A,-,,Turkey,dusuncemektebi.com,No feed generated,FALSE,,,FALSE,
Go4IT,https://www.go4it.ro/feed/,OG,success,2025-11-29 12:55:34,Romania,go4it.ro,To Do,FALSE,,,FALSE,Newly discovered RSS feed
Ebrod,-,N/A,-,,Croatia,ebrod.net,No feed generated,FALSE,,,FALSE,
puls.bg,-,N/A,-,,Bulgaria,puls.bg,No feed generated,FALSE,,,FALSE,
India TV Paisa,https://indiatv.in/rss.xml,OG,success,2025-11-29 12:55:36,India,indiatv.in,To Do,FALSE,,,FALSE,Newly discovered RSS feed
Bijeljina danas,-,N/A,-,,Bosnia and Herzegovina,bijeljina.org,No feed generated,FALSE,,,FALSE,
Gazeta Dambovitei,https://www.gazetadambovitei.ro/feed/,OG,success,2025-11-29 12:55:38,Romania,gazetadambovitei.ro,To Do,FALSE,,,FALSE,Newly discovered RSS feed
Flagman.bg,-,N/A,-,,Bulgaria,flagman.bg,No feed generated,FALSE,,,FALSE,
Desteptarea de Bacau,https://www.desteptarea.ro/feed/,OG,success,2025-11-29 12:55:46,Romania,desteptarea.ro,To Do,FALSE,,,FALSE,Newly discovered RSS feed
Healthy Celeb,-,N/A,-,,India,healthyceleb.com,No feed generated,FALSE,,,FALSE,
Zagorje.com,https://zagorje.com/rss,OG,success,2025-11-29 12:55:50,Croatia,zagorje.com,To Do,FALSE,,,FALSE,Newly discovered RSS feed
Crossing Broad,https://crossingbroad.com/feed,OG,success,2025-11-29 11:43:05,United States,crossingbroad.com,To Do,FALSE,,,FALSE,Newly discovered RSS feed
Dnevnik.ba,https://dnevnik.ba/rss.xml,OG,success,2025-11-29 12:55:53,Bosnia and Herzegovina,dnevnik.ba,To Do,FALSE,,,FALSE,Newly discovered RSS feed
Cherno More,-,N/A,-,,Bulgaria,chernomore.bg,No feed generated,FALSE,,,FALSE,
AIRportal.hu,https://airportal.hu/feed/,OG,success,2025-11-29 12:56:13,Hungary,airportal.hu,To Do,FALSE,,,FALSE,Newly discovered RSS feed
mojnovisad.com,-,N/A,-,,Serbia,mojnovisad.com,No feed generated,FALSE,,,FALSE,
BekijkDezeVideo,https://www.bekijkdezevideo.nl/feed/,OG,success,2025-11-29 12:56:15,Netherlands,bekijkdezevideo.nl,To Do,FALSE,,,FALSE,Newly discovered RSS feed
Факти,https://fakti.bg/feed,OG,success,2025-11-29 12:56:23,Bulgaria,fakti.bg,To Do,FALSE,,,FALSE,Newly discovered RSS feed
WTVideo,https://www.wtvideo.com/feed/,OG,success,2025-11-29 11:43:07,United States,wtvideo.com,To Do,FALSE,,,FALSE,Newly discovered RSS feed
Marmara Gazetesi,-,N/A,-,,Turkey,marmaragazetesi.com,No feed generated,FALSE,,,FALSE,
sharenews24.com,-,N/A,-,,Bangladesh,sharenews24.com,No feed generated,FALSE,,,FALSE,
Sugbo Media Group,https://sugbo.ph/feed/,OG,success,2025-11-29 12:56:27,Philippines,sugbo.ph,To Do,FALSE,,,FALSE,Newly discovered RSS feed
Niške Vesti,https://niskevesti.rs/feed/,OG,success,2025-11-29 12:56:39,Serbia,niskevesti.rs,To Do,FALSE,,,FALSE,Newly discovered RSS feed
TechJuice,https://www.techjuice.pk/feed/,OG,success,2025-11-29 12:56:41,Pakistan,techjuice.pk,To Do,FALSE,,,FALSE,Newly discovered RSS feed
Hip-Hop Lately,-,N/A,-,,United States,hiphoplately.com,No feed generated,FALSE,,,FALSE,
Info Kosova,https://infokosova.net/feed/,OG,success,2025-11-29 12:56:43,Serbia,infokosova.net,To Do,FALSE,,,FALSE,Newly discovered RSS feed
Punjab Spectrum,https://punjabspectrum.com/?feed=rss2,OG,success,2025-11-29 12:56:46,India,punjabspectrum.com,To Do,FALSE,,,FALSE,Newly discovered RSS feed
Rodosreport,https://rodosreport.gr/feed/,OG,success,2025-11-29 12:56:48,Greece,rodosreport.gr,To Do,FALSE,,,FALSE,Newly discovered RSS feed
Doxologia Media,https://doxologia.ro/rss.xml,OG,success,2025-11-29 12:56:58,Romania,doxologia.ro,To Do,FALSE,,,FALSE,Newly discovered RSS feed
BG tourism,https://bgtourism.bg/feed,OG,success,2025-11-29 12:57:26,Bulgaria,bgtourism.bg,To Do,FALSE,,,FALSE,Newly discovered RSS feed
Daily Comilla News,https://dailycomillanews.com/feed,OG,success,2025-11-29 12:57:29,Bangladesh,dailycomillanews.com,To Do,FALSE,,,FALSE,Newly discovered RSS feed
Haber dnevne vijesti,https://www.haber.ba/feed,OG,success,2025-11-29 12:57:33,Bosnia and Herzegovina,haber.ba,To Do,FALSE,,,FALSE,Newly discovered RSS feed
Reshareworthy,-,N/A,-,,United States,reshareworthy.com,No feed generated,FALSE,,,FALSE,
Ulusal Post,https://www.ulusalpost.com/service/rss.php,OG,success,2025-11-29 12:57:36,Turkey,ulusalpost.com,To Do,FALSE,,,FALSE,Newly discovered RSS feed
Dainik Purbokone,https://dainikpurbokone.net/feed,OG,success,2025-11-29 12:57:38,Bangladesh,dainikpurbokone.net,To Do,FALSE,,,FALSE,Newly discovered RSS feed
Egy.hu,https://egy.hu/rss,OG,success,2025-11-29 12:57:41,Hungary,egy.hu,To Do,FALSE,,,FALSE,Newly discovered RSS feed
Risale Haber,https://www.risalehaber.com/service/rss.php,OG,success,2025-11-29 12:57:44,Turkey,risalehaber.com,To Do,FALSE,,,FALSE,Newly discovered RSS feed
News.ro,https://news.ro/rss,OG,success,2025-11-29 12:57:47,Romania,news.ro,To Do,FALSE,,,FALSE,Newly discovered RSS feed
TNT Portal,-,N/A,-,,Bosnia and Herzegovina,tntportal.ba,No feed generated,FALSE,,,FALSE,
World War Wings,https://worldwarwings.com/feed/,OG,success,2025-11-29 11:43:08,United States,worldwarwings.com,To Do,FALSE,,,FALSE,Newly discovered RSS feed
PC Guru,https://pcguru.hu/rss,RSS,success,2025-11-29 12:57:49,Hungary,pcguru.hu,To Do,FALSE,,,FALSE,Newly discovered RSS feed
Jurnal FM,https://jurnalfm.ro/feed/,OG,success,2025-11-29 12:58:04,Romania,jurnalfm.ro,To Do,FALSE,,,FALSE,Newly discovered RSS feed
InfoGlobi,-,N/A,-,,Serbia,infoglobi.com,No feed generated,FALSE,,,FALSE,
Tiebreaker Times,https://tiebreakertimes.com.ph/feed,OG,success,2025-11-29 12:58:16,Philippines,tiebreakertimes.com.ph,To Do,FALSE,,,FALSE,Newly discovered RSS feed
HotSport,https://hotsport.rs/feed/,OG,success,2025-11-29 12:58:23,Serbia,hotsport.rs,To Do,FALSE,,,FALSE,Newly discovered RSS feed
Daily Manab Zamin,-,N/A,-,,Bangladesh,mzamin.com,No feed generated,FALSE,,,FALSE,
Times of Islamabad,-,N/A,-,,Pakistan,timesofislamabad.com,No feed generated,FALSE,,,FALSE,
Maharashtradesha,https://maharashtradesha.com/feed/,OG,success,2025-11-29 12:58:28,India,maharashtradesha.com,To Do,FALSE,,,FALSE,Newly discovered RSS feed
美國之音中文網,https://voacantonese.com/api/,OG,success,2025-11-29 11:43:11,United States,voacantonese.com,To Do,FALSE,,,FALSE,Newly discovered RSS feed
Dnevna doza sporta,https://ddl.rs/feed,RSS,success,2025-11-29 12:58:31,Serbia,ddl.rs,To Do,FALSE,,,FALSE,Newly discovered RSS feed
dainikamadershomoy.com,https://dainikamadershomoy.com/feed.rss,"OG (8), RSS (1)",success,2025-11-29 12:58:51,Bangladesh,dainikamadershomoy.com,To Do,FALSE,,,FALSE,Newly discovered RSS feed
Malayalivartha,-,N/A,-,,India,malayalivartha.com,No feed generated,FALSE,,,FALSE,
Universul Juridic,-,N/A,-,,Romania,universuljuridic.ro,No feed generated,FALSE,,,FALSE,
Flickering Myth,https://www.flickeringmyth.com/feed/,OG,success,2025-11-29 11:43:12,United Kingdom,flickeringmyth.com,To Do,FALSE,,,FALSE,Newly discovered RSS feed
Polygamia.pl,https://polygamia.pl/rss/aktualnosci,OG,success,2025-11-29 12:58:54,Poland,polygamia.pl,To Do,FALSE,,,FALSE,Newly discovered RSS feed
ProMotor,https://www.promotor.ro/feed,OG,success,2025-11-29 12:58:59,Romania,promotor.ro,To Do,FALSE,,,FALSE,Newly discovered RSS feed
GL Media Group,-,N/A,-,,Bulgaria,plovdivskinovini.bg,No feed generated,FALSE,,,FALSE,
CMD Media,https://cromoda.com/rss/novo,OG,success,2025-11-29 12:59:08,Croatia,cromoda.com,To Do,FALSE,,,FALSE,Newly discovered RSS feed
Haskovo,https://haskovo.info/feed/,OG,success,2025-11-29 12:59:11,Bulgaria,haskovo.info,To Do,FALSE,,,FALSE,Newly discovered RSS feed
Paragraph 22,https://paragraph22.bg/feed/,OG,success,2025-11-29 12:59:24,Bulgaria,paragraph22.bg,To Do,FALSE,,,FALSE,Newly discovered RSS feed
RMNB,https://russianmachineneverbreaks.com/feed/,OG,success,2025-11-29 11:43:18,United States,russianmachineneverbreaks.com,To Do,FALSE,,,FALSE,Newly discovered RSS feed
Global Village Space,-,N/A,-,,Pakistan,globalvillagespace.com,No feed generated,FALSE,,,FALSE,
Radar Banyumas,https://radarbanyumas.disway.id/rss/motor,OG,success,2025-11-29 12:59:34,Indonesia,radarbanyumas.co.id,To Do,FALSE,,,FALSE,Newly discovered RSS feed
Politiko,-,N/A,-,,Philippines,politics.com.ph,No feed generated,FALSE,,,FALSE,
Daily Notun Somoy,https://notunshomoy.com/rss.php,RSS,success,2025-11-29 12:59:35,Bangladesh,notunshomoy.com,To Do,FALSE,,,FALSE,Newly discovered RSS feed
Këshilla për shtatzënat - Gazeta Shneta,-,N/A,-,,Serbia,gazetashneta.com,No feed generated,FALSE,,,FALSE,
Sonali News,-,N/A,-,,Bangladesh,sonalinews.com,No feed generated,FALSE,,,FALSE,
Animal Zoo,https://www.animalzoo.ro/feed/,OG,success,2025-11-29 12:59:40,Romania,animalzoo.ro,To Do,FALSE,,,FALSE,Newly discovered RSS feed
NetMag,https://netmag.pk/feed/,OG,success,2025-11-29 12:59:45,Pakistan,netmag.pk,To Do,FALSE,,,FALSE,Newly discovered RSS feed
Haldwani Live,https://haldwanilive.com/feed/,OG,success,2025-11-29 12:59:50,India,haldwanilive.com,To Do,FALSE,,,FALSE,Newly discovered RSS feed
Dhakatimes,-,N/A,-,,Bangladesh,dhakatimes24.com,No feed generated,FALSE,,,FALSE,
CNA,-,N/A,-,,Taiwan,cna.com.tw,No feed generated,FALSE,,,FALSE,
Erdély.ma,https://www.erdely.ma/feed?type=rss,OG,success,2025-11-29 12:59:54,Hungary,erdely.ma,To Do,FALSE,,,FALSE,Newly discovered RSS feed
MediaLand BG,-,N/A,-,,Bulgaria,medialand.bg,No feed generated,FALSE,,,FALSE,
Osijek031.com,https://www.osijek031.com/news_rss.php,OG,success,2025-11-29 12:59:57,Croatia,osijek031.com,To Do,FALSE,,,FALSE,Newly discovered RSS feed
Dusty Old Thing,https://dustyoldthing.com/feed,OG,success,2025-11-29 11:43:24,United States,dustyoldthing.com,To Do,FALSE,,,FALSE,Newly discovered RSS feed
Novini.bg,-,N/A,-,,Bulgaria,novini.bg,No feed generated,FALSE,,,FALSE,
Onlookers Media,https://onlookersmedia.in/feed/,OG,success,2025-11-29 13:00:05,India,onlookersmedia.in,To Do,FALSE,,,FALSE,Newly discovered RSS feed
Mahakaal News Management,https://hindi.pardaphash.com/feed/,OG,success,2025-11-29 13:00:09,India,pardaphash.com,To Do,FALSE,,,FALSE,Newly discovered RSS feed
newsbreak.gr,https://www.newsbreak.gr/feed/,OG,success,2025-11-29 13:00:12,Greece,newsbreak.gr,To Do,FALSE,,,FALSE,Newly discovered RSS feed
যুগান্তর ইপেপার,-,N/A,-,,Bangladesh,ejugantor.com,No feed generated,FALSE,,,FALSE,
AutoRepublika,https://autorepublika.com/feed/,OG,success,2025-11-29 13:00:15,Serbia,autorepublika.com,To Do,FALSE,,,FALSE,Newly discovered RSS feed
Via Pontika,-,N/A,-,,Bulgaria,viapontika.com,No feed generated,FALSE,,,FALSE,
Magyar Narancs,https://magyarnarancs.hu/rss,OG,success,2025-11-29 13:00:21,Hungary,magyarnarancs.hu,To Do,FALSE,,,FALSE,Newly discovered RSS feed
Evartha,https://evartha.in/feed,OG,success,2025-11-29 13:00:26,India,evartha.in,To Do,FALSE,,,FALSE,Newly discovered RSS feed
سائح,https://saaih.com/rss.xml,OG,success,2025-11-29 13:00:30,United Arab Emirates,saaih.com,To Do,FALSE,,,FALSE,Newly discovered RSS feed
Ripples Nigeria,-,N/A,-,,Nigeria,ripplesnigeria.com,No feed generated,FALSE,,,FALSE,
Giatros-in.gr,https://www.giatros-in.gr/feed/,OG,success,2025-11-29 13:00:32,Greece,giatros-in.gr,To Do,FALSE,,,FALSE,Newly discovered RSS feed
The Blowick Publishing Company,https://www.otsnews.co.uk/feed/,OG,success,2025-11-29 11:43:27,United Kingdom,otsnews.co.uk,To Do,FALSE,,,FALSE,Newly discovered RSS feed
Dünya Bizim,-,N/A,-,,Turkey,dunyabizim.com,No feed generated,FALSE,,,FALSE,
Cannock Radio Ltd,https://www.cannockchaseradio.co.uk/feed/,OG,success,2025-11-29 11:43:34,United Kingdom,cannockchaseradio.co.uk,To Do,FALSE,,,FALSE,Newly discovered RSS feed
Sportsfeed.gr,-,N/A,-,,Greece,sportsfeed.gr,No feed generated,FALSE,,,FALSE,
Fresh 105.9 FM Ibadan,-,N/A,-,,Nigeria,fresh1059fm.com,No feed generated,FALSE,,,FALSE,
Poznanieto.bg,https://poznanieto.bg/feed/,OG,success,2025-11-29 13:00:49,Bulgaria,poznanieto.bg,To Do,FALSE,,,FALSE,Newly discovered RSS feed
NewsKo,https://newsko.com.ph/feed/,OG,success,2025-11-29 13:00:50,Philippines,newsko.com.ph,To Do,FALSE,,,FALSE,Newly discovered RSS feed
Olivemagazine.gr,https://olivemagazine.gr/feed,OG,success,2025-11-29 13:00:55,Greece,olivemagazine.gr,To Do,FALSE,,,FALSE,Newly discovered RSS feed
A-Sports,https://a-sports.gr/rss.php?type=RSS2,OG,success,2025-11-29 13:01:02,Greece,a-sports.gr,To Do,FALSE,,,FALSE,Newly discovered RSS feed
Veteranos.gr,https://veteranos.gr/feed/,OG,success,2025-11-29 13:01:04,Greece,veteranos.gr,To Do,FALSE,,,FALSE,Newly discovered RSS feed
Terazkrosno.Pl,-,N/A,-,,Poland,terazkrosno.pl,No feed generated,FALSE,,,FALSE,
Suceava News Online,http://feeds.svnews.ro/SuceavaNews,OG,success,2025-11-29 13:01:10,Romania,svnews.ro,To Do,FALSE,,,FALSE,Newly discovered RSS feed
Medical Inspire 醫．思維,https://medicalinspire.com/feed,OG,success,2025-11-29 13:01:29,Hong Kong,medicalinspire.com,To Do,FALSE,,,FALSE,Newly discovered RSS feed
NUFC Blog,https://www.nufcblog.co.uk/feed/,OG,success,2025-11-29 11:43:37,United Kingdom,nufcblog.co.uk,To Do,FALSE,,,FALSE,Newly discovered RSS feed
Absolut Delicios,https://www.absolutdelicios.ro/feeds/posts/default,OG,success,2025-11-29 13:01:31,Romania,absolutdelicios.ro,To Do,FALSE,,,FALSE,Newly discovered RSS feed
Zappit.gr,https://zappit.gr/feed,OG,success,2025-11-29 13:01:40,Greece,zappit.gr,To Do,FALSE,,,FALSE,Newly discovered RSS feed
The Daily Campus (Bangladesh),-,N/A,-,,Bangladesh,thedailycampus.com,No feed generated,FALSE,,,FALSE,
TraleeToday.ie,https://traleetoday.ie/comments/feed/,OG,success,2025-11-29 13:01:47,Ireland,traleetoday.ie,To Do,FALSE,,,FALSE,Newly discovered RSS feed
Golin,https://golin.com/feed,OG,success,2025-11-29 11:43:40,United States,golin.com,To Do,FALSE,,,FALSE,Newly discovered RSS feed
Women's Corner,-,N/A,-,,Bangladesh,womenscorner.com.bd,No feed generated,FALSE,,,FALSE,
灼見名家 Master Insight,https://www.master-insight.com/feed,OG,success,2025-11-29 13:01:53,Hong Kong,master-insight.com,To Do,FALSE,,,FALSE,Newly discovered RSS feed
JETSOguide.com,-,N/A,-,,Hong Kong,jetsoguide.com,No feed generated,FALSE,,,FALSE,
Teluga Adda,https://teluguadda.co.in/feed/,OG,success,2025-11-29 13:02:02,India,teluguadda.co.in,To Do,FALSE,,,FALSE,Newly discovered RSS feed
FeanOnline,-,N/A,-,,Netherlands,feanonline.nl,No feed generated,FALSE,,,FALSE,
england365.gr,https://www.england365.gr/rss/,OG,success,2025-11-29 13:02:13,Greece,england365.gr,To Do,FALSE,,,FALSE,Newly discovered RSS feed
NewSide,https://www.newside.gr/feed/,OG,success,2025-11-29 13:02:18,Greece,newside.gr,To Do,FALSE,,,FALSE,Newly discovered RSS feed
Church and State,https://churchandstate.org.uk/feed/,OG,success,2025-11-29 11:43:45,United Kingdom,churchandstate.org.uk,To Do,FALSE,,,FALSE,Newly discovered RSS feed
inmedia.ba,https://www.inmedia.ba/feed/,OG,success,2025-11-29 13:02:26,Bosnia and Herzegovina,inmedia.ba,To Do,FALSE,,,FALSE,Newly discovered RSS feed
KRT TV,https://krttv.com.tr/rss,OG,success,2025-11-29 13:02:37,Turkey,krttv.com.tr,To Do,FALSE,,,FALSE,Newly discovered RSS feed
Trishul News,-,N/A,-,,India,trishulnews.com,No feed generated,FALSE,,,FALSE,
ArtistRack,https://artistrack.com/feed/,OG,success,2025-11-29 11:43:47,United Kingdom,artistrack.com,To Do,FALSE,,,FALSE,Newly discovered RSS feed
Sun Media,-,N/A,-,,New Zealand,sunlive.co.nz,No feed generated,FALSE,,,FALSE,
FR12.nl,https://www.fr12.nl/sitemap/news.xml,OG,success,2025-11-29 13:02:39,Netherlands,fr12.nl,To Do,FALSE,,,FALSE,Newly discovered RSS feed
NaijaNews.com,https://naijanews.com/feed/,OG,success,2025-11-29 13:02:52,Nigeria,naijanews.com,To Do,FALSE,,,FALSE,Newly discovered RSS feed
Tolivelugu,-,N/A,-,,India,tolivelugu.com,No feed generated,FALSE,,,FALSE,
Gulte,-,N/A,-,,India,gulte.com,No feed generated,FALSE,,,FALSE,
The Herald Nigeria,-,N/A,-,,Nigeria,herald.ng,No feed generated,FALSE,,,FALSE,
Thestival Media,-,N/A,-,,Greece,thestival.gr,No feed generated,FALSE,,,FALSE,
starozagorci.com,https://www.starozagorci.com/rss-novini.xml,OG,success,2025-11-29 13:02:58,Bulgaria,starozagorci.com,To Do,FALSE,,,FALSE,Newly discovered RSS feed
"Gamezebo, Inc.",https://gamezebo.com/feed,OG,success,2025-11-29 11:43:49,United States,gamezebo.com,To Do,FALSE,,,FALSE,Newly discovered RSS feed
Next Element,-,N/A,-,,United Kingdom,nextelement.co.uk,No feed generated,FALSE,,,FALSE,
Hetedik sor közepe,https://hetediksor.hu/feed/,OG,success,2025-11-29 13:03:00,Hungary,hetediksor.hu,To Do,FALSE,,,FALSE,Newly discovered RSS feed
BorneoNews,-,N/A,-,,Indonesia,borneonews.co.id,No feed generated,FALSE,,,FALSE,
Grantham Matters Media,https://granthammatters.co.uk/feed/,OG,success,2025-11-29 11:43:57,United Kingdom,granthammatters.co.uk,To Do,FALSE,,,FALSE,Newly discovered RSS feed
Abtak Media,-,N/A,-,,India,abtakmedia.com,No feed generated,FALSE,,,FALSE,
wlkp24.info,https://wlkp24.info/rss,OG,success,2025-11-29 13:03:12,Poland,wlkp24.info,To Do,FALSE,,,FALSE,Newly discovered RSS feed
Thrakisports.gr,https://www.thrakisports.gr/feed/,OG,success,2025-11-29 13:03:15,Greece,thrakisports.gr,To Do,FALSE,,,FALSE,Newly discovered RSS feed
Marie Claire (SA),-,N/A,-,,South Africa,marieclaire.co.za,No feed generated,FALSE,,,FALSE,
PR Nigeria,https://prnigeria.com/feed/,"OG (8), RSS (2)",success,2025-11-29 13:03:42,Nigeria,prnigeria.com,To Do,FALSE,,,FALSE,Newly discovered RSS feed
ionigeria.com,-,N/A,-,,Nigeria,ionigeria.com,No feed generated,FALSE,,,FALSE,
How2Play,https://how2play.pl/feed/,OG,success,2025-11-29 13:03:48,Poland,how2play.pl,To Do,FALSE,,,FALSE,Newly discovered RSS feed
Press Narayanganj,https://www.pressnarayanganj24.com/feed/,OG,success,2025-11-29 13:03:50,Bangladesh,pressnarayanganj24.com,To Do,FALSE,,,FALSE,Newly discovered RSS feed
Bursa Hakimiyet,https://www.bursahakimiyet.com.tr/rss,OG,success,2025-11-29 13:03:54,Turkey,bursahakimiyet.com.tr,To Do,FALSE,,,FALSE,Newly discovered RSS feed
Kobiece Porady,-,N/A,-,,Poland,kobieceporady.pl,No feed generated,FALSE,,,FALSE,
Galatasaray Gazetesi,https://gsgazete.com/rss,OG,success,2025-11-29 13:03:57,Turkey,gsgazete.com,To Do,FALSE,,,FALSE,Newly discovered RSS feed
ÖğretmenX,https://ogretmenx.com/rss,OG,success,2025-11-29 13:04:01,Turkey,ogretmenx.com,To Do,FALSE,,,FALSE,Newly discovered RSS feed
priyoshomoy.com,https://www.priyoshomoy.com/feed/,OG,success,2025-11-29 13:04:10,Bangladesh,priyoshomoy.com,To Do,FALSE,,,FALSE,Newly discovered RSS feed
Pak China News,-,N/A,-,,Pakistan,pakchinanews.pk,No feed generated,FALSE,,,FALSE,
Papamond,https://www.papamond.ro/feed/,OG,success,2025-11-29 13:04:13,Romania,papamond.ro,To Do,FALSE,,,FALSE,Newly discovered RSS feed
Current Crime,https://www.currentcrime.com/feed/,OG,success,2025-11-29 13:04:17,India,currentcrime.com,To Do,FALSE,,,FALSE,Newly discovered RSS feed
Dom Pelen Pomyslow,https://dompelenpomyslow.pl/feed/,OG,success,2025-11-29 13:04:27,Poland,dompelenpomyslow.pl,To Do,FALSE,,,FALSE,Newly discovered RSS feed
Radomska Grupa Mediowa,https://www.cozadzien.pl/rss/articles/pl,OG,success,2025-11-29 13:04:35,Poland,cozadzien.pl,To Do,FALSE,,,FALSE,Newly discovered RSS feed
43 Haber,-,N/A,-,,Turkey,43haber.com,No feed generated,FALSE,,,FALSE,
Gündem Bursa,https://www.gundembursa.com/haberler.rss,OG,success,2025-11-29 13:04:40,Turkey,gundembursa.com,To Do,FALSE,,,FALSE,Newly discovered RSS feed
Np News,-,N/A,-,,United States,npkhabar24.com,No feed generated,FALSE,,,FALSE,
theJasmineBRAND,https://thejasminebrand.com/feed/,OG,success,2025-11-29 11:44:07,United States,thejasminebrand.com,To Do,FALSE,,,FALSE,Newly discovered RSS feed
Öncü Haber,https://oncurtv.com/rss,OG,success,2025-11-29 13:04:43,Turkey,oncurtv.com,To Do,FALSE,,,FALSE,Newly discovered RSS feed
Truth Media Hong Kong (TMHK),https://tmhk.org/feed/,OG,success,2025-11-29 13:04:46,Hong Kong,tmhk.org,To Do,FALSE,,,FALSE,Newly discovered RSS feed
24Vesti,https://24vesti.com/feed,OG,success,2025-11-29 13:04:48,Serbia,24vesti.com,To Do,FALSE,,,FALSE,Newly discovered RSS feed
Cretapost.gr,https://www.cretapost.gr/feed/,RSS,success,2025-11-29 13:04:49,Greece,cretapost.gr,To Do,FALSE,,,FALSE,Newly discovered RSS feed
Daily Cox News,https://www.dailycoxnews.com/feed/,OG,success,2025-11-29 13:05:01,Bangladesh,dailycoxnews.com,To Do,FALSE,,,FALSE,Newly discovered RSS feed
Piano Street,https://pianostreet.com/blog/feed,OG,success,2025-11-29 13:05:08,Sweden,pianostreet.com,To Do,FALSE,,,FALSE,Newly discovered RSS feed
Dete.gr,https://dete.gr/feed/,OG,success,2025-11-29 13:05:18,Greece,dete.gr,To Do,FALSE,,,FALSE,Newly discovered RSS feed
Constanta 100%,https://www.ct100.ro/feed/,OG,success,2025-11-29 13:05:23,Romania,ct100.ro,To Do,FALSE,,,FALSE,Newly discovered RSS feed
Cazin.ba,https://cazin.ba/feed/,OG,success,2025-11-29 13:05:28,Bosnia and Herzegovina,cazin.ba,To Do,FALSE,,,FALSE,Newly discovered RSS feed
Daily Ekattor,https://dailyekattor.com/feed/,OG,success,2025-11-29 13:05:29,Bangladesh,dailyekattor.com,To Do,FALSE,,,FALSE,Newly discovered RSS feed
Nova Tv Mediaş,https://novatv.ro/feed/,OG,success,2025-11-29 13:05:33,Romania,novatv.ro,To Do,FALSE,,,FALSE,Newly discovered RSS feed
EMY Media,-,N/A,-,,Turkey,emymedya.com,No feed generated,FALSE,,,FALSE,
Notia.gr,https://notia.gr/feed,OG,success,2025-11-29 13:05:41,Greece,notia.gr,To Do,FALSE,,,FALSE,Newly discovered RSS feed
Gkourou,https://www.gkourou.com/feeds/posts/default,OG,success,2025-11-29 13:05:43,Greece,gkourou.com,To Do,FALSE,,,FALSE,Newly discovered RSS feed
Media Group 31,-,N/A,-,,United States,mediagroup31.com,No feed generated,FALSE,,,FALSE,
Science X,-,N/A,-,,United Kingdom,sciencex.com,No feed generated,FALSE,,,FALSE,
Ripensis Media Trust,https://opiniatimisoarei.ro/feed,OG,success,2025-11-29 13:05:46,Romania,opiniatimisoarei.ro,To Do,FALSE,,,FALSE,Newly discovered RSS feed
Oficial Media,https://oficialmedia.com/feed/,OG,success,2025-11-29 13:05:49,Romania,oficialmedia.com,To Do,FALSE,,,FALSE,Newly discovered RSS feed
Religis,https://religis.com/feed/,OG,success,2025-11-29 13:05:53,Bosnia and Herzegovina,religis.com,To Do,FALSE,,,FALSE,Newly discovered RSS feed
NFL Trade Rumors,https://nfltraderumors.co/feed/,OG,success,2025-11-29 11:44:09,United States,nfltraderumors.co,To Do,FALSE,,,FALSE,Newly discovered RSS feed
Orami,-,N/A,-,,Indonesia,orami.co.id,No feed generated,FALSE,,,FALSE,
Mindenszo,-,N/A,-,,Hungary,mindenszo.hu,No feed generated,FALSE,,,FALSE,
CRNA Hronika BiH,https://crna-hronika.info/feed,OG,success,2025-11-29 13:05:55,Bosnia and Herzegovina,crna-hronika.info,To Do,FALSE,,,FALSE,Newly discovered RSS feed
CroExpress,-,N/A,-,,Croatia,croexpress.eu,No feed generated,FALSE,,,FALSE,
168Chasa,https://168chasa.bg/feed,OG,success,2025-11-29 13:06:00,Bulgaria,168chasa.bg,To Do,FALSE,,,FALSE,Newly discovered RSS feed
112Vandaag,https://112vdg.nl/feed/,OG,success,2025-11-29 13:06:02,Netherlands,112vdg.nl,To Do,FALSE,,,FALSE,Newly discovered RSS feed
Comentacii,https://comentacii.ro/feed/,OG,success,2025-11-29 13:06:08,Romania,comentacii.ro,To Do,FALSE,,,FALSE,Newly discovered RSS feed
codziennypoznan,https://codziennypoznan.pl/feed/,OG,success,2025-11-29 13:06:09,Poland,codziennypoznan.pl,To Do,FALSE,,,FALSE,Newly discovered RSS feed
Haber Dairesi,https://haberdairesi.com/service/rss.php,OG,success,2025-11-29 13:06:12,Turkey,haberdairesi.com,To Do,FALSE,,,FALSE,Newly discovered RSS feed
PSB Media,https://peoplesreporter.in/feed,OG,success,2025-11-29 13:06:14,India,peoplesreporter.in,To Do,FALSE,,,FALSE,Newly discovered RSS feed
Gumushane News,https://www.gumushane.gen.tr/rss/news,OG,success,2025-11-29 13:06:16,Turkey,gumushane.gen.tr,To Do,FALSE,,,FALSE,Newly discovered RSS feed
Moral News 24,https://www.moralnews24.com/feed,RSS,success,2025-11-29 13:06:20,Bangladesh,moralnews24.com,To Do,FALSE,,,FALSE,Newly discovered RSS feed
MAX SPORT,https://maxsport.rs/feed/,OG,success,2025-11-29 13:06:31,Serbia,maxsport.rs,To Do,FALSE,,,FALSE,Newly discovered RSS feed
Co w Krakowie,https://cowkrakowie.pl/feed,OG,success,2025-11-29 13:06:34,Poland,cowkrakowie.pl,To Do,FALSE,,,FALSE,Newly discovered RSS feed
Kavala Web News,https://kavalawebnews.gr/feed/,OG,success,2025-11-29 13:06:47,Greece,kavalawebnews.gr,To Do,FALSE,,,FALSE,Newly discovered RSS feed
24Chasa,https://24chasa.bg/rss,OG,success,2025-11-29 13:06:51,Bulgaria,24chasa.bg,To Do,FALSE,,,FALSE,Newly discovered RSS feed
Crash Online,-,N/A,-,,Greece,crashonline.gr,No feed generated,FALSE,,,FALSE,
Radio Gdansk,https://radiogdansk.pl/feed/,OG,success,2025-11-29 13:06:58,Poland,radiogdansk.pl,To Do,FALSE,,,FALSE,Newly discovered RSS feed
Gun Pro Plus,https://www.gunproplus.com/feed/,OG,success,2025-11-29 11:44:09,United States,gunproplus.com,To Do,FALSE,,,FALSE,Newly discovered RSS feed
Overdope,https://overdope.com/feed,OG,success,2025-11-29 13:07:04,Taiwan,overdope.com,To Do,FALSE,,,FALSE,Newly discovered RSS feed
Orange Magazine,-,N/A,-,,Philippines,orangemagazine.ph,No feed generated,FALSE,,,FALSE,
Craiova Forum,-,N/A,-,,Romania,craiovaforum.ro,No feed generated,FALSE,,,FALSE,
Patras Events,-,N/A,-,,Greece,patrasevents.gr,No feed generated,FALSE,,,FALSE,
Newsitamea,https://www.newsitamea.gr/feed/,OG,success,2025-11-29 13:07:06,Greece,newsitamea.gr,To Do,FALSE,,,FALSE,Newly discovered RSS feed
Top Tamil News,https://toptamilnews.com/feed,OG,success,2025-11-29 13:07:14,India,toptamilnews.com,To Do,FALSE,,,FALSE,Newly discovered RSS feed
Radio Iaşi,https://www.radioiasi.ro/feed/,OG,success,2025-11-29 13:07:22,Romania,radioiasi.ro,To Do,FALSE,,,FALSE,Newly discovered RSS feed
AĞRI Hürses,https://agrihurses.net/rss,OG,success,2025-11-29 13:07:26,Turkey,agrihurses.net,To Do,FALSE,,,FALSE,Newly discovered RSS feed
Fratria Media Group,-,N/A,-,,Poland,fratria.pl,No feed generated,FALSE,,,FALSE,
Today Samachar,https://unitedrow.org/feed/,OG,success,2025-11-29 13:07:29,India,todaysamachar.in,To Do,FALSE,,,FALSE,Newly discovered RSS feed
Master Media Group,-,N/A,-,,Bulgaria,bulnews.bg,No feed generated,FALSE,,,FALSE,
Eyap,-,N/A,-,,Greece,eyap.gr,No feed generated,FALSE,,,FALSE,
PeristeriNews,https://www.peristerinews.gr/feed/,OG,success,2025-11-29 13:07:32,Greece,peristerinews.gr,To Do,FALSE,,,FALSE,Newly discovered RSS feed
Travelgirl,https://www.travelgirl.gr/feed/,OG,success,2025-11-29 13:07:35,Greece,travelgirl.gr,To Do,FALSE,,,FALSE,Newly discovered RSS feed
TVL Spółka,-,N/A,-,,Poland,lubin.pl,No feed generated,FALSE,,,FALSE,
Enjoy! Media,https://metropoliabydgoska.pl/feed/,OG,success,2025-11-29 13:07:51,Poland,metropoliabydgoska.pl,To Do,FALSE,,,FALSE,Newly discovered RSS feed
74nullanulla.hu,-,N/A,-,,Hungary,74nullanulla.hu,No feed generated,FALSE,,,FALSE,
PortalSM,https://portalsm.ro/feed/,OG,success,2025-11-29 13:07:55,Romania,portalsm.ro,To Do,FALSE,,,FALSE,Newly discovered RSS feed
ZdrowePoradniki.pl,https://zdroweporadniki.pl/feed,OG,success,2025-11-29 13:08:04,Poland,zdroweporadniki.pl,To Do,FALSE,,,FALSE,Newly discovered RSS feed
Portal Grada Kaštela,-,N/A,-,,Croatia,kastela.org,No feed generated,FALSE,,,FALSE,
Radio Szczecin,https://radioszczecin.pl/rss.php,OG,success,2025-11-29 13:08:07,Poland,radioszczecin.pl,To Do,FALSE,,,FALSE,Newly discovered RSS feed
Napi Ujsag,https://www.napiujsag.hu/feeds/posts/default,OG,success,2025-11-29 13:08:16,Hungary,napiujsag.hu,To Do,FALSE,,,FALSE,Newly discovered RSS feed
All About Aris,https://allaboutaris.gr/feed/,OG,success,2025-11-29 13:08:19,Greece,allaboutaris.com,To Do,FALSE,,,FALSE,Newly discovered RSS feed
Radio Polis 99.4,https://www.radiopolis.gr/feed/,OG,success,2025-11-29 13:08:34,Greece,radiopolis.gr,To Do,FALSE,,,FALSE,Newly discovered RSS feed
FNews.gr,https://www.f-news.gr/feed/,OG,success,2025-11-29 13:08:42,Greece,fnews.gr,To Do,FALSE,,,FALSE,Newly discovered RSS feed
PhilNews,https://philnews.ph/feed/,OG,success,2025-11-29 13:08:43,Philippines,philnews.ph,To Do,FALSE,,,FALSE,Newly discovered RSS feed
wiemy.to,https://wiemy.to/index.xml,OG,success,2025-11-29 13:08:47,Poland,wiemy.to,To Do,FALSE,,,FALSE,Newly discovered RSS feed
Prawy.pl,-,N/A,-,,Poland,prawy.pl,No feed generated,FALSE,,,FALSE,
Radio 90,https://www.radio90.pl/feed/rss2,OG,success,2025-11-29 13:08:49,Poland,radio90.pl,To Do,FALSE,,,FALSE,Newly discovered RSS feed
AgrinioPress,https://agriniopress.gr/feed/,OG,success,2025-11-29 13:08:53,Greece,agriniopress.gr,To Do,FALSE,,,FALSE,Newly discovered RSS feed
Radio STAR Gjilan,-,N/A,-,,Bosnia and Herzegovina,radiostargjilan.com,No feed generated,FALSE,,,FALSE,
Radyo Pilipinas Uno,-,N/A,-,,Philippines,radyopilipinas.ph,No feed generated,FALSE,,,FALSE,
to10.gr,https://to10.gr/feed,OG,success,2025-11-29 13:08:58,Greece,to10.gr,To Do,FALSE,,,FALSE,Newly discovered RSS feed
Tintahijau,https://www.tintahijau.com/feed/,OG,success,2025-11-29 13:09:07,Indonesia,tintahijau.com,To Do,FALSE,,,FALSE,Newly discovered RSS feed
Twente Insite,https://www.twenteinsite.nl/sitemap/news.xml,OG,success,2025-11-29 13:09:09,Netherlands,twenteinsite.nl,To Do,FALSE,,,FALSE,Newly discovered RSS feed
034 portal,-,N/A,-,,Croatia,034portal.hr,No feed generated,FALSE,,,FALSE,
kamuilanlari.com,-,N/A,-,,Turkey,kamuilanlari.com,No feed generated,FALSE,,,FALSE,
WebCultura.ro,-,N/A,-,,Romania,webcultura.ro,No feed generated,FALSE,,,FALSE,
Nafpaktia News,https://www.nafpaktianews.gr/feed/,OG,success,2025-11-29 13:09:14,Greece,nafpaktianews.gr,To Do,FALSE,,,FALSE,Newly discovered RSS feed
News Updates 24,-,N/A,-,,Bangladesh,newsupdates24.com,No feed generated,FALSE,,,FALSE,
Χώρα Του Αχωρήτου,-,N/A,-,,Greece,choratouaxoritou.gr,No feed generated,FALSE,,,FALSE,
Pressmania,https://pressmania.pl/feed/,OG,success,2025-11-29 13:09:16,Poland,pressmania.pl,To Do,FALSE,,,FALSE,Newly discovered RSS feed
Power 98.7,-,N/A,-,,South Africa,msggroupsales.co.za,No feed generated,FALSE,,,FALSE,
Potret News,https://potretnews.com/feed.xml,RSS,success,2025-11-29 13:09:20,Indonesia,potretnews.com,To Do,FALSE,,,FALSE,Newly discovered RSS feed
Prijedor24H,https://prijedor24h.net/feed/,OG,success,2025-11-29 13:09:26,Bosnia and Herzegovina,prijedor24h.net,To Do,FALSE,,,FALSE,Newly discovered RSS feed
Radio Kielce,https://radiokielce.pl/feed/,OG,success,2025-11-29 13:09:31,Poland,radio.kielce.pl,To Do,FALSE,,,FALSE,Newly discovered RSS feed
Abnews24bd,-,N/A,-,,Bangladesh,abnews24bd.com,No feed generated,FALSE,,,FALSE,
168.hu,https://168.hu/rss,OG,success,2025-11-29 13:09:37,Hungary,168.hu,To Do,FALSE,,,FALSE,Newly discovered RSS feed
Popaganda,https://popaganda.gr/feed,OG,success,2025-11-29 13:09:40,Greece,popaganda.gr,To Do,FALSE,,,FALSE,Newly discovered RSS feed
WB News 24,-,N/A,-,,India,westbengalnews24.com,No feed generated,FALSE,,,FALSE,
Typosthes,-,N/A,-,,Greece,typosthes.gr,No feed generated,FALSE,,,FALSE,
Urfa Bilişim Hizmetleri,https://www.urfa.com/feed/,OG,success,2025-11-29 13:09:48,Turkey,urfa.com,To Do,FALSE,,,FALSE,Newly discovered RSS feed
Twentefans,-,N/A,-,,Netherlands,twentefans.nl,No feed generated,FALSE,,,FALSE,
PoliceNET of Greece,https://policenet.gr/rss.xml,OG,success,2025-11-29 13:09:53,Greece,policenet.gr,To Do,FALSE,,,FALSE,Newly discovered RSS feed
UFight.gr,https://ufight.gr/?format=feed&type=rss,OG,success,2025-11-29 13:09:58,Greece,ufight.gr,To Do,FALSE,,,FALSE,Newly discovered RSS feed
Power 987,https://power987.co.za/feed/,OG,success,2025-11-29 13:10:14,South Africa,power987.co.za,To Do,FALSE,,,FALSE,Newly discovered RSS feed
agrinio24.gr,https://agrinio24.gr/feed/,OG,success,2025-11-29 13:10:18,Greece,agrinio24.gr,To Do,FALSE,,,FALSE,Newly discovered RSS feed
PressTV.bg,https://presstv.bg/feed/,OG,success,2025-11-29 13:10:22,Bulgaria,presstv.bg,To Do,FALSE,,,FALSE,Newly discovered RSS feed
Pernik News,https://perniknews.com/feed/,OG,success,2025-11-29 13:10:28,Bulgaria,perniknews.com,To Do,FALSE,,,FALSE,Newly discovered RSS feed
Faktor.ba,-,N/A,-,,Bosnia and Herzegovina,faktor.ba,No feed generated,FALSE,,,FALSE,
TrikalaVoice,https://www.trikalavoice.gr/feed/,"OG (9), RSS (1)",success,2025-11-29 13:10:51,Greece,trikalavoice.gr,To Do,FALSE,,,FALSE,Newly discovered RSS feed
aera.gr,https://www.aera.gr/feed/,OG,success,2025-11-29 13:10:54,Greece,aera.gr,To Do,FALSE,,,FALSE,Newly discovered RSS feed
Intermagazin,-,N/A,-,,Serbia,intermagazin.rs,No feed generated,FALSE,,,FALSE,
agrinionews.gr,https://www.agrinionews.gr/feed/,OG,success,2025-11-29 13:10:57,Greece,agrinionews.gr,To Do,FALSE,,,FALSE,Newly discovered RSS feed
Larisanew,-,N/A,-,,Greece,larisanew.gr,No feed generated,FALSE,,,FALSE,
Provocateur.gr,-,N/A,-,,Greece,provocateur.gr,No feed generated,FALSE,,,FALSE,
Thessaloniki Arts and Culture,https://www.thessalonikiartsandculture.gr/feed/,OG,success,2025-11-29 13:11:04,Greece,thessalonikiartsandculture.gr,To Do,FALSE,,,FALSE,Newly discovered RSS feed
wMeritum.pl,https://wmeritum.pl/feed,OG,success,2025-11-29 13:11:06,Poland,wmeritum.pl,To Do,FALSE,,,FALSE,Newly discovered RSS feed
Stormer SA,https://weradio.ro/feed/,OG,success,2025-11-29 13:11:15,Romania,weradio.ro,To Do,FALSE,,,FALSE,Newly discovered RSS feed
PRESSARIS,https://www.pressaris.gr/feed/,OG,success,2025-11-29 13:11:18,Greece,pressaris.gr,To Do,FALSE,,,FALSE,Newly discovered RSS feed
Timp Online,https://timponline.ro/feed/,OG,success,2025-11-29 13:11:23,Romania,timponline.ro,To Do,FALSE,,,FALSE,Newly discovered RSS feed
Prijedor24.com,https://prijedor24.com/feed/,OG,success,2025-11-29 13:11:30,Bosnia and Herzegovina,prijedor24.com,To Do,FALSE,,,FALSE,Newly discovered RSS feed
News TR,https://www.newstr.net/feed/,OG,success,2025-11-29 13:11:32,Turkey,newstr.net,To Do,FALSE,,,FALSE,Newly discovered RSS feed
Tribuna Romania,-,N/A,-,,Romania,tribuna.ro,No feed generated,FALSE,,,FALSE,
Vellinakshatram,https://www.vellinakshatram.com/google_feeds.xml,OG,success,2025-11-29 13:11:35,India,vellinakshatram.com,To Do,FALSE,,,FALSE,Newly discovered RSS feed
WaCow Media,https://wacowla.com/feed/,RSS,success,2025-11-29 11:44:10,United States,wacowla.com,To Do,FALSE,,,FALSE,Newly discovered RSS feed
Stowarzyszenie Kultury Chrześcijańskiej,-,N/A,-,,Poland,piotrskarga.pl,No feed generated,FALSE,,,FALSE,
Napoca News,http://www.napocanews.ro/feed,OG,success,2025-11-29 13:11:39,Romania,napocanews.ro,To Do,FALSE,,,FALSE,Newly discovered RSS feed
Hit radio Požarevac,-,N/A,-,,Serbia,hitradio.rs,No feed generated,FALSE,,,FALSE,
Anorthosis24,https://anorthosis24.net/feed/,OG,success,2025-11-29 13:11:43,Greece,anorthosis24.net,To Do,FALSE,,,FALSE,Newly discovered RSS feed
Indeleiderstrui,https://www.indeleiderstrui.nl/sitemap/news.xml,OG,success,2025-11-29 13:11:47,Netherlands,indeleiderstrui.nl,To Do,FALSE,,,FALSE,Newly discovered RSS feed
Monopoli,https://monopoli.gr/feed,OG,success,2025-11-29 13:11:54,Greece,monopoli.gr,To Do,FALSE,,,FALSE,Newly discovered RSS feed
Vous.hu,https://vous.hu/feed,OG,success,2025-11-29 13:11:58,Hungary,vous.hu,To Do,FALSE,,,FALSE,Newly discovered RSS feed
Lorem Ipsum Press,-,N/A,-,,Greece,loremipsumpress.com,No feed generated,FALSE,,,FALSE,
iBEAUTYREPORT 美周報,-,N/A,-,,Taiwan,ibeautyreport.com,No feed generated,FALSE,,,FALSE,
Медикъл Нюз (Medical News),https://medicalnews.bg/feed/,OG,success,2025-11-29 13:12:02,Bulgaria,medicalnews.bg,To Do,FALSE,,,FALSE,Newly discovered RSS feed
Hindi Tracks,https://www.hinditracks.in/feed,Discovered-autodiscovery,N/A,,India,hinditracks.in,No feed generated,FALSE,,,FALSE,
Iskra GR,https://iskra.gr/feed/,OG,success,2025-11-29 13:12:11,Greece,iskra.gr,To Do,FALSE,,,FALSE,Newly discovered RSS feed
Herceg Televizija,-,N/A,-,,Bosnia and Herzegovina,herceg.tv,No feed generated,FALSE,,,FALSE,
Rethemnos News,https://rethemnosnews.gr/rss.xml,OG,success,2025-11-29 13:12:14,Greece,rethemnosnews.gr,To Do,FALSE,,,FALSE,Newly discovered RSS feed
Magyar Szó,https://magyarszo.rs/rss.xml,OG,success,2025-11-29 13:12:17,Serbia,magyarszo.rs,To Do,FALSE,,,FALSE,Newly discovered RSS feed
Inevros Media,https://www.inevros.gr/feed/,OG,success,2025-11-29 13:12:26,Greece,inevros.gr,To Do,FALSE,,,FALSE,Newly discovered RSS feed
Konyanın Nabzı,https://konyaninnabzi.web.tr/rss.php,OG,success,2025-11-29 13:12:28,Turkey,konyaninnabzi.web.tr,To Do,FALSE,,,FALSE,Newly discovered RSS feed
Хороскопи (Horoskopa),-,N/A,-,,Bulgaria,horoskopa.com,No feed generated,FALSE,,,FALSE,
"Agencija ""New Marketing Solutions - NMS""",-,N/A,-,,Bosnia and Herzegovina,nms.ba,No feed generated,FALSE,,,FALSE,
Discoveries Company,-,N/A,-,,United States,discoveries.co,No feed generated,FALSE,,,FALSE,
Gazeta Infokus,-,N/A,-,,Serbia,gazetainfokus.com,No feed generated,FALSE,,,FALSE,
Ατέχνως,https://atexnos.com/feed/,OG,success,2025-11-29 13:12:32,Greece,atexnos.gr,To Do,FALSE,,,FALSE,Newly discovered RSS feed
Kanal V,https://kanalv.com.tr/rss,OG,success,2025-11-29 13:12:36,Turkey,kanalv.com.tr,To Do,FALSE,,,FALSE,Newly discovered RSS feed
Kashmir News Service Pvt Ltd,http://feeds.feedburner.com/KashmirNewsService,OG,success,2025-11-29 13:12:38,India,knskashmir.com,To Do,FALSE,,,FALSE,Newly discovered RSS feed
Iswinoujscie.pl,https://iswinoujscie.pl/rss/wydarzenia.rss,OG,success,2025-11-29 13:12:41,Poland,iswinoujscie.pl,To Do,FALSE,,,FALSE,Newly discovered RSS feed
大家健康雜誌,-,N/A,-,,Taiwan,healthforall.com.tw,No feed generated,FALSE,,,FALSE,
Lamia Now,https://lamianow.gr/feed/,OG,success,2025-11-29 13:12:48,Greece,lamianow.gr,To Do,FALSE,,,FALSE,Newly discovered RSS feed
Про Нюз Добрич (Pro News Dobrich),-,N/A,-,,Bulgaria,pronewsdobrich.bg,No feed generated,FALSE,,,FALSE,
Mihrap Haber,-,N/A,-,,Turkey,mihraphaber.com,No feed generated,FALSE,,,FALSE,
ŻywiecInfo.pl,https://zywiecinfo.pl/feed/,OG,success,2025-11-29 13:12:52,Poland,zywiecinfo.pl,To Do,FALSE,,,FALSE,Newly discovered RSS feed
InfoKG,https://www.infokg.rs/rss/,OG,success,2025-11-29 13:12:54,Serbia,infokg.rs,To Do,FALSE,,,FALSE,Newly discovered RSS feed
Indopolitika,https://indopolitika.com/feed/,OG,success,2025-11-29 13:13:04,Indonesia,indopolitika.com,To Do,FALSE,,,FALSE,Newly discovered RSS feed
Αληθινές Γυναίκες,https://alithinesgynaikes.gr/feed/,OG,success,2025-11-29 13:13:08,Greece,alithinesgynaikes.gr,To Do,FALSE,,,FALSE,Newly discovered RSS feed
Amader Barisal,https://www.amaderbarisal.com/feed,Discovered-autodiscovery,N/A,,Bangladesh,amaderbarisal.com,No feed generated,FALSE,,,FALSE,
StoNisi,-,N/A,-,,Greece,stonisi.gr,No feed generated,FALSE,,,FALSE,
Honvédelem,https://honvedelem.hu/rss.xml,OG,success,2025-11-29 13:13:11,Hungary,honvedelem.hu,To Do,FALSE,,,FALSE,Newly discovered RSS feed
THARROS PUBLISHING LTD.,https://www.tharrosnews.gr/feed/rss/,OG,success,2025-11-29 13:13:13,Greece,tharrosnews.gr,To Do,FALSE,,,FALSE,Newly discovered RSS feed
Aktif Haber,https://aktifhaber.com/feed,OG,success,2025-11-29 13:13:15,Turkey,aktifhaber.com,To Do,FALSE,,,FALSE,Newly discovered RSS feed
Ilialive,https://www.ilialive.gr/newsfeed?format=feed,OG,success,2025-11-29 13:13:17,Greece,ilialive.gr,To Do,FALSE,,,FALSE,Newly discovered RSS feed
jeta-online,https://jeta-online.info/feed/,OG,success,2025-11-29 13:13:19,Serbia,jeta-online.info,To Do,FALSE,,,FALSE,Newly discovered RSS feed
SAFF.ba,https://saff.ba/feed/,OG,success,2025-11-29 13:13:21,Bosnia and Herzegovina,saff.ba,To Do,FALSE,,,FALSE,Newly discovered RSS feed
Karfitsa,https://www.karfitsa.gr/feed/,OG,success,2025-11-29 13:13:23,Greece,karfitsa.gr,To Do,FALSE,,,FALSE,Newly discovered RSS feed
InCar 癮車報,https://incar.tw/feed,OG,success,2025-11-29 13:13:27,Taiwan,incar.tw,To Do,FALSE,,,FALSE,Newly discovered RSS feed
Allfood Recipes,https://allfood.recipes/feed/,OG,success,2025-11-29 11:44:21,United States,allfood.recipes,To Do,FALSE,,,FALSE,Newly discovered RSS feed
Istotne.pl,https://istotne.pl/boleslawiec/rss/news,OG,success,2025-11-29 13:13:30,Poland,istotne.pl,To Do,FALSE,,,FALSE,Newly discovered RSS feed
NSK PUBLISHING LTD,-,N/A,-,,Greece,alphafreepress.gr,No feed generated,FALSE,,,FALSE,
Ziarul Incomod,-,N/A,-,,Romania,ziarulincomod.ro,No feed generated,FALSE,,,FALSE,
Alterinfo,https://alter-info.gr/feed,OG,success,2025-11-29 13:13:33,Greece,alter-info.gr,To Do,FALSE,,,FALSE,Newly discovered RSS feed
Radio ZOS,https://zosradio.ba/index.php/feed/,OG,success,2025-11-29 13:13:47,Bosnia and Herzegovina,zosradio.ba,To Do,FALSE,,,FALSE,Newly discovered RSS feed
Navodaya Times,-,N/A,-,,India,navodayatimes.in,No feed generated,FALSE,,,FALSE,
Renasterea Banateana,-,N/A,-,,Romania,renasterea.ro,No feed generated,FALSE,,,FALSE,
My Mind,https://mymind.gr/feed/,OG,success,2025-11-29 13:13:50,Greece,mymind.gr,To Do,FALSE,,,FALSE,Newly discovered RSS feed
Media Group 24 Ltd,https://www.burgas24.bg/rss.php,OG,success,2025-11-29 13:13:56,Bulgaria,burgas24.bg,To Do,FALSE,,,FALSE,Newly discovered RSS feed
Kulturosupa.gr,https://kulturosupa.gr/feed,OG,success,2025-11-29 13:14:14,Greece,kulturosupa.gr,To Do,FALSE,,,FALSE,Newly discovered RSS feed
DefenseTalk,https://www.defencetalk.com/feed/,OG,success,2025-11-29 11:44:22,United States,defencetalk.com,To Do,FALSE,,,FALSE,Newly discovered RSS feed
ABCPortal.info,https://abcportal.info/feed/,OG,success,2025-11-29 13:14:25,Bosnia and Herzegovina,abcportal.info,To Do,FALSE,,,FALSE,Newly discovered RSS feed
Скандал (Skandal),-,N/A,-,,Bulgaria,skandal.bg,No feed generated,FALSE,,,FALSE,
Kairos Fengxiang News,-,N/A,-,,Taiwan,kairos.news,No feed generated,FALSE,,,FALSE,
Ellinikí Aktoploïa,https://ellinikiaktoploia.net/feed/,OG,success,2025-11-29 13:14:29,Greece,ellinikiaktoploia.net,To Do,FALSE,,,FALSE,Newly discovered RSS feed
СТАТИС,-,N/A,-,,Bulgaria,sedemosmi.tv,No feed generated,FALSE,,,FALSE,
Bacau.net,https://www.bacau.net/feed/,OG,success,2025-11-29 13:14:31,Romania,bacau.net,To Do,FALSE,,,FALSE,Newly discovered RSS feed
Hyggestedet,https://hyggestedet.dk/feed/,OG,success,2025-11-29 13:14:35,Denmark,hyggestedet.dk,To Do,FALSE,,,FALSE,Newly discovered RSS feed
Kawerna,https://www.kawerna.pl/feed/,OG,success,2025-11-29 13:14:39,Poland,kawerna.pl,To Do,FALSE,,,FALSE,Newly discovered RSS feed
Exherald Publishing Incorporated,https://baguioheraldexpressonline.com/feed,OG,success,2025-11-29 13:14:48,Philippines,baguioheraldexpressonline.com,To Do,FALSE,,,FALSE,Newly discovered RSS feed
Agrároldal.hu,https://agraroldal.hu/rss.php,OG,success,2025-11-29 13:15:04,Hungary,agraroldal.hu,To Do,FALSE,,,FALSE,Newly discovered RSS feed
Kragujevčani,https://kragujevcani.rs/feed/,OG,success,2025-11-29 13:15:08,Serbia,kragujevcani.rs,To Do,FALSE,,,FALSE,Newly discovered RSS feed
INFO NEAMȚ,https://www.infoneamt.ro/feed/,OG,success,2025-11-29 13:15:16,Romania,infoneamt.ro,To Do,FALSE,,,FALSE,Newly discovered RSS feed
Healthy Living Idea,-,N/A,-,,Australia,healthylivingidea.com,No feed generated,FALSE,,,FALSE,
Ilorin,-,N/A,-,,Nigeria,ilorin.info,No feed generated,FALSE,,,FALSE,
High View Art,https://highviewart.com/feed.atom,OG,success,2025-11-29 13:15:20,Bulgaria,highviewart.com,To Do,FALSE,,,FALSE,Newly discovered RSS feed
Епицентър.com,-,N/A,-,,Bulgaria,epicenter.bg,No feed generated,FALSE,,,FALSE,
FWD Affairs,-,N/A,-,,Hungary,fwdaffairs.com,No feed generated,FALSE,,,FALSE,
Nagpur Today,https://www.nagpurtoday.in/feed,OG,success,2025-11-29 13:15:21,India,nagpurtoday.in,To Do,FALSE,,,FALSE,Newly discovered RSS feed
Iszczecinek,-,N/A,-,,Poland,iszczecinek.pl,No feed generated,FALSE,,,FALSE,
Ilmkidunya,-,N/A,-,,Pakistan,ilmkidunya.com,No feed generated,FALSE,,,FALSE,
Informatiata,https://www.informatiata.ro/feed/,OG,success,2025-11-29 13:15:33,Romania,informatiata.ro,To Do,FALSE,,,FALSE,Newly discovered RSS feed
Hello Maharashtr,https://hellomaharashtra.in/feed/,OG,success,2025-11-29 13:15:39,India,hellomaharashtra.in,To Do,FALSE,,,FALSE,Newly discovered RSS feed
الصحافة (Alamirkamalfarag),-,N/A,-,,United Arab Emirates,alamirkamalfarag.com,No feed generated,FALSE,,,FALSE,
Falanga,-,N/A,-,,Australia,falanga.com.au,No feed generated,FALSE,,,FALSE,
Kućni lekar,https://kucnilekar.com/feed/,OG,success,2025-11-29 13:15:42,Serbia,kucnilekar.com,To Do,FALSE,,,FALSE,Newly discovered RSS feed
H Θ.Μ. NIKOLAIDIS JOURNALISTIC & ATHLETIC PUBLICATIONS,-,N/A,-,,Greece,fosonline.gr,No feed generated,FALSE,,,FALSE,
Infoprzasnysz,https://infoprzasnysz.com/feed/,OG,success,2025-11-29 13:15:46,Poland,infoprzasnysz.com,To Do,FALSE,,,FALSE,Newly discovered RSS feed
Moto7 專業汽機車資訊,https://www.moto7.net/feed,OG,success,2025-11-29 13:15:49,Taiwan,moto7.net,To Do,FALSE,,,FALSE,Newly discovered RSS feed
banjaluka,https://banjaluka.com/feed,OG,success,2025-11-29 13:15:53,Bosnia and Herzegovina,banjaluka.com,To Do,FALSE,,,FALSE,Newly discovered RSS feed
Wrestling Headlines,https://wrestlingheadlines.com/feed/,OG,success,2025-11-29 11:44:25,United States,wrestlingheadlines.com,To Do,FALSE,,,FALSE,Newly discovered RSS feed
Light Travel,https://www.lightnewsbd.com/feed/,OG,success,2025-11-29 13:16:13,Bangladesh,lightnewsbd.com,To Do,FALSE,,,FALSE,Newly discovered RSS feed
a Gazete,-,N/A,-,,Turkey,agazete.com.tr,No feed generated,FALSE,,,FALSE,
Marketnews.gr,-,N/A,-,,Greece,marketnews.gr,No feed generated,FALSE,,,FALSE,
Onlymyhealth,-,N/A,-,,India,onlymyhealth.com,No feed generated,FALSE,,,FALSE,
MAN-MAN,https://man-man.nl/feed,OG,success,2025-11-29 13:16:18,Netherlands,man-man.nl,To Do,FALSE,,,FALSE,Newly discovered RSS feed
Bio Medicina,-,N/A,-,,Bosnia and Herzegovina,biomedicina.eu,No feed generated,FALSE,,,FALSE,
Ziarul National,https://www.national.ro/feed/,OG,success,2025-11-29 13:16:27,Romania,national.ro,To Do,FALSE,,,FALSE,Newly discovered RSS feed
Nehaber 24,-,N/A,-,,Turkey,nehaber24.com,No feed generated,FALSE,,,FALSE,
Mielen Ihmeet,https://mielenihmeet.fi/feed,OG,success,2025-11-29 13:16:41,Finland,mielenihmeet.fi,To Do,FALSE,,,FALSE,Newly discovered RSS feed
Metro Vaartha,https://metrovaartha.com/feed,OG,success,2025-11-29 13:16:42,India,metrovaartha.com,To Do,FALSE,,,FALSE,Newly discovered RSS feed
Lasvanska Dolina,https://lasvanskadolina.info/feed/,OG,success,2025-11-29 13:16:55,Croatia,lasvanskadolina.info,To Do,FALSE,,,FALSE,Newly discovered RSS feed
Mama Newsa,-,N/A,-,,Poland,mamnewsa.pl,No feed generated,FALSE,,,FALSE,
Ἑλληνοϊστορεῖν (Ellinostorin),https://ellinoistorin.gr/?feed=rss2,OG,success,2025-11-29 13:16:58,Greece,ellinoistorin.gr,To Do,FALSE,,,FALSE,Newly discovered RSS feed
bbc24news,https://www.bbc24news.com/feed,OG,success,2025-11-29 13:17:13,Bangladesh,bbc24news.com,To Do,FALSE,,,FALSE,Newly discovered RSS feed
Monitorday,-,N/A,-,,Indonesia,monitorday.com,No feed generated,FALSE,,,FALSE,
Lesvos News,https://lesvosnews.net/rss.xml,OG,success,2025-11-29 13:17:17,Greece,lesvosnews.net,To Do,FALSE,,,FALSE,Newly discovered RSS feed
TeluguStop,https://telugustop.com/feed,"OG (9), RSS (1)",success,2025-11-29 13:17:24,India,telugustop.com,To Do,FALSE,,,FALSE,Newly discovered RSS feed
MISCAREA DE REZISTENTA,https://mariustuca.ro/rss,"OG (8), RSS (2)",success,2025-11-29 13:17:34,Romania,miscareaderezistenta.ro,To Do,FALSE,,,FALSE,Newly discovered RSS feed
Fűzővel kifelé!,https://fuzovelkifele.com/feed,OG,success,2025-11-29 13:17:41,Hungary,fuzovelkifele.com,To Do,FALSE,,,FALSE,Newly discovered RSS feed
Reviewit.pk,-,N/A,-,,Pakistan,reviewit.pk,No feed generated,FALSE,,,FALSE,
BalkansPress,https://balkanspress.com/index.php?format=feed&type=rss,OG,success,2025-11-29 13:17:42,Serbia,balkanspress.com,To Do,FALSE,,,FALSE,Newly discovered RSS feed
Kosova Ime,-,N/A,-,,Serbia,kosovaime.tv,No feed generated,FALSE,,,FALSE,
News Kannada,https://newskannada.in/feed/,OG,success,2025-11-29 13:17:43,India,newskannada.in,To Do,FALSE,,,FALSE,Newly discovered RSS feed
TLife,https://www.tlife.gr/feed/,OG,success,2025-11-29 13:17:45,Greece,tlife.gr,To Do,FALSE,,,FALSE,Newly discovered RSS feed
Jabuka.tv,-,N/A,-,,Bosnia and Herzegovina,jabuka.tv,No feed generated,FALSE,,,FALSE,
Bidista.com - A TippLista,https://bidista.com/feed/,OG,success,2025-11-29 13:17:55,Hungary,bidista.com,To Do,FALSE,,,FALSE,Newly discovered RSS feed
Roze News,https://rozenews.com.pk/feed/,OG,success,2025-11-29 13:17:57,Pakistan,rozenews.com.pk,To Do,FALSE,,,FALSE,Newly discovered RSS feed
SuomiKiekko,-,N/A,-,,Finland,suomikiekko.com,No feed generated,FALSE,,,FALSE,
SanDiego Red,https://sandiegored.com/feed/,OG,success,2025-11-29 11:44:28,United States,sandiegored.com,To Do,FALSE,,,FALSE,Newly discovered RSS feed
Kakanj-X,-,N/A,-,,Bosnia and Herzegovina,kakanj-x.com,No feed generated,FALSE,,,FALSE,
Dharitri,-,N/A,-,,India,dharitri.com,No feed generated,FALSE,,,FALSE,
Bhadas4media,-,N/A,-,,India,bhadas4media.com,No feed generated,FALSE,,,FALSE,
Haberdarim,https://www.haberdarim.com/rss/,OG,success,2025-11-29 13:18:00,Turkey,haberdarim.com,To Do,FALSE,,,FALSE,Newly discovered RSS feed
Presheva.al,-,N/A,-,,Serbia,presheva.al,No feed generated,FALSE,,,FALSE,
Maha Sports महा स्पोर्ट्स,-,N/A,-,,India,mahasports.in,No feed generated,FALSE,,,FALSE,
Siyasetcafe.com,https://www.siyasetcafe.com/service/rss.php,"OG (9), RSS (1)",success,2025-11-29 13:18:04,Turkey,siyasetcafe.com,To Do,FALSE,,,FALSE,Newly discovered RSS feed
Halkweb,https://halkweb.com.tr/feed/,OG,success,2025-11-29 13:18:07,Turkey,halkweb.com.tr,To Do,FALSE,,,FALSE,Newly discovered RSS feed
ajkerbangladesh24.com,https://deshprotikhon.com/feed,OG,success,2025-11-29 13:18:20,Bangladesh,deshprotikhon.com,To Do,FALSE,,,FALSE,Newly discovered RSS feed
Sarah Palin,https://www.sarahpalin.com/feed/,OG,success,2025-11-29 11:44:32,United States,sarahpalin.com,To Do,FALSE,,,FALSE,Newly discovered RSS feed
E-Braničevo,https://ebranicevo.com/feed/,OG,success,2025-11-29 13:18:23,Bosnia and Herzegovina,ebranicevo.com,To Do,FALSE,,,FALSE,Newly discovered RSS feed
life4style,https://life4style.pl/feed/,OG,success,2025-11-29 13:18:27,Poland,life4style.pl,To Do,FALSE,,,FALSE,Newly discovered RSS feed
Kult Plus,-,N/A,-,,Serbia,kultplus.com,No feed generated,FALSE,,,FALSE,
Natchitoches Parish Journal,https://natchitochesparishjournal.com/feed/,OG,success,2025-11-29 11:44:39,United States,natchitochesparishjournal.com,To Do,FALSE,,,FALSE,Newly discovered RSS feed
SET News,https://setn.com/rss.xml,OG,success,2025-11-29 13:18:31,Taiwan,setn.com,To Do,FALSE,,,FALSE,Newly discovered RSS feed
Literatura De Azi,https://literaturadeazi.ro/feed,OG,success,2025-11-29 13:18:35,Romania,literaturadeazi.ro,To Do,FALSE,,,FALSE,Newly discovered RSS feed
Kocaeli Zirve,https://www.kocaelizirve.com/rss/,OG,success,2025-11-29 13:18:39,Turkey,kocaelizirve.com,To Do,FALSE,,,FALSE,Newly discovered RSS feed
Ljepota & Zdravlje Hrvatska,https://www.ljepotaizdravlje.hr/feed/,OG,success,2025-11-29 13:18:41,Croatia,ljepotaizdravlje.hr,To Do,FALSE,,,FALSE,Newly discovered RSS feed
Meczyki,-,N/A,-,,Poland,meczyki.pl,No feed generated,FALSE,,,FALSE,
Shilo Magazine Шило Магазин,-,N/A,-,,Australia,shilomagazine.com.au,No feed generated,FALSE,,,FALSE,
Mesagerul lui Hristos,https://stiriincurajari.ro/feed/,Discovered-autodiscovery,N/A,,Romania,stiriincurajari.ro,No feed generated,FALSE,,,FALSE,
Independent Urdu,https://www.independenturdu.com/rss.xml,OG,success,2025-11-29 13:18:43,India,independenturdu.com,To Do,FALSE,,,FALSE,Newly discovered RSS feed
Cinema politics,-,N/A,-,,India,cinemapolitics.com,No feed generated,FALSE,,,FALSE,
AM Press News,https://ampress.ro/feed,OG,success,2025-11-29 13:18:53,Romania,ampress.ro,To Do,FALSE,,,FALSE,Newly discovered RSS feed
Portfolio Csoport,-,N/A,-,,Hungary,portfoliocsoport.hu,No feed generated,FALSE,,,FALSE,
Malai Murasu,-,N/A,-,,India,malaimurasu.in,No feed generated,FALSE,,,FALSE,
Crisp Network,-,N/A,-,,United States,crisp.network,No feed generated,FALSE,,,FALSE,
MamaPeinao,https://www.mamapeinao.gr/feed/,OG,success,2025-11-29 13:18:55,Greece,mamapeinao.gr,To Do,FALSE,,,FALSE,Newly discovered RSS feed
Merhaba Haber,https://www.merhabahaber.com/service/rss.php,OG,success,2025-11-29 13:18:58,Turkey,merhabahaber.com,To Do,FALSE,,,FALSE,Newly discovered RSS feed
ΜΗΧΑΝΗ ΤΟΥ ΧΡΟΝΟΥ,https://mixanitouxronou.gr/feed,OG,success,2025-11-29 13:19:05,Greece,mixanitouxronou.gr,To Do,FALSE,,,FALSE,Newly discovered RSS feed
OneIndia,-,N/A,-,,India,oneindia.com,No feed generated,FALSE,,,FALSE,
Duruş Haber,https://durushaber.com.tr/rss,RSS,success,2025-11-29 13:19:09,Turkey,durushaber.com.tr,To Do,FALSE,,,FALSE,Newly discovered RSS feed
Livno Online,https://livno-online.com/?format=feed&type=rss,OG,success,2025-11-29 13:19:13,Bosnia and Herzegovina,livno-online.com,To Do,FALSE,,,FALSE,Newly discovered RSS feed
Malayalee Vision Media LTD,https://malayaleevision.com/feed,OG,success,2025-11-29 13:19:23,India,malayaleevision.com,To Do,FALSE,,,FALSE,Newly discovered RSS feed
Manchester United Supporters Club Scandinavia,-,N/A,-,,Norway,united.no,No feed generated,FALSE,,,FALSE,
Mavi Kocaeli Gazetesi,-,N/A,-,,Turkey,mavikocaeli.com.tr,No feed generated,FALSE,,,FALSE,
Inda-Labs,-,N/A,-,,Hungary,inda.hu,No feed generated,FALSE,,,FALSE,
Aydınpost,https://aydinpost.com/rss,OG,success,2025-11-29 13:19:26,Turkey,aydinpost.com,To Do,FALSE,,,FALSE,Newly discovered RSS feed
Daddy Cool,https://www.daddy-cool.gr/feed,OG,success,2025-11-29 13:19:37,Greece,daddy-cool.gr,To Do,FALSE,,,FALSE,Newly discovered RSS feed
Kuningan Mass,https://kuninganmass.com/feed/,OG,success,2025-11-29 13:19:50,Indonesia,kuninganmass.com,To Do,FALSE,,,FALSE,Newly discovered RSS feed
Grupul pentru Dialog Social,https://gds.ong.ro/feed/,OG,success,2025-11-29 13:20:04,Romania,gds.ong.ro,To Do,FALSE,,,FALSE,Newly discovered RSS feed
Philippine Basketball Association (PBA),-,N/A,-,,Philippines,pba.ph,No feed generated,FALSE,,,FALSE,
Bradva.bg,-,N/A,-,,Bulgaria,bradva.bg,No feed generated,FALSE,,,FALSE,
Freepen.gr,https://www.freepen.gr/feeds/posts/default,OG,success,2025-11-29 13:20:05,Greece,freepen.gr,To Do,FALSE,,,FALSE,Newly discovered RSS feed
Fundatia Mereu Aproape,https://fundatiamereuaproape.ro/feed/,OG,success,2025-11-29 13:20:16,Romania,fundatiamereuaproape.ro,To Do,FALSE,,,FALSE,Newly discovered RSS feed
Alerta de Stiri,-,N/A,-,,Romania,alertadestiri.ro,No feed generated,FALSE,,,FALSE,
Voice News,https://voicenews.gr/feed/,RSS,success,2025-11-29 13:20:17,Greece,voicenews.gr,To Do,FALSE,,,FALSE,Newly discovered RSS feed
Politic.gr,https://www.politic.gr/feed/,OG,success,2025-11-29 13:20:23,Greece,politic.gr,To Do,FALSE,,,FALSE,Newly discovered RSS feed
CultureNow,https://culturenow.gr/feed,OG,success,2025-11-29 13:20:26,Greece,culturenow.gr,To Do,FALSE,,,FALSE,Newly discovered RSS feed
Transilvania 365,https://transilvania365.ro/feed/,Discovered-autodiscovery,N/A,,Romania,transilvania365.ro,No feed generated,FALSE,,,FALSE,
Homesthetics,https://homesthetics.net/feed/,OG,success,2025-11-29 13:20:26,Romania,homesthetics.net,To Do,FALSE,,,FALSE,Newly discovered RSS feed
Romani Buni,https://romani-buni.info/feed/,OG,success,2025-11-29 13:20:29,Romania,romani-buni.info,To Do,FALSE,,,FALSE,Newly discovered RSS feed
Casa Ideas,https://casasideas.gr/feed/,OG,success,2025-11-29 13:20:34,Greece,casasideas.gr,To Do,FALSE,,,FALSE,Newly discovered RSS feed
Gazeta de Nord-Vest,https://www.gazetanord-vest.ro/feed/,OG,success,2025-11-29 13:20:48,Romania,gazetanord-vest.ro,To Do,FALSE,,,FALSE,Newly discovered RSS feed
Argeș-Știri.ro,-,N/A,-,,Romania,arges-stiri.ro,No feed generated,FALSE,,,FALSE,
Artho Suchak,https://www.arthosuchak.com/feed/,OG,success,2025-11-29 13:20:51,Bangladesh,arthosuchak.com,To Do,FALSE,,,FALSE,Newly discovered RSS feed
013info,https://013info.rs/feed/,OG,success,2025-11-29 13:21:02,Serbia,013info.rs,To Do,FALSE,,,FALSE,Newly discovered RSS feed
Obiectiv de Suceava,-,N/A,-,,Romania,obiectivdesuceava.ro,No feed generated,FALSE,,,FALSE,
Hakikat Gazetesi,https://kibrishakikat.com/?feed=rss2,OG,success,2025-11-29 13:21:04,Turkey,kibrishakikat.com,To Do,FALSE,,,FALSE,Newly discovered RSS feed
EMaramures,https://www.emaramures.ro/feed/,OG,success,2025-11-29 13:21:08,Romania,emaramures.ro,To Do,FALSE,,,FALSE,Newly discovered RSS feed
Republikbobotoh.com,https://republikbobotoh.com/rss,OG,success,2025-11-29 13:21:19,Indonesia,republikbobotoh.com,To Do,FALSE,,,FALSE,Newly discovered RSS feed
OnAlert.gr,https://www.onalert.gr/feed/,OG,success,2025-11-29 13:21:21,Greece,onalert.gr,To Do,FALSE,,,FALSE,Newly discovered RSS feed
Bursasporluyuz.org,https://bursasporluyuz.org/feed/,"OG (9), RSS (1)",success,2025-11-29 13:21:26,Turkey,bursasporluyuz.org,To Do,FALSE,,,FALSE,Newly discovered RSS feed
ASB Today,-,N/A,-,,India,asbtoday.com,No feed generated,FALSE,,,FALSE,
Candia Doc,https://www.candiadoc.gr/feed/,OG,success,2025-11-29 13:21:29,Greece,candiadoc.gr,To Do,FALSE,,,FALSE,Newly discovered RSS feed
CityPatras,-,N/A,-,,Greece,citypatras.gr,No feed generated,FALSE,,,FALSE,
Satu Mare News,-,N/A,-,,Romania,satumarenews.ro,No feed generated,FALSE,,,FALSE,
Szatmar.ro,https://www.szatmar.ro/rss/,OG,success,2025-11-29 13:21:31,Romania,szatmar.ro,To Do,FALSE,,,FALSE,Newly discovered RSS feed
Espresso,-,N/A,-,,Greece,espressonews.gr,No feed generated,FALSE,,,FALSE,
CLUJUST,https://www.clujust.ro/feed/,Discovered-autodiscovery,N/A,,Romania,clujust.ro,No feed generated,FALSE,,,FALSE,
Fightsports.gr,https://www.fightsports.gr/feed/,OG,success,2025-11-29 13:21:36,Greece,fightsports.gr,To Do,FALSE,,,FALSE,Newly discovered RSS feed
MySalonika.gr,-,N/A,-,,Greece,mysalonika.gr,No feed generated,FALSE,,,FALSE,
তথ্য প্রবাহ,https://bekarbarta.com/feed,OG,success,2025-11-29 13:21:43,Bangladesh,bekarbarta.com,To Do,FALSE,,,FALSE,Newly discovered RSS feed
Editia De Dimineata,https://editiadedimineata.ro/feed,RSS,success,2025-11-29 13:21:45,Romania,editiadedimineata.ro,To Do,FALSE,,,FALSE,Newly discovered RSS feed
Secretul Sănătății,-,N/A,-,,Romania,secretulsanatatii.net,No feed generated,FALSE,,,FALSE,
Bangladesh Journal,-,N/A,-,,Bangladesh,bd-journal.com,No feed generated,FALSE,,,FALSE,
ARQ,-,N/A,-,,Romania,arq.ro,No feed generated,FALSE,,,FALSE,
NewsPistol.gr,-,N/A,-,,Greece,newspistol.gr,No feed generated,FALSE,,,FALSE,
Kompasiana,-,N/A,-,,Indonesia,kompasiana.com,No feed generated,FALSE,,,FALSE,
Ziarul Unirea,https://ziarulunirea.ro/feed/,OG,success,2025-11-29 13:21:53,Romania,ziarulunirea.ro,To Do,FALSE,,,FALSE,Newly discovered RSS feed
Uh.ro,https://www.uh.ro/rss/,OG,success,2025-11-29 13:21:55,Romania,uh.ro,To Do,FALSE,,,FALSE,Newly discovered RSS feed
Dinfo,https://www.dinfo.gr/feed/,OG,success,2025-11-29 13:21:59,Greece,dinfo.gr,To Do,FALSE,,,FALSE,Newly discovered RSS feed
NewsAr.ro,https://newsar.ro/feed/,OG,success,2025-11-29 13:22:06,Romania,newsar.ro,To Do,FALSE,,,FALSE,Newly discovered RSS feed
RedGoal,-,N/A,-,,Greece,redgoal.gr,No feed generated,FALSE,,,FALSE,
Khabar Samay,https://khabarsamay.com/feed/,OG,success,2025-11-29 13:22:15,India,khabarsamay.com,To Do,FALSE,,,FALSE,Newly discovered RSS feed
Wawlist,https://www.wawlist.com/feed/,OG,success,2025-11-29 13:22:24,Romania,wawlist.com,To Do,FALSE,,,FALSE,Newly discovered RSS feed
Reper24.ro,https://reper24.ro/feed/,OG,success,2025-11-29 13:22:27,Romania,reper24.ro,To Do,FALSE,,,FALSE,Newly discovered RSS feed
UrduBiz,-,N/A,-,,Pakistan,urdubiz.com,No feed generated,FALSE,,,FALSE,
TalentAbout.gr,https://talentabout.gr/feed/,OG,success,2025-11-29 13:22:35,Greece,talentabout.gr,To Do,FALSE,,,FALSE,Newly discovered RSS feed
Football League News,https://footballleaguenews.gr/?format=feed&type=rss,OG,success,2025-11-29 13:22:51,Greece,footballleaguenews.gr,To Do,FALSE,,,FALSE,Newly discovered RSS feed
Defense Romania,-,N/A,-,,Romania,defenseromania.ro,No feed generated,FALSE,,,FALSE,
InfoOradea,https://infooradea.ro/feed/,Discovered-autodiscovery,N/A,,Romania,infooradea.ro,No feed generated,FALSE,,,FALSE,
Frizure,-,N/A,-,,Croatia,frizure.hr,No feed generated,FALSE,,,FALSE,
Poimin.gr,https://poimin.gr/feed/,OG,success,2025-11-29 13:23:23,Greece,poimin.gr,To Do,FALSE,,,FALSE,Newly discovered RSS feed
ObiectivSM,https://obiectiv-sm.ro/feed/,OG,success,2025-11-29 13:23:26,Romania,obiectiv-sm.ro,To Do,FALSE,,,FALSE,Newly discovered RSS feed
Islamic Gathering,-,N/A,-,,United Arab Emirates,islamicgathering.com,No feed generated,FALSE,,,FALSE,
deBanat.ro,https://debanat.ro/feed,OG,success,2025-11-29 13:23:27,Romania,debanat.ro,To Do,FALSE,,,FALSE,Newly discovered RSS feed
Buna Ziua Vaslui,https://bzv.ro/feed/,OG,success,2025-11-29 13:23:40,Romania,bzv.ro,To Do,FALSE,,,FALSE,Newly discovered RSS feed
ফ্রক্স মিডিয়া লিমিটেড,-,N/A,-,,Bangladesh,protidinersangbad.com,No feed generated,FALSE,,,FALSE,
Brasov Romania,https://brasovromania.net/feed/,OG,success,2025-11-29 13:23:43,Romania,brasovromania.net,To Do,FALSE,,,FALSE,Newly discovered RSS feed
Covai Post - Thandoraa,https://www.thandoraa.com/feed/,OG,success,2025-11-29 13:23:48,India,thandoraa.com,To Do,FALSE,,,FALSE,Newly discovered RSS feed
K-013,-,N/A,-,,Bosnia and Herzegovina,k-013.com,No feed generated,FALSE,,,FALSE,
Ankara'nın Sesi,https://www.ankaraninsesi.com/feed/,OG,success,2025-11-29 13:24:00,Turkey,ankaraninsesi.com,To Do,FALSE,,,FALSE,Newly discovered RSS feed
This Is Italy,https://this-is-italy.com/feed/,OG,success,2025-11-29 13:24:01,Greece,this-is-italy.com,To Do,FALSE,,,FALSE,Newly discovered RSS feed
Fumara,https://www.fumara.gr/feed/,OG,success,2025-11-29 13:24:03,Greece,fumara.gr,To Do,FALSE,,,FALSE,Newly discovered RSS feed
Superbasket.gr,-,N/A,-,,Greece,superbasket.gr,No feed generated,FALSE,,,FALSE,
E-everos,-,N/A,-,,Greece,e-evros.gr,No feed generated,FALSE,,,FALSE,
OFF Magazine,-,N/A,-,,Greece,offmagazine.gr,No feed generated,FALSE,,,FALSE,
Arunachal24.in,https://arunachal24.in/feed/,OG,success,2025-11-29 13:24:17,India,arunachal24.in,To Do,FALSE,,,FALSE,Newly discovered RSS feed
Ereğli Metro Tv,https://www.ereglimetro.com.tr/rss/,OG,success,2025-11-29 13:24:20,Turkey,ereglimetro.com.tr,To Do,FALSE,,,FALSE,Newly discovered RSS feed
Avocatnet.ro,-,N/A,-,,Romania,avocatnet.ro,No feed generated,FALSE,,,FALSE,
Stiri Crestine,https://www.stiricrestine.ro/feed/,Discovered-autodiscovery,N/A,,Romania,stiricrestine.ro,No feed generated,FALSE,,,FALSE,
Piraeus Press,-,N/A,-,,Greece,piraeuspress.gr,No feed generated,FALSE,,,FALSE,
Slatina Ta,https://slatinata.ro/feed/,OG,success,2025-11-29 13:24:36,Romania,slatinata.ro,To Do,FALSE,,,FALSE,Newly discovered RSS feed
Buna Ziua Cluj,https://www.bzc.ro/feed/,OG,success,2025-11-29 13:24:38,Romania,bzc.ro,To Do,FALSE,,,FALSE,Newly discovered RSS feed
Left.gr,-,N/A,-,,Greece,left.gr,No feed generated,FALSE,,,FALSE,
ARTinfo,-,N/A,-,,Bosnia and Herzegovina,artinfo.ba,No feed generated,FALSE,,,FALSE,
Enimerosi,-,N/A,-,,Greece,enimerosi.com,No feed generated,FALSE,,,FALSE,
Kingsport,https://kingsport.gr/feed/,OG,success,2025-11-29 13:24:57,Greece,kingsport.gr,To Do,FALSE,,,FALSE,Newly discovered RSS feed
Iminathi,https://iminathi.net/feed/,OG,success,2025-11-29 13:24:59,South Africa,iminathi.net,To Do,FALSE,,,FALSE,Newly discovered RSS feed
socialpolicy.gr,https://socialpolicy.gr/feed,OG,success,2025-11-29 13:25:02,Greece,socialpolicy.gr,To Do,FALSE,,,FALSE,Newly discovered RSS feed
Hip-Hop Nigdy Stop,https://hhns.pl/feed,OG,success,2025-11-29 13:25:06,Poland,hhns.pl,To Do,FALSE,,,FALSE,Newly discovered RSS feed
AviationNewsBD.com,https://www.aviationnewsbd.com/feed/,OG,success,2025-11-29 13:25:11,Bangladesh,aviationnewsbd.com,To Do,FALSE,,,FALSE,Newly discovered RSS feed
Jajce Online,-,N/A,-,,Bosnia and Herzegovina,jajce-online.com,No feed generated,FALSE,,,FALSE,
Esos.gr,https://esos.gr/rss,OG,success,2025-11-29 13:25:14,Greece,esos.gr,To Do,FALSE,,,FALSE,Newly discovered RSS feed
BriefingNews.gr,https://briefingnews.gr/rss.xml,OG,success,2025-11-29 13:25:16,Greece,briefingnews.gr,To Do,FALSE,,,FALSE,Newly discovered RSS feed
Denizli 24 Haber,-,N/A,-,,Turkey,denizli24haber.com,No feed generated,FALSE,,,FALSE,
Dalmatinski portal,https://dalmatinskiportal.hr/sadrzaj/rss/vijesti.xml,OG,success,2025-11-29 13:25:18,Croatia,dalmatinskiportal.hr,To Do,FALSE,,,FALSE,Newly discovered RSS feed
Azaad Pakistan,https://azaadpakistan.org/feed/,OG,success,2025-11-29 13:25:27,Pakistan,azaadpakistan.org,To Do,FALSE,,,FALSE,Newly discovered RSS feed
Jambi Update,-,N/A,-,,Indonesia,jambiupdate.co,No feed generated,FALSE,,,FALSE,
Ketkes,https://ketkes.com/feed/,OG,success,2025-11-29 13:25:33,Hungary,ketkes.com,To Do,FALSE,,,FALSE,Newly discovered RSS feed
INewsgr.com,-,N/A,-,,Greece,inewsgr.com,No feed generated,FALSE,,,FALSE,
ICookGreek,-,N/A,-,,Greece,icookgreek.com,No feed generated,FALSE,,,FALSE,
Assen Stad,-,N/A,-,,Netherlands,assenstad.nl,No feed generated,FALSE,,,FALSE,
Donegal Daily,-,N/A,-,,Ireland,donegaldaily.com,No feed generated,FALSE,,,FALSE,
TheInfoNG,-,N/A,-,,Nigeria,theinfong.com,No feed generated,FALSE,,,FALSE,
Tennis World Italia,-,N/A,-,,South Africa,tennisworlditalia.com,No feed generated,FALSE,,,FALSE,
AstroLive,https://www.astro-live.gr/feed/,OG,success,2025-11-29 13:25:40,Greece,astro-live.gr,To Do,FALSE,,,FALSE,Newly discovered RSS feed
B4blaze,-,N/A,-,,India,b4blaze.com,No feed generated,FALSE,,,FALSE,
Renovat.ro,-,N/A,-,,Romania,renovat.ro,No feed generated,FALSE,,,FALSE,
Enimerotiko.gr,https://enimerotiko.gr/feed/,OG,success,2025-11-29 13:25:43,Greece,enimerotiko.gr,To Do,FALSE,,,FALSE,Newly discovered RSS feed
Insaf24.com,https://insaf24.com/feed,OG,success,2025-11-29 13:25:44,Bangladesh,insaf24.com,To Do,FALSE,,,FALSE,Newly discovered RSS feed
Aydın Hedef Gazetesi,-,N/A,-,,Turkey,aydinhedef.com.tr,No feed generated,FALSE,,,FALSE,
Secretele lui Lovendal,https://www.lovendal.ro/wp52/feed/,OG,success,2025-11-29 13:25:57,Romania,lovendal.ro,To Do,FALSE,,,FALSE,Newly discovered RSS feed
Ülkücü Medya,https://www.ulkucumedya.com/service/rss.php,OG,success,2025-11-29 13:25:58,Turkey,ulkucumedya.com,To Do,FALSE,,,FALSE,Newly discovered RSS feed
LOOKin,https://look-in.com.tw/rss,OG,success,2025-11-29 13:26:05,Taiwan,look-in.com.tw,To Do,FALSE,,,FALSE,Newly discovered RSS feed
Daily ISLAM Karachi,-,N/A,-,,Pakistan,dailyislam.pk,No feed generated,FALSE,,,FALSE,
Greek Vegans,-,N/A,-,,Greece,greekvegans.gr,No feed generated,FALSE,,,FALSE,
Eirinika.gr,https://eirinika.gr/rss.xml,OG,success,2025-11-29 13:26:08,Greece,eirinika.gr,To Do,FALSE,,,FALSE,Newly discovered RSS feed
Vartha Bharati,https://www.varthabharati.in/google_feeds.xml,OG,success,2025-11-29 13:26:16,India,varthabharati.in,To Do,FALSE,,,FALSE,Newly discovered RSS feed
Detinjarije,-,N/A,-,,Serbia,detinjarije.com,No feed generated,FALSE,,,FALSE,
ObservatorBN,-,N/A,-,,Romania,observatorbn.ro,No feed generated,FALSE,,,FALSE,
AutoJosh,-,N/A,-,,Nigeria,autojosh.com,No feed generated,FALSE,,,FALSE,
TV ASTA,https://asta24.pl/feed,OG,success,2025-11-29 13:26:24,Poland,asta24.pl,To Do,FALSE,,,FALSE,Newly discovered RSS feed
MessiniaRadio.gr,https://messiniaradio.gr/feed/,OG,success,2025-11-29 13:26:46,Greece,messiniaradio.gr,To Do,FALSE,,,FALSE,Newly discovered RSS feed
Times News,-,N/A,-,,Greece,timesnews.gr,No feed generated,FALSE,,,FALSE,
Goba Beauty,https://beauty.gobahub.com/feed/,OG,success,2025-11-29 13:26:57,Hong Kong,gobahub.com,To Do,FALSE,,,FALSE,Newly discovered RSS feed
Avopolis Music Network,-,N/A,-,,Greece,avopolis.gr,No feed generated,FALSE,,,FALSE,
Janjwar,https://janjwar.com/google_feeds.xml,OG,success,2025-11-29 13:27:03,India,janjwar.com,To Do,FALSE,,,FALSE,Newly discovered RSS feed
Kontra Media Group,-,N/A,-,,Greece,kmg.gr,No feed generated,FALSE,,,FALSE,
Šašava Ja,https://sasava-ja.com/feed,OG,success,2025-11-29 13:27:05,Croatia,sasava-ja.com,To Do,FALSE,,,FALSE,Newly discovered RSS feed
Noticias de Puerto Rico,https://noticiapr.com/rss,OG,success,2025-11-29 11:44:42,United States,noticiapr.com,To Do,FALSE,,,FALSE,Newly discovered RSS feed
Romfea,-,N/A,-,,Greece,romfea.gr,No feed generated,FALSE,,,FALSE,
PT Visi Siber Banten,-,N/A,-,,Indonesia,bantennews.co.id,No feed generated,FALSE,,,FALSE,
Kaajcareer,https://kaajcareer.in/feed/,OG,success,2025-11-29 13:27:16,India,kaajcareer.in,To Do,FALSE,,,FALSE,Newly discovered RSS feed
AXED,-,N/A,-,,Netherlands,axed.nl,No feed generated,FALSE,,,FALSE,
Lekhapora BD,https://lekhaporabd.net/feed,OG,success,2025-11-29 13:27:17,Bangladesh,lekhaporabd.net,To Do,FALSE,,,FALSE,Newly discovered RSS feed
News Moldova,https://newsmoldova.ro/feed/,OG,success,2025-11-29 13:27:34,Romania,newsmoldova.ro,To Do,FALSE,,,FALSE,Newly discovered RSS feed
Derventa Cafe,https://www.derventacafe.com/feed/,OG,success,2025-11-29 13:27:40,Bosnia and Herzegovina,derventacafe.com,To Do,FALSE,,,FALSE,Newly discovered RSS feed
Balkan Android,https://balkanandroid.com/feed/,OG,success,2025-11-29 13:27:46,Croatia,balkanandroid.com,To Do,FALSE,,,FALSE,Newly discovered RSS feed
Infognomon Politics,https://geopolitico.gr/feed/,OG,success,2025-11-29 13:27:56,Greece,infognomonpolitics.gr,To Do,FALSE,,,FALSE,Newly discovered RSS feed
ANF,-,N/A,-,,Turkey,anfenglishmobile.com,No feed generated,FALSE,,,FALSE,
Zdravlje I Kuhinja,https://zdravlje-i-kuhinja.live/?feed=rss2,N/A,failed,2025-11-29 13:27:56,Bosnia and Herzegovina,zdravlje-i-kuhinja.live,To Do,FALSE,,,FALSE,Newly discovered RSS feed
Horofriend88,-,N/A,-,,Taiwan,horofriend88.com,No feed generated,FALSE,,,FALSE,
Denizli Ekspres,https://www.denizliekspres.com.tr/rss.xml,OG,success,2025-11-29 13:28:02,Turkey,denizliekspres.com.tr,To Do,FALSE,,,FALSE,Newly discovered RSS feed
Jagannathpur24,https://www.jagannathpur24.com/feed/,OG,success,2025-11-29 13:28:30,Bangladesh,jagannathpur24.com,To Do,FALSE,,,FALSE,Newly discovered RSS feed
Best Knitting Ideas,https://www.knittingidea.info/rss.xml,OG,success,2025-11-29 13:28:32,Turkey,knittingidea.info,To Do,FALSE,,,FALSE,Newly discovered RSS feed
Daily Nai Baat,-,N/A,-,,Pakistan,naibaat.pk,No feed generated,FALSE,,,FALSE,
Bursasporum.com,-,N/A,-,,Turkey,bursasporum.com,No feed generated,FALSE,,,FALSE,
Daily Bangladesh Media,https://bangladesh-media.com/rss,OG,success,2025-11-29 13:28:37,Bangladesh,bangladesh-media.com,To Do,FALSE,,,FALSE,Newly discovered RSS feed
ArabObserver,-,N/A,-,,United Kingdom,arabobserver.com,No feed generated,FALSE,,,FALSE,
TheCaller.gr,-,N/A,-,,Greece,thecaller.gr,No feed generated,FALSE,,,FALSE,
Botosani News,https://www.botosaninews.ro/feed/,OG,success,2025-11-29 13:28:39,Romania,botosaninews.ro,To Do,FALSE,,,FALSE,Newly discovered RSS feed
Cinema Daddy,-,N/A,-,,India,cinemadaddy.com,No feed generated,FALSE,,,FALSE,
Polskie Wydawnictwo Rolnicze,-,N/A,-,,Poland,pwr.agro.pl,No feed generated,FALSE,,,FALSE,
Dimosio.gr,-,N/A,-,,Greece,dimosio.gr,No feed generated,FALSE,,,FALSE,
YamNews 蕃新聞,-,N/A,-,,Taiwan,yam.com,No feed generated,FALSE,,,FALSE,
Banat Media,https://www.btv.ro/feed/,OG,success,2025-11-29 13:28:59,Romania,btv.ro,To Do,FALSE,,,FALSE,Newly discovered RSS feed
LaTaifas,-,N/A,-,,Romania,lataifas.ro,No feed generated,FALSE,,,FALSE,
Georgians.gr,https://georgians.gr/feed/,OG,success,2025-11-29 13:29:02,Greece,georgians.gr,To Do,FALSE,,,FALSE,Newly discovered RSS feed
Cluj Capitala,-,N/A,-,,Romania,clujcapitala.ro,No feed generated,FALSE,,,FALSE,
Mobile Magazine,https://www.mobilemagazinehk.com/feed,OG,success,2025-11-29 13:29:06,Hong Kong,mobilemagazinehk.com,To Do,FALSE,,,FALSE,Newly discovered RSS feed
Hockey Magasinet,https://hockeymagasinet.dk/rss.xml,OG,success,2025-11-29 13:29:08,Denmark,hockeymagasinet.dk,To Do,FALSE,,,FALSE,Newly discovered RSS feed
Banja Luka,-,N/A,-,,Bosnia and Herzegovina,banjaluka.net,No feed generated,FALSE,,,FALSE,
Antena24.ro,https://antena24.ro/feed/,OG,success,2025-11-29 13:29:11,Romania,antena24.ro,To Do,FALSE,,,FALSE,Newly discovered RSS feed
Furkan Haber,-,N/A,-,,Turkey,furkanhaber.net,No feed generated,FALSE,,,FALSE,
Tennisnews.gr,-,N/A,-,,Greece,tennisnews.gr,No feed generated,FALSE,,,FALSE,
Inspector-Gadget.gr,https://inspector-gadget.gr/feed/,OG,success,2025-11-29 13:29:17,Greece,inspector-gadget.gr,To Do,FALSE,,,FALSE,Newly discovered RSS feed
Kinowar.com,https://kinowar.com/feed/,OG,success,2025-11-29 13:29:19,Australia,kinowar.com,To Do,FALSE,,,FALSE,Newly discovered RSS feed
Binodon69,-,N/A,-,,Bangladesh,binodon69.com,No feed generated,FALSE,,,FALSE,
Nashville Noticias,https://nashvillenoticias.com/feed/,OG,success,2025-11-29 11:44:54,United States,nashvillenoticias.com,To Do,FALSE,,,FALSE,Newly discovered RSS feed
EYT Media Group,-,N/A,-,,United States,eyt.media,No feed generated,FALSE,,,FALSE,
Jammu Links News,https://www.jammulinksnews.com/feed/,OG,success,2025-11-29 13:29:49,India,jammulinksnews.com,To Do,FALSE,,,FALSE,Newly discovered RSS feed
True Scoop,https://truescoopnews.com/feed,OG,success,2025-11-29 13:29:51,India,truescoopnews.com,To Do,FALSE,,,FALSE,Newly discovered RSS feed
JagoronNews.com,-,N/A,-,,Bangladesh,jagoronnews.com,No feed generated,FALSE,,,FALSE,
Kelly’s Thoughts On Things,https://kellysthoughtsonthings.com/feed/,OG,success,2025-11-29 13:29:52,Australia,kellysthoughtsonthings.com,To Do,FALSE,,,FALSE,Newly discovered RSS feed
Talk of Naija,-,N/A,-,,Nigeria,talkofnaija.com,No feed generated,FALSE,,,FALSE,
Hoću.ba,-,N/A,-,,Bosnia and Herzegovina,hocu.ba,No feed generated,FALSE,,,FALSE,
Telugu Desk,https://telugudesk.net/feed/,OG,success,2025-11-29 13:30:08,India,telugudesk.net,To Do,FALSE,,,FALSE,Newly discovered RSS feed
Gnezdoto,-,N/A,-,,Bulgaria,gnezdoto.net,No feed generated,FALSE,,,FALSE,
Bbarta24.net,-,N/A,-,,Bangladesh,bbarta24.net,No feed generated,FALSE,,,FALSE,
Famoza.net,https://www.famoza.net/feed/,OG,success,2025-11-29 13:30:16,Serbia,famoza.net,To Do,FALSE,,,FALSE,Newly discovered RSS feed
Uplifting Today,https://upliftingtoday.com/feed,OG,success,2025-11-29 11:44:57,United States,upliftingtoday.com,To Do,FALSE,,,FALSE,Newly discovered RSS feed
Катера,-,N/A,-,,Serbia,katera.news,No feed generated,FALSE,,,FALSE,
Warszawa w Pigułce,https://warszawawpigulce.pl/feed/,OG,success,2025-11-29 13:30:18,Poland,warszawawpigulce.pl,To Do,FALSE,,,FALSE,Newly discovered RSS feed
TheCitizen.in,https://www.thecitizen.in/google_feeds.xml,OG,success,2025-11-29 13:30:21,India,thecitizen.in,To Do,FALSE,,,FALSE,Newly discovered RSS feed
CiciMici.com,https://cicimici.com/feed/,OG,success,2025-11-29 13:30:22,Serbia,cicimici.com,To Do,FALSE,,,FALSE,Newly discovered RSS feed
Public TV,https://publictv.in/feed/,OG,success,2025-11-29 13:30:24,India,publictv.in,To Do,FALSE,,,FALSE,Newly discovered RSS feed
Cineulagam,https://cineulagam.com/rss,OG,success,2025-11-29 13:30:30,India,cineulagam.com,To Do,FALSE,,,FALSE,Newly discovered RSS feed
Bignewslive,-,N/A,-,,India,bignewslive.com,No feed generated,FALSE,,,FALSE,
The Rising News,https://www.therisingnews.com/feed,OG,success,2025-11-29 13:30:34,India,therisingnews.com,To Do,FALSE,,,FALSE,Newly discovered RSS feed
Noroem Invest AS - Sportsbibelen,https://sportsbibelen.no/feed/,OG,success,2025-11-29 13:30:38,Norway,sportsbibelen.no,To Do,FALSE,,,FALSE,Newly discovered RSS feed
Secret Flying,-,N/A,-,,United States,secretflying.com,No feed generated,FALSE,,,FALSE,
Daily Songbad,https://dailysongbad.com/feed/,OG,success,2025-11-29 13:30:39,Bangladesh,dailysongbad.com,To Do,FALSE,,,FALSE,Newly discovered RSS feed
PCBToday,https://pcbtoday.in/feed/,OG,success,2025-11-29 13:30:44,India,pcbtoday.in,To Do,FALSE,,,FALSE,Newly discovered RSS feed
Berita Manado,-,N/A,-,,Indonesia,beritamanado.com,No feed generated,FALSE,,,FALSE,
Pozitivan stav,https://pozitivanstav.com/feed/,OG,success,2025-11-29 13:30:47,Bosnia and Herzegovina,pozitivanstav.com,To Do,FALSE,,,FALSE,Newly discovered RSS feed
Womantalk,-,N/A,-,,Indonesia,womantalk.com,No feed generated,FALSE,,,FALSE,
Lex Bird Media,https://lexbirdmedia.nl/feed/,OG,success,2025-11-29 13:30:51,Netherlands,lexbirdmedia.nl,To Do,FALSE,,,FALSE,Newly discovered RSS feed
Killarney Today,https://www.killarneytoday.com/feed/,OG,success,2025-11-29 13:30:53,Ireland,killarneytoday.com,To Do,FALSE,,,FALSE,Newly discovered RSS feed
България,https://istinskiistorii.com/feed/,OG,success,2025-11-29 13:30:55,Bulgaria,istinskiistorii.com,To Do,FALSE,,,FALSE,Newly discovered RSS feed
Bangladesh News24,https://bdnews24us.com/feed/,OG,success,2025-11-29 13:31:00,Bangladesh,bdnews24us.com,To Do,FALSE,,,FALSE,Newly discovered RSS feed
The Voice Of Bihar - VOB,https://www.voiceofbihar.in/feed/,OG,success,2025-11-29 13:31:06,Indonesia,voiceofbihar.in,To Do,FALSE,,,FALSE,Newly discovered RSS feed
Strefa-Beki.pl,-,N/A,-,,Poland,strefa-beki.pl,No feed generated,FALSE,,,FALSE,
Tracara.com,https://tracara.com/feed/,OG,success,2025-11-29 13:31:30,Serbia,tracara.com,To Do,FALSE,,,FALSE,Newly discovered RSS feed
Jurnas,https://jurnas.com/rss/,OG,success,2025-11-29 13:31:36,Indonesia,jurnas.com,To Do,FALSE,,,FALSE,Newly discovered RSS feed
Digital Vision Publishing,-,N/A,-,,Indonesia,digitalvisionpublishing.com,No feed generated,FALSE,,,FALSE,
Odisha Reporter,https://odishareporter.in/rss,OG,success,2025-11-29 13:31:43,India,odishareporter.in,To Do,FALSE,,,FALSE,Newly discovered RSS feed
Seithi Punal,-,N/A,-,,India,seithipunal.com,No feed generated,FALSE,,,FALSE,
Mad World News,https://madworldnews.com/feed/,OG,success,2025-11-29 11:44:58,United States,madworldnews.com,To Do,FALSE,,,FALSE,Newly discovered RSS feed
The Daily Janakantha,-,N/A,-,,Bangladesh,dailyjanakantha.com,No feed generated,FALSE,,,FALSE,
Webniusy,-,N/A,-,,Poland,webniusy.com,No feed generated,FALSE,,,FALSE,
Deshvani,https://deshvani.in/feed/,OG,success,2025-11-29 13:31:49,Indonesia,deshvani.in,To Do,FALSE,,,FALSE,Newly discovered RSS feed
Omofon,https://www.omofon.com/feed,OG,success,2025-11-29 13:31:56,Romania,omofon.com,To Do,FALSE,,,FALSE,Newly discovered RSS feed
Daily Projonmo,-,N/A,-,,Bangladesh,dailyprojonmo.com,No feed generated,FALSE,,,FALSE,
অজানা বাংলাদেশ,-,N/A,-,,Bangladesh,ajanabangladesh.com,No feed generated,FALSE,,,FALSE,
PTC Punjabi,-,N/A,-,,India,ptcpunjabi.co.in,No feed generated,FALSE,,,FALSE,
Popular Magazine Indonesia,-,N/A,-,,Indonesia,popular-world.com,No feed generated,FALSE,,,FALSE,
CaVa,-,N/A,-,,Taiwan,cava.tw,No feed generated,FALSE,,,FALSE,
Rozana Spokesman,-,N/A,-,,India,rozanaspokesman.in,No feed generated,FALSE,,,FALSE,
Nemkutya.com,https://nemkutya.com/feed/,OG,success,2025-11-29 13:32:06,Hungary,nemkutya.com,To Do,FALSE,,,FALSE,Newly discovered RSS feed
Leblebi TV,https://leblebi.tv/rss,OG,success,2025-11-29 13:32:10,Turkey,leblebi.tv,To Do,FALSE,,,FALSE,Newly discovered RSS feed
Tenth Code Media,https://tenthcodemedia.com/feed/,RSS,success,2025-11-29 13:32:15,Nigeria,tenthcodemedia.com,To Do,FALSE,,,FALSE,Newly discovered RSS feed
Kpopn,-,N/A,-,,Taiwan,kpopn.com,No feed generated,FALSE,,,FALSE,
myMMA,https://mymma.pl/feed,OG,success,2025-11-29 13:32:21,Poland,mymma.pl,To Do,FALSE,,,FALSE,Newly discovered RSS feed
熱血台中,https://taiwan17go.com/feed/,OG,success,2025-11-29 13:32:25,Taiwan,taiwan17go.com,To Do,FALSE,,,FALSE,Newly discovered RSS feed
Şifa Bul,https://sifabulun.com/feed/,OG,success,2025-11-29 13:32:31,Turkey,sifabulun.com,To Do,FALSE,,,FALSE,Newly discovered RSS feed
Greek Web TV,https://www.greek-web-tv.com/feeds/posts/default,OG,success,2025-11-29 13:32:33,Greece,greek-web-tv.com,To Do,FALSE,,,FALSE,Newly discovered RSS feed
Walo Radio,https://waloradio.com/feed/,RSS,success,2025-11-29 11:44:59,United States,waloradio.com,To Do,FALSE,,,FALSE,Newly discovered RSS feed
Khaleej Urdu,https://khaleejurdu.com/feed/,OG,success,2025-11-29 13:32:56,United Arab Emirates,khaleejurdu.com,To Do,FALSE,,,FALSE,Newly discovered RSS feed
Channel I Online,https://www.channelionline.com/feed/,"OG (1), RSS (9)",success,2025-11-29 13:32:58,Bangladesh,channelionline.com,To Do,FALSE,,,FALSE,Newly discovered RSS feed
MotocrossPlanet,-,N/A,-,,Netherlands,motocrossplanet.nl,No feed generated,FALSE,,,FALSE,
iChowk,-,N/A,-,,Indonesia,ichowk.in,No feed generated,FALSE,,,FALSE,
Metro Journal Online,https://metrojournalonline.com/feed.xml,OG,success,2025-11-29 13:33:05,India,metrojournalonline.com,To Do,FALSE,,,FALSE,Newly discovered RSS feed
EiBarta.com,-,N/A,-,,Croatia,eibarta.com,No feed generated,FALSE,,,FALSE,
Femina (Serbia),https://uspesnazena.com/feed/,OG,success,2025-11-29 13:33:08,Serbia,uspesnazena.com,To Do,FALSE,,,FALSE,Newly discovered RSS feed
The Zimbabwean,https://www.thezimbabwean.co/feed/,RSS,success,2025-11-29 11:45:05,United Kingdom,thezimbabwean.co,To Do,FALSE,,,FALSE,Newly discovered RSS feed
Joyistik.com,-,N/A,-,,Turkey,joyistik.com,No feed generated,FALSE,,,FALSE,
Daily Indian Herald,https://dailyindianherald.com/rss,OG,success,2025-11-29 13:33:15,India,dailyindianherald.com,To Do,FALSE,,,FALSE,Newly discovered RSS feed
Global Multimedia,-,N/A,-,,Bangladesh,globaltvbd.com,No feed generated,FALSE,,,FALSE,
The True Picture,https://csmngt.com/feed/,OG,success,2025-11-29 13:33:19,India,thetruepicture.org,To Do,FALSE,,,FALSE,Newly discovered RSS feed
Edukacija.Info,-,N/A,-,,Croatia,edukacija.info,No feed generated,FALSE,,,FALSE,
La pas prin Brasov,https://lapasprinbrasov.ro/feed/,OG,success,2025-11-29 13:33:21,Romania,lapasprinbrasov.ro,To Do,FALSE,,,FALSE,Newly discovered RSS feed
Lowcy Gier,https://lowcygier.pl/feed/,RSS,success,2025-11-29 13:33:22,Poland,lowcygier.pl,To Do,FALSE,,,FALSE,Newly discovered RSS feed
MP Breaking News,https://mpbreakingnews.in/feed,N/A,failed,2025-11-29 13:33:23,India,mpbreakingnews.in,To Do,FALSE,,,FALSE,Newly discovered RSS feed
Dirty RealniIstorii.com,-,N/A,-,,Bulgaria,realniistorii.com,No feed generated,FALSE,,,FALSE,
Hrvatska Danas,https://hrvatska-danas.com/feed/,OG,success,2025-11-29 13:33:25,Croatia,hrvatska-danas.com,To Do,FALSE,,,FALSE,Newly discovered RSS feed
Sabari News,https://sabarinews.com/feed/,OG,success,2025-11-29 13:33:32,India,sabarinews.com,To Do,FALSE,,,FALSE,Newly discovered RSS feed
Serial Gossip,https://serialgossip.com/rss.xml,OG,success,2025-11-29 13:33:35,India,serialgossip.com,To Do,FALSE,,,FALSE,Newly discovered RSS feed
The Cricket Lounge,https://thecricketlounge.com/feed/,OG,success,2025-11-29 13:33:38,India,thecricketlounge.com,To Do,FALSE,,,FALSE,Newly discovered RSS feed
Telugumirchi,-,N/A,-,,India,telugumirchi.com,No feed generated,FALSE,,,FALSE,
NeGibi,https://www.negibi.com/feed/,OG,success,2025-11-29 13:33:39,Turkey,negibi.com,To Do,FALSE,,,FALSE,Newly discovered RSS feed
"Daily Balochistan Express, Quetta",-,N/A,-,,Pakistan,bexpress.com.pk,No feed generated,FALSE,,,FALSE,
UkhiyaNews.Com,http://ukhiyanews.com/feed,OG,success,2025-11-29 13:34:19,Bangladesh,ukhiyanews.com,To Do,FALSE,,,FALSE,Newly discovered RSS feed
Színház Online,-,N/A,-,,Hungary,szinhaz.online,No feed generated,FALSE,,,FALSE,
GoNews24,-,N/A,-,,Bangladesh,gonews24.com,No feed generated,FALSE,,,FALSE,
Cafrande.org,https://www.cafrande.org/feed/,OG,success,2025-11-29 13:34:22,Turkey,cafrande.org,To Do,FALSE,,,FALSE,Newly discovered RSS feed
Arena Gempak,-,N/A,-,,Indonesia,arenagempak.com,No feed generated,FALSE,,,FALSE,
Mana Telangana,https://www.manatelangana.news/google_feeds.xml,OG,success,2025-11-29 13:34:27,India,manatelangana.news,To Do,FALSE,,,FALSE,Newly discovered RSS feed
Aranżujemy.pl,https://aranzujemy.pl/rss,OG,success,2025-11-29 13:34:33,Poland,aranzujemy.pl,To Do,FALSE,,,FALSE,Newly discovered RSS feed
Thanthi TV,https://www.thanthitv.com/google_feeds.xml,OG,success,2025-11-29 13:34:39,India,thanthitv.com,To Do,FALSE,,,FALSE,Newly discovered RSS feed
Jagoroniya,-,N/A,-,,Bangladesh,jagoroniya.com,No feed generated,FALSE,,,FALSE,
NewsPatrolling,https://newspatrolling.com/feed/,OG,success,2025-11-29 13:34:43,India,newspatrolling.com,To Do,FALSE,,,FALSE,Newly discovered RSS feed
সময়ের কণ্ঠস্বর,https://somoyerkonthosor.com/feed,OG,success,2025-11-29 13:34:51,Bangladesh,somoyerkonthosor.com,To Do,FALSE,,,FALSE,Newly discovered RSS feed
Без Рак,https://bezrak.com/feed/,RSS,success,2025-11-29 13:35:04,Bulgaria,bezrak.com,To Do,FALSE,,,FALSE,Newly discovered RSS feed
Marokko,https://feeds.marokko.nl/nieuws.xml,Discovered-autodiscovery,N/A,,Netherlands,nieuws.marokko.nl,No feed generated,FALSE,,,FALSE,
Radio Isla - Puerto Rico,https://radioisla.tv/feed/,OG,success,2025-11-29 11:45:14,United States,radioisla.tv,To Do,FALSE,,,FALSE,Newly discovered RSS feed
Peekaas.nl,https://peekaas.nl/feed/,OG,success,2025-11-29 13:35:09,Netherlands,peekaas.nl,To Do,FALSE,,,FALSE,Newly discovered RSS feed
Texts From Last Night,-,N/A,-,,United States,tfln.co,No feed generated,FALSE,,,FALSE,
WebPress,https://webpress.rs/feed/,RSS,success,2025-11-29 13:35:30,Serbia,webpress.rs,To Do,FALSE,,,FALSE,Newly discovered RSS feed
Biscani.net,https://www.biscani.net/feed/,OG,success,2025-11-29 13:35:33,Croatia,biscani.net,To Do,FALSE,,,FALSE,Newly discovered RSS feed
Nogometne Vijesti,https://nogometne-vijesti.hr/rss/,OG,success,2025-11-29 13:35:38,Croatia,nogometne-vijesti.hr,To Do,FALSE,,,FALSE,Newly discovered RSS feed
Saint Therese,https://www.sainttherse.com/feed/,OG,success,2025-11-29 11:45:16,United States,sainttherse.com,To Do,FALSE,,,FALSE,Newly discovered RSS feed
Napjainkban Blog,-,N/A,-,,Hungary,napjainkbanblog.eu,No feed generated,FALSE,,,FALSE,
Sorozatjunkie,https://feeds.feedburner.com/sorozataddikt,RSS,success,2025-11-29 13:35:40,Hungary,sorozatjunkie.hu,To Do,FALSE,,,FALSE,Newly discovered RSS feed
ÉlményOrszág,-,N/A,-,,Hungary,elmenyorszag.com,No feed generated,FALSE,,,FALSE,
Pal Pal News.in,https://palpalnews.in/feed/,OG,success,2025-11-29 13:35:47,India,palpalnews.in,To Do,FALSE,,,FALSE,Newly discovered RSS feed
Fakty.nl,-,N/A,-,,Netherlands,fakty.nl,No feed generated,FALSE,,,FALSE,
Lublin112.pl,-,N/A,-,,Poland,lublin112.pl,No feed generated,FALSE,,,FALSE,
Bulletin.bg,https://bulletin.bg/feed/,OG,success,2025-11-29 13:35:50,Bulgaria,bulletin.bg,To Do,FALSE,,,FALSE,Newly discovered RSS feed
Rollernews.com,https://rollernews.com/index.xml,OG,success,2025-11-29 11:45:24,United States,rollernews.com,To Do,FALSE,,,FALSE,Newly discovered RSS feed
Malayalam Daily News,https://www.malayalamdailynews.com/feed/,OG,success,2025-11-29 13:35:57,India,malayalamdailynews.com,To Do,FALSE,,,FALSE,Newly discovered RSS feed
Siasat.pk,-,N/A,-,,Pakistan,siasat.pk,No feed generated,FALSE,,,FALSE,
PAOK24,https://www.paok24.com/feed/,OG,success,2025-11-29 13:35:59,Greece,paok24.com,To Do,FALSE,,,FALSE,Newly discovered RSS feed
thetimes.gr,https://thetimes.gr/feed/,OG,success,2025-11-29 13:36:14,Greece,thetimes.gr,To Do,FALSE,,,FALSE,Newly discovered RSS feed
Princip News,-,N/A,-,,Bosnia and Herzegovina,princip.news,No feed generated,FALSE,,,FALSE,
The Sofia Times,-,N/A,-,,Bulgaria,thesofiatimes.com,No feed generated,FALSE,,,FALSE,
Portal Silistra,-,N/A,-,,Bulgaria,portal-silistra.eu,No feed generated,FALSE,,,FALSE,
RelayHero,https://relayhero.com/feed,OG,success,2025-11-29 13:36:30,Singapore,relayhero.com,To Do,FALSE,,,FALSE,Newly discovered RSS feed
Sport DC,https://sportdc.net/rss,OG,success,2025-11-29 13:36:35,Bosnia and Herzegovina,sportdc.net,To Do,FALSE,,,FALSE,Newly discovered RSS feed
Vijesti Srpske,https://vijestisrpske.com/feed/,OG,success,2025-11-29 13:36:51,Bosnia and Herzegovina,vijestisrpske.com,To Do,FALSE,,,FALSE,Newly discovered RSS feed
Info Media,-,N/A,-,,Bosnia and Herzegovina,cafe.ba,No feed generated,FALSE,,,FALSE,
Shape.pl,https://www.shape.pl/feed/,OG,success,2025-11-29 13:37:02,Poland,shape.pl,To Do,FALSE,,,FALSE,Newly discovered RSS feed
The Daily Inqilab,-,N/A,-,,Bangladesh,dailyinqilab.com,No feed generated,FALSE,,,FALSE,
Popbela.com,-,N/A,-,,Indonesia,popbela.com,No feed generated,FALSE,,,FALSE,
Fortune Insight,https://fortuneinsight.com/web/feed/,OG,success,2025-11-29 13:37:06,Hong Kong,fortuneinsight.com,To Do,FALSE,,,FALSE,Newly discovered RSS feed
Best Hindi News,-,N/A,-,,India,besthindinews.com,No feed generated,FALSE,,,FALSE,
女生集合 #Tagsis,-,N/A,-,,Hong Kong,tagsis.com,No feed generated,FALSE,,,FALSE,
Telly Express,-,N/A,-,,India,tellyexpress.com,No feed generated,FALSE,,,FALSE,
First State Update,https://firststateupdate.com/feed/,OG,success,2025-11-29 11:45:31,United States,firststateupdate.com,To Do,FALSE,,,FALSE,Newly discovered RSS feed
Leadership A Yau,-,N/A,-,,Nigeria,hausa.leadership.ng,No feed generated,FALSE,,,FALSE,
Pakistani Drama Celebrities,-,N/A,-,,Pakistan,fashionuniverse.net,No feed generated,FALSE,,,FALSE,
Szerelmeszene.hu,https://www.szerelmeszene.hu/feed/,OG,success,2025-11-29 13:37:13,Hungary,szerelmeszene.hu,To Do,FALSE,,,FALSE,Newly discovered RSS feed
RLS Media Solutions Broadcasting,-,N/A,-,,United States,rlsmedia.com,No feed generated,FALSE,,,FALSE,
Bangladesh Today,-,N/A,-,,Bangladesh,bangladeshtoday.com,No feed generated,FALSE,,,FALSE,
TKW Media,https://thekashmirwalla.com/feed/,OG,success,2025-11-29 13:37:31,India,thekashmirwalla.com,To Do,FALSE,,,FALSE,Newly discovered RSS feed
Tamil News,-,N/A,-,,India,globaltamilnews.net,No feed generated,FALSE,,,FALSE,
Nursing World Nigeria,-,N/A,-,,Nigeria,nursingworldnigeria.com,No feed generated,FALSE,,,FALSE,
ИСКРА CO,https://iskra.co/feed,OG,success,2025-11-29 13:37:34,Poland,iskra.co,To Do,FALSE,,,FALSE,Newly discovered RSS feed
Noticias en Línea Puerto Rico,https://nelpr.com/feed/,OG,success,2025-11-29 11:45:32,United States,nelpr.com,To Do,FALSE,,,FALSE,Newly discovered RSS feed
Just News BD,-,N/A,-,,Bangladesh,justnewsbd.com,No feed generated,FALSE,,,FALSE,
Bulgar Online,https://www.bulgaronline.com/blog-feed.xml,OG,success,2025-11-29 13:37:38,Philippines,bulgaronline.com,To Do,FALSE,,,FALSE,Newly discovered RSS feed
Prothombarta.com,-,N/A,-,,Bangladesh,prothombarta.news,No feed generated,FALSE,,,FALSE,
Prajaa TV,-,N/A,-,,India,prajaatvkannada.com,No feed generated,FALSE,,,FALSE,
MetroNews - The Voice of West Virginia,https://wvmetronews.com/feed,OG,success,2025-11-29 11:45:39,United States,wvmetronews.com,To Do,FALSE,,,FALSE,Newly discovered RSS feed
ComillarBarta.com,-,N/A,-,,Bangladesh,comillarbarta.com,No feed generated,FALSE,,,FALSE,
islam&ihsan,-,N/A,-,,Turkey,islamveihsan.com,No feed generated,FALSE,,,FALSE,
Mini Magazin,https://www.minimagazin.info/feed/,OG,success,2025-11-29 13:37:40,Bosnia and Herzegovina,minimagazin.info,To Do,FALSE,,,FALSE,Newly discovered RSS feed
EA,-,N/A,-,,United States,ea.com,No feed generated,FALSE,,,FALSE,
聚財網,https://feeds.feedburner.com/Wearncom-?format=xml,OG,success,2025-11-29 13:37:52,Taiwan,wearn.com,To Do,FALSE,,,FALSE,Newly discovered RSS feed
Mutluluğun Şifresi,http://mutlulugunsifresi.com/feed,Discovered-pattern,N/A,,Turkey,mutlulugunsifresi.com,No feed generated,FALSE,,,FALSE,
知識家,https://www.knowledger.info/feed/,OG,success,2025-11-29 13:37:56,Taiwan,knowledger.info,To Do,FALSE,,,FALSE,Newly discovered RSS feed
King of Computer,-,N/A,-,,Taiwan,kocpc.com.tw,No feed generated,FALSE,,,FALSE,
ma.hu,-,N/A,-,,Hungary,ma.hu,No feed generated,FALSE,,,FALSE,
Mesaje Urari Felicitari,-,N/A,-,,Romania,mesajeurarifelicitari.com,No feed generated,FALSE,,,FALSE,
The Ring of Fire Broadcasting,-,N/A,-,,United States,trofire.com,No feed generated,FALSE,,,FALSE,
Go News Group,https://www.gonews.co/rss/berita/,Discovered-autodiscovery,N/A,,Indonesia,gonews.co,No feed generated,FALSE,,,FALSE,
Teknolojioku,-,N/A,-,,Turkey,teknolojioku.com,No feed generated,FALSE,,,FALSE,
Zaki Book,https://www.zakibook.com/feed/,OG,success,2025-11-29 13:38:01,United Arab Emirates,zakibook.com,To Do,FALSE,,,FALSE,Newly discovered RSS feed
Green Press Hírügynökség,https://eletszepitok.hu/feed/,OG,success,2025-11-29 13:38:06,Hungary,eletszepitok.hu,To Do,FALSE,,,FALSE,Newly discovered RSS feed
Stargogo,https://www.stargogo.com/feeds/posts/default,OG,success,2025-11-29 13:38:16,Taiwan,stargogo.com,To Do,FALSE,,,FALSE,Newly discovered RSS feed
Waterkant,https://www.waterkant.net/feed/,OG,success,2025-11-29 13:38:19,Netherlands,waterkant.net,To Do,FALSE,,,FALSE,Newly discovered RSS feed
Wij Ti,https://vijti.com/feed,OG,success,2025-11-29 13:38:22,Bulgaria,vijti.com,To Do,FALSE,,,FALSE,Newly discovered RSS feed
Foci Club,https://www.fociclub.hu/feed/,OG,success,2025-11-29 13:38:25,Hungary,fociclub.hu,To Do,FALSE,,,FALSE,Newly discovered RSS feed
Tips van Oma,-,N/A,-,,Netherlands,tipsvanoma.com,No feed generated,FALSE,,,FALSE,
DesignWant,-,N/A,-,,Taiwan,designwant.com,No feed generated,FALSE,,,FALSE,
Global NRI - NRT News Portal,-,N/A,-,,India,tnilive.com,No feed generated,FALSE,,,FALSE,
UNewsTV,-,N/A,-,,Pakistan,unewstv.com,No feed generated,FALSE,,,FALSE,
Kifőztük gasztromagazin,https://kifoztuk.hu/feed/,OG,success,2025-11-29 13:38:31,Hungary,kifoztuk.hu,To Do,FALSE,,,FALSE,Newly discovered RSS feed
Hot Arena,https://hotarena.net/rss,OG,success,2025-11-29 13:38:34,Bulgaria,hotarena.net,To Do,FALSE,,,FALSE,Newly discovered RSS feed
ദുബായ് വാർത്ത - Dubai Vartha,https://dubaivartha.com/feed/,OG,success,2025-11-29 13:38:50,United Arab Emirates,dubaivartha.com,To Do,FALSE,,,FALSE,Newly discovered RSS feed
Zarata,https://zarata.info/?feed=rss2,RSS,success,2025-11-29 13:38:58,Bulgaria,zarata.info,To Do,FALSE,,,FALSE,Newly discovered RSS feed
理財周刊,-,N/A,-,,Taiwan,moneyweekly.com.tw,No feed generated,FALSE,,,FALSE,
Brave India News,https://braveindianews.com/feed,OG,success,2025-11-29 13:39:00,India,braveindianews.com,To Do,FALSE,,,FALSE,Newly discovered RSS feed
Antep Medya Yayıncılık,https://www.megahaber27.com/xml/rss.xml,OG,success,2025-11-29 13:39:06,Turkey,megahaber27.com,To Do,FALSE,,,FALSE,Newly discovered RSS feed
壹電視 Next TV,-,N/A,-,,Taiwan,nexttv.com.tw,No feed generated,FALSE,,,FALSE,
NoorderNieuws,https://noordernieuws.nl/feed,OG,success,2025-11-29 13:39:09,Netherlands,noordernieuws.nl,To Do,FALSE,,,FALSE,Newly discovered RSS feed
Parbatta News,https://www.parbattanews.com/feed/,OG,success,2025-11-29 13:39:16,Bangladesh,parbattanews.com,To Do,FALSE,,,FALSE,Newly discovered RSS feed
Press Trust of Kashmir - PTK,-,N/A,-,,India,presstrustofkashmir.com,No feed generated,FALSE,,,FALSE,
Beşiktaş Medya Grup,-,N/A,-,,Turkey,besiktas.com.tr,No feed generated,FALSE,,,FALSE,
Negaam News,-,N/A,-,,Turkey,negaam.news,No feed generated,FALSE,,,FALSE,
Dappei,-,N/A,-,,Taiwan,dappei.com,No feed generated,FALSE,,,FALSE,
New Mobile Life,https://www.newmobilelife.com/feed/,OG,success,2025-11-29 13:39:18,Taiwan,newmobilelife.com,To Do,FALSE,,,FALSE,Newly discovered RSS feed
Denk Positief,https://denkpositief.com/feed/,OG,success,2025-11-29 13:39:28,Netherlands,denkpositief.com,To Do,FALSE,,,FALSE,Newly discovered RSS feed
Wishnote Taiwan,-,N/A,-,,Taiwan,wishnote.tw,No feed generated,FALSE,,,FALSE,
Fall River Reporter,https://fallriverreporter.com/feed/,OG,success,2025-11-29 11:45:40,United States,fallriverreporter.com,To Do,FALSE,,,FALSE,Newly discovered RSS feed
Kaka,-,N/A,-,,Taiwan,gamme.com.tw,No feed generated,FALSE,,,FALSE,
Dinamo1948,https://dinamo1948.club/feed/,OG,success,2025-11-29 13:39:31,Romania,dinamo1948.club,To Do,FALSE,,,FALSE,Newly discovered RSS feed
Zdravlje i Priroda,-,N/A,-,,Bosnia and Herzegovina,zdravljeipriroda.com,No feed generated,FALSE,,,FALSE,
Hobi Sayfasi,https://elisihobiler.com/feed,OG,success,2025-11-29 13:39:34,Turkey,elisihobiler.com,To Do,FALSE,,,FALSE,Newly discovered RSS feed
Lamode,https://lamode.info/feed,OG,success,2025-11-29 13:39:38,Poland,lamode.info,To Do,FALSE,,,FALSE,Newly discovered RSS feed
Share Info,https://shareinfo.pl/feed/,OG,success,2025-11-29 13:39:42,Poland,shareinfo.pl,To Do,FALSE,,,FALSE,Newly discovered RSS feed
Lekuvai,https://lekuvai.bg/feed/,OG,success,2025-11-29 13:39:45,Bulgaria,lekuvai.bg,To Do,FALSE,,,FALSE,Newly discovered RSS feed
The Green Classroom,-,N/A,-,,Serbia,zelenaucionica.com,No feed generated,FALSE,,,FALSE,
Calatorul,-,N/A,-,,Romania,calatorul.net,No feed generated,FALSE,,,FALSE,
MaaGulf,http://maagulf.com/rss.php,OG,success,2025-11-29 13:39:51,United Arab Emirates,maagulf.com,To Do,FALSE,,,FALSE,Newly discovered RSS feed
Sports Mockery,https://www.sportsmockery.com/feed/,OG,success,2025-11-29 11:45:41,United States,sportsmockery.com,To Do,FALSE,,,FALSE,Newly discovered RSS feed
Living Sports,https://sportz.im/feed/,OG,success,2025-11-29 13:39:59,Taiwan,sportz.im,To Do,FALSE,,,FALSE,Newly discovered RSS feed
Daily Cooking Recipes,https://www.lovecookingdaily.com/feed/,OG,success,2025-11-29 13:40:09,Romania,lovecookingdaily.com,To Do,FALSE,,,FALSE,Newly discovered RSS feed
CBook,https://cbook.tw/feed,OG,success,2025-11-29 13:40:13,Taiwan,cbook.tw,To Do,FALSE,,,FALSE,Newly discovered RSS feed
Ctgtimes.com - ‡¶∏‡¶ø‡¶ü‡¶ø‡¶ú‡¶ø ‡¶ü‡¶æ‡¶á‡¶Æ‡¶∏,https://ctgtimes.com/feed/,OG,success,2025-11-29 13:40:22,Bangladesh,ctgtimes.com,To Do,FALSE,,,FALSE,Newly discovered RSS feed
9 999 999 Views,https://9999999views.com/feed/,Discovered-autodiscovery,N/A,,Bulgaria,9999999views.com,No feed generated,FALSE,,,FALSE,
Thodkyaat | थोडक्यात,https://thodkyaat.com/feed/,OG,success,2025-11-29 13:40:24,India,thodkyaat.com,To Do,FALSE,,,FALSE,Newly discovered RSS feed
Football Tactics,https://football-tactics.com/?feed=rss2,OG,success,2025-11-29 13:40:43,Bosnia and Herzegovina,football-tactics.com,To Do,FALSE,,,FALSE,Newly discovered RSS feed
Do-It-Yourself Creative Ideas,https://www.fazon.info/feed/,OG,success,2025-11-29 13:41:04,Croatia,fazon.info,To Do,FALSE,,,FALSE,Newly discovered RSS feed
華視全球資訊網,-,N/A,-,,Taiwan,cts.com.tw,No feed generated,FALSE,,,FALSE,
Sylhetview 24,-,N/A,-,,Bangladesh,sylhetview24.news,No feed generated,FALSE,,,FALSE,
Trendir,https://trendir.com/feed,OG,success,2025-11-29 13:41:05,Romania,trendir.com,To Do,FALSE,,,FALSE,Newly discovered RSS feed
TopNaija,-,N/A,-,,Nigeria,topnaija.ng,No feed generated,FALSE,,,FALSE,
Bljesak.info,-,N/A,-,,Bosnia and Herzegovina,bljesak.info,No feed generated,FALSE,,,FALSE,
Online Dhaka Guide,-,N/A,-,,Bangladesh,online-dhaka.com,No feed generated,FALSE,,,FALSE,
Domashni Hitrini,https://hitrinibg.com/feed/,Discovered-autodiscovery,N/A,,Bulgaria,hitrinibg.com,No feed generated,FALSE,,,FALSE,
EaseMedia,https://samouczek.info/rss,OG,success,2025-11-29 13:41:10,Poland,samouczek.info,To Do,FALSE,,,FALSE,Newly discovered RSS feed
爆料公社,-,N/A,-,,Taiwan,bc3ts.com,No feed generated,FALSE,,,FALSE,
Vaseljenska TV,-,N/A,-,,Serbia,vaseljenska.net,No feed generated,FALSE,,,FALSE,
Turbo and Stance,https://www.turboandstance.net/feed/,OG,success,2025-11-29 11:45:42,United States,turboandstance.net,To Do,FALSE,,,FALSE,Newly discovered RSS feed
Kolkata Gossip,-,N/A,-,,India,kolkatagossip.com,No feed generated,FALSE,,,FALSE,
Sunny Tours,-,N/A,-,,Bulgaria,visit.bg,No feed generated,FALSE,,,FALSE,
PEN Group Online,-,N/A,-,,United States,pengrouponline.com,No feed generated,FALSE,,,FALSE,
Stackumbrella,https://www.stackumbrella.com/feed/,OG,success,2025-11-29 13:41:16,India,stackumbrella.com,To Do,FALSE,,,FALSE,Newly discovered RSS feed
Turk Press,https://www.turkpress.co/rss.xml,OG,success,2025-11-29 13:41:27,Turkey,turkpress.co,To Do,FALSE,,,FALSE,Newly discovered RSS feed
Pogled.ba,https://pogled.ba/feed/,OG,success,2025-11-29 13:41:34,Bosnia and Herzegovina,pogled.ba,To Do,FALSE,,,FALSE,Newly discovered RSS feed
Budnaera,-,N/A,-,,Bulgaria,budnaera.com,No feed generated,FALSE,,,FALSE,
阿榮福利味,https://www.azofreeware.com/feeds/posts/default,OG,success,2025-11-29 13:41:39,Taiwan,azofreeware.com,To Do,FALSE,,,FALSE,Newly discovered RSS feed
Fab Art DIY,https://www.fabartdiy.com/feed/,OG,success,2025-11-29 11:45:45,United States,fabartdiy.com,To Do,FALSE,,,FALSE,Newly discovered RSS feed
Mogu ja to sama,https://mogujatosama.rs/rss.xml,OG,success,2025-11-29 13:41:43,Serbia,mogujatosama.rs,To Do,FALSE,,,FALSE,Newly discovered RSS feed
The Foundation for Independent Journalism,https://thewireurdu.com/feed/,OG,success,2025-11-29 13:41:51,India,thewireurdu.com,To Do,FALSE,,,FALSE,Newly discovered RSS feed
Delhir Hírportál,https://delhir.info/feed/,OG,success,2025-11-29 13:41:55,Hungary,delhir.info,To Do,FALSE,,,FALSE,Newly discovered RSS feed
Uttor Bangla,https://uttorbangla.com/feed,"OG (9), RSS (1)",success,2025-11-29 13:42:32,Bangladesh,uttorbangla.com,To Do,FALSE,,,FALSE,Newly discovered RSS feed
Magazin,https://magazin.ba/feed/,OG,success,2025-11-29 13:42:35,Bosnia and Herzegovina,magazin.ba,To Do,FALSE,,,FALSE,Newly discovered RSS feed
Megarock Radio Worldwide,-,N/A,-,,United States,megarockradio.net,No feed generated,FALSE,,,FALSE,
Tabletop Gaming News,https://www.tabletopgamingnews.com/feed/,OG,success,2025-11-29 11:45:46,United States,tabletopgamingnews.com,To Do,FALSE,,,FALSE,Newly discovered RSS feed
我是賀禎禎 - 攝影教學 & 自助旅行 & 數位生活,https://hojenjen.com/feed,OG,success,2025-11-29 13:42:37,Taiwan,hojenjen.com,To Do,FALSE,,,FALSE,Newly discovered RSS feed
Chandauli Samachar,https://chandaulisamachar.com/feed.xml,OG,success,2025-11-29 13:42:46,India,chandaulisamachar.com,To Do,FALSE,,,FALSE,Newly discovered RSS feed
Papua News ID,-,N/A,-,,Indonesia,papuanews.id,No feed generated,FALSE,,,FALSE,
Mirchi9,https://mirchi9.com/feed,OG,success,2025-11-29 13:42:49,India,mirchi9.com,To Do,FALSE,,,FALSE,Newly discovered RSS feed
TechEBlog,https://www.techeblog.com/feed/,OG,success,2025-11-29 11:45:46,United States,techeblog.com,To Do,FALSE,,,FALSE,Newly discovered RSS feed
New Life Newspaper,https://www.novjivot.info/feed/,OG,success,2025-11-29 13:42:56,Bulgaria,novjivot.info,To Do,FALSE,,,FALSE,Newly discovered RSS feed
Pless Intermedia,-,N/A,-,,Poland,pless-intermedia.pl,No feed generated,FALSE,,,FALSE,
Beşiktaşlı Taraftarlar Topluluğu,-,N/A,-,,Turkey,duhuliye.com,No feed generated,FALSE,,,FALSE,
Decorating HQ,https://decorating-hq.com/feed/,OG,success,2025-11-29 11:45:50,United States,decorating-hq.com,To Do,FALSE,,,FALSE,Newly discovered RSS feed
Ali Imran Junior-Page,-,N/A,-,,Pakistan,imranjunior.com,No feed generated,FALSE,,,FALSE,
Haskovo.net,-,N/A,-,,Bulgaria,haskovo.net,No feed generated,FALSE,,,FALSE,
Lemesos Blog,https://lemesosblog.com/feed/,OG,success,2025-11-29 13:42:58,Greece,lemesosblog.com,To Do,FALSE,,,FALSE,Newly discovered RSS feed
Channel Hindustan,https://channelhindustan.com/feed/,OG,success,2025-11-29 13:43:04,India,channelhindustan.com,To Do,FALSE,,,FALSE,Newly discovered RSS feed
Newtalk新聞,-,N/A,-,,Taiwan,newtalk.tw,No feed generated,FALSE,,,FALSE,
Sektörel Haber Merkezi,https://sektorelhabermerkezi.com/feed/,OG,success,2025-11-29 13:43:12,Turkey,sektorelhabermerkezi.com,To Do,FALSE,,,FALSE,Newly discovered RSS feed
民報,https://peoplenews.tw/feed,OG,success,2025-11-29 13:43:16,Taiwan,peoplenews.tw,To Do,FALSE,,,FALSE,Newly discovered RSS feed
আগামী নিউজ (Agami News),-,N/A,-,,Bangladesh,agaminews.com,No feed generated,FALSE,,,FALSE,
Tom and Lorenzo,https://tomandlorenzo.com/feed/,OG,success,2025-11-29 11:45:51,United States,tomandlorenzo.com,To Do,FALSE,,,FALSE,Newly discovered RSS feed
Time Touch News,-,N/A,-,,Bangladesh,timetouchnews.com,No feed generated,FALSE,,,FALSE,
iThome,https://www.ithome.com.tw/rss.xml,OG,success,2025-11-29 13:43:19,Taiwan,ithome.com.tw,To Do,FALSE,,,FALSE,Newly discovered RSS feed
বাংলাদেশের আইন কানুন । (Barishal Times),-,N/A,-,,Bangladesh,barishaltimes.com,No feed generated,FALSE,,,FALSE,
Malatya Sanal Haber,https://www.malatyasanalhaber.com/rss/,OG,success,2025-11-29 13:43:23,Turkey,malatyasanalhaber.com,To Do,FALSE,,,FALSE,Newly discovered RSS feed
民視FTV,-,N/A,-,,Taiwan,ftv.com.tw,No feed generated,FALSE,,,FALSE,
Ben Haber - Aegean and İzmir News,https://kanalben.com/rss,OG,success,2025-11-29 13:43:27,Turkey,kanalben.com,To Do,FALSE,,,FALSE,Newly discovered RSS feed
The Beeroness,-,N/A,-,,United States,thebeeroness.com,No feed generated,FALSE,,,FALSE,
eWrestlingNews,-,N/A,-,,United States,ewrestlingnews.com,No feed generated,FALSE,,,FALSE,
Express Kerala,https://expresskerala.com/feed,RSS,success,2025-11-29 13:43:34,India,expresskerala.com,To Do,FALSE,,,FALSE,Newly discovered RSS feed
SOGI 手機王,-,N/A,-,,Taiwan,sogi.com.tw,No feed generated,FALSE,,,FALSE,
النرويج بالعربية (Norway in Arabic),-,N/A,-,,Norway,norgepaarabisk.com,No feed generated,FALSE,,,FALSE,
Rytmy.pl,https://rytmy.pl/feed,OG,success,2025-11-29 13:43:40,Poland,rytmy.pl,To Do,FALSE,,,FALSE,Newly discovered RSS feed
Bilgili Web,https://bilgili.web.tr/feed,OG,success,2025-11-29 13:43:47,Turkey,bilgili.web.tr,To Do,FALSE,,,FALSE,Newly discovered RSS feed
Media Haluan Lampung,https://haluanlampung.com/rss/,OG,success,2025-11-29 13:43:52,Indonesia,haluanlampung.com,To Do,FALSE,,,FALSE,Newly discovered RSS feed
Time To Live Media,https://overclock3d.net/feed/,RSS,success,2025-11-29 11:45:52,United Kingdom,overclock3d.net,To Do,FALSE,,,FALSE,Newly discovered RSS feed
Jenata V Chas,-,N/A,-,,Bulgaria,jenata-vchas.net,No feed generated,FALSE,,,FALSE,
芋傳媒 TaroNews,https://taronews.tw/feed/,OG,success,2025-11-29 13:43:55,Taiwan,taronews.tw,To Do,FALSE,,,FALSE,Newly discovered RSS feed
Wsieci24,https://wsieci24.pl/feed/,OG,success,2025-11-29 13:44:13,Poland,wsieci24.pl,To Do,FALSE,,,FALSE,Newly discovered RSS feed
Faktor.bg,-,N/A,-,,Bulgaria,faktor.bg,No feed generated,FALSE,,,FALSE,
Berita Madura,-,N/A,-,,Indonesia,portalmadura.com,No feed generated,FALSE,,,FALSE,
Teraz Muzyka,https://terazmuzyka.pl/feed,OG,success,2025-11-29 13:44:18,Poland,terazmuzyka.pl,To Do,FALSE,,,FALSE,Newly discovered RSS feed
Lacznik,-,N/A,-,,Poland,tugazeta.pl,No feed generated,FALSE,,,FALSE,
Reprezentacija.ba,https://reprezentacija.ba/feed,OG,success,2025-11-29 13:44:20,Bosnia and Herzegovina,reprezentacija.ba,To Do,FALSE,,,FALSE,Newly discovered RSS feed
Orducu,https://www.orducu.com/rss.xml,OG,success,2025-11-29 13:44:23,Turkey,orducu.com,To Do,FALSE,,,FALSE,Newly discovered RSS feed
Razgrad News,https://razgradnews.net/feed,OG,success,2025-11-29 13:44:30,Bulgaria,razgradnews.net,To Do,FALSE,,,FALSE,Newly discovered RSS feed
Turkrus,-,N/A,-,,Turkey,turkrus.com,No feed generated,FALSE,,,FALSE,
INSTALKI.pl,https://www.instalki.pl/feed/,OG,success,2025-11-29 13:44:32,Poland,instalki.pl,To Do,FALSE,,,FALSE,Newly discovered RSS feed
Online Indus,-,N/A,-,,Pakistan,onlineindus.com,No feed generated,FALSE,,,FALSE,
Warmo Media Grup,https://www.wartabromo.com/feed/,OG,success,2025-11-29 13:45:08,Indonesia,wartabromo.com,To Do,FALSE,,,FALSE,Newly discovered RSS feed
Daleel,-,N/A,-,,Pakistan,daleel.pk,No feed generated,FALSE,,,FALSE,
Artist Magazine,-,N/A,-,,Taiwan,artist-magazine.com,No feed generated,FALSE,,,FALSE,
Bayanno TV,https://bayanno.com/feed,OG,success,2025-11-29 13:45:19,Bangladesh,bayanno.com,To Do,FALSE,,,FALSE,Newly discovered RSS feed
Uttarakhand Post,https://uttarakhandpost.com/feed.xml,OG,success,2025-11-29 13:45:21,India,uttarakhandpost.com,To Do,FALSE,,,FALSE,Newly discovered RSS feed
R Bloggers,-,N/A,-,,United States,r-bloggers.com,No feed generated,FALSE,,,FALSE,
TV Malisheva,-,N/A,-,,Serbia,malisheva.tv,No feed generated,FALSE,,,FALSE,
Steven Aitchison,https://www.stevenaitchison.co.uk/feed/,Discovered-autodiscovery,N/A,,United Kingdom,stevenaitchison.co.uk,No feed generated,FALSE,,,FALSE,
The Knitting Space,https://theknittingspace.com/feed/,OG,success,2025-11-29 13:45:23,Philippines,theknittingspace.com,To Do,FALSE,,,FALSE,Newly discovered RSS feed
Dnes Plus,-,N/A,-,,Bulgaria,dnesplus.bg,No feed generated,FALSE,,,FALSE,
Radio Maryja,-,N/A,-,,Poland,radiomaryja.pl,No feed generated,FALSE,,,FALSE,
新加坡华人网 (Foodies),-,N/A,-,,Singapore,foodiesg.com,No feed generated,FALSE,,,FALSE,
Chattogram Tribune,https://www.chattogramtribune.com/feed/,OG,success,2025-11-29 13:45:29,Bangladesh,chattogramtribune.com,To Do,FALSE,,,FALSE,Newly discovered RSS feed
KPSS CAFE,-,N/A,-,,Turkey,kpsscafe.com.tr,No feed generated,FALSE,,,FALSE,
Wingzero,-,N/A,-,,Taiwan,wingzero.tw,No feed generated,FALSE,,,FALSE,
Gate Drop,https://gatedrop.com/feed/,OG,success,2025-11-29 11:45:55,United Kingdom,gatedrop.com,To Do,FALSE,,,FALSE,Newly discovered RSS feed
HBŽ Vijesti,-,N/A,-,,Croatia,hbz-vijesti.com,No feed generated,FALSE,,,FALSE,
FHM Pakistan,-,N/A,-,,Pakistan,fhmpakistan.com,No feed generated,FALSE,,,FALSE,
電影神搜 Agent Movie,-,N/A,-,,Taiwan,agentm.tw,No feed generated,FALSE,,,FALSE,
Haber Ankara,https://haberankara.com/rss,OG,success,2025-11-29 13:45:31,Turkey,haberankara.com,To Do,FALSE,,,FALSE,Newly discovered RSS feed
யாழ்ப்பாண நாயகன் (King of Jaffna),-,N/A,-,,India,vampan.net,No feed generated,FALSE,,,FALSE,
財訊,https://wealth.com.tw/rss,RSS,success,2025-11-29 13:45:35,Taiwan,wealth.com.tw,To Do,FALSE,,,FALSE,Newly discovered RSS feed
Moja kuća i vrt,https://www.mojakucaivrt.com/feed/,OG,success,2025-11-29 13:45:38,Bosnia and Herzegovina,mojakucaivrt.com,To Do,FALSE,,,FALSE,Newly discovered RSS feed
Kanal10,https://gazeta10.com/feed/,OG,success,2025-11-29 13:45:41,Serbia,kanal10.live,To Do,FALSE,,,FALSE,Newly discovered RSS feed
Sandzaklive,https://sandzaklive.rs/feed/,OG,success,2025-11-29 13:45:47,Serbia,sandzaklive.rs,To Do,FALSE,,,FALSE,Newly discovered RSS feed
Glas News,https://glasnews.bg/rss/index/,N/A,failed,2025-11-29 13:45:47,Bulgaria,glasnews.bg,To Do,FALSE,,,FALSE,Newly discovered RSS feed
Letter Media,-,N/A,-,,Taiwan,cmmedia.com.tw,No feed generated,FALSE,,,FALSE,
Tangerang News,https://tangerangnews.com/feed,OG,success,2025-11-29 13:45:53,Indonesia,tangerangnews.com,To Do,FALSE,,,FALSE,Newly discovered RSS feed
Média Alternatíva,-,N/A,-,,Turkey,nyugdijasok.hu,No feed generated,FALSE,,,FALSE,
News Corner ID,-,N/A,-,,Indonesia,newscorner.id,No feed generated,FALSE,,,FALSE,
TSNA,-,N/A,-,,Taiwan,tsna.com.tw,No feed generated,FALSE,,,FALSE,
ŠibenikIN,-,N/A,-,,Croatia,sibenik.in,No feed generated,FALSE,,,FALSE,
CobaQQ,https://programyrekomendowane.pl/feed,RSS,success,2025-11-29 13:45:57,Indonesia,programyrekomendowane.pl,To Do,FALSE,,,FALSE,Newly discovered RSS feed
Sofia Live,https://sofialive.bg/rss,OG,success,2025-11-29 13:46:10,Bulgaria,sofialive.bg,To Do,FALSE,,,FALSE,Newly discovered RSS feed
The Guild,https://theguildng.com/feed/,OG,success,2025-11-29 13:46:18,Nigeria,theguildng.com,To Do,FALSE,,,FALSE,Newly discovered RSS feed
News BGNES,-,N/A,-,,Bulgaria,bgnes.bg,No feed generated,FALSE,,,FALSE,
Gameapps.HK,https://www.gameapps.hk/rss/,OG,success,2025-11-29 13:46:23,Hong Kong,gameapps.hk,To Do,FALSE,,,FALSE,Newly discovered RSS feed
Stefczyk.info,https://stefczyk.info/feed/,OG,success,2025-11-29 13:46:26,Poland,stefczyk.info,To Do,FALSE,,,FALSE,Newly discovered RSS feed
Timpul,https://timpul.md/feed,OG,success,2025-11-29 13:46:28,Romania,timpul.md,To Do,FALSE,,,FALSE,Newly discovered RSS feed
Egészségtér,-,N/A,-,,Hungary,egeszsegter.hu,No feed generated,FALSE,,,FALSE,
Bursa Haber Newspaper,https://www.bursahaber.com/rss,OG,success,2025-11-29 13:46:31,Turkey,bursahaber.com,To Do,FALSE,,,FALSE,Newly discovered RSS feed
Podravski List,https://podravski.hr/feed/,OG,success,2025-11-29 13:46:35,Croatia,podravski.hr,To Do,FALSE,,,FALSE,Newly discovered RSS feed
Malatya Güncel Haber,https://www.malatyaguncel.com/rss,N/A,failed,2025-11-29 13:46:35,Turkey,malatyaguncel.com,To Do,FALSE,,,FALSE,Newly discovered RSS feed
Spektri,https://spektri.tv/feed/,OG,success,2025-11-29 13:46:46,Serbia,spektri.tv,To Do,FALSE,,,FALSE,Newly discovered RSS feed
Kefalonitis,-,N/A,-,,Greece,kefalonitis.com,No feed generated,FALSE,,,FALSE,
Agency E-zdravey,-,N/A,-,,Bulgaria,e-zdravey.com,No feed generated,FALSE,,,FALSE,
Рецептите на баба,https://receptitenababa.com/feed/,OG,success,2025-11-29 13:46:49,Bulgaria,receptitenababa.com,To Do,FALSE,,,FALSE,Newly discovered RSS feed
Ege'de Birgün,-,N/A,-,,Turkey,egedebirgun.com,No feed generated,FALSE,,,FALSE,
Top Actualno,-,N/A,-,,Bulgaria,topactualno.com,No feed generated,FALSE,,,FALSE,
GlamRap,https://glamrap.pl/feed/,OG,success,2025-11-29 13:46:56,Poland,glamrap.pl,To Do,FALSE,,,FALSE,Newly discovered RSS feed
Morty's TV,https://mortystv.com/blog/feed/,OG,success,2025-11-29 11:45:56,United States,mortystv.com,To Do,FALSE,,,FALSE,Newly discovered RSS feed
Borobudur Media Group,-,N/A,-,,Indonesia,borobudurnews.com,No feed generated,FALSE,,,FALSE,
Daily Thanthi Group,https://www.dtnext.in/google_feeds.xml,OG,success,2025-11-29 13:47:06,India,dtnext.in,To Do,FALSE,,,FALSE,Newly discovered RSS feed
Narod.hr,https://narod.hr/feed,OG,success,2025-11-29 13:47:09,Croatia,narod.hr,To Do,FALSE,,,FALSE,Newly discovered RSS feed
Presa Satu Mare,https://presasm.ro/feed,OG,success,2025-11-29 13:47:12,Romania,presasm.ro,To Do,FALSE,,,FALSE,Newly discovered RSS feed
Daily Manobkantha,-,N/A,-,,Bangladesh,manobkantha.com.bd,No feed generated,FALSE,,,FALSE,
Cold-Case Christianity,https://coldcasechristianity.com/feed/,OG,success,2025-11-29 11:46:02,United States,coldcasechristianity.com,To Do,FALSE,,,FALSE,Newly discovered RSS feed
Radar Pekalongan Group,https://radarpekalongan.disway.id/rss/otomotif,OG,success,2025-11-29 13:47:24,Indonesia,radarpekalongan.co.id,To Do,FALSE,,,FALSE,Newly discovered RSS feed
Handmade Crafts,-,N/A,-,,India,thehandmadecrafts.com,No feed generated,FALSE,,,FALSE,
Telugu Global,-,N/A,-,,India,teluguglobal.in,No feed generated,FALSE,,,FALSE,
Voice Bangla,-,N/A,-,,Bangladesh,voicebanglabd24.com,No feed generated,FALSE,,,FALSE,
Bengkulu Ekspress,-,N/A,-,,Indonesia,bengkuluekspress.com,No feed generated,FALSE,,,FALSE,
Vadhajtások,https://vadhajtasok.hu/feed,OG,success,2025-11-29 13:47:28,Hungary,vadhajtasok.hu,To Do,FALSE,,,FALSE,Newly discovered RSS feed
Pod Uckun,https://poduckun.net/xfeed,OG,success,2025-11-29 13:47:36,Croatia,poduckun.net,To Do,FALSE,,,FALSE,Newly discovered RSS feed
SakaryaRehberim.com,https://sakaryarehberim.com/rss.xml,RSS,success,2025-11-29 13:47:38,Turkey,sakaryarehberim.com,To Do,FALSE,,,FALSE,Newly discovered RSS feed
BattingwithBimal,https://battingwithbimal.com/feed/,OG,success,2025-11-29 13:47:44,Pakistan,battingwithbimal.com,To Do,FALSE,,,FALSE,Newly discovered RSS feed
Dkhlak,-,N/A,-,,United States,dkhlak.com,No feed generated,FALSE,,,FALSE,
HBOLD,https://hbold.dk/rss.xml,OG,success,2025-11-29 13:47:47,Denmark,hbold.dk,To Do,FALSE,,,FALSE,Newly discovered RSS feed
Prompt News Online,-,N/A,-,,Nigeria,promptnewsonline.com,No feed generated,FALSE,,,FALSE,
Pogled.info,https://pogled.info/rss,RSS,success,2025-11-29 13:47:50,Bulgaria,pogled.info,To Do,FALSE,,,FALSE,Newly discovered RSS feed
Klina,https://www.klina.info/feed/,OG,success,2025-11-29 13:47:55,Serbia,klina.info,To Do,FALSE,,,FALSE,Newly discovered RSS feed
Diabetika,https://diabetika.hu/feed/,OG,success,2025-11-29 13:48:01,Hungary,diabetika.hu,To Do,FALSE,,,FALSE,Newly discovered RSS feed
Beste Essen,https://beste-essen.com/feed/,OG,success,2025-11-29 13:48:04,Bosnia and Herzegovina,beste-essen.com,To Do,FALSE,,,FALSE,Newly discovered RSS feed
Haskovo Live,https://haskovo.live/feed/,OG,success,2025-11-29 13:48:07,Bulgaria,haskovo.live,To Do,FALSE,,,FALSE,Newly discovered RSS feed
Mymensingh Pratidin,https://mymensinghpratidin.com/feed/,OG,success,2025-11-29 13:48:14,Bangladesh,mymensinghpratidin.com,To Do,FALSE,,,FALSE,Newly discovered RSS feed
Promenad24,https://promenad24.hu/feed/,OG,success,2025-11-29 13:48:18,Hungary,promenad24.hu,To Do,FALSE,,,FALSE,Newly discovered RSS feed
桃園電子報,https://tyenews.com/feed/,OG,success,2025-11-29 13:48:18,Taiwan,tyenews.com,To Do,FALSE,,,FALSE,Newly discovered RSS feed
更生日報,-,N/A,-,,Taiwan,ksnews.com.tw,No feed generated,FALSE,,,FALSE,
Ege Meclisi,https://egemeclisi.com/rss,OG,success,2025-11-29 13:48:22,Turkey,egemeclisi.com,To Do,FALSE,,,FALSE,Newly discovered RSS feed
Beritajatim.com,https://beritajatim.com/feed,OG,success,2025-11-29 13:48:27,Indonesia,beritajatim.com,To Do,FALSE,,,FALSE,Newly discovered RSS feed
FashionGuide,-,N/A,-,,Taiwan,fashionguide.com.tw,No feed generated,FALSE,,,FALSE,
Metal Temple,https://metal-temple.com/news/feed,OG,success,2025-11-29 11:46:05,United Kingdom,metal-temple.com,To Do,FALSE,,,FALSE,Newly discovered RSS feed
Loon.ro,https://loon.ro/feed/,RSS,success,2025-11-29 13:48:30,Romania,loon.ro,To Do,FALSE,,,FALSE,Newly discovered RSS feed
BiznisInfo,https://www.biznisinfo.ba/feed/,OG,success,2025-11-29 13:48:34,Bosnia and Herzegovina,biznisinfo.ba,To Do,FALSE,,,FALSE,Newly discovered RSS feed
Trend Basket,https://trendbasket.net/feed/,OG,success,2025-11-29 13:48:45,Turkey,trendbasket.net,To Do,FALSE,,,FALSE,Newly discovered RSS feed
Grupo Média Nacional,-,N/A,-,,Indonesia,gmntv.tl,No feed generated,FALSE,,,FALSE,
E79 News,https://e-79.com/?feed=rss2,OG,success,2025-11-29 13:49:14,Bulgaria,e-79.com,To Do,FALSE,,,FALSE,Newly discovered RSS feed
Haber16,https://www.haber16.com/rss.xml,OG,success,2025-11-29 13:49:18,Turkey,haber16.com,To Do,FALSE,,,FALSE,Newly discovered RSS feed
Media Ndërtimi,https://ndertimi.info/feed/,OG,success,2025-11-29 13:49:31,Serbia,ndertimi.info,To Do,FALSE,,,FALSE,Newly discovered RSS feed
Bolu'da Bolu,https://www.boludabolu.com/feed/,OG,success,2025-11-29 13:49:34,Turkey,boludabolu.com,To Do,FALSE,,,FALSE,Newly discovered RSS feed
PodkarpacieLIVE,-,N/A,-,,Poland,podkarpacielive.pl,No feed generated,FALSE,,,FALSE,
Inforex News,-,N/A,-,,Indonesia,inforexnews.com,No feed generated,FALSE,,,FALSE,
Direktno,https://direktno.rs/rss/,OG,success,2025-11-29 13:49:37,Serbia,direktno.rs,To Do,FALSE,,,FALSE,Newly discovered RSS feed
Transport Online,https://www.transport-online.nl/feed/,OG,success,2025-11-29 13:49:40,Netherlands,transport-online.nl,To Do,FALSE,,,FALSE,Newly discovered RSS feed
BFB Media Group,-,N/A,-,,Serbia,gazetaere.com,No feed generated,FALSE,,,FALSE,
Denizli Haber,-,N/A,-,,Turkey,denizlihaber.com,No feed generated,FALSE,,,FALSE,
Racunalo.com,-,N/A,-,,Croatia,racunalo.com,No feed generated,FALSE,,,FALSE,
True Vision News,https://truevisionnews.com/rss,OG,success,2025-11-29 13:49:43,India,truevisionnews.com,To Do,FALSE,,,FALSE,Newly discovered RSS feed
Hrvatska katolička mreža - Croatian Catholic Network,-,N/A,-,,Croatia,hkm.hr,No feed generated,FALSE,,,FALSE,
To się Dzieje,-,N/A,-,,Poland,tosiedzieje.pl,No feed generated,FALSE,,,FALSE,
Go Nintendo,https://gonintendo.com/feeds/all.xml,OG,success,2025-11-29 11:46:06,United States,gonintendo.com,To Do,FALSE,,,FALSE,Newly discovered RSS feed
FR-Fans.nl,https://www.fr-fans.nl/rss,OG,success,2025-11-29 13:49:46,Netherlands,fr-fans.nl,To Do,FALSE,,,FALSE,Newly discovered RSS feed
Yantra Today,https://www.dnesbg.com/feed,OG,success,2025-11-29 13:49:49,Bulgaria,dnesbg.com,To Do,FALSE,,,FALSE,Newly discovered RSS feed
State Review,-,N/A,-,,India,rajyasameeksha.com,No feed generated,FALSE,,,FALSE,
Denizli Güncel,https://denizlimanset.com/feed/,OG,success,2025-11-29 13:49:57,Turkey,denizliguncel.com,To Do,FALSE,,,FALSE,Newly discovered RSS feed
RedaksiManado.Com (RMC),https://www.redaksimanado.com/feeds/posts/default,OG,success,2025-11-29 13:50:02,Indonesia,redaksimanado.com,To Do,FALSE,,,FALSE,Newly discovered RSS feed
KutakNet,-,N/A,-,,Serbia,kutaknet.com,No feed generated,FALSE,,,FALSE,
Beograd.in,https://beograd.in/feed/,OG,success,2025-11-29 13:50:10,Serbia,beograd.in,To Do,FALSE,,,FALSE,Newly discovered RSS feed
Podlasie24,https://ng.podlasie24.pl//atom/aktualnosci.xml,OG,success,2025-11-29 13:50:18,Poland,podlasie24.pl,To Do,FALSE,,,FALSE,Newly discovered RSS feed
Romanians in UK,-,N/A,-,,United Kingdom,romani.co.uk,No feed generated,FALSE,,,FALSE,
Turism Istoric,https://turismistoric.ro/feed/,OG,success,2025-11-29 13:50:20,Romania,turismistoric.ro,To Do,FALSE,,,FALSE,Newly discovered RSS feed
Petronews Płock,https://petronews.pl/feed/,OG,success,2025-11-29 13:50:29,Poland,petronews.pl,To Do,FALSE,,,FALSE,Newly discovered RSS feed
UnGeek,-,N/A,-,,Philippines,ungeek.ph,No feed generated,FALSE,,,FALSE,
Çankırı Haber18,https://www.haber18.com/rss/,OG,success,2025-11-29 13:50:32,Turkey,haber18.com,To Do,FALSE,,,FALSE,Newly discovered RSS feed
OldambtNu.nl,https://www.oldambtnu.nl/feed/,OG,success,2025-11-29 13:50:38,Netherlands,oldambtnu.nl,To Do,FALSE,,,FALSE,Newly discovered RSS feed
Bp-i Autósok Közössége,https://bpiautosok.hu/feed/,OG,success,2025-11-29 13:50:44,Hungary,bpiautosok.hu,To Do,FALSE,,,FALSE,Newly discovered RSS feed
Narsingdi Times,-,N/A,-,,Bangladesh,narsingditimes.com,No feed generated,FALSE,,,FALSE,
StockWatch.pl,-,N/A,-,,Poland,stockwatch.pl,No feed generated,FALSE,,,FALSE,
Fagarasul Tau,https://fagarasultau.ro/feed/,Discovered-autodiscovery,N/A,,Romania,fagarasultau.ro,No feed generated,FALSE,,,FALSE,
PalEconomic,https://smartindex.ps/rss.xml,OG,success,2025-11-29 13:50:49,Pakistan,smartindex.ps,To Do,FALSE,,,FALSE,Newly discovered RSS feed
T2BLive.com,-,N/A,-,,India,t2blive.com,No feed generated,FALSE,,,FALSE,
FashionUnited,-,N/A,-,,United Kingdom,fashionunited.uk,No feed generated,FALSE,,,FALSE,
Nigerian Lawyers,-,N/A,-,,Nigeria,nigeriabar.com,No feed generated,FALSE,,,FALSE,
ArcadiaPortal.gr,https://www.arcadiaportal.gr/rss.xml,OG,success,2025-11-29 13:50:52,Greece,arcadiaportal.gr,To Do,FALSE,,,FALSE,Newly discovered RSS feed
Beregi Hírek,https://beregihirek.hu/feed,OG,success,2025-11-29 13:51:04,Hungary,beregihirek.hu,To Do,FALSE,,,FALSE,Newly discovered RSS feed
Cult Faction,https://cultfaction.com/feed/,OG,success,2025-11-29 11:46:29,United Kingdom,cultfaction.com,To Do,FALSE,,,FALSE,Newly discovered RSS feed
Hosa Digantha,https://hosadigantha.com/feed/,OG,success,2025-11-29 13:51:43,India,hosadigantha.com,To Do,FALSE,,,FALSE,Newly discovered RSS feed
BiałystokOnline.pl,-,N/A,-,,Poland,bialystokonline.pl,No feed generated,FALSE,,,FALSE,
Catological,https://www.catological.com/feed/,OG,success,2025-11-29 11:46:39,United States,catological.com,To Do,FALSE,,,FALSE,Newly discovered RSS feed
leszno24.pl,-,N/A,-,,Poland,leszno24.pl,No feed generated,FALSE,,,FALSE,
aktual24.ro,https://www.aktual24.ro/feed/,OG,success,2025-11-29 13:51:43,Romania,aktual24.ro,To Do,FALSE,,,FALSE,Newly discovered RSS feed
MissBloom.bg,-,N/A,-,,Bulgaria,missbloom.bg,No feed generated,FALSE,,,FALSE,
Kırcaali Haber Gazetesi,https://kircaalihaber.com/rss.xml,OG,success,2025-11-29 13:51:49,Bulgaria,kircaalihaber.com,To Do,FALSE,,,FALSE,Newly discovered RSS feed
apithano.gr,https://apithano.gr/feed,OG,success,2025-11-29 13:51:52,Greece,apithano.gr,To Do,FALSE,,,FALSE,Newly discovered RSS feed
881903.com 商業電台,-,N/A,-,,Taiwan,881903.com,No feed generated,FALSE,,,FALSE,
Kranosgr,https://www.kranosgr.com/feed/,OG,success,2025-11-29 13:51:54,Greece,kranosgr.com,To Do,FALSE,,,FALSE,Newly discovered RSS feed
BorsaNasilOynanir.co,https://borsanasiloynanir.co/feed,OG,success,2025-11-29 13:52:09,Turkey,borsanasiloynanir.co,To Do,FALSE,,,FALSE,Newly discovered RSS feed
Muktinews24,-,N/A,-,,Bangladesh,muktinews24.com,No feed generated,FALSE,,,FALSE,
"Вестник ""Екип 7""",https://ekip7.bg/feed/,OG,success,2025-11-29 13:52:12,Bulgaria,ekip7.bg,To Do,FALSE,,,FALSE,Newly discovered RSS feed
Bollywood Galiyara,-,N/A,-,,India,bollywoodgaliyara.com,No feed generated,FALSE,,,FALSE,
Space Network,-,N/A,-,,Nigeria,thespacefm.com,No feed generated,FALSE,,,FALSE,
Tarun Bharat,-,N/A,-,,India,tarunbharat.com,No feed generated,FALSE,,,FALSE,
AllStar Basket,-,N/A,-,,Greece,allstarbasket.gr,No feed generated,FALSE,,,FALSE,
VoetbalRotterdam.nl,https://www.voetbalrotterdam.nl/feed/,OG,success,2025-11-29 13:52:22,Netherlands,voetbalrotterdam.nl,To Do,FALSE,,,FALSE,Newly discovered RSS feed
Pi≈Çka rƒôczna Polski-sport.pl,https://polski-sport.pl/feed/,OG,success,2025-11-29 13:52:28,Poland,polski-sport.pl,To Do,FALSE,,,FALSE,Newly discovered RSS feed
Obiectiv.info,https://www.obiectiv.info/rss/stiri.xml,OG,success,2025-11-29 13:52:30,Romania,obiectiv.info,To Do,FALSE,,,FALSE,Newly discovered RSS feed
Redpen.gr,-,N/A,-,,Greece,redpen.gr,No feed generated,FALSE,,,FALSE,
iSanok.pl,-,N/A,-,,Poland,isanok.pl,No feed generated,FALSE,,,FALSE,
Sarangberita.com,https://sarangberita.com/feed/,OG,success,2025-11-29 13:52:33,Indonesia,sarangberita.com,To Do,FALSE,,,FALSE,Newly discovered RSS feed
Bogordaily.net,https://bogordaily.net/feed/,OG,success,2025-11-29 13:52:36,Indonesia,bogordaily.net,To Do,FALSE,,,FALSE,Newly discovered RSS feed
Bucurestiul,https://bucurestiul.ro/feed/,OG,success,2025-11-29 13:52:39,Romania,bucurestiul.ro,To Do,FALSE,,,FALSE,Newly discovered RSS feed
Radio 999 BG,-,N/A,-,,Bulgaria,radio999bg.com,No feed generated,FALSE,,,FALSE,
GelreNieuws,https://gelrenieuws.nl/feed,OG,success,2025-11-29 13:52:46,Netherlands,gelrenieuws.nl,To Do,FALSE,,,FALSE,Newly discovered RSS feed
Struma,-,N/A,-,,Bulgaria,struma.com,No feed generated,FALSE,,,FALSE,
Diva Dirt,https://www.diva-dirt.com/feed/,OG,success,2025-11-29 11:46:41,United States,diva-dirt.com,To Do,FALSE,,,FALSE,Newly discovered RSS feed
BalraMagyar,https://balramagyar.hu/feed/,OG,success,2025-11-29 13:52:52,Hungary,balramagyar.hu,To Do,FALSE,,,FALSE,Newly discovered RSS feed
deWeekend,https://de-weekend.ro/feed/,OG,success,2025-11-29 13:53:05,Romania,de-weekend.ro,To Do,FALSE,,,FALSE,Newly discovered RSS feed
Elle Croatia,https://elle.hr/rss.xml,OG,success,2025-11-29 13:53:07,Croatia,elle.hr,To Do,FALSE,,,FALSE,Newly discovered RSS feed
ÜNYE KENT Gazetesi,https://unyekent.com/rss.xml,OG,success,2025-11-29 13:53:18,Turkey,unyekent.com,To Do,FALSE,,,FALSE,Newly discovered RSS feed
Action-News - новини oт България и света,https://action-newsbg.eu/feed/,OG,success,2025-11-29 13:53:21,Bulgaria,action-newsbg.eu,To Do,FALSE,,,FALSE,Newly discovered RSS feed
limnosreport.gr,https://limnosreport.gr/rss,OG,success,2025-11-29 13:53:38,Greece,limnosreport.gr,To Do,FALSE,,,FALSE,Newly discovered RSS feed
SA Music Magazine,https://samusicmag.co.za/feed/,OG,success,2025-11-29 13:53:39,South Africa,samusicmag.co.za,To Do,FALSE,,,FALSE,Newly discovered RSS feed
ANMO Sugoi,https://anmosugoi.com/feed/,OG,success,2025-11-29 11:46:45,United States,anmosugoi.com,To Do,FALSE,,,FALSE,Newly discovered RSS feed
Game Channel,https://www.gamechannel.hu/rss/rss.php,OG,success,2025-11-29 13:53:45,Hungary,gamechannel.hu,To Do,FALSE,,,FALSE,Newly discovered RSS feed
Alternativ Energia,-,N/A,-,,Hungary,alternativenergia.hu,No feed generated,FALSE,,,FALSE,
Kamubulteni.com,https://www.kamubulteni.com/service/rss.php,OG,success,2025-11-29 13:53:48,Turkey,kamubulteni.com,To Do,FALSE,,,FALSE,Newly discovered RSS feed
Gonewsindia,https://www.gonewsindia.com/feed,Discovered-autodiscovery,N/A,,India,gonewsindia.com,No feed generated,FALSE,,,FALSE,
Jammu-Kashmir Now,-,N/A,-,,India,jammukashmirnow.com,No feed generated,FALSE,,,FALSE,
Mai Vilag,https://maivilag.com/feed/,RSS,success,2025-11-29 13:53:54,Hungary,maivilag.com,To Do,FALSE,,,FALSE,Newly discovered RSS feed
serresLife.gr,-,N/A,-,,Greece,serreslife.gr,No feed generated,FALSE,,,FALSE,
Sporten.com,https://sporten.com/feed/,OG,success,2025-11-29 13:54:01,Poland,sporten.com,To Do,FALSE,,,FALSE,Newly discovered RSS feed
Niedziela.NL,-,N/A,-,,Netherlands,niedziela.nl,No feed generated,FALSE,,,FALSE,
Great Deals Singapore,https://greatdeals.com.sg/feed,RSS,success,2025-11-29 13:54:03,Singapore,greatdeals.com.sg,To Do,FALSE,,,FALSE,Newly discovered RSS feed
Evenimentul Neamt,-,N/A,-,,Romania,ziarulevenimentul.ro,No feed generated,FALSE,,,FALSE,
Piekielni,https://piekielni.pl/rss.xml,OG,success,2025-11-29 13:54:05,Poland,piekielni.pl,To Do,FALSE,,,FALSE,Newly discovered RSS feed
citynews.ro,https://www.servuscluj.ro/feed/,OG,success,2025-11-29 13:54:13,Romania,citynews.ro,To Do,FALSE,,,FALSE,Newly discovered RSS feed
Plovdiv Now,https://plovdivnow.bg/rss/index/,OG,success,2025-11-29 13:54:16,Bulgaria,plovdivnow.bg,To Do,FALSE,,,FALSE,Newly discovered RSS feed
Rawicz24,-,N/A,-,,Poland,rawicz24.pl,No feed generated,FALSE,,,FALSE,
Yipee,https://3c.yipee.cc/feed/,N/A,failed,2025-11-29 13:54:16,Taiwan,yipee.cc,To Do,FALSE,,,FALSE,Newly discovered RSS feed
Buna Vestire,https://buna-vestire.net/feed,OG,success,2025-11-29 13:54:20,Romania,buna-vestire.net,To Do,FALSE,,,FALSE,Newly discovered RSS feed
Varnentzi,https://www.varna24.bg/rss.php,OG,success,2025-11-29 13:54:26,Bulgaria,varna24.bg,To Do,FALSE,,,FALSE,Newly discovered RSS feed
Alkmaar Centraal,https://alkmaarcentraal.nl/alkmaar?format=feed&type=rss,OG,success,2025-11-29 13:54:35,Netherlands,alkmaarcentraal.nl,To Do,FALSE,,,FALSE,Newly discovered RSS feed
ZHZ Actueel,-,N/A,-,,Netherlands,zhzactueel.nl,No feed generated,FALSE,,,FALSE,
Family,-,N/A,-,,Serbia,family.rs,No feed generated,FALSE,,,FALSE,
News 24 Romania,https://news24.ro/feed/,OG,success,2025-11-29 13:54:38,Romania,news24.ro,To Do,FALSE,,,FALSE,Newly discovered RSS feed
tsantiri.gr,https://www.tribune.gr/feed,OG,success,2025-11-29 13:54:54,Greece,tribune.gr,To Do,FALSE,,,FALSE,Newly discovered RSS feed
Empisteutiko.gr,https://empisteutiko.gr/feed/,OG,success,2025-11-29 13:54:55,Greece,empisteutiko.gr,To Do,FALSE,,,FALSE,Newly discovered RSS feed
Bug.ba,https://bug.ba/feed,OG,success,2025-11-29 13:54:57,Bosnia and Herzegovina,bug.ba,To Do,FALSE,,,FALSE,Newly discovered RSS feed
KoszalinInfo.pl,https://koszalininfo.pl/feed,OG,success,2025-11-29 13:55:06,Poland,koszalininfo.pl,To Do,FALSE,,,FALSE,Newly discovered RSS feed
ummah24.com,http://www.ummah24.com/?feed=rss2,OG,success,2025-11-29 13:55:42,Bangladesh,ummah24.com,To Do,FALSE,,,FALSE,Newly discovered RSS feed
Gniezno24.com,https://gniezno24.com/feed/,OG,success,2025-11-29 13:55:46,Poland,gniezno24.com,To Do,FALSE,,,FALSE,Newly discovered RSS feed
Herkkusuu.fi,-,N/A,-,,Finland,herkkusuu.fi,No feed generated,FALSE,,,FALSE,
Życie Siedleckie,-,N/A,-,,Poland,zyciesiedleckie.pl,No feed generated,FALSE,,,FALSE,
Rock Rooster,https://www.rockrooster.gr/feed/,OG,success,2025-11-29 13:55:49,Greece,rockrooster.gr,To Do,FALSE,,,FALSE,Newly discovered RSS feed
Polski Obserwator,-,N/A,-,,United Kingdom,polskiobserwator.de,No feed generated,FALSE,,,FALSE,
Leva Obala Beograda Info,https://www.lobi-info.rs/feed/,OG,success,2025-11-29 13:56:02,Serbia,lobi-info.rs,To Do,FALSE,,,FALSE,Newly discovered RSS feed
Klikaj.hr,https://www.klikaj.hr/feed/,OG,success,2025-11-29 13:56:04,Croatia,klikaj.hr,To Do,FALSE,,,FALSE,Newly discovered RSS feed
EmlakWebTv,-,N/A,-,,Turkey,emlakwebtv.com,No feed generated,FALSE,,,FALSE,
Razi cu Lacrimi,https://raziculacrimi.ro/feed/,OG,success,2025-11-29 13:56:07,Romania,raziculacrimi.ro,To Do,FALSE,,,FALSE,Newly discovered RSS feed
Spotted: Starachowice,-,N/A,-,,Poland,spottedstarachowice.pl,No feed generated,FALSE,,,FALSE,
Vasarnap,https://vasarnap.hu/feed/,OG,success,2025-11-29 13:56:20,Hungary,vasarnap.hu,To Do,FALSE,,,FALSE,Newly discovered RSS feed
Reality TV World,http://www.realitytvworld.com/index/backend.php,OG,success,2025-11-29 11:46:46,United States,realitytvworld.com,To Do,FALSE,,,FALSE,Newly discovered RSS feed
THE ILLEST,https://www.theillest.pl/feed/,OG,success,2025-11-29 13:56:22,Poland,theillest.pl,To Do,FALSE,,,FALSE,Newly discovered RSS feed
Special Arad,-,N/A,-,,Romania,specialarad.ro,No feed generated,FALSE,,,FALSE,
Slavonski.hr,https://slavonski.hr/feed/,OG,success,2025-11-29 13:56:28,Croatia,slavonski.hr,To Do,FALSE,,,FALSE,Newly discovered RSS feed
Concursoman,-,N/A,-,,Romania,concursoman.ro,No feed generated,FALSE,,,FALSE,
aviation24.pl,https://aviation24.pl/?format=feed&type=rss,OG,success,2025-11-29 13:56:44,Poland,aviation24.pl,To Do,FALSE,,,FALSE,Newly discovered RSS feed
VoiceBd24,https://www.voicebd24.com/feed/,RSS,success,2025-11-29 13:56:46,Bangladesh,voicebd24.com,To Do,FALSE,,,FALSE,Newly discovered RSS feed
The Cover,https://www.thecover.gr/feed/,OG,success,2025-11-29 13:56:50,Greece,thecover.gr,To Do,FALSE,,,FALSE,Newly discovered RSS feed
Drava Info,-,N/A,-,,Croatia,drava.info,No feed generated,FALSE,,,FALSE,
Miruh Bosne,https://miruhbosne.com/feed/,OG,success,2025-11-29 13:56:55,Bosnia and Herzegovina,miruhbosne.com,To Do,FALSE,,,FALSE,Newly discovered RSS feed
Daily Sokaler Somoy,-,N/A,-,,Bangladesh,dailysokalersomoy.com,No feed generated,FALSE,,,FALSE,
ClickMe,-,N/A,-,,Taiwan,clickme.net,No feed generated,FALSE,,,FALSE,
Dej24.ro,https://dej24.ro/feed/,OG,success,2025-11-29 13:56:58,Romania,dej24.ro,To Do,FALSE,,,FALSE,Newly discovered RSS feed
Părinți de Nota 10,https://parintidenota10.ro/feed/,OG,success,2025-11-29 13:57:01,Romania,parintidenota10.ro,To Do,FALSE,,,FALSE,Newly discovered RSS feed
kawaly.tja.pl,-,N/A,-,,Poland,tja.pl,No feed generated,FALSE,,,FALSE,
Fanport,https://fanport.in/feed/,OG,success,2025-11-29 13:57:06,India,fanport.in,To Do,FALSE,,,FALSE,Newly discovered RSS feed
DainikShiksha,-,N/A,-,,Bangladesh,dainikshiksha.com,No feed generated,FALSE,,,FALSE,
Glas Istre,https://glasistre.hr/rss.xml,OG,success,2025-11-29 13:57:09,Croatia,glasistre.hr,To Do,FALSE,,,FALSE,Newly discovered RSS feed
Dubai OFW,-,N/A,-,,United Arab Emirates,dubaiofw.com,No feed generated,FALSE,,,FALSE,
Esgazete,https://esgazete.com/rss,OG,success,2025-11-29 13:57:13,Turkey,esgazete.com,To Do,FALSE,,,FALSE,Newly discovered RSS feed
Free Media Group,-,N/A,-,,Bulgaria,freemediagroup.bg,No feed generated,FALSE,,,FALSE,
Totally Rad Choppers,https://totallyradchoppers.com/feed/,OG,success,2025-11-29 11:46:47,United States,totallyradchoppers.com,To Do,FALSE,,,FALSE,Newly discovered RSS feed
Bizim Sakarya,-,N/A,-,,Turkey,bizimsakarya.com.tr,No feed generated,FALSE,,,FALSE,
Lex.bg,-,N/A,-,,Bulgaria,lex.bg,No feed generated,FALSE,,,FALSE,
Bucataria Romaneasca,https://bucataria-romaneasca.ro/feed/,Discovered-autodiscovery,N/A,,Romania,bucataria-romaneasca.ro,No feed generated,FALSE,,,FALSE,
Klubrádió,https://klubradio.hu/rss,OG,success,2025-11-29 13:57:20,Hungary,klubradio.hu,To Do,FALSE,,,FALSE,Newly discovered RSS feed
Cineramen,-,N/A,-,,Greece,cineramen.gr,No feed generated,FALSE,,,FALSE,
Urbanplayer.hu,https://urbanplayer.hu/feed,OG,success,2025-11-29 13:57:24,Hungary,urbanplayer.hu,To Do,FALSE,,,FALSE,Newly discovered RSS feed
Boka News,https://bokanews.me/feed/,OG,success,2025-11-29 13:57:29,Croatia,bokanews.me,To Do,FALSE,,,FALSE,Newly discovered RSS feed
Gramerkagoj,https://gramerkagoj.com/feed.php,OG,success,2025-11-29 13:57:30,Bangladesh,gramerkagoj.com,To Do,FALSE,,,FALSE,Newly discovered RSS feed
Békéscsaba Media Center,https://behir.hu/rss,OG,success,2025-11-29 13:57:35,Hungary,behir.hu,To Do,FALSE,,,FALSE,Newly discovered RSS feed
Turgutlu Tivi,-,N/A,-,,Turkey,turgutlutivi.com,No feed generated,FALSE,,,FALSE,
Rybnik,-,N/A,-,,Poland,rybnik.com.pl,No feed generated,FALSE,,,FALSE,
Informator Brzeski,https://www.informatorbrzeski.pl/feed/,OG,success,2025-11-29 13:57:47,Poland,informatorbrzeski.pl,To Do,FALSE,,,FALSE,Newly discovered RSS feed
medyagazete.com,https://www.medyagazete.com/rss/genel-0,OG,success,2025-11-29 13:57:57,Turkey,medyagazete.com,To Do,FALSE,,,FALSE,Newly discovered RSS feed
Telemedia,https://telemedia.bg/feed,RSS,success,2025-11-29 13:58:10,Bulgaria,telemedia.bg,To Do,FALSE,,,FALSE,Newly discovered RSS feed
Crossville News First,https://crossvillenews1st.com/feed/,OG,success,2025-11-29 11:46:50,United States,crossvillenews1st.com,To Do,FALSE,,,FALSE,Newly discovered RSS feed
Zajenata,https://zajenata.bg/feed.xml,RSS,success,2025-11-29 13:58:13,Bulgaria,zajenata.bg,To Do,FALSE,,,FALSE,Newly discovered RSS feed
Dzień Dobry Włocławek,-,N/A,-,,Poland,ddwloclawek.pl,No feed generated,FALSE,,,FALSE,
Forrás Rádió,-,N/A,-,,Hungary,forrasradio.hu,No feed generated,FALSE,,,FALSE,
aDupaRosnie.pl,-,N/A,-,,Poland,aduparosnie.pl,No feed generated,FALSE,,,FALSE,
TKN24.pl,https://tkn24.pl/feed/,OG,success,2025-11-29 13:58:16,Poland,tkn24.pl,To Do,FALSE,,,FALSE,Newly discovered RSS feed
Sportalo,-,N/A,-,,Croatia,sportalo.hr,No feed generated,FALSE,,,FALSE,
Dinamani,https://dinamani.com/feed,OG,success,2025-11-29 13:58:19,India,dinamani.com,To Do,FALSE,,,FALSE,Newly discovered RSS feed
Shfleto.info,https://shfleto.info/feed/,RSS,success,2025-11-29 13:58:20,Serbia,shfleto.info,To Do,FALSE,,,FALSE,Newly discovered RSS feed
Grodzisk News,https://grodzisknews.pl/rss,OG,success,2025-11-29 13:58:23,Poland,grodzisknews.pl,To Do,FALSE,,,FALSE,Newly discovered RSS feed
Singersroom.com,https://singersroom.com/feed/,OG,success,2025-11-29 11:46:56,United States,singersroom.com,To Do,FALSE,,,FALSE,Newly discovered RSS feed
CNEWS,-,N/A,-,,Taiwan,cnews.com.tw,No feed generated,FALSE,,,FALSE,
Noticias Ya,https://noticiasya.com/feed,OG,success,2025-11-29 11:46:57,United States,politicaya.com,To Do,FALSE,,,FALSE,Newly discovered RSS feed
LNG World News,https://www.lngworldnews.com/feed/,OG,success,2025-11-29 13:58:25,Netherlands,lngworldnews.com,To Do,FALSE,,,FALSE,Newly discovered RSS feed
F5.pl,-,N/A,-,,Poland,f5.pl,No feed generated,FALSE,,,FALSE,
Astrolog Mira Markovic,-,N/A,-,,Serbia,astrologmira.com,No feed generated,FALSE,,,FALSE,
Skook News,https://www.skooknews.com/feeds/posts/default,OG,success,2025-11-29 11:46:58,United States,skooknews.com,To Do,FALSE,,,FALSE,Newly discovered RSS feed
Bihon.ro,https://bihon.ro/feed,OG,success,2025-11-29 13:58:31,Romania,bihon.ro,To Do,FALSE,,,FALSE,Newly discovered RSS feed
LeadersNG,https://leaders.ng/feed/,OG,success,2025-11-29 11:47:09,United Kingdom,leaders.ng,To Do,FALSE,,,FALSE,Newly discovered RSS feed
Brodportal,https://brodportal.hr/feed,OG,success,2025-11-29 13:58:35,Croatia,brodportal.hr,To Do,FALSE,,,FALSE,Newly discovered RSS feed
Smart-Money.co,https://smart-money.co/feed/,Discovered-autodiscovery,N/A,,Indonesia,smart-money.co,No feed generated,FALSE,,,FALSE,
Influsser,https://influsser.com/feed/,OG,success,2025-11-29 13:58:41,India,influsser.com,To Do,FALSE,,,FALSE,Newly discovered RSS feed
Prigorski,https://prigorski.hr/feed/,OG,success,2025-11-29 13:58:44,Croatia,prigorski.hr,To Do,FALSE,,,FALSE,Newly discovered RSS feed
365Bristol.com,-,N/A,-,,United Kingdom,365bristol.com,No feed generated,FALSE,,,FALSE,
Dinamalar Tamil News Paper Nellai and Nagercoil Ed,-,N/A,-,,India,dinamalarnellai.com,No feed generated,FALSE,,,FALSE,
Ommcom News,https://ommcomnews.com/feed/,OG,success,2025-11-29 13:58:48,India,ommcomnews.com,To Do,FALSE,,,FALSE,Newly discovered RSS feed
Football Counter,-,N/A,-,,India,footballcounter.com,No feed generated,FALSE,,,FALSE,
Dainik Tribune,-,N/A,-,,India,dainiktribuneonline.com,No feed generated,FALSE,,,FALSE,
InfoCañuelas,-,N/A,-,,United States,infocanuelas.com,No feed generated,FALSE,,,FALSE,
Covering Katy News,https://coveringkaty.com/api/rss/content.rss,OG,success,2025-11-29 11:47:11,United States,coveringkaty.com,To Do,FALSE,,,FALSE,Newly discovered RSS feed
Scioto Post,https://www.sciotopost.com/feed/,OG,success,2025-11-29 11:47:11,United States,sciotopost.com,To Do,FALSE,,,FALSE,Newly discovered RSS feed
Ponos Bosanski,-,N/A,-,,Bosnia and Herzegovina,bosanskadijaspora.com,No feed generated,FALSE,,,FALSE,
eOstroleka.pl,https://www.eostroleka.pl/rss.html,OG,success,2025-11-29 13:58:51,Poland,eostroleka.pl,To Do,FALSE,,,FALSE,Newly discovered RSS feed
DhiIslam,https://dhiislam.com/feed,OG,success,2025-11-29 11:47:24,United States,dhiislam.com,To Do,FALSE,,,FALSE,Newly discovered RSS feed
Gi-Media,https://www.gimediajobs.co.uk/feed/,OG,success,2025-11-29 11:47:28,United Kingdom,gi-media.co.uk,To Do,FALSE,,,FALSE,Newly discovered RSS feed
Mesara,https://e-mesara.gr/feed/,OG,success,2025-11-29 13:58:53,Greece,e-mesara.gr,To Do,FALSE,,,FALSE,Newly discovered RSS feed
Pontos News,https://www.pontosnews.gr/feed/,OG,success,2025-11-29 13:58:57,Greece,pontosnews.gr,To Do,FALSE,,,FALSE,Newly discovered RSS feed
LiteNews.hk,-,N/A,-,,Hong Kong,litenews.hk,No feed generated,FALSE,,,FALSE,
U-CAR,-,N/A,-,,Taiwan,u-car.com.tw,No feed generated,FALSE,,,FALSE,
Freebie Mom,-,N/A,-,,United States,freebiemom.com,No feed generated,FALSE,,,FALSE,
KCI Kutno - Kutnowskie Centrum Informacyjne,-,N/A,-,,Poland,kutno.net.pl,No feed generated,FALSE,,,FALSE,
OPolskie Ratownictwo,https://www.ratownictwo.opole.pl/feed/,OG,success,2025-11-29 13:59:03,Poland,ratownictwo.opole.pl,To Do,FALSE,,,FALSE,Newly discovered RSS feed
Haber Oku,-,N/A,-,,Turkey,birhaberoku.com,No feed generated,FALSE,,,FALSE,
Manisa Kulis Haber,https://manisakulishaber.com/rss,OG,success,2025-11-29 13:59:07,Turkey,manisakulishaber.com,To Do,FALSE,,,FALSE,Newly discovered RSS feed
Trebinje,https://etrebinje.com/feed/,OG,success,2025-11-29 13:59:12,Bosnia and Herzegovina,etrebinje.com,To Do,FALSE,,,FALSE,Newly discovered RSS feed
BEBAC,https://bebac.com/feed/,OG,success,2025-11-29 13:59:19,Serbia,bebac.com,To Do,FALSE,,,FALSE,Newly discovered RSS feed
The Guwahati Times,-,N/A,-,,India,theguwahatitimes.info,No feed generated,FALSE,,,FALSE,
Cars.ro,-,N/A,-,,Romania,cars.ro,No feed generated,FALSE,,,FALSE,
Kalem Gazetesi,https://www.canakkalekalem.com/rss,OG,success,2025-11-29 13:59:27,Turkey,canakkalekalem.com,To Do,FALSE,,,FALSE,Newly discovered RSS feed
Welingelichte Kringen,https://www.welingelichtekringen.nl/sitemap/news.xml,OG,success,2025-11-29 13:59:32,Netherlands,welingelichtekringen.nl,To Do,FALSE,,,FALSE,Newly discovered RSS feed
Moja Ostrołęka,-,N/A,-,,Poland,moja-ostroleka.pl,No feed generated,FALSE,,,FALSE,
Χαϊδάρι Σήμερα,https://xaidarisimera.gr/feed/,OG,success,2025-11-29 13:59:35,Greece,xaidarisimera.gr,To Do,FALSE,,,FALSE,Newly discovered RSS feed
Minap,https://minap.hu/rss,OG,success,2025-11-29 13:59:38,Hungary,minap.hu,To Do,FALSE,,,FALSE,Newly discovered RSS feed
Proseuxi,https://proseuxi.gr/feed/,OG,success,2025-11-29 13:59:41,Greece,proseuxi.gr,To Do,FALSE,,,FALSE,Newly discovered RSS feed
Kültür Servisi,-,N/A,-,,Turkey,kulturservisi.com,No feed generated,FALSE,,,FALSE,
TL+,https://www.tlplus.ro/feed/,RSS,success,2025-11-29 13:59:45,Romania,tlplus.ro,To Do,FALSE,,,FALSE,Newly discovered RSS feed
Türkgün Gazetesi,https://www.turkgun.com/rss/news,OG,success,2025-11-29 13:59:48,Turkey,turkgun.com,To Do,FALSE,,,FALSE,Newly discovered RSS feed
HIT Televizija,-,N/A,-,,Bosnia and Herzegovina,rtvhit.com,No feed generated,FALSE,,,FALSE,
IThardware.pl,https://ithardware.pl/feed,OG,success,2025-11-29 13:59:50,Poland,ithardware.pl,To Do,FALSE,,,FALSE,Newly discovered RSS feed
GM Turizm & Yönetim Dergisi,-,N/A,-,,Turkey,gmdergi.com,No feed generated,FALSE,,,FALSE,
Portal Płock,-,N/A,-,,Poland,portalplock.pl,No feed generated,FALSE,,,FALSE,
Otisak,-,N/A,-,,Croatia,otisak.ba,No feed generated,FALSE,,,FALSE,
Juzne vesti,https://www.juznevesti.com/feed/,OG,success,2025-11-29 13:59:52,Serbia,juznevesti.com,To Do,FALSE,,,FALSE,Newly discovered RSS feed
9vremparinti,https://9vremparinti.ro/feed/,OG,success,2025-11-29 13:59:55,Romania,9vremparinti.ro,To Do,FALSE,,,FALSE,Newly discovered RSS feed
Fouit,https://fouit.gr/feed/,OG,success,2025-11-29 13:59:57,Greece,fouit.gr,To Do,FALSE,,,FALSE,Newly discovered RSS feed
Topvesti.bg,-,N/A,-,,Bulgaria,topvesti.bg,No feed generated,FALSE,,,FALSE,
Genialne,https://genialne.pl/rss/aktualnosci,OG,success,2025-11-29 14:00:01,Poland,genialne.pl,To Do,FALSE,,,FALSE,Newly discovered RSS feed
mygazete.com,https://www.mygazete.com/rss.xml,OG,success,2025-11-29 14:00:12,Turkey,mygazete.com,To Do,FALSE,,,FALSE,Newly discovered RSS feed
Radio Evros,https://www.radioevros.gr/feed/,OG,success,2025-11-29 14:00:20,Greece,radioevros.gr,To Do,FALSE,,,FALSE,Newly discovered RSS feed
Newsnext Bangladesh,https://newsnextbd.com/feed/,OG,success,2025-11-29 14:00:38,Bangladesh,newsnextbd.com,To Do,FALSE,,,FALSE,Newly discovered RSS feed
bigportal.ba,https://bigportal.ba/feed/,OG,success,2025-11-29 14:00:45,Bosnia and Herzegovina,bigportal.ba,To Do,FALSE,,,FALSE,Newly discovered RSS feed
Gegonota24.gr,https://gegonota24.gr/feed/,OG,success,2025-11-29 14:00:57,Greece,gegonota24.gr,To Do,FALSE,,,FALSE,Newly discovered RSS feed
The Windows Club,-,N/A,-,,India,thewindowsclub.com,No feed generated,FALSE,,,FALSE,
VGdanas,-,N/A,-,,Hungary,vgdanas.hr,No feed generated,FALSE,,,FALSE,
MojaOlesnica,-,N/A,-,,Poland,mojaolesnica.pl,No feed generated,FALSE,,,FALSE,
Partener TV,https://www.tvpartener.ro/feed/,OG,success,2025-11-29 14:01:02,Romania,tvpartener.ro,To Do,FALSE,,,FALSE,Newly discovered RSS feed
RTV Kontakt,https://mojkontakt.com/feed/,OG,success,2025-11-29 14:01:04,Bosnia and Herzegovina,mojkontakt.com,To Do,FALSE,,,FALSE,Newly discovered RSS feed
Ziar de Cluj,https://ziardecluj.ro/feed/,OG,success,2025-11-29 14:01:22,Romania,ziardecluj.ro,To Do,FALSE,,,FALSE,Newly discovered RSS feed
Footroll,-,N/A,-,,Poland,footroll.pl,No feed generated,FALSE,,,FALSE,
Maleviziotis.gr,-,N/A,-,,Greece,maleviziotis.gr,No feed generated,FALSE,,,FALSE,
KaposPont,https://kapos.hu/rss/hirek/legfrissebb_hirek.xml,OG,success,2025-11-29 14:01:29,Hungary,kapos.hu,To Do,FALSE,,,FALSE,Newly discovered RSS feed
Top News Bulgaria,https://topnewsbg.com/comments/feed/,OG,success,2025-11-29 14:01:50,Bulgaria,topnewsbg.com,To Do,FALSE,,,FALSE,Newly discovered RSS feed
Heklanje,https://www.heklanje.net/feed/,OG,success,2025-11-29 14:01:53,Croatia,heklanje.net,To Do,FALSE,,,FALSE,Newly discovered RSS feed
DramaQueen電視迷,https://dramaqueen.com.tw/feed.php,OG,success,2025-11-29 14:01:57,Taiwan,dramaqueen.com.tw,To Do,FALSE,,,FALSE,Newly discovered RSS feed
Krknews,https://krknews.pl/feed/,OG,success,2025-11-29 14:02:00,Poland,krknews.pl,To Do,FALSE,,,FALSE,Newly discovered RSS feed
Prasinforos,https://prasinoforos.gr/feed/,OG,success,2025-11-29 14:02:09,Greece,prasinoforos.gr,To Do,FALSE,,,FALSE,Newly discovered RSS feed
Telekom Sport,-,N/A,-,,Romania,telekomsport.ro,No feed generated,FALSE,,,FALSE,
Tekirdağ Yeni Haber,https://tekirdagyenihaber.com/feed/,OG,success,2025-11-29 14:02:13,Turkey,tekirdagyenihaber.com,To Do,FALSE,,,FALSE,Newly discovered RSS feed
"Ești femeie, ești minunată",https://estiminunata.ro/feed,OG,success,2025-11-29 14:02:15,Romania,estiminunata.ro,To Do,FALSE,,,FALSE,Newly discovered RSS feed
Iatropedia,https://www.iatropedia.gr/feed/,OG,success,2025-11-29 14:02:17,Greece,iatropedia.gr,To Do,FALSE,,,FALSE,Newly discovered RSS feed
Tomislav News,-,N/A,-,,Croatia,tomislavnews.com,No feed generated,FALSE,,,FALSE,
Csepel.info,-,N/A,-,,Hungary,csepel.info,No feed generated,FALSE,,,FALSE,
SNN,https://snntv.com/feed,RSS,success,2025-11-29 11:47:30,United States,snntv.com,To Do,FALSE,,,FALSE,Newly discovered RSS feed
Iskam da Znam,https://iskamdaznam.com/feed/,OG,success,2025-11-29 14:02:27,Bulgaria,iskamdaznam.com,To Do,FALSE,,,FALSE,Newly discovered RSS feed
Haber Gazetesi,https://feeds.feedburner.com/habergazetesi/CPhjiwHGvH4,OG,success,2025-11-29 14:02:31,Turkey,habergazetesi.com.tr,To Do,FALSE,,,FALSE,Newly discovered RSS feed
KÁRPÁTALJA,https://karpatalja.ma/feed/,OG,success,2025-11-29 14:02:33,Hungary,karpatalja.ma,To Do,FALSE,,,FALSE,Newly discovered RSS feed
Giortazo,-,N/A,-,,Greece,giortazo.gr,No feed generated,FALSE,,,FALSE,
Slobodna Bosna,-,N/A,-,,Bosnia and Herzegovina,slobodna-bosna.ba,No feed generated,FALSE,,,FALSE,
Damboviteanul,https://damboviteanul.com/feed/,OG,success,2025-11-29 14:02:35,Romania,damboviteanul.com,To Do,FALSE,,,FALSE,Newly discovered RSS feed
Kozani,https://kozani.tv/index.php?format=feed&type=rss,OG,success,2025-11-29 14:02:41,Greece,kozani.tv,To Do,FALSE,,,FALSE,Newly discovered RSS feed
Dytikés Matiés,https://dytikesmaties.gr/feed/,OG,success,2025-11-29 14:02:47,Greece,dytikesmaties.gr,To Do,FALSE,,,FALSE,Newly discovered RSS feed
Moja Kuhinja,https://www.domacikolaci.net/feed/,RSS,success,2025-11-29 14:02:50,Croatia,domacikolaci.net,To Do,FALSE,,,FALSE,Newly discovered RSS feed
Evros News,https://www.evros-news.gr/feed/,OG,success,2025-11-29 14:02:53,Greece,evros-news.gr,To Do,FALSE,,,FALSE,Newly discovered RSS feed
Radio 5,-,N/A,-,,Poland,radio5.com.pl,No feed generated,FALSE,,,FALSE,
Bistriteanul.ro,https://www.bistriteanul.ro/feed/,OG,success,2025-11-29 14:02:56,Romania,bistriteanul.ro,To Do,FALSE,,,FALSE,Newly discovered RSS feed
Shariful Rukon,-,N/A,-,,Bangladesh,ekusheypatrika.com,No feed generated,FALSE,,,FALSE,
Gaste24,-,N/A,-,,Turkey,gaste24.com,No feed generated,FALSE,,,FALSE,
Haromzsek,https://feeds.feedburner.com/3szekHirek,OG,success,2025-11-29 14:02:59,Romania,3szek.ro,To Do,FALSE,,,FALSE,Newly discovered RSS feed
Dobojski Info,-,N/A,-,,Bosnia and Herzegovina,dobojski.info,No feed generated,FALSE,,,FALSE,
Torpedo Media,https://torpedo.media/xfeed,OG,success,2025-11-29 14:03:14,Croatia,torpedo.media,To Do,FALSE,,,FALSE,Newly discovered RSS feed
Kocaeli Denge,-,N/A,-,,Turkey,kocaelidenge.com,No feed generated,FALSE,,,FALSE,
tfipost.in,https://tfipost.in/feed/,OG,success,2025-11-29 14:03:29,India,tfipost.in,To Do,FALSE,,,FALSE,Newly discovered RSS feed
Trebinje Danas,-,N/A,-,,Bosnia and Herzegovina,trebinjedanas.com,No feed generated,FALSE,,,FALSE,
Olympio Bima,https://olympiobima.gr/feed/,OG,success,2025-11-29 14:03:35,Greece,olympiobima.gr,To Do,FALSE,,,FALSE,Newly discovered RSS feed
Gazetemizmir,https://www.gazetemizmir.com/rss,OG,success,2025-11-29 14:03:45,Turkey,gazetemizmir.com,To Do,FALSE,,,FALSE,Newly discovered RSS feed
Republica,https://republica.ro/rss/,OG,success,2025-11-29 14:03:51,Romania,republica.ro,To Do,FALSE,,,FALSE,Newly discovered RSS feed
Larisa City News,https://www.larisacitynews.gr/feeds/posts/default,OG,success,2025-11-29 14:03:56,Greece,larisacitynews.gr,To Do,FALSE,,,FALSE,Newly discovered RSS feed
Piekno umyslu,https://pieknoumyslu.com/feed/,OG,success,2025-11-29 14:04:06,Poland,pieknoumyslu.com,To Do,FALSE,,,FALSE,Newly discovered RSS feed
rama-prozor.info,https://rama-prozor.info/novosti/rss/sve.rss,OG,success,2025-11-29 14:04:10,Croatia,rama-prozor.info,To Do,FALSE,,,FALSE,Newly discovered RSS feed
The Bosnia TIMES,-,N/A,-,,Bosnia and Herzegovina,thebosniatimes.ba,No feed generated,FALSE,,,FALSE,
Transfery,https://transfery.info/rss,OG,success,2025-11-29 14:04:12,Poland,transfery.info,To Do,FALSE,,,FALSE,Newly discovered RSS feed
Showbiz Chika,https://showbizchika.net/feed/,OG,success,2025-11-29 14:04:17,Philippines,showbizchika.net,To Do,FALSE,,,FALSE,Newly discovered RSS feed
DuList,https://dulist.hr/feed/,OG,success,2025-11-29 14:04:21,Croatia,dulist.hr,To Do,FALSE,,,FALSE,Newly discovered RSS feed
OTPOR.Media,https://otpor.media/?feed=rss2,OG,success,2025-11-29 14:04:24,Croatia,otpor.media,To Do,FALSE,,,FALSE,Newly discovered RSS feed
KiKiNote,-,N/A,-,,Taiwan,kikinote.net,No feed generated,FALSE,,,FALSE,
"Вестник ""Посредник""",-,N/A,-,,Bulgaria,posredniknews.com,No feed generated,FALSE,,,FALSE,
Entertainment Corner,-,N/A,-,,India,entertainmentcorner.in,No feed generated,FALSE,,,FALSE,
94.9 Power FM,https://949powerfm.com.au/feed,OG,success,2025-11-29 14:04:31,Australia,949powerfm.com.au,To Do,FALSE,,,FALSE,Newly discovered RSS feed
HamaraGhaziabad,-,N/A,-,,India,hamaraghaziabad.com,No feed generated,FALSE,,,FALSE,
Jobs in Nigeria Today,https://www.jobstoday.com.ng/feeds/posts/default,OG,success,2025-11-29 14:04:32,Nigeria,jobstoday.com.ng,To Do,FALSE,,,FALSE,Newly discovered RSS feed
Bolja Tuzla,-,N/A,-,,Bosnia and Herzegovina,boljatuzla.ba,No feed generated,FALSE,,,FALSE,
BB1.hu,https://bball1.hu/feed/,OG,success,2025-11-29 14:04:35,Hungary,bball1.hu,To Do,FALSE,,,FALSE,Newly discovered RSS feed
Aapkarajasthan,https://aapkarajasthan.com/feed.xml,OG,success,2025-11-29 14:04:42,India,aapkarajasthan.com,To Do,FALSE,,,FALSE,Newly discovered RSS feed
Alon.hu,http://alon.hu/rss,OG,success,2025-11-29 14:04:49,Hungary,alon.hu,To Do,FALSE,,,FALSE,Newly discovered RSS feed
Autovehicule Românești,-,N/A,-,,Romania,soferidinromania.ro,No feed generated,FALSE,,,FALSE,
Maine Stay Media,-,N/A,-,,United States,mainestaymedia.com,No feed generated,FALSE,,,FALSE,
inkhel.com,-,N/A,-,,India,inkhel.com,No feed generated,FALSE,,,FALSE,
almyrosinfo.gr,https://www.almyrosinfo.gr/rss.xml,RSS,success,2025-11-29 14:05:14,Greece,almyrosinfo.gr,To Do,FALSE,,,FALSE,Newly discovered RSS feed
Daily Ajit,-,N/A,-,,India,ajitjalandhar.com,No feed generated,FALSE,,,FALSE,
Indulge,https://indulgexpress.com/feed,OG,success,2025-11-29 14:05:20,India,indulgexpress.com,To Do,FALSE,,,FALSE,Newly discovered RSS feed
Bazaar Times,https://bazaartimes.com/feed/,OG,success,2025-11-29 14:05:22,Turkey,bazaartimes.com,To Do,FALSE,,,FALSE,Newly discovered RSS feed
News Karnataka,https://newskarnataka.com/feed,OG,success,2025-11-29 14:05:44,India,newskarnataka.com,To Do,FALSE,,,FALSE,Newly discovered RSS feed
DEFY Wrestling,-,N/A,-,,United States,defywrestling.com,No feed generated,FALSE,,,FALSE,
Yo Vizag,-,N/A,-,,India,yovizag.com,No feed generated,FALSE,,,FALSE,
Thattukada,https://www.thattukada.org/feed,OG,success,2025-11-29 14:05:50,India,thattukada.org,To Do,FALSE,,,FALSE,Newly discovered RSS feed
Afyon Türkeli Gazetesi,https://www.afyonturkeligazetesi.com/rss,OG,success,2025-11-29 14:05:57,Turkey,afyonturkeligazetesi.com,To Do,FALSE,,,FALSE,Newly discovered RSS feed
Calcutta News,-,N/A,-,,Bangladesh,calcuttanews.tv,No feed generated,FALSE,,,FALSE,
Kingbet,https://www.kingbet.net/feed/,OG,success,2025-11-29 14:06:02,Greece,kingbet.net,To Do,FALSE,,,FALSE,Newly discovered RSS feed
De Schiedammer Online,-,N/A,-,,Netherlands,deschiedammeronline.nl,No feed generated,FALSE,,,FALSE,
Dsport.bg,https://dsport.bg/rss,OG,success,2025-11-29 14:06:07,Bulgaria,dsport.bg,To Do,FALSE,,,FALSE,Newly discovered RSS feed
kalamatatimes.gr,https://www.kalamatatimes.gr/feed/,OG,success,2025-11-29 14:06:10,Greece,kalamatatimes.gr,To Do,FALSE,,,FALSE,Newly discovered RSS feed
Argo Nafplia,-,N/A,-,,Greece,argonafplia.gr,No feed generated,FALSE,,,FALSE,
Ajker Sylhet,-,N/A,-,,United Kingdom,ajkersylhet.com,No feed generated,FALSE,,,FALSE,
7 IASI,https://www.7iasi.ro/feed/,OG,success,2025-11-29 14:06:13,Romania,7iasi.ro,To Do,FALSE,,,FALSE,Newly discovered RSS feed
India Herald Group of Publshers P Limited,https://indiaherald.com/rss,RSS,success,2025-11-29 14:06:15,India,indiaherald.com,To Do,FALSE,,,FALSE,Newly discovered RSS feed
Lipscomb Bisons,https://lipscombsports.com/rss,OG,success,2025-11-29 11:47:44,United States,lipscombsports.com,To Do,FALSE,,,FALSE,Newly discovered RSS feed
EBS Radio,https://ebsradio.ro/feed,OG,success,2025-11-29 14:06:23,Romania,ebsradio.ro,To Do,FALSE,,,FALSE,Newly discovered RSS feed
Novinarnik,https://novinarnik.bg/feed/,OG,success,2025-11-29 14:06:28,Bulgaria,novinarnik.bg,To Do,FALSE,,,FALSE,Newly discovered RSS feed
TreloKouneli,https://trelokouneli.gr/feed/,OG,success,2025-11-29 14:06:35,Greece,trelokouneli.gr,To Do,FALSE,,,FALSE,Newly discovered RSS feed
Dakshin Bharat Rashtramat | The Hindi Daily,https://www.dakshinbharat.com/rss,"OG (9), RSS (1)",success,2025-11-29 14:07:13,India,dakshinbharat.com,To Do,FALSE,,,FALSE,Newly discovered RSS feed
Wyspa,https://wyspa.fm/rss,OG,success,2025-11-29 14:07:25,Poland,wyspa.fm,To Do,FALSE,,,FALSE,Newly discovered RSS feed
Rewa Riyasat,https://www.rewariyasat.com/google_feeds.xml,OG,success,2025-11-29 14:07:31,India,rewariyasat.com,To Do,FALSE,,,FALSE,Newly discovered RSS feed
Békés Mátrix,-,N/A,-,,Hungary,bekesmatrix.hu,No feed generated,FALSE,,,FALSE,
Vima Orthodoxias,-,N/A,-,,Greece,vimaorthodoxias.gr,No feed generated,FALSE,,,FALSE,
Calisia,-,N/A,-,,Poland,calisia.pl,No feed generated,FALSE,,,FALSE,
Tennis.bg,https://tennis.bg/feed,OG,success,2025-11-29 14:07:34,Bulgaria,tennis.bg,To Do,FALSE,,,FALSE,Newly discovered RSS feed
Just for Jokes and Fun,https://www.justfun247.com/feed/,OG,success,2025-11-29 11:47:46,United States,justfun247.com,To Do,FALSE,,,FALSE,Newly discovered RSS feed
Danica.hr,-,N/A,-,,Croatia,danica.hr,No feed generated,FALSE,,,FALSE,
Proinos Typos,https://www.proinos-typos.gr/feed/,OG,success,2025-11-29 14:07:45,Greece,proinos-typos.gr,To Do,FALSE,,,FALSE,Newly discovered RSS feed
620 CKRM,-,N/A,-,,United States,620ckrm.com,No feed generated,FALSE,,,FALSE,
СВОБОДНО СЛОВО,https://svobodnoslovo.eu/rss,OG,success,2025-11-29 14:07:48,Bulgaria,svobodnoslovo.eu,To Do,FALSE,,,FALSE,Newly discovered RSS feed
照護線上,-,N/A,-,,Taiwan,careonline.com.tw,No feed generated,FALSE,,,FALSE,
Europost.gr,https://europost.gr/feed/,OG,success,2025-11-29 14:07:51,Greece,europost.gr,To Do,FALSE,,,FALSE,Newly discovered RSS feed
Progressive Railroading,-,N/A,-,,United States,progressiverailroading.com,No feed generated,FALSE,,,FALSE,
Bună Ziua Făgăraș,https://www.bunaziuafagaras.ro/feed/,Discovered-autodiscovery,N/A,,Romania,bunaziuafagaras.ro,No feed generated,FALSE,,,FALSE,
Manisa Denge Gazetesi,https://www.manisadenge.com/rss.xml,OG,success,2025-11-29 14:07:54,Turkey,manisadenge.com,To Do,FALSE,,,FALSE,Newly discovered RSS feed
Millennium Post,https://www.millenniumpost.in/google_feeds.xml,OG,success,2025-11-29 14:08:00,India,millenniumpost.in,To Do,FALSE,,,FALSE,Newly discovered RSS feed
The North-Eastern Chronicle,-,N/A,-,,India,northeasternchronicle.in,No feed generated,FALSE,,,FALSE,
eTV,-,N/A,-,,Bulgaria,etv.bg,No feed generated,FALSE,,,FALSE,
ABC Medya,-,N/A,-,,Turkey,fotospor.com,No feed generated,FALSE,,,FALSE,
The Celtic Star,https://thecelticstar.com/feed/,OG,success,2025-11-29 11:47:48,United Kingdom,thecelticstar.com,To Do,FALSE,,,FALSE,Newly discovered RSS feed
Ziarul Rasunetul,https://rasunetul.ro/rss.xml,OG,success,2025-11-29 14:08:02,Romania,rasunetul.ro,To Do,FALSE,,,FALSE,Newly discovered RSS feed
News Bengaluru Media,https://newsbengaluru.com/feed/,OG,success,2025-11-29 14:08:31,India,newsbengaluru.com,To Do,FALSE,,,FALSE,Newly discovered RSS feed
DayNight.gr,https://www.daynight.gr/feed/,OG,success,2025-11-29 14:08:40,Greece,daynight.gr,To Do,FALSE,,,FALSE,Newly discovered RSS feed
Zi de Zi,https://zi-de-zi.ro/feed,OG,success,2025-11-29 14:08:49,Romania,zi-de-zi.ro,To Do,FALSE,,,FALSE,Newly discovered RSS feed
Aktuelno.ba,https://aktuelno.ba/feed/,OG,success,2025-11-29 14:08:58,Bosnia and Herzegovina,aktuelno.ba,To Do,FALSE,,,FALSE,Newly discovered RSS feed
Arad24,https://arad24.net/feed/,OG,success,2025-11-29 14:09:10,Romania,arad24.net,To Do,FALSE,,,FALSE,Newly discovered RSS feed
Gündem Gazetesidir,-,N/A,-,,Turkey,gundemgazetesi.com,No feed generated,FALSE,,,FALSE,
Catholica Ro,https://www.catholica.ro/feed/,OG,success,2025-11-29 14:09:16,Romania,catholica.ro,To Do,FALSE,,,FALSE,Newly discovered RSS feed
TrebinjeLive,-,N/A,-,,Serbia,trebinjelive.info,No feed generated,FALSE,,,FALSE,
Bakan Soyer,https://egedesonsoz.com/feed,OG,success,2025-11-29 14:09:20,Turkey,egedesonsoz.com,To Do,FALSE,,,FALSE,Newly discovered RSS feed
Takvim,-,N/A,-,,Turkey,takvim.com.tr,No feed generated,FALSE,,,FALSE,
Notos Press,https://www.notospress.gr/eidhseis?format=feed&type=rss,OG,success,2025-11-29 14:09:23,Greece,notospress.gr,To Do,FALSE,,,FALSE,Newly discovered RSS feed
Bevezetem,https://bevezetem.eu/feed/,OG,success,2025-11-29 14:09:27,Hungary,bevezetem.eu,To Do,FALSE,,,FALSE,Newly discovered RSS feed
TechGenyz,https://techgenyz.com/feed/,OG,success,2025-11-29 14:09:37,India,techgenyz.com,To Do,FALSE,,,FALSE,Newly discovered RSS feed
Brighter Kashmir,-,N/A,-,,India,brighterkashmir.com,No feed generated,FALSE,,,FALSE,
Khabar Times,https://khabartimes24.com/feed/,OG,success,2025-11-29 14:09:43,India,khabartimes24.com,To Do,FALSE,,,FALSE,Newly discovered RSS feed
Ntv Telugu,https://ntvtelugu.com/feed,OG,success,2025-11-29 14:09:51,India,ntvtelugu.com,To Do,FALSE,,,FALSE,Newly discovered RSS feed
Akta.ba,https://akta.ba/rss,OG,success,2025-11-29 14:10:07,Bosnia and Herzegovina,akta.ba,To Do,FALSE,,,FALSE,Newly discovered RSS feed
Diarios Cambios Florida,https://diariocambios.com/feed/,OG,success,2025-11-29 11:47:53,United States,diariocambios.com,To Do,FALSE,,,FALSE,Newly discovered RSS feed
bd24entertainment,https://bd24report.com/feed/,OG,success,2025-11-29 14:10:17,Bangladesh,bd24report.com,To Do,FALSE,,,FALSE,Newly discovered RSS feed
IstraIN,-,N/A,-,,Croatia,istrain.hr,No feed generated,FALSE,,,FALSE,
Travel to Transylvania,https://traveltotransylvania.hu/feed/,OG,success,2025-11-29 14:10:25,Hungary,traveltotransylvania.hu,To Do,FALSE,,,FALSE,Newly discovered RSS feed
cnanews24.com,https://cnanews24.com/feed/,OG,success,2025-11-29 14:10:30,Bangladesh,cnanews24.com,To Do,FALSE,,,FALSE,Newly discovered RSS feed
Enjoy the Black Hills,http://www.howtoenjoytheblackhills.com/feed/,OG,success,2025-11-29 11:47:55,United States,howtoenjoytheblackhills.com,To Do,FALSE,,,FALSE,Newly discovered RSS feed
GMinfo.rs,https://gminfo.rs/feed/,OG,success,2025-11-29 14:10:32,Serbia,gminfo.rs,To Do,FALSE,,,FALSE,Newly discovered RSS feed
Gargalianoionline,https://www.gargalianoionline.gr/feed/,OG,success,2025-11-29 14:10:38,Greece,gargalianoionline.gr,To Do,FALSE,,,FALSE,Newly discovered RSS feed
103.7 The Loon,https://1037theloon.com/feed/,OG,success,2025-11-29 11:47:59,United States,1037theloon.com,To Do,FALSE,,,FALSE,Newly discovered RSS feed
Konflikty.pl,https://www.konflikty.pl/feed/,OG,success,2025-11-29 14:10:47,Poland,konflikty.pl,To Do,FALSE,,,FALSE,Newly discovered RSS feed
Peloponnisos Newspaper,https://pelop.gr/feed/gn,OG,success,2025-11-29 14:10:50,Greece,pelop.gr,To Do,FALSE,,,FALSE,Newly discovered RSS feed
Drukčiji Radio,-,N/A,-,,Bosnia and Herzegovina,drukciji.ba,No feed generated,FALSE,,,FALSE,
Diktyo TV,https://diktyotv.gr/feed/,OG,success,2025-11-29 14:11:09,Greece,diktyotv.gr,To Do,FALSE,,,FALSE,Newly discovered RSS feed
Jumper News,https://jumpernews.com/feed/,OG,success,2025-11-29 11:48:07,United States,jumpernews.com,To Do,FALSE,,,FALSE,Newly discovered RSS feed
Punked.gr,-,N/A,-,,Greece,punked.gr,No feed generated,FALSE,,,FALSE,
Ghost Cult Magazine,-,N/A,-,,United Arab Emirates,ghostcultmag.com,No feed generated,FALSE,,,FALSE,
Codziennik Mlawski,https://codziennikmlawski.pl/feed/,OG,success,2025-11-29 14:11:15,Poland,codziennikmlawski.pl,To Do,FALSE,,,FALSE,Newly discovered RSS feed
Panhandle Post,-,N/A,-,,United States,panhandlepost.com,No feed generated,FALSE,,,FALSE,
Agrárszektor.hu,https://www.agrarszektor.hu/rss,OG,success,2025-11-29 14:11:18,Hungary,agrarszektor.hu,To Do,FALSE,,,FALSE,Newly discovered RSS feed
Cretan Magazine,https://www.cretanmagazine.gr/feed/,OG,success,2025-11-29 14:11:27,Greece,cretanmagazine.gr,To Do,FALSE,,,FALSE,Newly discovered RSS feed
KCHI,https://kchi.com/feed/,OG,success,2025-11-29 11:48:10,United States,kchi.com,To Do,FALSE,,,FALSE,Newly discovered RSS feed
Blue Arena,https://bluearena.gr/feed/,OG,success,2025-11-29 14:11:30,Greece,bluearena.gr,To Do,FALSE,,,FALSE,Newly discovered RSS feed
DrenicaOnline,https://drenicaonline.com/feed,OG,success,2025-11-29 14:11:41,Serbia,drenicaonline.com,To Do,FALSE,,,FALSE,Newly discovered RSS feed
Biker Spirit Magazine,https://bikerspirit.net/feed/,OG,success,2025-11-29 14:11:57,Greece,bikerspirit.net,To Do,FALSE,,,FALSE,Newly discovered RSS feed
Carzine.gr,-,N/A,-,,Greece,carzine.gr,No feed generated,FALSE,,,FALSE,
CAAN Design,https://www.caandesign.com/feed/,OG,success,2025-11-29 11:48:13,United States,caandesign.com,To Do,FALSE,,,FALSE,Newly discovered RSS feed
Frog News,https://rss.frognews.bg/,OG,success,2025-11-29 14:12:01,Bulgaria,frognews.bg,To Do,FALSE,,,FALSE,Newly discovered RSS feed
Shumen Television,https://tvshumen.bg/feed/,Discovered-autodiscovery,N/A,,Bulgaria,tvshumen.bg,No feed generated,FALSE,,,FALSE,
Tygodnik Solidarność,-,N/A,-,,Poland,tysol.pl,No feed generated,FALSE,,,FALSE,
HELLÓ Nyíregyháza,-,N/A,-,,Hungary,hellonyiregyhaza.hu,No feed generated,FALSE,,,FALSE,
Katharine McPhee News,https://katharinemcphee.net/feed/,OG,success,2025-11-29 11:48:14,United States,katharinemcphee.net,To Do,FALSE,,,FALSE,Newly discovered RSS feed
Care of Media,-,N/A,-,,India,careofmedia.com,No feed generated,FALSE,,,FALSE,
Galway Daily,https://galwaydaily.com/feed,OG,success,2025-11-29 14:12:40,Ireland,galwaydaily.com,To Do,FALSE,,,FALSE,Newly discovered RSS feed
TeamPilipinas,https://www.teampilipinas.info/feeds/posts/default,"OG (7), RSS (3)",success,2025-11-29 14:12:46,Philippines,teampilipinas.info,To Do,FALSE,,,FALSE,Newly discovered RSS feed
Goalpost.gr,https://www.goalpost.gr/feed/,OG,success,2025-11-29 14:12:50,Greece,goalpost.gr,To Do,FALSE,,,FALSE,Newly discovered RSS feed
zaPernik.com,https://zapernik.com/feed/,OG,success,2025-11-29 14:13:01,Bulgaria,zapernik.com,To Do,FALSE,,,FALSE,Newly discovered RSS feed
MediaFokus,https://mediafokus.info/feed/,OG,success,2025-11-29 14:13:08,Serbia,mediafokus.info,To Do,FALSE,,,FALSE,Newly discovered RSS feed
Fashion PULIS,http://www.fashionpulis.com/feeds/posts/default,OG,success,2025-11-29 14:13:12,Philippines,fashionpulis.com,To Do,FALSE,,,FALSE,Newly discovered RSS feed
Geek Girl Authority,https://www.geekgirlauthority.com/feed/,OG,success,2025-11-29 11:48:17,United States,geekgirlauthority.com,To Do,FALSE,,,FALSE,Newly discovered RSS feed
Androgeek,https://androgeek.hu/rss/rss.php,OG,success,2025-11-29 14:13:15,Hungary,androgeek.hu,To Do,FALSE,,,FALSE,Newly discovered RSS feed
Agiaparaskevi Guide,https://www.agiaparaskevi-guide.gr/feeds/posts/default,OG,success,2025-11-29 14:13:17,Greece,agiaparaskevi-guide.gr,To Do,FALSE,,,FALSE,Newly discovered RSS feed
Radio Romania Oltenia-Craiova,-,N/A,-,,Romania,radiooltenia.ro,No feed generated,FALSE,,,FALSE,
James Cameron Online,-,N/A,-,,United States,jamescamerononline.com,No feed generated,FALSE,,,FALSE,
CKSport.pl,-,N/A,-,,Poland,cksport.pl,No feed generated,FALSE,,,FALSE,
Kosnews24.gr,-,N/A,-,,Greece,kosnews24.gr,No feed generated,FALSE,,,FALSE,
Cityportal.hr,https://cityportal.hr/feed/,OG,success,2025-11-29 14:13:32,Croatia,cityportal.hr,To Do,FALSE,,,FALSE,Newly discovered RSS feed
"Viva 88,3 FM",https://viva883.gr/feed/,OG,success,2025-11-29 14:13:39,Greece,viva883.gr,To Do,FALSE,,,FALSE,Newly discovered RSS feed
e-krajna,-,N/A,-,,Poland,e-krajna.pl,No feed generated,FALSE,,,FALSE,
Iapopsi,-,N/A,-,,Greece,iapopsi.gr,No feed generated,FALSE,,,FALSE,
BG Independent Media,-,N/A,-,,United States,bgindependentmedia.org,No feed generated,FALSE,,,FALSE,
iCook,https://icook.tw/feeds/latest.rss,OG,success,2025-11-29 14:13:44,Taiwan,icook.tw,To Do,FALSE,,,FALSE,Newly discovered RSS feed
Dhaka Post,-,N/A,-,,Bangladesh,thedhakapost.com,No feed generated,FALSE,,,FALSE,
Radio Trebinje,-,N/A,-,,Bosnia and Herzegovina,radiotrebinje.com,No feed generated,FALSE,,,FALSE,
E Communications,https://www.ecommnewsnetwork.com/feed/,OG,success,2025-11-29 11:48:20,United States,ecommnewsnetwork.com,To Do,FALSE,,,FALSE,Newly discovered RSS feed
Ferata,https://www.ferata.hr/feed/,OG,success,2025-11-29 14:13:48,Croatia,ferata.hr,To Do,FALSE,,,FALSE,Newly discovered RSS feed
Festhome,https://festhome.com/feed.rss,OG,success,2025-11-29 11:48:24,United Kingdom,festhome.com,To Do,FALSE,,,FALSE,Newly discovered RSS feed
Argument,https://www.argument.ro/feed/,OG,success,2025-11-29 14:13:55,Romania,argument.ro,To Do,FALSE,,,FALSE,Newly discovered RSS feed
Gentikoule.gr,-,N/A,-,,Greece,gentikoule.gr,No feed generated,FALSE,,,FALSE,
Crimesite,https://www.crimesite.nl/feed/,OG,success,2025-11-29 14:14:02,Netherlands,crimesite.nl,To Do,FALSE,,,FALSE,Newly discovered RSS feed
Inspired By Maps,-,N/A,-,,United States,inspiredbymaps.com,No feed generated,FALSE,,,FALSE,
Catholic.net,-,N/A,-,,Bangladesh,catholic.net,No feed generated,FALSE,,,FALSE,
Global Rubber Market,-,N/A,-,,United States,globalrubbermarkets.com,No feed generated,FALSE,,,FALSE,
ELF Voetbal,https://elfvoetbal.nl/rss,OG,success,2025-11-29 14:14:06,Netherlands,elfvoetbal.nl,To Do,FALSE,,,FALSE,Newly discovered RSS feed
TVNovini.bg,-,N/A,-,,Bulgaria,tvnovini.bg,No feed generated,FALSE,,,FALSE,
DitisRoden.nl,-,N/A,-,,Netherlands,ditisroden.nl,No feed generated,FALSE,,,FALSE,
Topiasi,-,N/A,-,,Romania,topiasi.ro,No feed generated,FALSE,,,FALSE,
GrevenaMedia,https://grevenamedia.gr/feed/,OG,success,2025-11-29 14:14:14,Greece,grevenamedia.gr,To Do,FALSE,,,FALSE,Newly discovered RSS feed
Uniquenews24.com,https://uniquenews24.com/feed,OG,success,2025-11-29 14:14:17,India,uniquenews24.com,To Do,FALSE,,,FALSE,Newly discovered RSS feed
DailyPost.gr,https://dailypost.gr/feed/,OG,success,2025-11-29 14:14:20,Greece,dailypost.gr,To Do,FALSE,,,FALSE,Newly discovered RSS feed
Marosvásárhelyi Rádió,https://marosvasarhelyiradio.ro/feed,OG,success,2025-11-29 14:14:28,Romania,marosvasarhelyiradio.ro,To Do,FALSE,,,FALSE,Newly discovered RSS feed
Gerçek İzmir,-,N/A,-,,Turkey,gercekizmir.com,No feed generated,FALSE,,,FALSE,
Hip-HopVibe.com,https://hip-hopvibe.com/feed/,OG,success,2025-11-29 11:48:25,United States,hip-hopvibe.com,To Do,FALSE,,,FALSE,Newly discovered RSS feed
The Newspaper Greece,https://thenewspaper.gr/feed,OG,success,2025-11-29 14:14:34,Greece,thenewspaper.gr,To Do,FALSE,,,FALSE,Newly discovered RSS feed
LamiaReport.gr,https://lamiareport.gr/feed/,OG,success,2025-11-29 14:14:36,Greece,lamiareport.gr,To Do,FALSE,,,FALSE,Newly discovered RSS feed
Kozan.gr,-,N/A,-,,Greece,kozan.gr,No feed generated,FALSE,,,FALSE,
harga.web.id,-,N/A,-,,Indonesia,harga.web.id,No feed generated,FALSE,,,FALSE,
vreslarisa.gr,https://vreslarisa.gr/?format=feed&type=rss,OG,success,2025-11-29 14:14:40,Greece,vreslarisa.gr,To Do,FALSE,,,FALSE,Newly discovered RSS feed
Haber54,https://haber54.com.tr/feed,N/A,failed,2025-11-29 14:14:40,Turkey,haber54.com.tr,To Do,FALSE,,,FALSE,Newly discovered RSS feed
Japan Elite,-,N/A,-,,Poland,japanelite.pl,No feed generated,FALSE,,,FALSE,
QuizPost,https://quizpost.me/feed/,OG,success,2025-11-29 11:48:26,United States,quizpost.me,To Do,FALSE,,,FALSE,Newly discovered RSS feed
Oakland County Times,-,N/A,-,,United States,oaklandcounty115.com,No feed generated,FALSE,,,FALSE,
Pireasnews.gr,https://www.pireasnews.gr/feed/,OG,success,2025-11-29 14:14:54,Greece,pireasnews.gr,To Do,FALSE,,,FALSE,Newly discovered RSS feed
oraiokastro24.gr,-,N/A,-,,Greece,oraiokastro24.gr,No feed generated,FALSE,,,FALSE,
Daily Driven,-,N/A,-,,Romania,dailydriven.ro,No feed generated,FALSE,,,FALSE,
Skala Times,-,N/A,-,,Greece,skalatimes.com,No feed generated,FALSE,,,FALSE,
Punctul,https://punctul.ro/feed/,OG,success,2025-11-29 14:14:59,Romania,punctul.ro,To Do,FALSE,,,FALSE,Newly discovered RSS feed
Palakkad News,-,N/A,-,,India,palakkadnews.in,No feed generated,FALSE,,,FALSE,
BD Sylhet News,https://bdsylhetnews.net/feed,OG,success,2025-11-29 14:15:14,Bangladesh,bdsylhetnews.net,To Do,FALSE,,,FALSE,Newly discovered RSS feed
Turkinfo Hollanda Türk haber,https://www.turkinfo.nl/rss,OG,success,2025-11-29 14:15:26,Netherlands,turkinfo.nl,To Do,FALSE,,,FALSE,Newly discovered RSS feed
Monitorul de Neamț și Roman,https://monitorulneamt.ro/feed/,OG,success,2025-11-29 14:15:27,Romania,monitorulneamt.ro,To Do,FALSE,,,FALSE,Newly discovered RSS feed
Argolikes Eideseis,https://www.argolikeseidhseis.gr/feeds/posts/default,OG,success,2025-11-29 14:15:40,Greece,argolikeseidhseis.gr,To Do,FALSE,,,FALSE,Newly discovered RSS feed
PTTL,-,N/A,-,,Greece,pttl.gr,No feed generated,FALSE,,,FALSE,
Karatzova,https://www.karatzova.com/feeds/posts/default,OG,success,2025-11-29 14:15:44,Greece,karatzova.com,To Do,FALSE,,,FALSE,Newly discovered RSS feed
Maistros Newspaper,-,N/A,-,,Greece,e-maistros.gr,No feed generated,FALSE,,,FALSE,
depart.gr,https://depart.gr/feed/,OG,success,2025-11-29 14:16:20,Greece,depart.gr,To Do,FALSE,,,FALSE,Newly discovered RSS feed
Ora de Mediaș,https://orademedias.ro/feed/,OG,success,2025-11-29 14:16:24,Romania,orademedias.ro,To Do,FALSE,,,FALSE,Newly discovered RSS feed
Phoronix,https://phoronix.com/rss.php,OG,success,2025-11-29 11:48:28,United States,phoronix.com,To Do,FALSE,,,FALSE,Newly discovered RSS feed
Kárpátalja hetilap,https://karpataljalap.net/rss.xml,OG,success,2025-11-29 14:16:28,Hungary,karpataljalap.net,To Do,FALSE,,,FALSE,Newly discovered RSS feed
River Country News,-,N/A,-,,United States,rivercountrynews.com,No feed generated,FALSE,,,FALSE,
The Billfold,-,N/A,-,,United States,thebillfold.com,No feed generated,FALSE,,,FALSE,
Peel en Maas Venray,-,N/A,-,,Netherlands,peelenmaasvenray.nl,No feed generated,FALSE,,,FALSE,
Beograduzivo,https://www.beograduzivo.rs/feed/,OG,success,2025-11-29 14:16:31,Serbia,beograduzivo.rs,To Do,FALSE,,,FALSE,Newly discovered RSS feed
Arion Radio,https://arionradio.com/rss,OG,success,2025-11-29 14:16:35,Greece,arionradio.com,To Do,FALSE,,,FALSE,Newly discovered RSS feed
iAfrica,https://iafrica.com/feed/,OG,success,2025-11-29 14:16:59,South Africa,iafrica.com,To Do,FALSE,,,FALSE,Newly discovered RSS feed
Mostarski.ba,https://mostarski.ba/feed/,OG,success,2025-11-29 14:17:05,Bosnia and Herzegovina,mostarski.ba,To Do,FALSE,,,FALSE,Newly discovered RSS feed
Pi kanal,https://pikanal.rs/feed,OG,success,2025-11-29 14:17:10,Serbia,pikanal.rs,To Do,FALSE,,,FALSE,Newly discovered RSS feed
Yellow Brick Cinema,-,N/A,-,,United States,yellowbrickcinema.com,No feed generated,FALSE,,,FALSE,
Express de Banat,https://expressdebanat.ro/feed/,OG,success,2025-11-29 14:17:10,Romania,expressdebanat.ro,To Do,FALSE,,,FALSE,Newly discovered RSS feed
Millet Gazetesi,https://milletgazetesi.gr/rss.xml,OG,success,2025-11-29 14:17:17,Greece,milletgazetesi.gr,To Do,FALSE,,,FALSE,Newly discovered RSS feed
deal.com.mt,-,N/A,-,,Malta,deal.com.mt,No feed generated,FALSE,,,FALSE,
KampenOnline,https://kampenonline.nl/feed/,RSS,success,2025-11-29 14:17:21,Netherlands,kampenonline.nl,To Do,FALSE,,,FALSE,Newly discovered RSS feed
Bolec.Info,-,N/A,-,,Poland,bolec.info,No feed generated,FALSE,,,FALSE,
Allrounder,https://allrounderbd.com/feed/,OG,success,2025-11-29 14:17:48,Bangladesh,allrounderbd.com,To Do,FALSE,,,FALSE,Newly discovered RSS feed
Preveza TODAY,https://www.prevezatoday.gr/feed/,OG,success,2025-11-29 14:17:55,Greece,prevezatoday.gr,To Do,FALSE,,,FALSE,Newly discovered RSS feed
Olawa24,-,N/A,-,,Poland,olawa24.pl,No feed generated,FALSE,,,FALSE,
Εργατική Αλληλεγγύη,-,N/A,-,,Greece,ergatiki.gr,No feed generated,FALSE,,,FALSE,
Portal na Plus,https://portalnaplus.pl/feed/,OG,success,2025-11-29 14:18:06,Poland,portalnaplus.pl,To Do,FALSE,,,FALSE,Newly discovered RSS feed
NOIZZ.hu,https://www.noizz.hu/rss,OG,success,2025-11-29 14:18:11,Hungary,noizz.hu,To Do,FALSE,,,FALSE,Newly discovered RSS feed
Palmos News,https://palmosnews.gr/feed,OG,success,2025-11-29 14:18:13,Greece,palmosnews.gr,To Do,FALSE,,,FALSE,Newly discovered RSS feed
Layout.gr,https://lay-out.gr/feed/,OG,success,2025-11-29 14:18:28,Greece,lay-out.gr,To Do,FALSE,,,FALSE,Newly discovered RSS feed
Westerwolde Actueel,https://www.westerwoldeactueel.nl/feed/,OG,success,2025-11-29 14:18:53,Netherlands,westerwoldeactueel.nl,To Do,FALSE,,,FALSE,Newly discovered RSS feed
Texelse Courant,-,N/A,-,,Netherlands,texelsecourant.nl,No feed generated,FALSE,,,FALSE,
Economic Confidential,https://economicconfidential.com/feed/,OG,success,2025-11-29 14:18:53,Nigeria,economicconfidential.com,To Do,FALSE,,,FALSE,Newly discovered RSS feed
TV Zona Plus,https://tvzonaplus.rs/feed/,OG,success,2025-11-29 14:19:06,Serbia,tvzonaplus.rs,To Do,FALSE,,,FALSE,Newly discovered RSS feed
Kids&Go Wyjazdy z dziećmi,https://kidsandgo.pl/feed/,OG,success,2025-11-29 14:19:21,Poland,kidsandgo.pl,To Do,FALSE,,,FALSE,Newly discovered RSS feed
Worthy Talk BD,-,N/A,-,,Bangladesh,worthytalkbd.com,No feed generated,FALSE,,,FALSE,
West Wales Chronicle,-,N/A,-,,United Kingdom,westwaleschronicle.co.uk,No feed generated,FALSE,,,FALSE,
bilgoraj.com.pl,-,N/A,-,,Poland,bilgoraj.com.pl,No feed generated,FALSE,,,FALSE,
JobAlert.ie,-,N/A,-,,Ireland,jobalert.ie,No feed generated,FALSE,,,FALSE,
Timisoara Bulletin,https://buletindetimisoara.ro/feed,OG,success,2025-11-29 14:19:24,Romania,buletindetimisoara.ro,To Do,FALSE,,,FALSE,Newly discovered RSS feed
twojradom.pl,https://twojradom.pl/feed,OG,success,2025-11-29 14:19:27,Poland,twojradom.pl,To Do,FALSE,,,FALSE,Newly discovered RSS feed
Real Radio: KMMO,https://www.kmmo.com/feed/,OG,success,2025-11-29 11:48:31,United States,kmmo.com,To Do,FALSE,,,FALSE,Newly discovered RSS feed
Gnomip.gr,-,N/A,-,,Greece,gnomip.gr,No feed generated,FALSE,,,FALSE,
RTV EEN,https://rtveen.nl/feed/,OG,success,2025-11-29 14:19:29,Netherlands,rtveen.nl,To Do,FALSE,,,FALSE,Newly discovered RSS feed
Scholarship Opportunities,-,N/A,-,,Netherlands,studyopportunities.online,No feed generated,FALSE,,,FALSE,
Aquafeed24,https://aquafeed24.com/feed/,N/A,failed,2025-11-29 14:19:39,Greece,aquafeed24.com,To Do,FALSE,,,FALSE,Newly discovered RSS feed
WeRock.bg,-,N/A,-,,Bulgaria,werock.bg,No feed generated,FALSE,,,FALSE,
Katerini Sport,https://katerinisport.gr/feed/,OG,success,2025-11-29 14:19:47,Greece,katerinisport.gr,To Do,FALSE,,,FALSE,Newly discovered RSS feed
Advocates Philippines,https://www.advocatesomi.com/feed/rss2,OG,success,2025-11-29 14:19:59,Philippines,advocatesomi.com,To Do,FALSE,,,FALSE,Newly discovered RSS feed
Tyna.info.pl,-,N/A,-,,Poland,tyna.info.pl,No feed generated,FALSE,,,FALSE,
Romania24,https://romania24.ro/feed,OG,success,2025-11-29 14:20:00,Romania,romania24.ro,To Do,FALSE,,,FALSE,Newly discovered RSS feed
Biljke Za,https://www.biljkeza.com/feed/,OG,success,2025-11-29 14:20:16,Bosnia and Herzegovina,biljkeza.com,To Do,FALSE,,,FALSE,Newly discovered RSS feed
UK in Arabic,-,N/A,-,,United Kingdom,ukinarabic.co.uk,No feed generated,FALSE,,,FALSE,
AgrinioVOICE.gr,https://agriniovoice.gr/feed/,OG,success,2025-11-29 14:20:18,Greece,agriniovoice.gr,To Do,FALSE,,,FALSE,Newly discovered RSS feed
Carrie,https://carrie.hu/feed/,OG,success,2025-11-29 14:20:35,Hungary,carrie.hu,To Do,FALSE,,,FALSE,Newly discovered RSS feed
westcity.gr,https://westcity.gr/feed/,OG,success,2025-11-29 14:20:43,Greece,westcity.gr,To Do,FALSE,,,FALSE,Newly discovered RSS feed
Eldfesten,-,N/A,-,,Sweden,eldfesten.se,No feed generated,FALSE,,,FALSE,
Fansportu,https://fansportu.pl/feed,OG,success,2025-11-29 14:21:00,Poland,fansportu.pl,To Do,FALSE,,,FALSE,Newly discovered RSS feed
SIRIS Asten Someren,-,N/A,-,,Netherlands,siris.nl,No feed generated,FALSE,,,FALSE,
Retete Prajituri si Mancaruri,https://top24news.ro/feed/,Discovered-autodiscovery,N/A,,Romania,top24news.ro,No feed generated,FALSE,,,FALSE,
Smag 31,https://smag31.com/feed/,RSS,success,2025-11-29 14:21:01,Ireland,smag31.com,To Do,FALSE,,,FALSE,Newly discovered RSS feed
Concursi Online,https://www.concursuri.biz/feed/,RSS,success,2025-11-29 14:21:04,Romania,concursuri.biz,To Do,FALSE,,,FALSE,Newly discovered RSS feed
Élő Bolygónk,-,N/A,-,,Hungary,elobolygonk.hu,No feed generated,FALSE,,,FALSE,
Groot Nissewaard,-,N/A,-,,Netherlands,grootnissewaard.nl,No feed generated,FALSE,,,FALSE,
AgrinioTimes.gr,https://www.agriniotimes.gr/feed/,OG,success,2025-11-29 14:21:08,Greece,agriniotimes.gr,To Do,FALSE,,,FALSE,Newly discovered RSS feed
Nakolei.pl,https://www.nakolei.pl/feed/,OG,success,2025-11-29 14:21:11,Poland,nakolei.pl,To Do,FALSE,,,FALSE,Newly discovered RSS feed
ŚwiatWyścigów.pl,https://swiatwyscigow.pl/rss.xml,OG,success,2025-11-29 14:21:13,Poland,swiatwyscigow.pl,To Do,FALSE,,,FALSE,Newly discovered RSS feed
Kliknieuws,-,N/A,-,,Netherlands,kliknieuws.nl,No feed generated,FALSE,,,FALSE,
TV Zagora,https://zagoranews.bg/feed/,OG,success,2025-11-29 14:21:19,Bulgaria,zagoranews.bg,To Do,FALSE,,,FALSE,Newly discovered RSS feed
Świat Ciast,-,N/A,-,,Poland,swiatciast.pl,No feed generated,FALSE,,,FALSE,
Tychy News,https://tychynews.pl/feed/,OG,success,2025-11-29 14:21:26,Poland,tychynews.pl,To Do,FALSE,,,FALSE,Newly discovered RSS feed
Patragoal,https://patragoal.gr/feed/,OG,success,2025-11-29 14:21:30,Greece,patragoal.gr,To Do,FALSE,,,FALSE,Newly discovered RSS feed
TWM+,-,N/A,-,,United States,twm.news,No feed generated,FALSE,,,FALSE,
Rijswijk.tv,https://nieuws.feelgoodradio.nl/feed/,OG,success,2025-11-29 14:21:36,Netherlands,rijswijk.tv,To Do,FALSE,,,FALSE,Newly discovered RSS feed
RTV Lukavac,https://rtvlukavac.ba/feed/,OG,success,2025-11-29 14:21:37,Bosnia and Herzegovina,rtvlukavac.ba,To Do,FALSE,,,FALSE,Newly discovered RSS feed
PanoramaKutna.pl,https://panoramakutna.pl/feed/,OG,success,2025-11-29 14:21:45,Poland,panoramakutna.pl,To Do,FALSE,,,FALSE,Newly discovered RSS feed
Aradean Guide,-,N/A,-,,Romania,ghidularadean.ro,No feed generated,FALSE,,,FALSE,
Irish Boxing,https://www.irish-boxing.com/feed/,OG,success,2025-11-29 14:21:49,Ireland,irish-boxing.com,To Do,FALSE,,,FALSE,Newly discovered RSS feed
toftiaxa.gr,https://toftiaxa.gr/feed,OG,success,2025-11-29 14:21:54,Greece,toftiaxa.gr,To Do,FALSE,,,FALSE,Newly discovered RSS feed
zulawyimierzeja24.pl,-,N/A,-,,Poland,zulawyimierzeja24.pl,No feed generated,FALSE,,,FALSE,
Enoplos,https://www.enoplos.gr/feeds/posts/default,OG,success,2025-11-29 14:21:56,Greece,enoplos.gr,To Do,FALSE,,,FALSE,Newly discovered RSS feed
powrotroberta.pl,https://powrotroberta.pl/feed,OG,success,2025-11-29 14:21:58,Poland,powrotroberta.pl,To Do,FALSE,,,FALSE,Newly discovered RSS feed
The Sen Times,-,N/A,-,,India,tkbsen.in,No feed generated,FALSE,,,FALSE,
GRYOnline.pl,https://www.gry-online.pl/rss/news.xml,OG,success,2025-11-29 14:22:01,Poland,gry-online.pl,To Do,FALSE,,,FALSE,Newly discovered RSS feed
Glasul Cetatii,-,N/A,-,,Romania,glasulcetatii.ro,No feed generated,FALSE,,,FALSE,
PLBOLD.DK,https://www.plbold.dk/feed/,OG,success,2025-11-29 14:22:03,Denmark,plbold.dk,To Do,FALSE,,,FALSE,Newly discovered RSS feed
Czytaj Rzeszów,-,N/A,-,,Poland,czytajrzeszow.pl,No feed generated,FALSE,,,FALSE,
Serialowa,https://serialowa.pl/feed,OG,success,2025-11-29 14:22:07,Poland,serialowa.pl,To Do,FALSE,,,FALSE,Newly discovered RSS feed
Fulton County Expositor,-,N/A,-,,United States,fcnews.org,No feed generated,FALSE,,,FALSE,
Explore Jefferson,https://explorejeffersonpa.com/feed,OG,success,2025-11-29 11:48:34,United States,explorejeffersonpa.com,To Do,FALSE,,,FALSE,Newly discovered RSS feed
Drawskie Strony Internetowe,-,N/A,-,,Poland,dsi.net.pl,No feed generated,FALSE,,,FALSE,
Telewizja Limanowska,https://tv28.pl/feed/,OG,success,2025-11-29 14:22:18,Poland,tv28.pl,To Do,FALSE,,,FALSE,Newly discovered RSS feed
radiomax.gr,-,N/A,-,,Greece,radiomax.gr,No feed generated,FALSE,,,FALSE,
Hit Rádió.hu,https://hitradio.hu/rss/,OG,success,2025-11-29 14:22:25,Hungary,hitradio.hu,To Do,FALSE,,,FALSE,Newly discovered RSS feed
serraikanea.gr,https://serraikanea.gr/feed,OG,success,2025-11-29 14:22:31,Greece,serraikanea.gr,To Do,FALSE,,,FALSE,Newly discovered RSS feed
01Portal,http://01portal.hr/feed/,OG,success,2025-11-29 14:22:33,Croatia,01portal.hr,To Do,FALSE,,,FALSE,Newly discovered RSS feed
Asociaţia Română de Nutriţie şi Dietetică (ARoND),-,N/A,-,,Romania,nutritiedietetica.ro,No feed generated,FALSE,,,FALSE,
medjugorje-info.com,https://www.medjugorje-info.com/feed/rss,OG,success,2025-11-29 14:22:37,Croatia,medjugorje-info.com,To Do,FALSE,,,FALSE,Newly discovered RSS feed
Money Inc,-,N/A,-,,United States,moneyinc.com,No feed generated,FALSE,,,FALSE,
Lowiczanin.info,-,N/A,-,,Poland,lowiczanin.info,No feed generated,FALSE,,,FALSE,
Fagersta Nyheter,https://fagerstanyheter.com/feed/,OG,success,2025-11-29 14:22:42,Sweden,fagerstanyheter.com,To Do,FALSE,,,FALSE,Newly discovered RSS feed
Bucovina Media,-,N/A,-,,Romania,bucovinamedia.ro,No feed generated,FALSE,,,FALSE,
Ευρυτανικά ΝΕΑ,https://evrytanika.gr/feed/,OG,success,2025-11-29 14:22:51,Greece,evrytanika.gr,To Do,FALSE,,,FALSE,Newly discovered RSS feed
Telewizja Walbrzych,-,N/A,-,,Poland,tvwalbrzych.pl,No feed generated,FALSE,,,FALSE,
TV Fagaras,https://www.tvfagaras.ro/feed/,OG,success,2025-11-29 14:22:56,Romania,tvfagaras.ro,To Do,FALSE,,,FALSE,Newly discovered RSS feed
Epirusgate,https://epirusgate.gr/feed/,OG,success,2025-11-29 14:23:01,Greece,epirusgate.gr,To Do,FALSE,,,FALSE,Newly discovered RSS feed
Thessalianews.gr,-,N/A,-,,Greece,thessalianews.gr,No feed generated,FALSE,,,FALSE,
"The Book, The Film, The T-Shirt",https://thebookthefilmthetshirt.co.uk/feed/,OG,success,2025-11-29 11:48:40,United Kingdom,thebookthefilmthetshirt.co.uk,To Do,FALSE,,,FALSE,Newly discovered RSS feed
The Paper,-,N/A,-,,Greece,thepaper.gr,No feed generated,FALSE,,,FALSE,
Idoma Voice,https://idomavoice.com/feed/,OG,success,2025-11-29 14:23:04,Nigeria,idomavoice.com,To Do,FALSE,,,FALSE,Newly discovered RSS feed
Atlanta's Frugal Mom,-,N/A,-,,United States,atlantasfrugalmom.com,No feed generated,FALSE,,,FALSE,
Framingham Source,https://framinghamsource.com/index.php/feed/,OG,success,2025-11-29 11:48:49,United Kingdom,framinghamsource.com,To Do,FALSE,,,FALSE,Newly discovered RSS feed
Art of Mathematics,https://mathematicsart.com/feed/,OG,success,2025-11-29 11:48:52,United States,mathematicsart.com,To Do,FALSE,,,FALSE,Newly discovered RSS feed
epiotrkow.pl,-,N/A,-,,Poland,epiotrkow.pl,No feed generated,FALSE,,,FALSE,
LionhearTV,https://www.lionheartv.net/feed/,OG,success,2025-11-29 14:23:04,Philippines,lionheartv.net,To Do,FALSE,,,FALSE,Newly discovered RSS feed
Roditel.bg,https://roditel.bg/feed/,OG,success,2025-11-29 14:23:11,Bulgaria,roditel.bg,To Do,FALSE,,,FALSE,Newly discovered RSS feed
Bucuresti TV,https://www.bucurestitv.net/feed/,Discovered-autodiscovery,N/A,,Romania,bucurestitv.net,No feed generated,FALSE,,,FALSE,
Balkani News English,-,N/A,-,,India,balkaninews.com,No feed generated,FALSE,,,FALSE,
ZanteTimes.GR,https://zantetimes.gr/feed/,OG,success,2025-11-29 14:23:14,Greece,zantetimes.gr,To Do,FALSE,,,FALSE,Newly discovered RSS feed
TVOvermind,https://tvovermind.com/feed/,OG,success,2025-11-29 11:49:07,United States,tvovermind.com,To Do,FALSE,,,FALSE,Newly discovered RSS feed
Ekalampaka,-,N/A,-,,Greece,ekalampaka.gr,No feed generated,FALSE,,,FALSE,
Euosmos,https://www.euosmos.gr/feed/,OG,success,2025-11-29 14:23:22,Greece,euosmos.gr,To Do,FALSE,,,FALSE,Newly discovered RSS feed
Svouranews.gr,https://www.svouranews.gr/feed/,OG,success,2025-11-29 14:23:25,Greece,svouranews.gr,To Do,FALSE,,,FALSE,Newly discovered RSS feed
Stord24,https://www.stord24.no/rss,OG,success,2025-11-29 14:23:27,Norway,stord24.no,To Do,FALSE,,,FALSE,Newly discovered RSS feed
Theprp.com,https://theprp.com/feed,OG,success,2025-11-29 11:49:09,United States,theprp.com,To Do,FALSE,,,FALSE,Newly discovered RSS feed
Anatolh Online,https://www.anatolh.com/feed/,"OG (4), RSS (6)",success,2025-11-29 14:23:30,Greece,anatolh.com,To Do,FALSE,,,FALSE,Newly discovered RSS feed
Regional Media,-,N/A,-,,United States,regionalmedia.info,No feed generated,FALSE,,,FALSE,
Lipički Compas,-,N/A,-,,Croatia,compas.com.hr,No feed generated,FALSE,,,FALSE,
The Black Detour,-,N/A,-,,United States,theblackdetour.com,No feed generated,FALSE,,,FALSE,
Hollywood Outbreak,https://www.hollywoodoutbreak.com/feed/,OG,success,2025-11-29 11:49:11,United States,hollywoodoutbreak.com,To Do,FALSE,,,FALSE,Newly discovered RSS feed
Kujawska Media Group,-,N/A,-,,Poland,mojakruszwica.pl,No feed generated,FALSE,,,FALSE,
Kerkyrasimera,https://www.kerkyrasimera.gr/feed/,OG,success,2025-11-29 14:23:33,Greece,kerkyrasimera.gr,To Do,FALSE,,,FALSE,Newly discovered RSS feed
Evia Zoom,https://www.eviazoom.gr/feeds/posts/default,OG,success,2025-11-29 14:23:35,Greece,eviazoom.gr,To Do,FALSE,,,FALSE,Newly discovered RSS feed
Utánpótlássport.hu 62 sportág friss hírei egy helyen,https://utanpotlassport.hu/rss.xml,RSS,success,2025-11-29 14:23:37,Hungary,utanpotlassport.hu,To Do,FALSE,,,FALSE,Newly discovered RSS feed
Carture,https://carture.com.tw/rss,OG,success,2025-11-29 14:23:40,Taiwan,carture.com.tw,To Do,FALSE,,,FALSE,Newly discovered RSS feed
Football Transfers,https://footballtransfers.com/feed,OG,success,2025-11-29 11:49:23,United Kingdom,footballtransfers.com,To Do,FALSE,,,FALSE,Newly discovered RSS feed
Cooktop Cove,-,N/A,-,,United States,cooktopcove.com,No feed generated,FALSE,,,FALSE,
Uskvijesti.ba,https://uskvijesti.ba/feed/,OG,success,2025-11-29 14:23:42,Bosnia and Herzegovina,uskvijesti.ba,To Do,FALSE,,,FALSE,Newly discovered RSS feed
Dot Daily Dose,https://www.dotdailydose.net/feed/,OG,success,2025-11-29 14:23:46,Philippines,dotdailydose.net,To Do,FALSE,,,FALSE,Newly discovered RSS feed
Biskotto,https://www.biskotto.gr/feed/,OG,success,2025-11-29 11:49:39,United States,biskotto.gr,To Do,FALSE,,,FALSE,Newly discovered RSS feed
Фронтал,https://www.frontal.ba/feed/,OG,success,2025-11-29 14:23:50,Serbia,frontal.ba,To Do,FALSE,,,FALSE,Newly discovered RSS feed
Inside The Iggles,https://insidetheiggles.com/feed,OG,success,2025-11-29 11:49:43,United States,insidetheiggles.com,To Do,FALSE,,,FALSE,Newly discovered RSS feed
SuomiF1,-,N/A,-,,Finland,suomif1.com,No feed generated,FALSE,,,FALSE,
Quraan College,-,N/A,-,,Pakistan,quraancollege.com,No feed generated,FALSE,,,FALSE,
Glasul Aradului,https://glsa.ro/feed,OG,success,2025-11-29 14:23:56,Romania,glsa.ro,To Do,FALSE,,,FALSE,Newly discovered RSS feed
ACMilan24.com,https://acmilan24.com/rss.xml,OG,success,2025-11-29 14:24:01,Poland,acmilan24.com,To Do,FALSE,,,FALSE,Newly discovered RSS feed
TV2 Bornholm,https://tv2bornholm.dk/rss,"OG (7), RSS (3)",success,2025-11-29 14:24:04,Denmark,tv2bornholm.dk,To Do,FALSE,,,FALSE,Newly discovered RSS feed
Pet Sitting,-,N/A,-,,Greece,pet-sitting.gr,No feed generated,FALSE,,,FALSE,
EIvanec,-,N/A,-,,Croatia,eivanec.com,No feed generated,FALSE,,,FALSE,
Unite Asia,https://uniteasia.org/feed/,"OG (9), RSS (1)",success,2025-11-29 14:24:23,Singapore,uniteasia.org,To Do,FALSE,,,FALSE,Newly discovered RSS feed
Notibomba (NB),https://notibomba.com/feed/,OG,success,2025-11-29 11:49:45,United States,notibomba.com,To Do,FALSE,,,FALSE,Newly discovered RSS feed
Chojna24,https://www.chojna24.pl/feeds/posts/default,OG,success,2025-11-29 14:24:25,Poland,chojna24.pl,To Do,FALSE,,,FALSE,Newly discovered RSS feed
Stirea Zilei,https://stireazilei.com/feed/,OG,success,2025-11-29 14:24:28,Romania,stireazilei.com,To Do,FALSE,,,FALSE,Newly discovered RSS feed
Feel the words,-,N/A,-,,India,feelthewords.com,No feed generated,FALSE,,,FALSE,
BDC Televizija,-,N/A,-,,Bosnia and Herzegovina,brcko.tv,No feed generated,FALSE,,,FALSE,
Periodista,https://periodista.gr/feed/,OG,success,2025-11-29 14:24:30,Greece,periodista.gr,To Do,FALSE,,,FALSE,Newly discovered RSS feed
Kaposvár Most,https://kaposvarmost.hu/rss,OG,success,2025-11-29 14:24:45,Hungary,kaposvarmost.hu,To Do,FALSE,,,FALSE,Newly discovered RSS feed
Expert,https://expert.bg/rss,OG,success,2025-11-29 14:24:53,Bulgaria,expert.bg,To Do,FALSE,,,FALSE,Newly discovered RSS feed
Sun Signs,https://www.sunsigns.org/feed/,OG,success,2025-11-29 11:49:47,United States,sunsigns.org,To Do,FALSE,,,FALSE,Newly discovered RSS feed
Schools that Rock SA,https://schoolsthatrock.co.za/feed/,OG,success,2025-11-29 14:25:22,South Africa,schoolsthatrock.co.za,To Do,FALSE,,,FALSE,Newly discovered RSS feed
e Lubin,-,N/A,-,,Poland,elubin.pl,No feed generated,FALSE,,,FALSE,
Zinapost.gr,-,N/A,-,,Greece,zinapost.gr,No feed generated,FALSE,,,FALSE,
Online Nytt,https://www.onlinenytt.com/feed/,OG,success,2025-11-29 14:25:28,Norway,onlinenytt.com,To Do,FALSE,,,FALSE,Newly discovered RSS feed
Defend the Catholic Faith,https://www.dcfvanguards.com/feed/,RSS,success,2025-11-29 14:25:35,Philippines,dcfvanguards.com,To Do,FALSE,,,FALSE,Newly discovered RSS feed
DND Pakistan,https://dnd.com.pk/feed/,OG,success,2025-11-29 14:25:43,Pakistan,dnd.com.pk,To Do,FALSE,,,FALSE,Newly discovered RSS feed
Reč Naroda Požarevac,https://recnaroda.co.rs/feed/,OG,success,2025-11-29 14:25:56,Serbia,recnaroda.co.rs,To Do,FALSE,,,FALSE,Newly discovered RSS feed
US Malayali,-,N/A,-,,United States,usmalayali.com,No feed generated,FALSE,,,FALSE,
Jago Sylhet,-,N/A,-,,Bangladesh,jagosylhet.news,No feed generated,FALSE,,,FALSE,
Cronica Vaii Jiului,https://cronicavj.ro/feed/,OG,success,2025-11-29 14:25:59,Romania,cronicavj.ro,To Do,FALSE,,,FALSE,Newly discovered RSS feed
Tusochaczew,-,N/A,-,,Poland,tusochaczew.pl,No feed generated,FALSE,,,FALSE,
Gostyn24.pl,-,N/A,-,,Poland,gostyn24.pl,No feed generated,FALSE,,,FALSE,
Ti Nea Larissa,-,N/A,-,,Greece,tinealarissa.gr,No feed generated,FALSE,,,FALSE,
SibenikNews,-,N/A,-,,Hungary,mok.hr,No feed generated,FALSE,,,FALSE,
Radiomures,https://www.radiomures.ro/feed,N/A,failed,2025-11-29 14:26:06,Romania,radiomures.ro,To Do,FALSE,,,FALSE,Newly discovered RSS feed
Sözmedia,https://www.sozmedia.ro/feed/,OG,success,2025-11-29 14:26:09,Romania,sozmedia.ro,To Do,FALSE,,,FALSE,Newly discovered RSS feed
Het Nieuws Vandaag,-,N/A,-,,Netherlands,hetnieuwsvandaag.be,No feed generated,FALSE,,,FALSE,
Scena,https://www.scena.hr/feed/,OG,success,2025-11-29 14:26:28,Croatia,scena.hr,To Do,FALSE,,,FALSE,Newly discovered RSS feed
PravasiExpress,https://pravasiexpress.com/rss/,OG,success,2025-11-29 14:26:28,Singapore,pravasiexpress.com,To Do,FALSE,,,FALSE,Newly discovered RSS feed
ModaHayat,https://modahayat.com/feed,N/A,failed,2025-11-29 14:26:29,Turkey,modahayat.com,To Do,FALSE,,,FALSE,Newly discovered RSS feed
Lefkada Press,https://lefkadapress.gr/feed/,OG,success,2025-11-29 14:26:31,Greece,lefkadapress.gr,To Do,FALSE,,,FALSE,Newly discovered RSS feed
RDN Nowy Sacz,https://rdn.pl/feed/,OG,success,2025-11-29 14:26:41,Poland,rdn.pl,To Do,FALSE,,,FALSE,Newly discovered RSS feed
gsmManiaK,https://gsmmaniak.pl/feed/,OG,success,2025-11-29 14:26:47,Poland,gsmmaniak.pl,To Do,FALSE,,,FALSE,Newly discovered RSS feed
Athletic Media Group,-,N/A,-,,Greece,athleticmediagroup.com,No feed generated,FALSE,,,FALSE,
Rock Overdose,-,N/A,-,,Greece,rockoverdose.gr,No feed generated,FALSE,,,FALSE,
Víctor Báez,https://www.vicbaez.com/feed/,OG,success,2025-11-29 11:49:47,United States,vicbaez.com,To Do,FALSE,,,FALSE,Newly discovered RSS feed
AEK Passion,http://aekpassion.gr/feed/,Discovered-pattern,N/A,,Greece,aekpassion.gr,No feed generated,FALSE,,,FALSE,
Radio Radom,https://radioradom.pl/feed/,OG,success,2025-11-29 14:26:57,Poland,radioradom.pl,To Do,FALSE,,,FALSE,Newly discovered RSS feed
MessolonghiNews,https://messolonghinews.gr/feed/,OG,success,2025-11-29 14:27:03,Greece,messolonghinews.gr,To Do,FALSE,,,FALSE,Newly discovered RSS feed
Manset Haber,https://mansethaber.at/feed,OG,success,2025-11-29 14:27:16,Turkey,mansethaber.at,To Do,FALSE,,,FALSE,Newly discovered RSS feed
Radio Unirea FM,https://www.radiounirea.ro/feed,OG,success,2025-11-29 14:27:22,Romania,radiounirea.ro,To Do,FALSE,,,FALSE,Newly discovered RSS feed
epiloges.tv,https://epiloges.tv/feed/,OG,success,2025-11-29 14:27:25,Greece,epiloges.tv,To Do,FALSE,,,FALSE,Newly discovered RSS feed
Sarkarnama,https://sarkarnama.in/feed,OG,success,2025-11-29 14:27:26,India,sarkarnama.in,To Do,FALSE,,,FALSE,Newly discovered RSS feed
eSanok.pl,https://esanok.pl/feed,OG,success,2025-11-29 14:27:35,Poland,esanok.pl,To Do,FALSE,,,FALSE,Newly discovered RSS feed
Faktopedia,-,N/A,-,,Poland,faktopedia.pl,No feed generated,FALSE,,,FALSE,
Bulgarian Military,https://bulgarianmilitary.com/feed/,OG,success,2025-11-29 14:27:36,Bulgaria,bulgarianmilitary.com,To Do,FALSE,,,FALSE,Newly discovered RSS feed
Exquis,https://www.exquis.ro/feed/,OG,success,2025-11-29 14:27:53,Romania,exquis.ro,To Do,FALSE,,,FALSE,Newly discovered RSS feed
Replica - Info HD,https://replicahd.ro/feed,OG,success,2025-11-29 14:28:32,Romania,replicahd.ro,To Do,FALSE,,,FALSE,Newly discovered RSS feed
Tygodnik Zamojski,-,N/A,-,,Poland,tygodnikzamojski.pl,No feed generated,FALSE,,,FALSE,
Voice of Rodopi online,https://fonirodopis.gr/feed/,OG,success,2025-11-29 14:28:46,Greece,fonirodopis.gr,To Do,FALSE,,,FALSE,Newly discovered RSS feed
mother-father,-,N/A,-,,Hungary,anyasapas.hu,No feed generated,FALSE,,,FALSE,
Gs Press,-,N/A,-,,Croatia,gspress.net,No feed generated,FALSE,,,FALSE,
polnocna.tv,https://polnocna.tv/feed/,OG,success,2025-11-29 14:28:51,Poland,polnocna.tv,To Do,FALSE,,,FALSE,Newly discovered RSS feed
Gazeta de Botosani,https://www.gazetabt.ro/feed/,OG,success,2025-11-29 14:28:55,Romania,gazetabt.ro,To Do,FALSE,,,FALSE,Newly discovered RSS feed
Viorel Balan,https://batranete.com/feed/,OG,success,2025-11-29 14:29:02,Romania,batranete.com,To Do,FALSE,,,FALSE,Newly discovered RSS feed
Kanal 6,https://kanal6.tv/feed/,OG,success,2025-11-29 14:29:10,Bulgaria,kanal6.tv,To Do,FALSE,,,FALSE,Newly discovered RSS feed
WithGuitars,https://www.withguitars.com/feed/,RSS,success,2025-11-29 11:50:04,United States,withguitars.com,To Do,FALSE,,,FALSE,Newly discovered RSS feed
BBALL.bg,https://bball.bg/feed/,OG,success,2025-11-29 14:29:19,Bulgaria,bball.bg,To Do,FALSE,,,FALSE,Newly discovered RSS feed
RailAdvent,https://www.railadvent.co.uk/feed,OG,success,2025-11-29 11:50:16,United Kingdom,railadvent.co.uk,To Do,FALSE,,,FALSE,Newly discovered RSS feed
Timisoara Stiri,https://www.timisoarastiri.ro/feed/,OG,success,2025-11-29 14:29:29,Romania,timisoarastiri.ro,To Do,FALSE,,,FALSE,Newly discovered RSS feed
Ki24,-,N/A,-,,Poland,ki24.info,No feed generated,FALSE,,,FALSE,
GreekPress.gr,-,N/A,-,,Greece,greekpress.gr,No feed generated,FALSE,,,FALSE,
Imero Dromos,-,N/A,-,,Greece,imerodromos.gr,No feed generated,FALSE,,,FALSE,
Kezdő5,https://kezdo5.hu/rss,OG,success,2025-11-29 14:29:32,Hungary,kezdo5.hu,To Do,FALSE,,,FALSE,Newly discovered RSS feed
SuperSafeway,https://supersafeway.com/feed/,OG,success,2025-11-29 11:50:20,United States,supersafeway.com,To Do,FALSE,,,FALSE,Newly discovered RSS feed
Centrul Media BucPress Cernăuți,https://bucpress.eu/feed/,OG,success,2025-11-29 14:29:34,Romania,bucpress.eu,To Do,FALSE,,,FALSE,Newly discovered RSS feed
CorfuPress.com,-,N/A,-,,Greece,corfupress.com,No feed generated,FALSE,,,FALSE,
CNA News,https://www.cna.gr/feed/,OG,success,2025-11-29 14:29:56,Greece,cna.gr,To Do,FALSE,,,FALSE,Newly discovered RSS feed
Užička Nedelja,https://uzickanedelja.rs/feed/,OG,success,2025-11-29 14:29:58,Serbia,uzickanedelja.rs,To Do,FALSE,,,FALSE,Newly discovered RSS feed
KrushiNama,-,N/A,-,,India,krushinama.com,No feed generated,FALSE,,,FALSE,
Kaposvári Programok,https://kaposvariprogramok.hu/rss.xml,OG,success,2025-11-29 14:30:02,Hungary,kaposvariprogramok.hu,To Do,FALSE,,,FALSE,Newly discovered RSS feed
Bangla Post,https://banglapost.co.uk/feed,OG,success,2025-11-29 14:30:11,Bangladesh,banglapost.co.uk,To Do,FALSE,,,FALSE,Newly discovered RSS feed
Locuri de Munca,https://locurimunca.net/feed/,Discovered-autodiscovery,N/A,,Romania,locurimunca.net,No feed generated,FALSE,,,FALSE,
Twoja Słupca.pl,https://twojaslupca.pl/feed/,OG,success,2025-11-29 14:30:13,Poland,twojaslupca.pl,To Do,FALSE,,,FALSE,Newly discovered RSS feed
evros24.gr,https://www.evros24.gr/feed/,OG,success,2025-11-29 14:30:16,Greece,evros24.gr,To Do,FALSE,,,FALSE,Newly discovered RSS feed
Jóportál,-,N/A,-,,Hungary,joportal.hu,No feed generated,FALSE,,,FALSE,
Kriti 24,-,N/A,-,,Greece,kriti24.gr,No feed generated,FALSE,,,FALSE,
Radio Piekary,-,N/A,-,,Poland,radiopiekary.pl,No feed generated,FALSE,,,FALSE,
Komló Média,-,N/A,-,,Hungary,komlomedia.hu,No feed generated,FALSE,,,FALSE,
e-tetRadio.gr,https://www.e-tetradio.gr/RSS,OG,success,2025-11-29 14:30:20,Greece,e-tetradio.gr,To Do,FALSE,,,FALSE,Newly discovered RSS feed
Bujanovačke,https://bujanovacke.co.rs/feed/,OG,success,2025-11-29 14:30:37,Serbia,bujanovacke.co.rs,To Do,FALSE,,,FALSE,Newly discovered RSS feed
WSJM,https://www.wsjm.com/feed/,OG,success,2025-11-29 11:50:27,United States,wsjm.com,To Do,FALSE,,,FALSE,Newly discovered RSS feed
Marathon Press,https://news.marathonpress.gr/feed/,OG,success,2025-11-29 14:30:54,Greece,news.marathonpress.gr,To Do,FALSE,,,FALSE,Newly discovered RSS feed
Odkrywamy Zakryte,https://www.odkrywamyzakryte.com/feed/,RSS,success,2025-11-29 14:30:58,Poland,odkrywamyzakryte.com,To Do,FALSE,,,FALSE,Newly discovered RSS feed
Format3A,http://format3a.pl/feed,OG,success,2025-11-29 14:31:02,Poland,format3a.pl,To Do,FALSE,,,FALSE,Newly discovered RSS feed
Dolina Lašve,https://dolinalasve.info/feed/,OG,success,2025-11-29 14:31:13,Croatia,dolinalasve.info,To Do,FALSE,,,FALSE,Newly discovered RSS feed
ArenaLarissa.gr,https://arenalarissa.gr/feed,OG,success,2025-11-29 14:31:17,Greece,arenalarissa.gr,To Do,FALSE,,,FALSE,Newly discovered RSS feed
Blackbox Nigeria,https://blackboxnigeria.com/feed/,OG,success,2025-11-29 14:31:20,Nigeria,blackboxnigeria.com,To Do,FALSE,,,FALSE,Newly discovered RSS feed
Handbal Mania,https://handbalmania.ro/feed,OG,success,2025-11-29 14:31:28,Romania,handbalmania.ro,To Do,FALSE,,,FALSE,Newly discovered RSS feed
NTV Arena,https://ntvarena.com/feed/,OG,success,2025-11-29 14:31:31,Bosnia and Herzegovina,ntvarena.com,To Do,FALSE,,,FALSE,Newly discovered RSS feed
Idei Amenajari,https://ideiamenajari.ro/feed/,OG,success,2025-11-29 14:31:38,Romania,ideiamenajari.ro,To Do,FALSE,,,FALSE,Newly discovered RSS feed
OlesnicaInfo.pl,https://olesnicainfo.pl/feed/,OG,success,2025-11-29 14:31:41,Poland,olesnicainfo.pl,To Do,FALSE,,,FALSE,Newly discovered RSS feed
trikalaenimerosi.gr,https://trikalaenimerosi.gr/feed/,OG,success,2025-11-29 14:31:45,Greece,trikalaenimerosi.gr,To Do,FALSE,,,FALSE,Newly discovered RSS feed
НАКРАТКО,-,N/A,-,,Bulgaria,nakratko.bg,No feed generated,FALSE,,,FALSE,
kosmoslarissa.gr,https://kosmoslarissa.gr/feed/,OG,success,2025-11-29 14:31:49,Greece,kosmoslarissa.gr,To Do,FALSE,,,FALSE,Newly discovered RSS feed
Radio Plus Radom,-,N/A,-,,Poland,radioplus.com.pl,No feed generated,FALSE,,,FALSE,
Akdeniz Manşet Gazetesi,https://akdenizmanset.com.tr/rss,OG,success,2025-11-29 14:31:52,Turkey,akdenizmanset.com.tr,To Do,FALSE,,,FALSE,Newly discovered RSS feed
Rethnea.gr,https://rethnea.gr/feed/,OG,success,2025-11-29 14:31:59,Greece,rethnea.gr,To Do,FALSE,,,FALSE,Newly discovered RSS feed
Mouzakinews.gr,-,N/A,-,,Greece,mouzakinews.gr,No feed generated,FALSE,,,FALSE,
MojaModriča.info,-,N/A,-,,Bosnia and Herzegovina,mojamodrica.info,No feed generated,FALSE,,,FALSE,
Chicago Desavanja,-,N/A,-,,Serbia,chicagodesavanja.us,No feed generated,FALSE,,,FALSE,
Patratora.news,-,N/A,-,,Greece,patratora.news,No feed generated,FALSE,,,FALSE,
Impuls Portal,https://impulsportal.net/feed/,OG,success,2025-11-29 14:32:06,Bosnia and Herzegovina,impulsportal.net,To Do,FALSE,,,FALSE,Newly discovered RSS feed
ProBraila,https://probr.ro/feed/,OG,success,2025-11-29 14:32:09,Romania,probr.ro,To Do,FALSE,,,FALSE,Newly discovered RSS feed
Proti News,https://www.protinews.com.gr/feed/,OG,success,2025-11-29 14:32:19,Greece,protinews.com.gr,To Do,FALSE,,,FALSE,Newly discovered RSS feed
Dordt Centraal,http://dordtcentraal.nl/feed,OG,success,2025-11-29 14:32:22,Netherlands,dordtcentraal.nl,To Do,FALSE,,,FALSE,Newly discovered RSS feed
Minden Oké,-,N/A,-,,Hungary,mindenoke.hu,No feed generated,FALSE,,,FALSE,
BizLaw,https://bizlaw.md/feed,OG,success,2025-11-29 14:32:27,Romania,bizlaw.md,To Do,FALSE,,,FALSE,Newly discovered RSS feed
Κίνημα Υπέρβαση,https://kinima-ypervasi.gr/feed,OG,success,2025-11-29 14:32:34,Greece,kinima-ypervasi.gr,To Do,FALSE,,,FALSE,Newly discovered RSS feed
Przeambitni.pl,https://przeambitni.pl/feed/,OG,success,2025-11-29 14:32:36,Poland,przeambitni.pl,To Do,FALSE,,,FALSE,Newly discovered RSS feed
KIDSinfo,https://kidsinfo.ba/feed/,OG,success,2025-11-29 14:32:48,Bosnia and Herzegovina,kidsinfo.ba,To Do,FALSE,,,FALSE,Newly discovered RSS feed
CityBuzz,https://citybuzz.pl/feed/,OG,success,2025-11-29 14:32:51,Poland,citybuzz.pl,To Do,FALSE,,,FALSE,Newly discovered RSS feed
Bingöl Sürmanşet,https://bingolsurmanset.com/rss,OG,success,2025-11-29 14:32:55,Turkey,bingolsurmanset.com,To Do,FALSE,,,FALSE,Newly discovered RSS feed
MessiniaLive,https://www.messinialive.gr/feed/,OG,success,2025-11-29 14:33:08,Greece,messinialive.gr,To Do,FALSE,,,FALSE,Newly discovered RSS feed
Proti Online,https://protionline.gr/feed/,OG,success,2025-11-29 14:33:10,Greece,protionline.gr,To Do,FALSE,,,FALSE,Newly discovered RSS feed
Basketbolig.com,https://basketbolig.com/rss.xml,OG,success,2025-11-29 14:33:14,Turkey,basketbolig.com,To Do,FALSE,,,FALSE,Newly discovered RSS feed
Xiakoslaos.gr,https://www.xiakoslaos.gr/feed/,OG,success,2025-11-29 14:33:20,Greece,xiakoslaos.gr,To Do,FALSE,,,FALSE,Newly discovered RSS feed
Radio Prnjavor,https://prnjavorlive.info/feed/,OG,success,2025-11-29 14:33:35,Bosnia and Herzegovina,prnjavorlive.info,To Do,FALSE,,,FALSE,Newly discovered RSS feed
Polskie Radio Koszalin,-,N/A,-,,Poland,prk24.pl,No feed generated,FALSE,,,FALSE,
Vršac,https://www.evrsac.rs/feed/,OG,success,2025-11-29 14:33:44,Serbia,evrsac.rs,To Do,FALSE,,,FALSE,Newly discovered RSS feed
Eemskrant,https://www.eemskrant.nl/feed/,OG,success,2025-11-29 14:33:47,Netherlands,eemskrant.nl,To Do,FALSE,,,FALSE,Newly discovered RSS feed
Buzoienii,https://buzoienii.ro/rss/,OG,success,2025-11-29 14:33:56,Romania,buzoienii.ro,To Do,FALSE,,,FALSE,Newly discovered RSS feed
Zoosos,-,N/A,-,,Greece,zoosos.gr,No feed generated,FALSE,,,FALSE,
Ozon Press,-,N/A,-,,Bosnia and Herzegovina,ozonpress.net,No feed generated,FALSE,,,FALSE,
Αλεξάνδρεια-Γιδάς,https://www.alexandreia-gidas.gr/2017/feed/,OG,success,2025-11-29 14:34:06,Greece,alexandreia-gidas.gr,To Do,FALSE,,,FALSE,Newly discovered RSS feed
Pinguin Radio,-,N/A,-,,Netherlands,pinguinradio.com,No feed generated,FALSE,,,FALSE,
Przyślij Przepis,https://przyslijprzepis.pl/rss,OG,success,2025-11-29 14:34:13,Poland,przyslijprzepis.pl,To Do,FALSE,,,FALSE,Newly discovered RSS feed
Radio Vrbovec,https://radiovrbovec.hr/feed,OG,success,2025-11-29 14:34:22,Croatia,radiovrbovec.hr,To Do,FALSE,,,FALSE,Newly discovered RSS feed
MojDoboj.info,-,N/A,-,,Bosnia and Herzegovina,mojdoboj.info,No feed generated,FALSE,,,FALSE,
Mediariket,https://www.mediariket.se/feed/,OG,success,2025-11-29 14:34:33,Sweden,mediariket.se,To Do,FALSE,,,FALSE,Newly discovered RSS feed
Bonaire Nu,-,N/A,-,,Netherlands,bonaire.nu,No feed generated,FALSE,,,FALSE,
ziarulteleormanul,https://ziarulteleormanul.ro/feed/,OG,success,2025-11-29 14:34:40,Romania,ziarulteleormanul.ro,To Do,FALSE,,,FALSE,Newly discovered RSS feed
Gorj Online,https://gorjonline.ro/feed/,OG,success,2025-11-29 14:34:45,Romania,gorjonline.ro,To Do,FALSE,,,FALSE,Newly discovered RSS feed
Zdrave.net,https://www.zdrave.net/news.xml,OG,success,2025-11-29 14:35:00,Bulgaria,zdrave.net,To Do,FALSE,,,FALSE,Newly discovered RSS feed
Alanya Time Haber,https://www.alanyatimehaber.com/rss.xml,OG,success,2025-11-29 14:35:03,Turkey,alanyatimehaber.com,To Do,FALSE,,,FALSE,Newly discovered RSS feed
irafina.gr,https://www.irafina.gr/feed/,OG,success,2025-11-29 14:35:08,Greece,irafina.gr,To Do,FALSE,,,FALSE,Newly discovered RSS feed
Kaboutjie,https://kaboutjie.com/feed/,OG,success,2025-11-29 14:35:09,South Africa,kaboutjie.com,To Do,FALSE,,,FALSE,Newly discovered RSS feed
Fajny Ogród,https://fajnyogrod.pl/feeds/,RSS,success,2025-11-29 14:35:11,Poland,fajnyogrod.pl,To Do,FALSE,,,FALSE,Newly discovered RSS feed
Makó Hiradó,https://makohirado.hu/feed/,OG,success,2025-11-29 14:35:14,Hungary,makohirado.hu,To Do,FALSE,,,FALSE,Newly discovered RSS feed
Plovdiv News,https://plovdivnews.bg/feed/,OG,success,2025-11-29 14:35:31,Bulgaria,plovdivnews.bg,To Do,FALSE,,,FALSE,Newly discovered RSS feed
BarcelonaFC.dk,https://barcelonafc.dk/rss.xml,OG,success,2025-11-29 14:35:36,Denmark,barcelonafc.dk,To Do,FALSE,,,FALSE,Newly discovered RSS feed
Acheloos TV,https://www.acheloostv.gr/news/feed/,OG,success,2025-11-29 14:35:49,Greece,acheloostv.gr,To Do,FALSE,,,FALSE,Newly discovered RSS feed
lwowecki.info,https://lwowecki.info/feed/,OG,success,2025-11-29 14:35:58,Poland,lwowecki.info,To Do,FALSE,,,FALSE,Newly discovered RSS feed
Epirus Online,https://epirusonline.gr/feed/,OG,success,2025-11-29 14:36:08,Greece,epirusonline.gr,To Do,FALSE,,,FALSE,Newly discovered RSS feed
ΑΛΗΘΕΙΑ,https://alithia.gr/rss.xml,OG,success,2025-11-29 14:36:23,Greece,alithia.gr,To Do,FALSE,,,FALSE,Newly discovered RSS feed
Gazeta Ostrowiecka,-,N/A,-,,Poland,ostrowiecka.pl,No feed generated,FALSE,,,FALSE,
Haagse Topsport,https://www.haagsetopsport.nl/feed/,OG,success,2025-11-29 14:36:39,Netherlands,haagsetopsport.nl,To Do,FALSE,,,FALSE,Newly discovered RSS feed
FlevoPost,-,N/A,-,,Netherlands,flevopost.nl,No feed generated,FALSE,,,FALSE,
WPU24.pl,-,N/A,-,,Poland,wpu24.pl,No feed generated,FALSE,,,FALSE,
Moto Asocijacija Srbije,-,N/A,-,,Serbia,motoasocijacijasrbije.com,No feed generated,FALSE,,,FALSE,
Skokinarciarskie.pl,https://skokinarciarskie.pl/rss/rss_pl.xml,OG,success,2025-11-29 14:36:43,Poland,skokinarciarskie.pl,To Do,FALSE,,,FALSE,Newly discovered RSS feed
Newsmag GR,https://www.newsmag.gr/feed/,OG,success,2025-11-29 14:36:58,Greece,newsmag.gr,To Do,FALSE,,,FALSE,Newly discovered RSS feed
Headliner.rs,https://headliner.rs/feed/,OG,success,2025-11-29 14:37:05,Serbia,headliner.rs,To Do,FALSE,,,FALSE,Newly discovered RSS feed
Lamia Ole,https://lamiaole.gr/feed/,OG,success,2025-11-29 14:37:24,Greece,lamiaole.gr,To Do,FALSE,,,FALSE,Newly discovered RSS feed
Novinata.bg,https://novinata.bg/feed/,OG,success,2025-11-29 14:37:26,Bulgaria,novinata.bg,To Do,FALSE,,,FALSE,Newly discovered RSS feed
KISS INFO,https://kissinfo.rs/feed/,OG,success,2025-11-29 14:37:35,Serbia,kissinfo.rs,To Do,FALSE,,,FALSE,Newly discovered RSS feed
Global View Forex Trading,https://global-view.com/feed/,OG,success,2025-11-29 11:50:43,United States,global-view.com,To Do,FALSE,,,FALSE,Newly discovered RSS feed
Telewizja Kujawy,https://www.kujawy.info/feed/,OG,success,2025-11-29 14:37:42,Poland,kujawy.info,To Do,FALSE,,,FALSE,Newly discovered RSS feed
Besza-Behu,https://www.5percblog.hu/feed/,OG,success,2025-11-29 14:37:48,Hungary,5percblog.hu,To Do,FALSE,,,FALSE,Newly discovered RSS feed
Primul 11,https://primul11.com/feed/,OG,success,2025-11-29 14:38:00,Romania,primul11.com,To Do,FALSE,,,FALSE,Newly discovered RSS feed
Prlogos,-,N/A,-,,Greece,prlogos.gr,No feed generated,FALSE,,,FALSE,
Pesti Bulvár,-,N/A,-,,Hungary,pestibulvar.hu,No feed generated,FALSE,,,FALSE,
Painted Furniture Ideas,https://paintedfurnitureideas.com/feed/,OG,success,2025-11-29 11:50:46,United States,paintedfurnitureideas.com,To Do,FALSE,,,FALSE,Newly discovered RSS feed
Bangladesh Pratidin,https://bd-pratidin.com/rss.xml,OG,success,2025-11-29 14:38:02,Bangladesh,bd-pratidin.com,To Do,FALSE,,,FALSE,Newly discovered RSS feed
Buna Ziua Brasov,-,N/A,-,,Romania,bzb.ro,No feed generated,FALSE,,,FALSE,
Poreština.info,https://porestina.info/feed/,OG,success,2025-11-29 14:38:10,Croatia,porestina.info,To Do,FALSE,,,FALSE,Newly discovered RSS feed
ProAlba,https://proalba.ro/feed,Discovered-autodiscovery,N/A,,Romania,proalba.ro,No feed generated,FALSE,,,FALSE,
Kolozsvári Szalonna és Hir-Telen Beszólunk,https://kolozsvaros.com/feed/,OG,success,2025-11-29 14:38:26,Hungary,kolozsvaros.com,To Do,FALSE,,,FALSE,Newly discovered RSS feed
Game Life,https://gamelife.tw/feed/,OG,success,2025-11-29 14:38:38,Taiwan,gamelife.tw,To Do,FALSE,,,FALSE,Newly discovered RSS feed
Sportrikala.gr,https://www.sportrikala.gr/feed/,OG,success,2025-11-29 14:38:41,Greece,sportrikala.gr,To Do,FALSE,,,FALSE,Newly discovered RSS feed
trenirai.bg,https://trenirai.bg/feed/,OG,success,2025-11-29 14:38:44,Bulgaria,trenirai.bg,To Do,FALSE,,,FALSE,Newly discovered RSS feed
Radio Centrum,https://rc.fm/rss.xml,OG,success,2025-11-29 14:38:53,Poland,rc.fm,To Do,FALSE,,,FALSE,Newly discovered RSS feed
Przegląd Koniński,-,N/A,-,,Poland,przegladkoninski.pl,No feed generated,FALSE,,,FALSE,
Nogradifutball,-,N/A,-,,Hungary,nogradifutball.hu,No feed generated,FALSE,,,FALSE,
MetkovicNET,https://www.metkovicnet.com/feed/,OG,success,2025-11-29 14:38:58,Croatia,metkovicnet.com,To Do,FALSE,,,FALSE,Newly discovered RSS feed
Provaton,https://provaton.bg/feed/,OG,success,2025-11-29 14:39:08,Bulgaria,provaton.bg,To Do,FALSE,,,FALSE,Newly discovered RSS feed
Mój Powiat Lipski,https://mojelipsko.info/feed/,OG,success,2025-11-29 14:39:17,Poland,mojelipsko.info,To Do,FALSE,,,FALSE,Newly discovered RSS feed
Kostajnica,-,N/A,-,,Croatia,kostajnica.com,No feed generated,FALSE,,,FALSE,
Alanya Postası,-,N/A,-,,Turkey,alanyapostasi.com.tr,No feed generated,FALSE,,,FALSE,
Dlisted,-,N/A,-,,United States,dlisted.com,No feed generated,FALSE,,,FALSE,
Tylko Kobiecy Futbol,https://tylkokobiecyfutbol.pl/feed/,OG,success,2025-11-29 14:39:20,Poland,tylkokobiecyfutbol.pl,To Do,FALSE,,,FALSE,Newly discovered RSS feed
Hart van Hellendoorn,-,N/A,-,,Netherlands,hartvanhellendoorn.nl,No feed generated,FALSE,,,FALSE,
Racyja.com,https://racyja.com/by/feed/,RSS,success,2025-11-29 14:39:25,Poland,racyja.com,To Do,FALSE,,,FALSE,Newly discovered RSS feed
St Kilda Twilight Market,https://www.stkildatwilightmarket.com/feed/,OG,success,2025-11-29 14:39:28,Australia,stkildatwilightmarket.com,To Do,FALSE,,,FALSE,Newly discovered RSS feed
Het Amsterdamsche Voetbal,https://www.hetamsterdamschevoetbal.nl/feed/,OG,success,2025-11-29 14:39:29,Netherlands,hetamsterdamschevoetbal.nl,To Do,FALSE,,,FALSE,Newly discovered RSS feed
Co Na Mieście - Częstochowa,-,N/A,-,,Poland,conamiescie.info,No feed generated,FALSE,,,FALSE,
infopodkarpacie.pl,http://infopodkarpacie.pl/rss/posts/index,OG,success,2025-11-29 14:39:33,Poland,infopodkarpacie.pl,To Do,FALSE,,,FALSE,Newly discovered RSS feed
NewsLubuski.pl,https://newslubuski.pl/feed,OG,success,2025-11-29 14:39:42,Poland,newslubuski.pl,To Do,FALSE,,,FALSE,Newly discovered RSS feed
Roland Gazeta,-,N/A,-,,Poland,roland-gazeta.pl,No feed generated,FALSE,,,FALSE,
Municipality of Kalamata,-,N/A,-,,Greece,kalamata.gr,No feed generated,FALSE,,,FALSE,
Radio1.hr,https://radio1.hr/feed/,OG,success,2025-11-29 14:40:02,Croatia,radio1.hr,To Do,FALSE,,,FALSE,Newly discovered RSS feed
Mistrzowie.org,https://mistrzowie.org/rss.xml,OG,success,2025-11-29 14:40:13,Poland,mistrzowie.org,To Do,FALSE,,,FALSE,Newly discovered RSS feed
US Arab Radio,https://arabradio.us/feed/,OG,success,2025-11-29 11:50:49,United States,arabradio.us,To Do,FALSE,,,FALSE,Newly discovered RSS feed
cinarfm.gr,-,N/A,-,,Greece,cinarfm.gr,No feed generated,FALSE,,,FALSE,
Trifillakia,https://trifillakia.gr/blog/feed,OG,success,2025-11-29 14:40:20,Greece,trifillakia.gr,To Do,FALSE,,,FALSE,Newly discovered RSS feed
Clasic Radio,https://www.clasicradio.ro/feed/,OG,success,2025-11-29 14:40:24,Romania,clasicradio.ro,To Do,FALSE,,,FALSE,Newly discovered RSS feed
Apokoronas life,https://www.apokoronaslife.gr/feed/,OG,success,2025-11-29 14:40:27,Greece,apokoronaslife.gr,To Do,FALSE,,,FALSE,Newly discovered RSS feed
Servus Hunedoara,https://servuspress.ro/feed,OG,success,2025-11-29 14:40:28,Romania,servuspress.ro,To Do,FALSE,,,FALSE,Newly discovered RSS feed
Fox 42 KPTM,https://fox42kptm.com/.rss,OG,success,2025-11-29 11:50:49,United States,fox42kptm.com,To Do,FALSE,,,FALSE,Newly discovered RSS feed
iraklis1908,-,N/A,-,,Greece,iraklis1908.gr,No feed generated,FALSE,,,FALSE,
Trikala365,-,N/A,-,,Greece,trikala365.gr,No feed generated,FALSE,,,FALSE,
Jastrzębie,-,N/A,-,,Poland,tujastrzebie.pl,No feed generated,FALSE,,,FALSE,
Tempo24,https://tempo24.news/feed/,OG,success,2025-11-29 14:40:32,Greece,tempo24.news,To Do,FALSE,,,FALSE,Newly discovered RSS feed
Független Nemzet,-,N/A,-,,Hungary,fuggetlennemzet.hu,No feed generated,FALSE,,,FALSE,
e-sadownictwo.pl,-,N/A,-,,Poland,e-sadownictwo.pl,No feed generated,FALSE,,,FALSE,
Sliedrecht24,https://sliedrecht24.nl/feed/,OG,success,2025-11-29 14:40:33,Netherlands,sliedrecht24.nl,To Do,FALSE,,,FALSE,Newly discovered RSS feed
Mediwietsite,https://mediwietsite.nl/feed,OG,success,2025-11-29 14:40:48,Netherlands,mediwietsite.nl,To Do,FALSE,,,FALSE,Newly discovered RSS feed
MP1st,https://mp1st.com/feed/,OG,success,2025-11-29 11:50:53,United States,mp1st.com,To Do,FALSE,,,FALSE,Newly discovered RSS feed
Belge.com.tr,https://belge.com.tr/rss.xml,OG,success,2025-11-29 14:40:53,Turkey,belge.com.tr,To Do,FALSE,,,FALSE,Newly discovered RSS feed
ikamien.pl,https://ikamien.pl/rss/wydarzenia.rss,OG,success,2025-11-29 14:40:55,Poland,ikamien.pl,To Do,FALSE,,,FALSE,Newly discovered RSS feed
Marshall County Daily,https://www.marshallcountydaily.com/feed/,OG,success,2025-11-29 11:51:03,United States,marshallcountydaily.com,To Do,FALSE,,,FALSE,Newly discovered RSS feed
Grude Online,-,N/A,-,,Croatia,grude-online.info,No feed generated,FALSE,,,FALSE,
Regionieuws Hoogeveen,https://regionieuwshoogeveen.nl/feed/,OG,success,2025-11-29 14:41:15,Netherlands,regionieuwshoogeveen.nl,To Do,FALSE,,,FALSE,Newly discovered RSS feed
DTS24,https://www.dts24.pl/feed/,OG,success,2025-11-29 14:41:17,Poland,dts24.pl,To Do,FALSE,,,FALSE,Newly discovered RSS feed
Arcadia 93.8,https://www.arcadia938.gr/feed,OG,success,2025-11-29 14:41:23,Greece,arcadia938.gr,To Do,FALSE,,,FALSE,Newly discovered RSS feed
FWS.GR Fueled With Sports,-,N/A,-,,Greece,fws.gr,No feed generated,FALSE,,,FALSE,
Firefighting Greece,https://www.firefightingreece.gr/feed/,OG,success,2025-11-29 14:41:26,Greece,firefightingreece.gr,To Do,FALSE,,,FALSE,Newly discovered RSS feed
faragency.bg,https://faragency.bg/feed,OG,success,2025-11-29 14:41:32,Bulgaria,faragency.bg,To Do,FALSE,,,FALSE,Newly discovered RSS feed
Sajomente,-,N/A,-,,Hungary,sajomente.hu,No feed generated,FALSE,,,FALSE,
Radio Oko,https://radiooko.pl/feed/,OG,success,2025-11-29 14:41:47,Poland,radiooko.pl,To Do,FALSE,,,FALSE,Newly discovered RSS feed
Frøya.no,-,N/A,-,,Norway,froya.no,No feed generated,FALSE,,,FALSE,
Campustimes.press,-,N/A,-,,Bangladesh,campustimes.press,No feed generated,FALSE,,,FALSE,
Kárpáti Igaz Szó,https://kiszo.net/feed/,OG,success,2025-11-29 14:41:50,Hungary,kiszo.net,To Do,FALSE,,,FALSE,Newly discovered RSS feed
Trikala Day,https://www.trikaladay.gr/feed/,OG,success,2025-11-29 14:41:54,Greece,trikaladay.gr,To Do,FALSE,,,FALSE,Newly discovered RSS feed
Curierul.ro,-,N/A,-,,Romania,curierul.ro,No feed generated,FALSE,,,FALSE,
Simurg Media,https://stav.ba/feed,OG,success,2025-11-29 14:42:05,Bosnia and Herzegovina,stav.ba,To Do,FALSE,,,FALSE,Newly discovered RSS feed
logodiatrofis.gr,-,N/A,-,,Greece,logodiatrofis.gr,No feed generated,FALSE,,,FALSE,
fronda.pl,-,N/A,-,,Poland,fronda.pl,No feed generated,FALSE,,,FALSE,
PlayZine,https://play.co.rs/feed/,OG,success,2025-11-29 14:42:08,Serbia,play.co.rs,To Do,FALSE,,,FALSE,Newly discovered RSS feed
Verena.gr,https://verena.gr/rss.xml,OG,success,2025-11-29 14:42:11,Greece,verena.gr,To Do,FALSE,,,FALSE,Newly discovered RSS feed
Kecsup hírek,-,N/A,-,,Hungary,kecsup.hu,No feed generated,FALSE,,,FALSE,
Veriu.info,https://veriu.info/feed/,OG,success,2025-11-29 14:42:15,Serbia,veriu.info,To Do,FALSE,,,FALSE,Newly discovered RSS feed
Orthosongbad,https://orthosongbad.com/feed/,OG,success,2025-11-29 14:42:27,Bangladesh,orthosongbad.com,To Do,FALSE,,,FALSE,Newly discovered RSS feed
The FAQ,https://thefaq.gr/feed/,OG,success,2025-11-29 14:42:29,Greece,thefaq.gr,To Do,FALSE,,,FALSE,Newly discovered RSS feed
InformaTeca,https://informateca.ro/feed/,OG,success,2025-11-29 14:42:38,Romania,informateca.ro,To Do,FALSE,,,FALSE,Newly discovered RSS feed
Kiss13,-,N/A,-,,Bulgaria,kiss13.net,No feed generated,FALSE,,,FALSE,
KNAC.COM,https://knac.com/feed/,OG,success,2025-11-29 11:51:13,United States,knac.com,To Do,FALSE,,,FALSE,Newly discovered RSS feed
Haber 20 Denizli,-,N/A,-,,Turkey,haber20denizli.com,No feed generated,FALSE,,,FALSE,
LimnosFM100,-,N/A,-,,Greece,limnosfm100.gr,No feed generated,FALSE,,,FALSE,
Konkursi za posao - Općina Tešanj,https://jelah.info/feed/,OG,success,2025-11-29 14:42:44,Croatia,jelah.info,To Do,FALSE,,,FALSE,Newly discovered RSS feed
Northbasket.gr,https://northbasket.gr/feed,OG,success,2025-11-29 14:42:49,Greece,northbasket.gr,To Do,FALSE,,,FALSE,Newly discovered RSS feed
Radio Krizevci,https://radiokrizevci.hr/feed/,OG,success,2025-11-29 14:42:51,Hungary,radiokrizevci.hr,To Do,FALSE,,,FALSE,Newly discovered RSS feed
Devilpage.pl,-,N/A,-,,Poland,devilpage.pl,No feed generated,FALSE,,,FALSE,
Metalfan.nl,https://www.metalfan.nl/rss-news.php,OG,success,2025-11-29 14:42:53,Netherlands,metalfan.nl,To Do,FALSE,,,FALSE,Newly discovered RSS feed
Radio Brcko,-,N/A,-,,Bosnia and Herzegovina,radiobrcko.ba,No feed generated,FALSE,,,FALSE,
Semberija Info,https://semberija.info/rss/,RSS,success,2025-11-29 14:42:54,Bosnia and Herzegovina,semberija.info,To Do,FALSE,,,FALSE,Newly discovered RSS feed
Polonia Birmingham,-,N/A,-,,Poland,bham.pl,No feed generated,FALSE,,,FALSE,
iLamia.gr,https://www.ilamia.gr/feed/,OG,success,2025-11-29 14:43:05,Greece,ilamia.gr,To Do,FALSE,,,FALSE,Newly discovered RSS feed
Filmtopp.se,https://www.filmtopp.se/rss/,OG,success,2025-11-29 14:43:10,Sweden,filmtopp.se,To Do,FALSE,,,FALSE,Newly discovered RSS feed
Radio Mrežnica,https://radio-mreznica.hr/feed/,OG,success,2025-11-29 14:43:12,Croatia,radio-mreznica.hr,To Do,FALSE,,,FALSE,Newly discovered RSS feed
Informator Stolicy,-,N/A,-,,Poland,informator-stolicy.pl,No feed generated,FALSE,,,FALSE,
Nieuws op Beeld,https://nieuwsopbeeld.nl/feed/,N/A,failed,2025-11-29 14:43:42,Netherlands,nieuwsopbeeld.nl,To Do,FALSE,,,FALSE,Newly discovered RSS feed
KNSI News,https://knsiradio.com/feed,Discovered-pattern,N/A,,United States,knsiradio.com,No feed generated,FALSE,,,FALSE,
Fanaripress.gr,-,N/A,-,,Greece,fanaripress.gr,No feed generated,FALSE,,,FALSE,
Olsztyn24,-,N/A,-,,Poland,olsztyn24.com,No feed generated,FALSE,,,FALSE,
Matchfit Football,-,N/A,-,,United Kingdom,matchfitconditioning.com,No feed generated,FALSE,,,FALSE,
e-sterea.gr,-,N/A,-,,Greece,e-sterea.gr,No feed generated,FALSE,,,FALSE,
Schaatsen.nl,-,N/A,-,,Netherlands,schaatsen.nl,No feed generated,FALSE,,,FALSE,
inTurda.ro,https://inturda.ro/feed/,OG,success,2025-11-29 14:43:46,Romania,inturda.ro,To Do,FALSE,,,FALSE,Newly discovered RSS feed
Под лупа,http://burgas-podlupa.com/rss.xml,OG,success,2025-11-29 14:43:59,Bulgaria,burgas-podlupa.com,To Do,FALSE,,,FALSE,Newly discovered RSS feed
Sjeverni.info,-,N/A,-,,Croatia,sjeverni.info,No feed generated,FALSE,,,FALSE,
Fit Wiedza,http://fitwiedza.pl/feed/,OG,success,2025-11-29 14:44:02,Poland,fitwiedza.pl,To Do,FALSE,,,FALSE,Newly discovered RSS feed
Digital Information World,https://www.digitalinformationworld.com/feeds/posts/default,OG,success,2025-11-29 14:44:04,Pakistan,digitalinformationworld.com,To Do,FALSE,,,FALSE,Newly discovered RSS feed
EClujeanul,https://eclujeanul.ro/feed/,OG,success,2025-11-29 14:44:06,Romania,eclujeanul.ro,To Do,FALSE,,,FALSE,Newly discovered RSS feed
Fonien.gr,https://fonien.gr/feed/,OG,success,2025-11-29 14:44:09,Greece,fonien.gr,To Do,FALSE,,,FALSE,Newly discovered RSS feed
Logospellas.gr,https://logospellas.gr/feed/,OG,success,2025-11-29 14:44:41,Greece,logospellas.gr,To Do,FALSE,,,FALSE,Newly discovered RSS feed
Haberler,-,N/A,-,,Turkey,terorsehitleri.com,No feed generated,FALSE,,,FALSE,
e-Volos,https://www.e-volos.gr/feed/,OG,success,2025-11-29 14:44:55,Greece,e-volos.gr,To Do,FALSE,,,FALSE,Newly discovered RSS feed
BlogKommoton Greece,-,N/A,-,,Greece,blogkommoton.gr,No feed generated,FALSE,,,FALSE,
BCOS TV,-,N/A,-,,Nigeria,bcos.tv,No feed generated,FALSE,,,FALSE,
Silistra News,https://silistranews.net/feed,OG,success,2025-11-29 14:44:57,Bulgaria,silistranews.net,To Do,FALSE,,,FALSE,Newly discovered RSS feed
Gamekapocs,https://gamekapocs.hu/rss,OG,success,2025-11-29 14:45:38,Hungary,gamekapocs.hu,To Do,FALSE,,,FALSE,Newly discovered RSS feed
Gavros.gr,-,N/A,-,,Greece,gavros.gr,No feed generated,FALSE,,,FALSE,
Startup Cafe,https://startupcafe.ro/feed,OG,success,2025-11-29 14:45:40,Romania,startupcafe.ro,To Do,FALSE,,,FALSE,Newly discovered RSS feed
XXsports.org,-,N/A,-,,Greece,xxsports.org,No feed generated,FALSE,,,FALSE,
Brasov Metropolitan,https://brasovmetropolitan.ro/feed/,OG,success,2025-11-29 14:46:07,Romania,brasovmetropolitan.ro,To Do,FALSE,,,FALSE,Newly discovered RSS feed
Kamubiz.com,-,N/A,-,,Turkey,kamubiz.com,No feed generated,FALSE,,,FALSE,
news.krakow.pl,-,N/A,-,,Poland,news.krakow.pl,No feed generated,FALSE,,,FALSE,
DesTora,https://www.destora.com/feed/,OG,success,2025-11-29 14:46:17,Greece,destora.com,To Do,FALSE,,,FALSE,Newly discovered RSS feed
Uzice,https://uzice.online/feed/,RSS,success,2025-11-29 14:46:28,Serbia,uzice.online,To Do,FALSE,,,FALSE,Newly discovered RSS feed
Pick&Roll,https://www.pickandroll.gr/feed/,OG,success,2025-11-29 14:46:35,Greece,pickandroll.gr,To Do,FALSE,,,FALSE,Newly discovered RSS feed
Kronike Velike Gorice,https://www.kronikevg.com/feed/,OG,success,2025-11-29 14:46:46,Croatia,kronikevg.com,To Do,FALSE,,,FALSE,Newly discovered RSS feed
PrismaSport.gr,-,N/A,-,,Greece,prismanews.gr,No feed generated,FALSE,,,FALSE,
Jabar News,https://www.jabarnews.com/feed/,OG,success,2025-11-29 14:46:50,Indonesia,jabarnews.com,To Do,FALSE,,,FALSE,Newly discovered RSS feed
Milos Voice,https://milosvoice.gr/feed/,OG,success,2025-11-29 14:46:52,Greece,milosvoice.gr,To Do,FALSE,,,FALSE,Newly discovered RSS feed
Życie Powiatu na Mazowszu,https://www.zyciepw.pl/feed,OG,success,2025-11-29 14:47:02,Poland,zyciepw.pl,To Do,FALSE,,,FALSE,Newly discovered RSS feed
Arad Online,https://aradon.ro/feed,OG,success,2025-11-29 14:47:11,Romania,aradon.ro,To Do,FALSE,,,FALSE,Newly discovered RSS feed
Emanyan,-,N/A,-,,Taiwan,emanyan.com,No feed generated,FALSE,,,FALSE,
Päivän Lehti,https://paivanlehti.fi/feed,OG,success,2025-11-29 14:47:18,Finland,paivanlehti.fi,To Do,FALSE,,,FALSE,Newly discovered RSS feed
Portal Włocławek,-,N/A,-,,Poland,portalwloclawek.pl,No feed generated,FALSE,,,FALSE,
Kronika požeško-slavonska,-,N/A,-,,Croatia,pozeska-kronika.hr,No feed generated,FALSE,,,FALSE,
StiriSuceava.net,https://www.stirisuceava.net/feeds/posts/default,OG,success,2025-11-29 14:47:20,Romania,stirisuceava.net,To Do,FALSE,,,FALSE,Newly discovered RSS feed
N4G,https://n4g.com/rss/news?channel=&sort=latest,OG,success,2025-11-29 11:51:18,United Kingdom,n4g.com,To Do,FALSE,,,FALSE,Newly discovered RSS feed
WOS Media,-,N/A,-,,Netherlands,wos.nl,No feed generated,FALSE,,,FALSE,
Gilabola,https://gilabola.com/feed,OG,success,2025-11-29 14:47:25,Indonesia,gilabola.com,To Do,FALSE,,,FALSE,Newly discovered RSS feed
Your Harlow.Com,-,N/A,-,,United Kingdom,yourharlow.com,No feed generated,FALSE,,,FALSE,
Kalimera-Arkadia.gr,https://kalimera-arkadia.gr/component/fpss/module/186.feed?type=rss,OG,success,2025-11-29 14:47:38,Greece,kalimera-arkadia.gr,To Do,FALSE,,,FALSE,Newly discovered RSS feed
Calea Europeană,https://www.caleaeuropeana.ro/feed/,OG,success,2025-11-29 14:47:41,Romania,caleaeuropeana.ro,To Do,FALSE,,,FALSE,Newly discovered RSS feed
Keep on Trucking,https://keepontrucking.uk/feed/,Discovered-autodiscovery,N/A,,United Kingdom,keepontrucking.uk,No feed generated,FALSE,,,FALSE,
beritasumut.com,-,N/A,-,,Indonesia,beritasumut.com,No feed generated,FALSE,,,FALSE,
Libero Portal,https://liberoportal.hr/rss/,Discovered-pattern,N/A,,Croatia,liberoportal.hr,No feed generated,FALSE,,,FALSE,
Gradski Portal 018,https://gradskiportal018.rs/feed/,OG,success,2025-11-29 14:47:47,Serbia,gradskiportal018.rs,To Do,FALSE,,,FALSE,Newly discovered RSS feed
Radio Głos,https://radioglos.pl/?format=feed&type=rss,OG,success,2025-11-29 14:47:55,Poland,radioglos.pl,To Do,FALSE,,,FALSE,Newly discovered RSS feed
Życie Pabianic,https://www.nowezyciepabianic.pl/feed/,OG,success,2025-11-29 14:47:59,Poland,nowezyciepabianic.pl,To Do,FALSE,,,FALSE,Newly discovered RSS feed
Tygodnik Gwarek,-,N/A,-,,Poland,gwarek.com.pl,No feed generated,FALSE,,,FALSE,
Rock 'N' Load,https://rocknloadmag.com/feed/,OG,success,2025-11-29 11:51:25,United States,rocknloadmag.com,To Do,FALSE,,,FALSE,Newly discovered RSS feed
Oh Mami Street food,https://fonikastorias.gr/feed,OG,success,2025-11-29 14:48:07,Greece,fonikastorias.gr,To Do,FALSE,,,FALSE,Newly discovered RSS feed
Crochet Blog,https://crochetblog.net/feed/,OG,success,2025-11-29 11:51:32,United States,crochetblog.net,To Do,FALSE,,,FALSE,Newly discovered RSS feed
Zonnestraaltjes,https://www.spectrummagazine.nl/feed/,OG,success,2025-11-29 14:48:09,Netherlands,spectrummagazine.nl,To Do,FALSE,,,FALSE,Newly discovered RSS feed
SokolkaTV,-,N/A,-,,Poland,sokolka.tv,No feed generated,FALSE,,,FALSE,
MeaCulpa.gr,https://meaculpa.gr/feed/,OG,success,2025-11-29 14:48:12,Greece,meaculpa.gr,To Do,FALSE,,,FALSE,Newly discovered RSS feed
WHVO,https://www.whvoradio.com/feed/,OG,success,2025-11-29 11:51:39,United States,whvoradio.com,To Do,FALSE,,,FALSE,Newly discovered RSS feed
kalymnos-news.gr,https://kalymnos-news.gr/feed/,OG,success,2025-11-29 14:48:15,Greece,kalymnos-news.gr,To Do,FALSE,,,FALSE,Newly discovered RSS feed
Trakya'nin Sesi,https://www.trakyaninsesi.com/rss.xml,OG,success,2025-11-29 14:48:26,Greece,trakyaninsesi.com,To Do,FALSE,,,FALSE,Newly discovered RSS feed
e-communio.ro,-,N/A,-,,Romania,e-communio.ro,No feed generated,FALSE,,,FALSE,
I epochí,-,N/A,-,,Greece,epohi.gr,No feed generated,FALSE,,,FALSE,
民視全球新聞,-,N/A,-,,Taiwan,ftvnews.com.tw,No feed generated,FALSE,,,FALSE,
Bodrum Olay Gazetesi,https://bodrumolay.com/feed/,OG,success,2025-11-29 14:48:36,Turkey,bodrumolay.com,To Do,FALSE,,,FALSE,Newly discovered RSS feed
Floga Sport,-,N/A,-,,Greece,flogasport.gr,No feed generated,FALSE,,,FALSE,
國家政策研究基金會,https://npf.org.tw/npf.rss,OG,success,2025-11-29 14:48:44,Taiwan,npf.org.tw,To Do,FALSE,,,FALSE,Newly discovered RSS feed
Portal KRUG,https://www.krug.rs/feed/,OG,success,2025-11-29 14:48:54,Serbia,krug.rs,To Do,FALSE,,,FALSE,Newly discovered RSS feed
pravdabl.com,https://pravdabl.com/feed/,OG,success,2025-11-29 14:48:58,Bosnia and Herzegovina,pravdabl.com,To Do,FALSE,,,FALSE,Newly discovered RSS feed
Trikki Press,https://trikkipress.gr/feed/,OG,success,2025-11-29 14:49:12,Greece,trikkipress.gr,To Do,FALSE,,,FALSE,Newly discovered RSS feed
W Cieniu Jupiterów,-,N/A,-,,Poland,wcj24.pl,No feed generated,FALSE,,,FALSE,
Helló Dél-Somogy,https://hellodelsomogy.hu/feed/,OG,success,2025-11-29 14:49:28,Hungary,hellodelsomogy.hu,To Do,FALSE,,,FALSE,Newly discovered RSS feed
Lintas Gayo,https://lintasgayo.co/feed/,N/A,failed,2025-11-29 14:49:29,Indonesia,lintasgayo.co,To Do,FALSE,,,FALSE,Newly discovered RSS feed
Sumeks.co,https://sumeks.disway.id/rss/polres-oku,OG,success,2025-11-29 14:49:35,Indonesia,sumeks.co,To Do,FALSE,,,FALSE,Newly discovered RSS feed
TelePaks - Paksi Hírnök,https://www.telepaks.net/feed/,OG,success,2025-11-29 14:49:42,Hungary,telepaks.net,To Do,FALSE,,,FALSE,Newly discovered RSS feed
Osvit-Radio Zvornik,https://radioosvit.com/rss.xml,OG,success,2025-11-29 14:49:44,Bosnia and Herzegovina,radioosvit.com,To Do,FALSE,,,FALSE,Newly discovered RSS feed
Lintas Papua,-,N/A,-,,Indonesia,lintaspapua.com,No feed generated,FALSE,,,FALSE,
Sangonet,https://ngopulse.org/feed/,RSS,success,2025-11-29 14:50:55,South Africa,ngopulse.org,To Do,FALSE,,,FALSE,Newly discovered RSS feed
Радио Фоча,-,N/A,-,,Bosnia and Herzegovina,radiofoca.com,No feed generated,FALSE,,,FALSE,
Nacionalno,-,N/A,-,,Croatia,nacionalno.hr,No feed generated,FALSE,,,FALSE,
LamiaSports,-,N/A,-,,Greece,lamiasports.com,No feed generated,FALSE,,,FALSE,
tacno.net,https://tacno.net/feed/,OG,success,2025-11-29 14:50:58,Croatia,tacno.net,To Do,FALSE,,,FALSE,Newly discovered RSS feed
Rejtélyek Szigete,https://rejtelyekszigete.com/feed/,OG,success,2025-11-29 14:51:01,Bulgaria,rejtelyekszigete.com,To Do,FALSE,,,FALSE,Newly discovered RSS feed
Sugar Free Press,https://sugarfreepress.gr/feed/,OG,success,2025-11-29 14:51:12,Greece,sugarfreepress.gr,To Do,FALSE,,,FALSE,Newly discovered RSS feed
Sorok Között Könyves Blog,https://sorok-kozott.hu/feed/,OG,success,2025-11-29 14:51:20,Hungary,sorok-kozott.hu,To Do,FALSE,,,FALSE,Newly discovered RSS feed
Salon24.pl,-,N/A,-,,Poland,salon24.pl,No feed generated,FALSE,,,FALSE,
White Wolf Pack,http://www.whitewolfpack.com/feeds/posts/default,OG,success,2025-11-29 11:51:41,United States,whitewolfpack.com,To Do,FALSE,,,FALSE,Newly discovered RSS feed
United News of Bangladesh,-,N/A,-,,Bangladesh,unb.com.bd,No feed generated,FALSE,,,FALSE,
trikalaIN,https://trikalain.gr/feed,OG,success,2025-11-29 14:51:22,Greece,trikalain.gr,To Do,FALSE,,,FALSE,Newly discovered RSS feed
ManUtd.pl,https://www.manutd.pl/feed/,Discovered-autodiscovery,N/A,,Poland,manutd.pl,No feed generated,FALSE,,,FALSE,
Harian Aceh Indonesia,-,N/A,-,,Indonesia,harianaceh.co.id,No feed generated,FALSE,,,FALSE,
Tetragwno.gr,https://tetragwno.gr/feed/,OG,success,2025-11-29 14:51:25,Greece,tetragwno.gr,To Do,FALSE,,,FALSE,Newly discovered RSS feed
Disco Polo,https://disco-polo.info/rss,OG,success,2025-11-29 14:51:31,Poland,disco-polo.info,To Do,FALSE,,,FALSE,Newly discovered RSS feed
GenPI.co,-,N/A,-,,Indonesia,genpi.co,No feed generated,FALSE,,,FALSE,
Gazeta Krotoszyńska,-,N/A,-,,Poland,krotoszynska.pl,No feed generated,FALSE,,,FALSE,
Index-ba,-,N/A,-,,Bosnia and Herzegovina,index.ba,No feed generated,FALSE,,,FALSE,
InShorts Marathi,https://www.inshortsmarathi.com/feed/,OG,success,2025-11-29 14:51:35,India,inshortsmarathi.com,To Do,FALSE,,,FALSE,Newly discovered RSS feed
Krupljani.ba,https://krupljani.ba/feed,OG,success,2025-11-29 14:51:41,Bosnia and Herzegovina,krupljani.ba,To Do,FALSE,,,FALSE,Newly discovered RSS feed
Radar Sukabumi,https://radarsukabumi.com/feed/,OG,success,2025-11-29 14:52:07,Indonesia,radarsukabumi.com,To Do,FALSE,,,FALSE,Newly discovered RSS feed
Shake Up Learning,https://shakeuplearning.com/feed/,OG,success,2025-11-29 11:51:47,United States,shakeuplearning.com,To Do,FALSE,,,FALSE,Newly discovered RSS feed
likewoman.gr,https://www.likewoman.gr/feed/,OG,success,2025-11-29 14:52:15,Greece,likewoman.gr,To Do,FALSE,,,FALSE,Newly discovered RSS feed
www.kalabakacity.gr,https://www.kalabakacity.gr/feed/,OG,success,2025-11-29 14:52:17,Greece,kalabakacity.gr,To Do,FALSE,,,FALSE,Newly discovered RSS feed
Toplicke Vesti,https://toplickevesti.com/feed/,OG,success,2025-11-29 14:52:25,Serbia,toplickevesti.com,To Do,FALSE,,,FALSE,Newly discovered RSS feed
Nema zabranjenih,https://nemazabranjenih.rs/feed/,OG,success,2025-11-29 14:52:39,Croatia,nemazabranjenih.rs,To Do,FALSE,,,FALSE,Newly discovered RSS feed
Loutraki365,https://loutraki365.gr/rss.xml,OG,success,2025-11-29 14:52:42,Greece,loutraki365.gr,To Do,FALSE,,,FALSE,Newly discovered RSS feed
Sentra Kastorias,-,N/A,-,,Greece,sentra.com.gr,No feed generated,FALSE,,,FALSE,
TV Nova Pula,https://tvnova.hr/feed/,OG,success,2025-11-29 14:52:50,Croatia,tvnova.hr,To Do,FALSE,,,FALSE,Newly discovered RSS feed
rpn.gr,https://rpn.gr/feed/,Discovered-autodiscovery,N/A,,Greece,rpn.gr,No feed generated,FALSE,,,FALSE,
Θεσσαλία Τηλεόραση,https://thessaliatv.gr/feed/,OG,success,2025-11-29 14:52:55,Greece,thessaliatv.gr,To Do,FALSE,,,FALSE,Newly discovered RSS feed
sinor.bg,-,N/A,-,,Bulgaria,sinor.bg,No feed generated,FALSE,,,FALSE,
Ola Thessaloniki,-,N/A,-,,Greece,olathessaloniki.com,No feed generated,FALSE,,,FALSE,
RomKat.ro,https://romkat.ro/feed/,OG,success,2025-11-29 14:53:05,Romania,romkat.ro,To Do,FALSE,,,FALSE,Newly discovered RSS feed
نداء الوطن,-,N/A,-,,United States,nedaelwatan.com,No feed generated,FALSE,,,FALSE,
La Liiga,https://laliiga.com/feed,OG,success,2025-11-29 14:53:10,Finland,laliiga.com,To Do,FALSE,,,FALSE,Newly discovered RSS feed
Brus Online,https://brusonline.com/?format=feed&type=rss,OG,success,2025-11-29 14:53:21,Serbia,brusonline.com,To Do,FALSE,,,FALSE,Newly discovered RSS feed
Punjabi Jagran,-,N/A,-,,India,punjabijagran.com,No feed generated,FALSE,,,FALSE,
Infonews24.gr,-,N/A,-,,Greece,infonews24.gr,No feed generated,FALSE,,,FALSE,
Angroid,https://www.angroid.gr/feed/,OG,success,2025-11-29 14:53:23,Greece,angroid.gr,To Do,FALSE,,,FALSE,Newly discovered RSS feed
eTravel News,-,N/A,-,,Greece,etravelnews.gr,No feed generated,FALSE,,,FALSE,
Longevity,https://longevitylive.com/feed/,OG,success,2025-11-29 11:51:49,United States,longevitylive.com,To Do,FALSE,,,FALSE,Newly discovered RSS feed
Strefa Wydarzeń,-,N/A,-,,Poland,strefawydarzen.pl,No feed generated,FALSE,,,FALSE,
HelpPost,https://helppost.gr/feed,OG,success,2025-11-29 14:53:27,Greece,helppost.gr,To Do,FALSE,,,FALSE,Newly discovered RSS feed
aris.re,-,N/A,-,,Greece,aris.re,No feed generated,FALSE,,,FALSE,
Campbellsville Tigers,https://campbellsvilletigers.com/rss,OG,success,2025-11-29 11:52:02,United States,campbellsvilletigers.com,To Do,FALSE,,,FALSE,Newly discovered RSS feed
Plaster Łódzki,-,N/A,-,,Poland,plasterlodzki.pl,No feed generated,FALSE,,,FALSE,
ILIJAS.info,https://ilijas.info/feed/,OG,success,2025-11-29 14:53:31,Bosnia and Herzegovina,ilijas.info,To Do,FALSE,,,FALSE,Newly discovered RSS feed
SmartParents,-,N/A,-,,Singapore,smartparents.sg,No feed generated,FALSE,,,FALSE,
The Clockwork Orange Times,https://kourdistoportocali.com/feed/,OG,success,2025-11-29 14:53:35,Greece,kourdistoportocali.com,To Do,FALSE,,,FALSE,Newly discovered RSS feed
ePrice.HK 香港手機評測 格價 資訊站,https://www.eprice.com.hk/rss/rss.xml,OG,success,2025-11-29 14:53:43,Hong Kong,eprice.com.hk,To Do,FALSE,,,FALSE,Newly discovered RSS feed
Posusje Net,https://posusje.net/feed/,OG,success,2025-11-29 14:53:45,Croatia,posusje.net,To Do,FALSE,,,FALSE,Newly discovered RSS feed
Edirne Ahval Gazetesi,https://edirneahval.com/feed,OG,success,2025-11-29 14:53:49,Turkey,edirneahval.com,To Do,FALSE,,,FALSE,Newly discovered RSS feed
TijuaNotas,https://tijuanotas.com/feed/,OG,success,2025-11-29 11:52:07,United States,tijuanotas.com,To Do,FALSE,,,FALSE,Newly discovered RSS feed
vladarka.com,https://vladarka.com/feed/,OG,success,2025-11-29 14:53:52,Bosnia and Herzegovina,vladarka.com,To Do,FALSE,,,FALSE,Newly discovered RSS feed
Zeropese,-,N/A,-,,Serbia,zeropese.com,No feed generated,FALSE,,,FALSE,
reprezent.ba,https://reprezent.ba/feed/,"OG (5), RSS (5)",success,2025-11-29 14:54:20,Bosnia and Herzegovina,reprezent.ba,To Do,FALSE,,,FALSE,Newly discovered RSS feed
syrostoday.gr,https://syrostoday.gr/rss/News.aspx,OG,success,2025-11-29 14:54:27,Greece,syrostoday.gr,To Do,FALSE,,,FALSE,Newly discovered RSS feed
Hayat Mutfakta,https://www.hayatmutfakta.com/feeds/posts/default,OG,success,2025-11-29 14:54:28,Turkey,hayatmutfakta.com,To Do,FALSE,,,FALSE,Newly discovered RSS feed
Plant Care Today,https://plantcaretoday.com/feed,OG,success,2025-11-29 11:52:09,United States,plantcaretoday.com,To Do,FALSE,,,FALSE,Newly discovered RSS feed
TV 10,https://tv10.gr/feed,OG,success,2025-11-29 14:54:31,Greece,tv10.gr,To Do,FALSE,,,FALSE,Newly discovered RSS feed
Radio televizija Bor,-,N/A,-,,Serbia,rtvbor.rs,No feed generated,FALSE,,,FALSE,
وكالة أخبار المرأة,https://www.wonews.net/rss.xml,OG,success,2025-11-29 14:54:35,United Arab Emirates,wonews.net,To Do,FALSE,,,FALSE,Newly discovered RSS feed
Orthodoxia.online,-,N/A,-,,Greece,orthodoxia.online,No feed generated,FALSE,,,FALSE,
Μαργαρίτες Μάντολες,https://mantoles.net/feed/,OG,success,2025-11-29 14:54:37,Greece,mantoles.net,To Do,FALSE,,,FALSE,Newly discovered RSS feed
Readers' Favorite,-,N/A,-,,United States,readersfavorite.com,No feed generated,FALSE,,,FALSE,
Jugoslovenska Narodna Armija,https://nova-yuga.info/feed/,OG,success,2025-11-29 14:54:44,Croatia,nova-yuga.info,To Do,FALSE,,,FALSE,Newly discovered RSS feed
Ανεξάρτητος,-,N/A,-,,Greece,anexartitos.gr,No feed generated,FALSE,,,FALSE,
Ostrowski Portal Internetowy,-,N/A,-,,Poland,ostrowmaz.com,No feed generated,FALSE,,,FALSE,
Rajshah iPost,-,N/A,-,,Bangladesh,rajshahipost.com,No feed generated,FALSE,,,FALSE,
Radio Kosova e Lire,https://www.radiokosovaelire.com/feed/,OG,success,2025-11-29 14:54:51,Croatia,radiokosovaelire.com,To Do,FALSE,,,FALSE,Newly discovered RSS feed
Grude.com,-,N/A,-,,Bosnia and Herzegovina,grude.com,No feed generated,FALSE,,,FALSE,
Fevgato.gr - Tattoo,-,N/A,-,,Greece,fevgato.gr,No feed generated,FALSE,,,FALSE,
Moreto.Net,https://moreto.net/rss/lastnews.xml,OG,success,2025-11-29 14:54:54,Bulgaria,moreto.net,To Do,FALSE,,,FALSE,Newly discovered RSS feed
Ανοιχτό Παράθυρο,https://www.anoixtoparathyro.gr/feed/,OG,success,2025-11-29 14:54:58,Greece,anoixtoparathyro.gr,To Do,FALSE,,,FALSE,Newly discovered RSS feed
Stiri Romania,-,N/A,-,,Romania,diacaf.com,No feed generated,FALSE,,,FALSE,
B106 Hip Hop & RnB,https://myb106.com/feed/,OG,success,2025-11-29 11:52:12,United States,myb106.com,To Do,FALSE,,,FALSE,Newly discovered RSS feed
Tele M Neamt,https://telemneamt.net/feed/,OG,success,2025-11-29 14:55:01,Romania,telemneamt.net,To Do,FALSE,,,FALSE,Newly discovered RSS feed
RTTNews,-,N/A,-,,United States,rttnews.com,No feed generated,FALSE,,,FALSE,
Tvnea.com,https://www.tvnea.com/feeds/posts/default,OG,success,2025-11-29 14:55:04,Greece,tvnea.com,To Do,FALSE,,,FALSE,Newly discovered RSS feed
WVUB,https://www.wvub.org/feed/,OG,success,2025-11-29 11:52:12,United States,wvub.org,To Do,FALSE,,,FALSE,Newly discovered RSS feed
SportsAddict.gr,https://sportsaddict.gr/feed/,OG,success,2025-11-29 14:55:14,Greece,sportsaddict.gr,To Do,FALSE,,,FALSE,Newly discovered RSS feed
NAŠICE - Vijesti,https://nasice.com/feed/,OG,success,2025-11-29 14:55:16,Croatia,nasice.com,To Do,FALSE,,,FALSE,Newly discovered RSS feed
Sliven Press,https://slivenpress.bg/feed/,OG,success,2025-11-29 14:55:23,Bulgaria,slivenpress.bg,To Do,FALSE,,,FALSE,Newly discovered RSS feed
GoSumut.com,https://gosumut.com/feed.xml,RSS,success,2025-11-29 14:55:30,Indonesia,gosumut.com,To Do,FALSE,,,FALSE,Newly discovered RSS feed
leutar.net,https://leutar.net/feed/,OG,success,2025-11-29 14:55:39,Serbia,leutar.net,To Do,FALSE,,,FALSE,Newly discovered RSS feed
iSokolka,https://isokolka.eu/?format=feed&type=rss,OG,success,2025-11-29 14:55:45,Poland,isokolka.eu,To Do,FALSE,,,FALSE,Newly discovered RSS feed
STRAJK.eu,https://strajk.eu/feed/,OG,success,2025-11-29 14:55:49,Poland,strajk.eu,To Do,FALSE,,,FALSE,Newly discovered RSS feed
TigerDroppings.com,-,N/A,-,,United States,tigerdroppings.com,No feed generated,FALSE,,,FALSE,
WhatNext,https://whatnext.pl/feed/,OG,success,2025-11-29 14:55:52,Poland,whatnext.pl,To Do,FALSE,,,FALSE,Newly discovered RSS feed
Alldaynews.gr,https://alldaynews.gr/feed/,OG,success,2025-11-29 14:56:05,Greece,alldaynews.gr,To Do,FALSE,,,FALSE,Newly discovered RSS feed
liverpool.gr,https://liverpool.gr/feed/,OG,success,2025-11-29 14:56:07,Greece,liverpool.gr,To Do,FALSE,,,FALSE,Newly discovered RSS feed
fokusjabar.co.id,https://fokusjabar.id/rss,"OG (6), RSS (1)",success,2025-11-29 14:56:47,Indonesia,fokusjabar.id,To Do,FALSE,,,FALSE,Newly discovered RSS feed
Ploče Online,https://ploce.com.hr/feed/,OG,success,2025-11-29 14:56:53,Croatia,ploce.com.hr,To Do,FALSE,,,FALSE,Newly discovered RSS feed
CECCAR Business Magazine,-,N/A,-,,Romania,ceccarbusinessmagazine.ro,No feed generated,FALSE,,,FALSE,
Maxitis.gr,https://maxitis.gr/feed,RSS,success,2025-11-29 14:57:00,Greece,maxitis.gr,To Do,FALSE,,,FALSE,Newly discovered RSS feed
PC Invasion,https://primagames.com/feed,OG,success,2025-11-29 11:52:13,United States,pcinvasion.com,To Do,FALSE,,,FALSE,Newly discovered RSS feed
En Kocaeli Haber Sitesi,-,N/A,-,,Turkey,enkocaeli.com,No feed generated,FALSE,,,FALSE,
ROOTBLOG,https://rootblog.pl/feed/,OG,success,2025-11-29 14:57:08,Poland,rootblog.pl,To Do,FALSE,,,FALSE,Newly discovered RSS feed
Αργολικά,https://argolika.gr/feed/,OG,success,2025-11-29 14:57:16,Greece,argolika.gr,To Do,FALSE,,,FALSE,Newly discovered RSS feed
Syros Agenda,https://www.syros-agenda.gr/feed/,OG,success,2025-11-29 14:57:20,Greece,syros-agenda.gr,To Do,FALSE,,,FALSE,Newly discovered RSS feed
Reportaz Net,https://www.reportaznet.gr/feeds/posts/default,OG,success,2025-11-29 14:57:41,Greece,reportaznet.gr,To Do,FALSE,,,FALSE,Newly discovered RSS feed
Εφημερίδα Κοζάνη - efkozani.gr - kozani,https://efkozani.gr/feed/,"OG (9), RSS (1)",success,2025-11-29 14:58:00,Greece,efkozani.gr,To Do,FALSE,,,FALSE,Newly discovered RSS feed
Antalya Burada,https://antalyaburada.com/rss.xml,OG,success,2025-11-29 14:58:04,Turkey,antalyaburada.com,To Do,FALSE,,,FALSE,Newly discovered RSS feed
Oxygen Media,https://oxygenmedia.hu/feed/,RSS,success,2025-11-29 14:58:07,Hungary,oxygenmedia.hu,To Do,FALSE,,,FALSE,Newly discovered RSS feed
dikgazete.com,https://www.dikgazete.com/xml/rss.xml,Discovered-autodiscovery,N/A,,Turkey,dikgazete.com,No feed generated,FALSE,,,FALSE,
প্রাণের নওগাঁ - Praner Naogaon,-,N/A,-,,Bangladesh,naogaondorpon.com,No feed generated,FALSE,,,FALSE,
Karabük Kent Haber,https://karabukkenthaber.com/feed,OG,success,2025-11-29 14:58:10,Turkey,karabukkenthaber.com,To Do,FALSE,,,FALSE,Newly discovered RSS feed
Lubartów24,http://feeds.feedburner.com/InformacjeSerwisuLubartow24pl,OG,success,2025-11-29 14:58:20,Poland,lubartow24.pl,To Do,FALSE,,,FALSE,Newly discovered RSS feed
TekliÄ‡.hr,https://www.teklic.hr/feed/,OG,success,2025-11-29 14:58:22,Croatia,teklic.hr,To Do,FALSE,,,FALSE,Newly discovered RSS feed
Vesti-OnLine.com,https://www.vesti-online.com/feed/,OG,success,2025-11-29 14:58:32,Serbia,vesti-online.com,To Do,FALSE,,,FALSE,Newly discovered RSS feed
Times.bg,https://times.bg/feed/,OG,success,2025-11-29 14:58:37,Bulgaria,times.bg,To Do,FALSE,,,FALSE,Newly discovered RSS feed
Radio Hit Lasi,https://www.radiohit.ro/feed/,OG,success,2025-11-29 14:58:46,Romania,radiohit.ro,To Do,FALSE,,,FALSE,Newly discovered RSS feed
PAOKVoice,https://paokvoice.com/feed,OG,success,2025-11-29 14:58:48,Greece,paokvoice.com,To Do,FALSE,,,FALSE,Newly discovered RSS feed
Starea Presei,https://www.stareapresei.ro/feed/,OG,success,2025-11-29 14:58:52,Romania,stareapresei.ro,To Do,FALSE,,,FALSE,Newly discovered RSS feed
Radio Biper,-,N/A,-,,Poland,radiobiper.info,No feed generated,FALSE,,,FALSE,
台灣新聞雲,https://886.news/feed,OG,success,2025-11-29 14:58:59,Taiwan,886.news,To Do,FALSE,,,FALSE,Newly discovered RSS feed
"Bielski Rynek - ludzie, miejsca, wydarzenia",-,N/A,-,,Poland,bielskirynek.pl,No feed generated,FALSE,,,FALSE,
Videolu Tarifler,https://www.videolutarifim.com/feed/,RSS,success,2025-11-29 14:59:05,Turkey,videolutarifim.com,To Do,FALSE,,,FALSE,Newly discovered RSS feed
Rural Sprout,https://www.ruralsprout.com/feed/,OG,success,2025-11-29 11:52:14,United Kingdom,ruralsprout.com,To Do,FALSE,,,FALSE,Newly discovered RSS feed
Genesis Cinema,-,N/A,-,,United Kingdom,genesiscinema.co.uk,No feed generated,FALSE,,,FALSE,
PamePreveza.gr,-,N/A,-,,Greece,prevezanews.gr,No feed generated,FALSE,,,FALSE,
Kanizsa Televízió,https://kanizsatv.hu/rss,OG,success,2025-11-29 14:59:08,Hungary,kanizsatv.hu,To Do,FALSE,,,FALSE,Newly discovered RSS feed
Novinite.bg,https://novinite.bg/rss,OG,success,2025-11-29 14:59:12,Bulgaria,novinite.bg,To Do,FALSE,,,FALSE,Newly discovered RSS feed
"Ράδιο Λέχοβο 97,1",http://radio-lehovo.gr/feed,OG,success,2025-11-29 14:59:26,Greece,radio-lehovo.gr,To Do,FALSE,,,FALSE,Newly discovered RSS feed
EBulgaria.bg,https://ebulgaria.bg/feed,Discovered-pattern,N/A,,Bulgaria,ebulgaria.bg,No feed generated,FALSE,,,FALSE,
naxostimes.gr,-,N/A,-,,Greece,naxostimes.gr,No feed generated,FALSE,,,FALSE,
Info Prijedor,https://infoprijedor.ba/feed/,OG,success,2025-11-29 14:59:36,Bosnia and Herzegovina,infoprijedor.ba,To Do,FALSE,,,FALSE,Newly discovered RSS feed
Paramythia,https://www.paramythia-online.gr/feed/,OG,success,2025-11-29 14:59:39,Greece,paramythia-online.gr,To Do,FALSE,,,FALSE,Newly discovered RSS feed
Novi Standard,-,N/A,-,,Serbia,standard.rs,No feed generated,FALSE,,,FALSE,
Istria - Terra Magica,https://www.istriaterramagica.eu/feed/,OG,success,2025-11-29 14:59:54,Croatia,istriaterramagica.eu,To Do,FALSE,,,FALSE,Newly discovered RSS feed
Taylorvilledailynews.com,-,N/A,-,,United States,taylorvilledailynews.com,No feed generated,FALSE,,,FALSE,
egeolay,https://www.egeolay.com/rss.xml,OG,success,2025-11-29 15:00:07,Turkey,egeolay.com,To Do,FALSE,,,FALSE,Newly discovered RSS feed
Katerinas Recipes,https://katerinasrecipes.com/feed/,OG,success,2025-11-29 15:00:23,Greece,katerinasrecipes.com,To Do,FALSE,,,FALSE,Newly discovered RSS feed
Ziarul Hunedoreanului,https://www.zhd.ro/feed/,OG,success,2025-11-29 15:00:26,Romania,zhd.ro,To Do,FALSE,,,FALSE,Newly discovered RSS feed
health4you.gr,-,N/A,-,,Greece,health4you.gr,No feed generated,FALSE,,,FALSE,
Ziare BOTOSANI,https://ziarebotosani.ro/feed,RSS,success,2025-11-29 15:00:29,Romania,ziarebotosani.ro,To Do,FALSE,,,FALSE,Newly discovered RSS feed
Ziar de Suceava,https://ziardesuceava.ro/feed/,OG,success,2025-11-29 15:00:40,Romania,ziardesuceava.ro,To Do,FALSE,,,FALSE,Newly discovered RSS feed
Gostinin.info,-,N/A,-,,Poland,gostynin.info,No feed generated,FALSE,,,FALSE,
12 Vima,https://12vima.gr/feed/,OG,success,2025-11-29 15:00:53,Greece,12vima.gr,To Do,FALSE,,,FALSE,Newly discovered RSS feed
1923.ro,-,N/A,-,,Romania,1923.ro,No feed generated,FALSE,,,FALSE,
VolosTV,https://www.newsvolos.com/feed/,OG,success,2025-11-29 15:00:57,Greece,newsvolos.com,To Do,FALSE,,,FALSE,Newly discovered RSS feed
OK! Magazine Greece,https://okmag.gr/feed/,OG,success,2025-11-29 15:01:01,Greece,okmag.gr,To Do,FALSE,,,FALSE,Newly discovered RSS feed
Haber 380,https://www.haber380.com/rss.xml,OG,success,2025-11-29 15:01:05,Turkey,haber380.com,To Do,FALSE,,,FALSE,Newly discovered RSS feed
Mika Magazine,https://mikamagazine.com/feed/,OG,success,2025-11-29 15:01:30,Bulgaria,mikamagazine.com,To Do,FALSE,,,FALSE,Newly discovered RSS feed
Ziarul Star Sibian,https://starsibian.ro/feed/,OG,success,2025-11-29 15:01:35,Romania,starsibian.ro,To Do,FALSE,,,FALSE,Newly discovered RSS feed
XS Noize,https://www.xsnoize.com/feed/,OG,success,2025-11-29 11:52:21,United States,xsnoize.com,To Do,FALSE,,,FALSE,Newly discovered RSS feed
Novi Dani,-,N/A,-,,Croatia,novidani.com,No feed generated,FALSE,,,FALSE,
Independent News Greece,-,N/A,-,,Greece,independentnews.gr,No feed generated,FALSE,,,FALSE,
Kokkinos Law Firm,https://www.kokkinoslawfirm.com/feed/,OG,success,2025-11-29 15:01:47,Greece,kokkinoslawfirm.com,To Do,FALSE,,,FALSE,Newly discovered RSS feed
Halo Wieluń,https://halo.wielun.pl/feed/qa.rss,OG,success,2025-11-29 15:01:50,Poland,halo.wielun.pl,To Do,FALSE,,,FALSE,Newly discovered RSS feed
Mix That Drink,https://mixthatdrink.com/feed/,OG,success,2025-11-29 11:52:22,United Kingdom,mixthatdrink.com,To Do,FALSE,,,FALSE,Newly discovered RSS feed
Betcosmos,https://www.betcosmos.com/feed/,OG,success,2025-11-29 15:01:53,Greece,betcosmos.com,To Do,FALSE,,,FALSE,Newly discovered RSS feed
Csipos,https://mcsipos.hu/feed/,OG,success,2025-11-29 15:02:05,Hungary,mcsipos.hu,To Do,FALSE,,,FALSE,Newly discovered RSS feed
Arcadia-Sports Gr,-,N/A,-,,Greece,arcadiasports.gr,No feed generated,FALSE,,,FALSE,
Tribune.bg,https://tribune.bg/bg/rss/,Discovered-autodiscovery,N/A,,Bulgaria,tribune.bg,No feed generated,FALSE,,,FALSE,
"Radio eM 107,6 FM",https://www.radioem.pl/rss/rtr/70b1d2.Najnowsze-audycje,OG,success,2025-11-29 15:02:14,Poland,radioem.pl,To Do,FALSE,,,FALSE,Newly discovered RSS feed
SuperPortal 24,-,N/A,-,,Poland,superportal24.pl,No feed generated,FALSE,,,FALSE,
ScienceBlog.com,https://scienceblog.com/feed/,OG,success,2025-11-29 11:52:25,United Kingdom,scienceblog.com,To Do,FALSE,,,FALSE,Newly discovered RSS feed
TalkersCode,https://talkerscode.com/rss.xml,OG,success,2025-11-29 15:02:20,India,talkerscode.com,To Do,FALSE,,,FALSE,Newly discovered RSS feed
emprosnet.gr,-,N/A,-,,Greece,emprosnet.gr,No feed generated,FALSE,,,FALSE,
ThePunkSite.com,https://thepunksite.com/feed,OG,success,2025-11-29 11:52:26,United States,thepunksite.com,To Do,FALSE,,,FALSE,Newly discovered RSS feed
debica24.eu,-,N/A,-,,Poland,debica24.eu,No feed generated,FALSE,,,FALSE,
Plovdiv Time,-,N/A,-,,Bulgaria,plovdivtime.bg,No feed generated,FALSE,,,FALSE,
Ugytudjuk.hu,https://ugytudjuk.hu/rss,OG,success,2025-11-29 15:02:26,Hungary,ugytudjuk.hu,To Do,FALSE,,,FALSE,Newly discovered RSS feed
Odoraş,-,N/A,-,,Romania,odoras.md,No feed generated,FALSE,,,FALSE,
Page News,-,N/A,-,,Greece,pagenews.gr,No feed generated,FALSE,,,FALSE,
Jelonka,-,N/A,-,,Poland,jelonka.com,No feed generated,FALSE,,,FALSE,
Tunera.info,https://tunera.info/feed/,OG,success,2025-11-29 15:02:29,Croatia,tunera.info,To Do,FALSE,,,FALSE,Newly discovered RSS feed
Sfina.gr,-,N/A,-,,Greece,sfina.gr,No feed generated,FALSE,,,FALSE,
Kazanlak,https://kazanlak.com/news-rss.xml,OG,success,2025-11-29 15:02:33,Bulgaria,kazanlak.com,To Do,FALSE,,,FALSE,Newly discovered RSS feed
stirilazi.ro,https://stirilazi.ro/feed,OG,success,2025-11-29 15:02:36,Romania,stirilazi.ro,To Do,FALSE,,,FALSE,Newly discovered RSS feed
Press4 News,-,N/A,-,,India,press4news.live,No feed generated,FALSE,,,FALSE,
Canakkale Haber,https://www.canakkalehaber.com/rss,OG,success,2025-11-29 15:02:45,Turkey,canakkalehaber.com,To Do,FALSE,,,FALSE,Newly discovered RSS feed
Star 106.3 Townsville,https://star1063.com.au/feed,OG,success,2025-11-29 15:02:52,Australia,star1063.com.au,To Do,FALSE,,,FALSE,Newly discovered RSS feed
Dalmatinski nogomet,https://dalmatinskinogomet.hr/feed/,OG,success,2025-11-29 15:02:58,Croatia,dalmatinskinogomet.hr,To Do,FALSE,,,FALSE,Newly discovered RSS feed
Gazete Yenigün,-,N/A,-,,Turkey,gazeteyenigun.com.tr,No feed generated,FALSE,,,FALSE,
Korte Kapsels,https://www.korte-kapsels.com/feed/,OG,success,2025-11-29 15:03:01,Netherlands,korte-kapsels.com,To Do,FALSE,,,FALSE,Newly discovered RSS feed
Polska Płyta / Polska Muzyka,https://polskaplyta-polskamuzyka.pl/feed/,OG,success,2025-11-29 15:03:06,Poland,polskaplyta-polskamuzyka.pl,To Do,FALSE,,,FALSE,Newly discovered RSS feed
Klikni.hr,https://www.klikni.hr/feed/,OG,success,2025-11-29 15:03:11,Croatia,klikni.hr,To Do,FALSE,,,FALSE,Newly discovered RSS feed
Enduro Hub,-,N/A,-,,South Africa,endurohub.co.za,No feed generated,FALSE,,,FALSE,
Glas Kotor-Varosa,https://www.glaskotorvarosa.com/feed/,OG,success,2025-11-29 15:03:17,Bosnia and Herzegovina,glaskotorvarosa.com,To Do,FALSE,,,FALSE,Newly discovered RSS feed
Kartv,https://www.kartv.net/rss/,OG,success,2025-11-29 15:03:19,Turkey,kartv.net,To Do,FALSE,,,FALSE,Newly discovered RSS feed
GlasGacke.hr,-,N/A,-,,Croatia,glasgacke.hr,No feed generated,FALSE,,,FALSE,
Borba.me,https://borba.me/feed/,OG,success,2025-11-29 15:03:34,Serbia,borba.me,To Do,FALSE,,,FALSE,Newly discovered RSS feed
Radio Z-Rock,-,N/A,-,,Bulgaria,zrock.bg,No feed generated,FALSE,,,FALSE,
Kvorum Silistra,-,N/A,-,,Bulgaria,kvorum-silistra.info,No feed generated,FALSE,,,FALSE,
Makarska Danas,https://makarskadanas.hr/feed,OG,success,2025-11-29 15:03:39,Croatia,makarska-danas.com,To Do,FALSE,,,FALSE,Newly discovered RSS feed
Radar Sampit,https://radarsampit.com/rss/,OG,success,2025-11-29 15:03:56,Indonesia,radarsampit.com,To Do,FALSE,,,FALSE,Newly discovered RSS feed
RTVTK,https://rtvtk.ba/feed/,OG,success,2025-11-29 15:03:59,Bosnia and Herzegovina,rtvtk.ba,To Do,FALSE,,,FALSE,Newly discovered RSS feed
基督教今日報,-,N/A,-,,Taiwan,cdn-news.org,No feed generated,FALSE,,,FALSE,
DenNews.bg,https://dennews.bg/posts/rss,OG,success,2025-11-29 15:04:05,Bulgaria,dennews.bg,To Do,FALSE,,,FALSE,Newly discovered RSS feed
Yes Punjab,https://yespunjab.com/feed/,OG,success,2025-11-29 15:04:19,India,yespunjab.com,To Do,FALSE,,,FALSE,Newly discovered RSS feed
Orizontes Press,https://orizontespress.gr/feed/,OG,success,2025-11-29 15:04:31,Greece,orizontespress.gr,To Do,FALSE,,,FALSE,Newly discovered RSS feed
Apuseni Info,https://apuseni.info/feed/,Discovered-autodiscovery,N/A,,Romania,apuseni.info,No feed generated,FALSE,,,FALSE,
Ta Nea tis Mikrospilias 24,-,N/A,-,,Greece,taneatismikrospilias24.com,No feed generated,FALSE,,,FALSE,
Newn Media Group,https://www.newn.gr/feed/,OG,success,2025-11-29 15:04:36,Greece,newn.gr,To Do,FALSE,,,FALSE,Newly discovered RSS feed
Muğla Gazetesi,https://www.muglagazetesi.com.tr/service/rss.php,OG,success,2025-11-29 15:04:39,Turkey,muglagazetesi.com.tr,To Do,FALSE,,,FALSE,Newly discovered RSS feed
Radio NET 101.9 & Sport Fm Lamia,https://lamianet.gr/feed/,OG,success,2025-11-29 15:04:41,Greece,radio-net.gr,To Do,FALSE,,,FALSE,Newly discovered RSS feed
Personel Sağlık NET,https://saglikpersoneli.com.tr/rss,OG,success,2025-11-29 15:04:45,Turkey,saglikpersoneli.com.tr,To Do,FALSE,,,FALSE,Newly discovered RSS feed
Manager.ba,https://manager.ba/rss.xml,OG,success,2025-11-29 15:05:06,Bosnia and Herzegovina,manager.ba,To Do,FALSE,,,FALSE,Newly discovered RSS feed
KORENI - List Srba iz rasejanja,-,N/A,-,,Serbia,koreni.rs,No feed generated,FALSE,,,FALSE,
Radio Kakanj 87.9 MHz,https://radiokakanj.co.ba/feed/,OG,success,2025-11-29 15:05:30,Croatia,radiokakanj.co.ba,To Do,FALSE,,,FALSE,Newly discovered RSS feed
N1 TV,https://n1tv.ro/feed/,OG,success,2025-11-29 15:05:48,Romania,n1tv.ro,To Do,FALSE,,,FALSE,Newly discovered RSS feed
WorldAuthors.Org,https://www.worldauthors.org/feed/,OG,success,2025-11-29 11:52:28,United States,worldauthors.org,To Do,FALSE,,,FALSE,Newly discovered RSS feed
Kastoria365,https://kastoria365.gr/feed,OG,success,2025-11-29 15:05:54,Greece,kastoria365.gr,To Do,FALSE,,,FALSE,Newly discovered RSS feed
Oradea in direct,https://oradeaindirect.ro/feed/,OG,success,2025-11-29 15:05:58,Romania,oradeaindirect.ro,To Do,FALSE,,,FALSE,Newly discovered RSS feed
Marmaris Haber,https://www.marmarishaber.net/service/rss.php,OG,success,2025-11-29 15:06:01,Turkey,marmarishaber.net,To Do,FALSE,,,FALSE,Newly discovered RSS feed
Soccerlive.gr,https://soccerlive.gr/component/fpss/module/166?format=feed&type=rss,Discovered-autodiscovery,N/A,,Greece,soccerlive.gr,No feed generated,FALSE,,,FALSE,
BL Portal,https://bl-portal.com/feed,OG,success,2025-11-29 15:06:04,Bosnia and Herzegovina,bl-portal.com,To Do,FALSE,,,FALSE,Newly discovered RSS feed
Radio România Brașov FM,https://radiobrasovfm.ro/rss,OG,success,2025-11-29 15:06:08,Romania,radiobrasovfm.ro,To Do,FALSE,,,FALSE,Newly discovered RSS feed
Habercim19,https://habercim19.com/rss,OG,success,2025-11-29 15:06:13,Turkey,habercim19.com,To Do,FALSE,,,FALSE,Newly discovered RSS feed
Gazete Trakya,https://gazetetrakya.com/rss.xml,OG,success,2025-11-29 15:06:50,Turkey,gazetetrakya.com,To Do,FALSE,,,FALSE,Newly discovered RSS feed
Warszawa.pl,-,N/A,-,,Poland,warszawa.pl,No feed generated,FALSE,,,FALSE,
Ugljevik Info,https://mojprvipr.net/feed/,RSS,success,2025-11-29 15:06:51,Bosnia and Herzegovina,ugljevik.info,To Do,FALSE,,,FALSE,Newly discovered RSS feed
Sylhetprothidin24.com - সিলেট প্রতিদিন২৪.কম,-,N/A,-,,Bangladesh,sylhetprothidin24.com,No feed generated,FALSE,,,FALSE,
Ο Επιχειρηματιας epixirimatias.gr,-,N/A,-,,Greece,epixirimatias.gr,No feed generated,FALSE,,,FALSE,
ManisaTürk,https://manisaturk.com/feed,RSS,success,2025-11-29 15:06:55,Turkey,manisaturk.com,To Do,FALSE,,,FALSE,Newly discovered RSS feed
Sjever.hr,-,N/A,-,,Croatia,sjever.hr,No feed generated,FALSE,,,FALSE,
Sport.ro,http://sport.ro/rss,OG,success,2025-11-29 15:07:14,Romania,sport.ro,To Do,FALSE,,,FALSE,Newly discovered RSS feed
Desherpata,https://desherpata.com/feed/,OG,success,2025-11-29 15:07:15,Bangladesh,desherpata.com,To Do,FALSE,,,FALSE,Newly discovered RSS feed
Inotos.gr,https://www.inotos.gr/feed/,OG,success,2025-11-29 15:07:19,Greece,inotos.gr,To Do,FALSE,,,FALSE,Newly discovered RSS feed
Дневне Новине Правда,https://pravda.rs/feed.rss,OG,success,2025-11-29 15:07:22,Serbia,pravda.rs,To Do,FALSE,,,FALSE,Newly discovered RSS feed
Gazete Havadis,https://cerkezkoyhavadis.com/feed/,OG,success,2025-11-29 15:07:25,Turkey,cerkezkoyhavadis.com,To Do,FALSE,,,FALSE,Newly discovered RSS feed
Enimerosi247,https://www.enimerosi247.eu/feeds/posts/default,OG,success,2025-11-29 15:07:28,Greece,enimerosi247.eu,To Do,FALSE,,,FALSE,Newly discovered RSS feed
Halkın Sesi Gazetesi,https://halkinsesi.com.tr/rss,OG,success,2025-11-29 15:07:31,Turkey,halkinsesi.com.tr,To Do,FALSE,,,FALSE,Newly discovered RSS feed
SportActive.gr - Peiraiotika.gr,https://peiraiotika.gr/feed/,OG,success,2025-11-29 15:07:35,Greece,peiraiotika.gr,To Do,FALSE,,,FALSE,Newly discovered RSS feed
Treći Svijet,-,N/A,-,,Bosnia and Herzegovina,trecisvijet.com,No feed generated,FALSE,,,FALSE,
The Highland Times,https://thehighlandtimes.com/feed/,OG,success,2025-11-29 11:52:31,United Kingdom,thehighlandtimes.com,To Do,FALSE,,,FALSE,Newly discovered RSS feed
stagonnews.gr,https://stagonnews.gr/feed/,OG,success,2025-11-29 15:07:42,Greece,stagonnews.gr,To Do,FALSE,,,FALSE,Newly discovered RSS feed
raciborz.com.pl,https://raciborz.com.pl/feed,OG,success,2025-11-29 15:07:57,Poland,raciborz.com.pl,To Do,FALSE,,,FALSE,Newly discovered RSS feed
Komotini24.gr,https://www.komotini24.gr/feed/,OG,success,2025-11-29 15:08:12,Greece,komotini24.gr,To Do,FALSE,,,FALSE,Newly discovered RSS feed
The Isle of Thanet News,-,N/A,-,,United Kingdom,theisleofthanetnews.com,No feed generated,FALSE,,,FALSE,
The Next Edition News,-,N/A,-,,Nigeria,nextedition.com.ng,No feed generated,FALSE,,,FALSE,
Denizli Muhabir,https://www.denizlimuhabir.com/rss,OG,success,2025-11-29 15:08:21,Turkey,denizlimuhabir.com,To Do,FALSE,,,FALSE,Newly discovered RSS feed
Głos 24,-,N/A,-,,Poland,glos24.pl,No feed generated,FALSE,,,FALSE,
Igeek Phone,https://www.igeekphone.com/feed/,OG,success,2025-11-29 11:52:32,United States,igeekphone.com,To Do,FALSE,,,FALSE,Newly discovered RSS feed
Aksaray 68 haber,https://aksaray68haber.com.tr/rss/genel-0,OG,success,2025-11-29 15:08:24,Turkey,aksaray68haber.com.tr,To Do,FALSE,,,FALSE,Newly discovered RSS feed
Cumsa.ro,https://cumsa.ro/feed/,OG,success,2025-11-29 15:08:28,Romania,cumsa.ro,To Do,FALSE,,,FALSE,Newly discovered RSS feed
Etcetera.hu,https://etcetera.hu/feed/,N/A,failed,2025-11-29 15:08:58,Hungary,etcetera.hu,To Do,FALSE,,,FALSE,Newly discovered RSS feed
Ege Postası,-,N/A,-,,Turkey,egepostasi.com,No feed generated,FALSE,,,FALSE,
Aydın Yeni Ufuk Gazetesi,https://www.aydinyeniufuk.com.tr/rss.xml,OG,success,2025-11-29 15:09:02,Turkey,aydinyeniufuk.com.tr,To Do,FALSE,,,FALSE,Newly discovered RSS feed
police24.pl,-,N/A,-,,Poland,police24.pl,No feed generated,FALSE,,,FALSE,
Reporter de Iași,-,N/A,-,,Romania,reporteris.ro,No feed generated,FALSE,,,FALSE,
Volosday,https://www.volosday.gr/feed/,OG,success,2025-11-29 15:09:04,Greece,volosday.gr,To Do,FALSE,,,FALSE,Newly discovered RSS feed
Εφημερίδα ΕΡΜΗΣ / ermisnews.gr,https://ermisnews.gr/feed/,OG,success,2025-11-29 15:09:12,Greece,ermisnews.gr,To Do,FALSE,,,FALSE,Newly discovered RSS feed
startbih.ba,-,N/A,-,,Croatia,startbih.ba,No feed generated,FALSE,,,FALSE,
Radio Novi Grad,-,N/A,-,,Bosnia and Herzegovina,radionovigrad.com,No feed generated,FALSE,,,FALSE,
PlanowanieWesela.pl,-,N/A,-,,Poland,planowaniewesela.pl,No feed generated,FALSE,,,FALSE,
Radio Donji Vakuf,https://radiodonjivakuf.com.ba/feed/,RSS,success,2025-11-29 15:09:19,Bosnia and Herzegovina,radiodonjivakuf.com.ba,To Do,FALSE,,,FALSE,Newly discovered RSS feed
Ziarul Românesc Spania,https://ziarulromanesc.es/feed/,OG,success,2025-11-29 15:09:24,Romania,ziarulromanesc.es,To Do,FALSE,,,FALSE,Newly discovered RSS feed
Ami Naxi Radio,https://www.amiradio.rs/feed/,OG,success,2025-11-29 15:09:27,Serbia,amiradio.rs,To Do,FALSE,,,FALSE,Newly discovered RSS feed
Fib Haber,https://fibhaber.com/rss,OG,success,2025-11-29 15:09:30,Turkey,fibhaber.com,To Do,FALSE,,,FALSE,Newly discovered RSS feed
TeleM Iași,https://telem.ro/feed/,OG,success,2025-11-29 15:09:37,Romania,telem.ro,To Do,FALSE,,,FALSE,Newly discovered RSS feed
Zirve Kıbrıs,-,N/A,-,,Turkey,zirvekibris.com,No feed generated,FALSE,,,FALSE,
Ege Telgraf,-,N/A,-,,Turkey,egetelgraf.com,No feed generated,FALSE,,,FALSE,
Orthodoxia News Agency,-,N/A,-,,Greece,orthodoxianewsagency.gr,No feed generated,FALSE,,,FALSE,
Κοντασας,https://kontasas.gr/feed/,OG,success,2025-11-29 15:09:43,Greece,kontasas.gr,To Do,FALSE,,,FALSE,Newly discovered RSS feed
Bursa Sancak,https://bursasancak.com.tr/rss,OG,success,2025-11-29 15:09:47,Turkey,bursasancak.com.tr,To Do,FALSE,,,FALSE,Newly discovered RSS feed
vrilissianews.gr,https://vrilissianews.gr/feed/,OG,success,2025-11-29 15:09:52,Greece,vrilissianews.gr,To Do,FALSE,,,FALSE,Newly discovered RSS feed
Gölcük Haber,https://golcukhaber.com.tr/rss.xml,OG,success,2025-11-29 15:10:05,Turkey,golcukhaber.com.tr,To Do,FALSE,,,FALSE,Newly discovered RSS feed
Radio 2ST,https://2st.com.au/feed,OG,success,2025-11-29 15:10:13,Australia,2st.com.au,To Do,FALSE,,,FALSE,Newly discovered RSS feed
Krook Media Oy,-,N/A,-,,Finland,krookmedia.fi,No feed generated,FALSE,,,FALSE,
iEidiseis.gr,https://ieidiseis.gr/news?format=feed,OG,success,2025-11-29 15:10:17,Greece,ieidiseis.gr,To Do,FALSE,,,FALSE,Newly discovered RSS feed
Vranje News,https://vranjenews.rs/rss,OG,success,2025-11-29 15:10:20,Serbia,vranjenews.rs,To Do,FALSE,,,FALSE,Newly discovered RSS feed
Daily Engineering,-,N/A,-,,United States,dailyengineering.com,No feed generated,FALSE,,,FALSE,
Max Woman,https://www.maxwoman.in/google_feeds.xml,OG,success,2025-11-29 15:10:26,India,maxwoman.in,To Do,FALSE,,,FALSE,Newly discovered RSS feed
Telegrama,-,N/A,-,,Romania,telegrama.ro,No feed generated,FALSE,,,FALSE,
Ekhon Khobor,-,N/A,-,,India,ekhonkhobor.com,No feed generated,FALSE,,,FALSE,
School Pathram,-,N/A,-,,India,schoolpathram.com,No feed generated,FALSE,,,FALSE,
Haberler Ankara,-,N/A,-,,Turkey,haberlerankara.com,No feed generated,FALSE,,,FALSE,
KORONAfm100,https://www.koronafm100.hu/feed/,OG,success,2025-11-29 15:10:36,Hungary,koronafm100.hu,To Do,FALSE,,,FALSE,Newly discovered RSS feed
Καλύτερη Λαμία,https://www.kaliterilamia.gr/feeds/posts/default,OG,success,2025-11-29 15:10:38,Greece,kaliterilamia.gr,To Do,FALSE,,,FALSE,Newly discovered RSS feed
Knitting Galeri,-,N/A,-,,India,isinyoulow.com,No feed generated,FALSE,,,FALSE,
Maraş Pusula Haber,https://maraspusula.com/rss,OG,success,2025-11-29 15:10:42,Turkey,maraspusula.com,To Do,FALSE,,,FALSE,Newly discovered RSS feed
Cookta,https://cookta.hu/feed,OG,success,2025-11-29 15:10:46,Hungary,cookta.hu,To Do,FALSE,,,FALSE,Newly discovered RSS feed
The Hungarian Times,-,N/A,-,,Hungary,thehungariantimes.hu,No feed generated,FALSE,,,FALSE,
Ramski Vjesnik,https://ramski-vjesnik.ba/feed/,OG,success,2025-11-29 15:10:48,Croatia,ramski-vjesnik.ba,To Do,FALSE,,,FALSE,Newly discovered RSS feed
Info112.pl,-,N/A,-,,Poland,info112.pl,No feed generated,FALSE,,,FALSE,
Kayseri Yerel Haber,https://kayseriyerelhaber.com/rss,OG,success,2025-11-29 15:10:52,Turkey,kayseriyerelhaber.com,To Do,FALSE,,,FALSE,Newly discovered RSS feed
Kayseri İlk Haber,https://www.kayseriilkhaber.com/rss.xml,OG,success,2025-11-29 15:10:57,Turkey,kayseriilkhaber.com,To Do,FALSE,,,FALSE,Newly discovered RSS feed
Bölge Haber,https://bolgehaber67.net/rss.xml,OG,success,2025-11-29 15:11:03,Turkey,bolgehaber67.net,To Do,FALSE,,,FALSE,Newly discovered RSS feed
Vansesi Gazetesi,https://www.vansesigazetesi.com/rss/,OG,success,2025-11-29 15:11:06,Turkey,vansesigazetesi.com,To Do,FALSE,,,FALSE,Newly discovered RSS feed
Samsun Kent Haber,https://www.samsunkenthaber.com.tr/rss.xml,"OG (9), RSS (1)",success,2025-11-29 15:11:17,Turkey,samsunkenthaber.com.tr,To Do,FALSE,,,FALSE,Newly discovered RSS feed
Turgutlu Yankı Gazetesi,-,N/A,-,,Turkey,turgutluyanki.com,No feed generated,FALSE,,,FALSE,
Nethaber,https://nethaber.com/rss,OG,success,2025-11-29 15:11:20,Turkey,nethaber.com,To Do,FALSE,,,FALSE,Newly discovered RSS feed
Kar360 Haber,https://kar360.com/rss.xml,OG,success,2025-11-29 15:11:25,Turkey,kar360.com,To Do,FALSE,,,FALSE,Newly discovered RSS feed
eZiarultău,https://eziarultau.ro/feed,OG,success,2025-11-29 15:11:37,Romania,eziarultau.ro,To Do,FALSE,,,FALSE,Newly discovered RSS feed
Trabzon Haber 24,https://trabzonhaber24.com/rss,OG,success,2025-11-29 15:11:40,Turkey,trabzonhaber24.com,To Do,FALSE,,,FALSE,Newly discovered RSS feed
Kent Yaşam Gazetesi,https://yasamgazetesi.com.tr/rss/,OG,success,2025-11-29 15:11:45,Turkey,yasamgazetesi.com.tr,To Do,FALSE,,,FALSE,Newly discovered RSS feed
Yaşadıkça Engelliler Haber ve Bilgi Portalı,https://yasadikca.com/feed/,OG,success,2025-11-29 15:12:04,Turkey,yasadikca.com,To Do,FALSE,,,FALSE,Newly discovered RSS feed
University of Lodz,-,N/A,-,,Poland,lodz.pl,No feed generated,FALSE,,,FALSE,
Yeni Kocaeli,https://www.yenikocaeli.com/rss,OG,success,2025-11-29 15:12:16,Turkey,yenikocaeli.com,To Do,FALSE,,,FALSE,Newly discovered RSS feed
Konya Postası,https://www.konyapostasi.com.tr/rss/news,OG,success,2025-11-29 15:12:19,Turkey,konyapostasi.com.tr,To Do,FALSE,,,FALSE,Newly discovered RSS feed
Geyve Medya,https://geyvemedya.com/feed/,OG,success,2025-11-29 15:12:25,Turkey,geyvemedya.com,To Do,FALSE,,,FALSE,Newly discovered RSS feed
Kcen-tv,-,N/A,-,,United States,kcentv.com,No feed generated,FALSE,,,FALSE,
Vanda Haber,https://vandahaber.com/rss,OG,success,2025-11-29 15:12:34,Turkey,vandahaber.com,To Do,FALSE,,,FALSE,Newly discovered RSS feed
Çapakçur Gazetesi,https://www.capakcurgazetesi.com.tr/rss.xml,OG,success,2025-11-29 15:12:37,Turkey,capakcurgazetesi.com.tr,To Do,FALSE,,,FALSE,Newly discovered RSS feed
Barikada,https://barikada.ro/feed/,OG,success,2025-11-29 15:12:39,Romania,barikada.ro,To Do,FALSE,,,FALSE,Newly discovered RSS feed
Denizli 20 Haber,https://www.denizli20haber.com/rss.xml,OG,success,2025-11-29 15:12:42,Turkey,denizli20haber.com,To Do,FALSE,,,FALSE,Newly discovered RSS feed
Selo,-,N/A,-,,Bulgaria,selo.bg,No feed generated,FALSE,,,FALSE,
İzmir Kent Haber,https://www.izmirkenthaber.com.tr/rss,OG,success,2025-11-29 15:12:50,Turkey,izmirkenthaber.com.tr,To Do,FALSE,,,FALSE,Newly discovered RSS feed
Voleybolun Sesi,https://voleybolunsesi.com/feed/,OG,success,2025-11-29 15:12:53,Turkey,voleybolunsesi.com,To Do,FALSE,,,FALSE,Newly discovered RSS feed
Wieści24.pl,https://wiesci24.pl/feed/,OG,success,2025-11-29 15:12:58,Poland,wiesci24.pl,To Do,FALSE,,,FALSE,Newly discovered RSS feed
Erzurum Pusula Gazetesi,https://www.gazetepusula.net/rss.xml,OG,success,2025-11-29 15:13:05,Turkey,gazetepusula.net,To Do,FALSE,,,FALSE,Newly discovered RSS feed
Хай Клуб,-,N/A,-,,Bulgaria,hiclub.bg,No feed generated,FALSE,,,FALSE,
Kahraman TV,-,N/A,-,,Turkey,kahramantv.com,No feed generated,FALSE,,,FALSE,
नेपाली समाचार,-,N/A,-,,India,purakhabar.com,No feed generated,FALSE,,,FALSE,
Μεταξύ μας,https://metaximas.org/feed/,OG,success,2025-11-29 15:13:14,Greece,metaximas.org,To Do,FALSE,,,FALSE,Newly discovered RSS feed
PoligrafF.net,https://poligraff.net/feed,OG,success,2025-11-29 15:13:20,Bulgaria,poligraff.net,To Do,FALSE,,,FALSE,Newly discovered RSS feed
Adapazarı Akşam Haberleri Gazetesi,-,N/A,-,,Turkey,aksamhaberleri.com.tr,No feed generated,FALSE,,,FALSE,
আলোকিত চাটখিল,-,N/A,-,,Bangladesh,alokitochatkhil.com,No feed generated,FALSE,,,FALSE,
RacersGuide.com,https://racersguide.com/feed,RSS,success,2025-11-29 11:52:45,United States,racersguide.com,To Do,FALSE,,,FALSE,Newly discovered RSS feed
Özgür Bolu,-,N/A,-,,Turkey,ozgurbolu.com,No feed generated,FALSE,,,FALSE,
Visokoin,-,N/A,-,,Bosnia and Herzegovina,visokoin.com,No feed generated,FALSE,,,FALSE,
शताब्दी न्यूज़,-,N/A,-,,India,shatabdinews.com,No feed generated,FALSE,,,FALSE,
Taşımacılar,-,N/A,-,,Turkey,tasimacilar.com,No feed generated,FALSE,,,FALSE,
Αρχείον Πολιτισμού,https://arxeion-politismou.gr/feed,OG,success,2025-11-29 15:13:22,Greece,arxeion-politismou.gr,To Do,FALSE,,,FALSE,Newly discovered RSS feed
Antivirus Magazine,-,N/A,-,,Greece,avmag.gr,No feed generated,FALSE,,,FALSE,
Hellenicdailynews,-,N/A,-,,United States,hellenicdailynewsny.com,No feed generated,FALSE,,,FALSE,
Almapiac.com,-,N/A,-,,Hungary,almapiac.com,No feed generated,FALSE,,,FALSE,
Taitung News,https://taitung.news/feed,OG,success,2025-11-29 15:13:27,Taiwan,taitung.news,To Do,FALSE,,,FALSE,Newly discovered RSS feed
Haber48,https://haber48.com.tr/rss/,OG,success,2025-11-29 15:13:32,Turkey,haber48.com.tr,To Do,FALSE,,,FALSE,Newly discovered RSS feed
Tunsori femei,-,N/A,-,,Romania,stemir.org,No feed generated,FALSE,,,FALSE,
Râmnicu Vâlcea Week Rvw,https://www.ramnicuvalceaweek.ro/feed/,OG,success,2025-11-29 15:13:41,Romania,ramnicuvalceaweek.ro,To Do,FALSE,,,FALSE,Newly discovered RSS feed
WMMQ,https://wmmq.com/feed/,OG,success,2025-11-29 11:52:48,United States,wmmq.com,To Do,FALSE,,,FALSE,Newly discovered RSS feed
Gazete Gebze,http://gazetegebze.com.tr/feed,OG,success,2025-11-29 15:13:44,Turkey,gazetegebze.com.tr,To Do,FALSE,,,FALSE,Newly discovered RSS feed
Timeline.gr,https://timeline.gr/feed/,OG,success,2025-11-29 15:13:48,Greece,timeline.gr,To Do,FALSE,,,FALSE,Newly discovered RSS feed
Patna News,-,N/A,-,,India,patnanewslive.com,No feed generated,FALSE,,,FALSE,
enwsi.gr,-,N/A,-,,Greece,enwsi.gr,No feed generated,FALSE,,,FALSE,
Filmy Focus,-,N/A,-,,India,filmyfocus.com,No feed generated,FALSE,,,FALSE,
Ajans News,-,N/A,-,,Turkey,ajansnews.com.tr,No feed generated,FALSE,,,FALSE,
Hürfikir Gazetesi,https://www.hurfikir.com.tr/feed/,OG,success,2025-11-29 15:14:03,Turkey,hurfikir.com.tr,To Do,FALSE,,,FALSE,Newly discovered RSS feed
Zak Insider.com,-,N/A,-,,Greece,zak-insider.com,No feed generated,FALSE,,,FALSE,
Turkey News,https://www.turk-now.com/feed/,OG,success,2025-11-29 15:14:05,Turkey,turk-now.com,To Do,FALSE,,,FALSE,Newly discovered RSS feed
Dincolo De Sport,https://dincolodesport.eu/feed/,OG,success,2025-11-29 15:14:14,Romania,dincolodesport.eu,To Do,FALSE,,,FALSE,Newly discovered RSS feed
Dzień Dobry Sopot,-,N/A,-,,Poland,esopot.pl,No feed generated,FALSE,,,FALSE,
Akgazete,-,N/A,-,,Turkey,akgazete.com.tr,No feed generated,FALSE,,,FALSE,
Площад Славейков,https://ploshtadslaveikov.com/feed,OG,success,2025-11-29 15:14:18,Bulgaria,ploshtadslaveikov.com,To Do,FALSE,,,FALSE,Newly discovered RSS feed
Pervasız,https://pervasiz.com.tr/rss,OG,success,2025-11-29 15:14:22,Turkey,pervasiz.com.tr,To Do,FALSE,,,FALSE,Newly discovered RSS feed
Haber ADS,https://haberads.com/rss.xml,OG,success,2025-11-29 15:14:27,Turkey,haberads.com,To Do,FALSE,,,FALSE,Newly discovered RSS feed
Çorum Yayla Haber Gazetesi,-,N/A,-,,Turkey,yaylahaber.com.tr,No feed generated,FALSE,,,FALSE,
Yeni Haber,https://www.yenihaberden.com/service/rss.php,OG,success,2025-11-29 15:14:30,Turkey,yenihaberden.com,To Do,FALSE,,,FALSE,Newly discovered RSS feed
Yozgat Gazetesi,-,N/A,-,,Turkey,yozgatgazetesi.com,No feed generated,FALSE,,,FALSE,
New Herald News,-,N/A,-,,United States,newherald.news,No feed generated,FALSE,,,FALSE,
Karadeniz Gazetesi,-,N/A,-,,Turkey,karadenizgazete.com.tr,No feed generated,FALSE,,,FALSE,
Yeni Marmara Gazetesi,https://www.yenimarmaragazetesi.com/rss,OG,success,2025-11-29 15:14:34,Turkey,yenimarmaragazetesi.com,To Do,FALSE,,,FALSE,Newly discovered RSS feed
Brenham Banner Press,https://kwhi.com/feed,OG,success,2025-11-29 11:52:49,United States,kwhi.com,To Do,FALSE,,,FALSE,Newly discovered RSS feed
Marksist,https://marksist.org/feed/,OG,success,2025-11-29 15:14:47,Turkey,marksist.org,To Do,FALSE,,,FALSE,Newly discovered RSS feed
Alexandroupoli Online,https://www.alexpolisonline.com/feeds/posts/default,OG,success,2025-11-29 15:14:49,Greece,alexpolisonline.com,To Do,FALSE,,,FALSE,Newly discovered RSS feed
Karaman Haber,https://www.karamanhaber.com/rss.xml,OG,success,2025-11-29 15:14:52,Turkey,karamanhaber.com,To Do,FALSE,,,FALSE,Newly discovered RSS feed
Comillar Kagoj,https://comillarkagoj.com/rss/,OG,success,2025-11-29 15:14:54,Bangladesh,comillarkagoj.com,To Do,FALSE,,,FALSE,Newly discovered RSS feed
Maraş Gündem,https://www.marasgundem.com.tr/service/rss.php,OG,success,2025-11-29 15:14:58,Turkey,marasgundem.com.tr,To Do,FALSE,,,FALSE,Newly discovered RSS feed
Yenişehir Yörem Gazetesi,https://www.yenisehiryorem.com/rss,OG,success,2025-11-29 15:15:02,Turkey,yenisehiryorem.com,To Do,FALSE,,,FALSE,Newly discovered RSS feed
Meb Personel,https://www.mebpersonel.net/feed,OG,success,2025-11-29 15:15:04,Turkey,mebpersonel.com,To Do,FALSE,,,FALSE,Newly discovered RSS feed
LarissaPress,https://www.larissapress.gr/feed/,OG,success,2025-11-29 15:15:09,Greece,larissapress.gr,To Do,FALSE,,,FALSE,Newly discovered RSS feed
Fiction & Entertainment,-,N/A,-,,India,fiction247.com,No feed generated,FALSE,,,FALSE,
En Línea BC,-,N/A,-,,United States,enlineabc.com.mx,No feed generated,FALSE,,,FALSE,
Antyradio,-,N/A,-,,Poland,antyradio.pl,No feed generated,FALSE,,,FALSE,
RESPECT,https://respect-mag.com/feed/,OG,success,2025-11-29 11:52:50,United States,respect-mag.com,To Do,FALSE,,,FALSE,Newly discovered RSS feed
ΦΙΛΟΙ ΕΣΦΙΓΜΕΝΟΥ,-,N/A,-,,Greece,filoi-esfigmenou.com,No feed generated,FALSE,,,FALSE,
Wwsb,-,N/A,-,,United States,mysuncoast.com,No feed generated,FALSE,,,FALSE,
Farmers Guardian,http://fginsight.com/.rss,OG,success,2025-11-29 11:52:55,United Kingdom,fginsight.com,To Do,FALSE,,,FALSE,Newly discovered RSS feed
Kjan,-,N/A,-,,United States,kjan.com,No feed generated,FALSE,,,FALSE,
康健雜誌,-,N/A,-,,Taiwan,commonhealth.com.tw,No feed generated,FALSE,,,FALSE,
Изгодни оферти,-,N/A,-,,Bulgaria,izgodni.bg,No feed generated,FALSE,,,FALSE,
MaltaWinds,https://maltawinds.com/feed/,OG,success,2025-11-29 15:15:12,Malta,maltawinds.com,To Do,FALSE,,,FALSE,Newly discovered RSS feed
Gamebrott.com Limited,https://gamebrott.com/feed,OG,success,2025-11-29 15:15:29,Indonesia,gamebrott.com,To Do,FALSE,,,FALSE,Newly discovered RSS feed
Grand Café Szeged,-,N/A,-,,Hungary,szeged.hu,No feed generated,FALSE,,,FALSE,
Kgns Tv,-,N/A,-,,United States,kgns.tv,No feed generated,FALSE,,,FALSE,
Tv3 Sport,https://tv3sport.dk/rss,OG,success,2025-11-29 15:15:37,Denmark,tv3sport.dk,To Do,FALSE,,,FALSE,Newly discovered RSS feed
El Gerió Digital,https://www.gerio.cat/sindica,OG,success,2025-11-29 11:52:58,United States,gerio.cat,To Do,FALSE,,,FALSE,Newly discovered RSS feed
Scandinavia Online AS,-,N/A,-,,Norway,sol.no,No feed generated,FALSE,,,FALSE,
Triple M,-,N/A,-,,Australia,triplem.com.au,No feed generated,FALSE,,,FALSE,
The 97.3FM,https://973fm.com.au/feed,OG,success,2025-11-29 15:15:43,Australia,973fm.com.au,To Do,FALSE,,,FALSE,Newly discovered RSS feed
JobcenterNigeria,-,N/A,-,,Nigeria,jobcenternigeria.com,No feed generated,FALSE,,,FALSE,
Rogers Radio Group,-,N/A,-,,United States,citynews.ca,No feed generated,FALSE,,,FALSE,
profitipp.hu,-,N/A,-,,Hungary,profitipp.hu,No feed generated,FALSE,,,FALSE,
"Српско-руско пријатељство """"Братство""""",https://www.srpbratstvo.org/feed/,OG,success,2025-11-29 15:15:49,Bosnia and Herzegovina,srpbratstvo.org,To Do,FALSE,,,FALSE,Newly discovered RSS feed
Revista 110,https://www.revista110.online/feed/,OG,success,2025-11-29 11:53:05,United States,revista110.online,To Do,FALSE,,,FALSE,Newly discovered RSS feed
The Veterinary News & Views,https://vetnewsandviews.com/blog/feed,OG,success,2025-11-29 15:15:53,Pakistan,vetnewsandviews.com,To Do,FALSE,,,FALSE,Newly discovered RSS feed
Nea Farsala,https://neafarsala.gr/feed/,OG,success,2025-11-29 15:16:19,Greece,neafarsala.gr,To Do,FALSE,,,FALSE,Newly discovered RSS feed
Abba Thammudu,https://oktelugu.com/feed,OG,success,2025-11-29 15:16:26,India,oktelugu.com,To Do,FALSE,,,FALSE,Newly discovered RSS feed
Op1,-,N/A,-,,Netherlands,op1npo.nl,No feed generated,FALSE,,,FALSE,
Polis Magazino,https://www.polismagazino.gr/feed/,OG,success,2025-11-29 15:16:44,Greece,polismagazino.gr,To Do,FALSE,,,FALSE,Newly discovered RSS feed
Radio JAT,-,N/A,-,,Serbia,radiojat.rs,No feed generated,FALSE,,,FALSE,
Serayu news,https://serayunews.com/feed.rss,OG,success,2025-11-29 15:16:53,Indonesia,serayunews.com,To Do,FALSE,,,FALSE,Newly discovered RSS feed
Ktvl Television 10,https://ktvl.com/.rss,OG,success,2025-11-29 11:53:05,United States,ktvl.com,To Do,FALSE,,,FALSE,Newly discovered RSS feed
NortheEcambia.com,http://www.northescambia.com/feed,"OG (8), RSS (2)",success,2025-11-29 11:53:05,United States,northescambia.com,To Do,FALSE,,,FALSE,Newly discovered RSS feed
Κατοχικά Νέα,https://katohika.gr/feed/,OG,success,2025-11-29 15:17:03,Greece,katohika.gr,To Do,FALSE,,,FALSE,Newly discovered RSS feed
"Evripos 90,0 FM",https://www.90fm.gr/feed/,OG,success,2025-11-29 15:17:06,Greece,90fm.gr,To Do,FALSE,,,FALSE,Newly discovered RSS feed
Wnem,-,N/A,-,,United States,wnem.com,No feed generated,FALSE,,,FALSE,
News Live,-,N/A,-,,India,newslivetv.com,No feed generated,FALSE,,,FALSE,
Głos Powiatu Średzkiego,-,N/A,-,,Poland,glospowiatusredzkiego.pl,No feed generated,FALSE,,,FALSE,
Yeniçağ Gazetesi,https://yenicaggazetesi.com.tr/feed,OG,success,2025-11-29 15:17:12,Turkey,yenicaggazetesi.com.tr,To Do,FALSE,,,FALSE,Newly discovered RSS feed
αθηνόραμα,-,N/A,-,,Greece,athinorama.gr,No feed generated,FALSE,,,FALSE,
Radio Timisoara,https://www.radiotimisoara.ro/feed,OG,success,2025-11-29 15:17:21,Romania,radiotimisoara.ro,To Do,FALSE,,,FALSE,Newly discovered RSS feed
Suryan FM,https://www.suryanfm.in/feed/,OG,success,2025-11-29 15:17:38,India,suryanfm.in,To Do,FALSE,,,FALSE,Newly discovered RSS feed
ТЕМА СПОРТ,https://temasport.com/feed/,OG,success,2025-11-29 15:17:40,Bulgaria,temasport.com,To Do,FALSE,,,FALSE,Newly discovered RSS feed
Mongabay-Indonesia,https://mongabay.co.id/feed,OG,success,2025-11-29 15:17:42,Indonesia,mongabay.co.id,To Do,FALSE,,,FALSE,Newly discovered RSS feed
Napolovina,-,N/A,-,,Bulgaria,napolovina.com,No feed generated,FALSE,,,FALSE,
INSIDE,https://www.inside.com.tw/feed/rss,OG,success,2025-11-29 15:17:50,Taiwan,inside.com.tw,To Do,FALSE,,,FALSE,Newly discovered RSS feed
DOCTORTV.net,-,N/A,-,,Bangladesh,doctortv.net,No feed generated,FALSE,,,FALSE,
e-Asfalistiki,-,N/A,-,,Greece,e-asfalistiki.gr,No feed generated,FALSE,,,FALSE,
Wessex FM,-,N/A,-,,United Kingdom,wessexfm.com,No feed generated,FALSE,,,FALSE,
Πάμε Μπάλα,-,N/A,-,,Greece,pamebala.gr,No feed generated,FALSE,,,FALSE,
Wfxl,-,N/A,-,,United States,wfxl.com,No feed generated,FALSE,,,FALSE,
Straight.gt,-,N/A,-,,Greece,straight.gr,No feed generated,FALSE,,,FALSE,
Nandighosha TV,https://nandighoshatv.com/feed/,OG,success,2025-11-29 15:17:53,India,nandighoshatv.com,To Do,FALSE,,,FALSE,Newly discovered RSS feed
Thrive Global Greece,https://thriveglobal.gr/feed/,OG,success,2025-11-29 15:17:55,Greece,thriveglobal.gr,To Do,FALSE,,,FALSE,Newly discovered RSS feed
ΡΑΔΙΟ ΒΕΡΑ,https://www.radiovera.gr/feed/,OG,success,2025-11-29 15:17:57,Greece,radiovera.gr,To Do,FALSE,,,FALSE,Newly discovered RSS feed
Sparkt,https://rabbleholdings.com/feed/,OG,success,2025-11-29 11:53:08,United States,sparkt.com,To Do,FALSE,,,FALSE,Newly discovered RSS feed
Български Новини,https://www.newsbg.eu/feed/,OG,success,2025-11-29 15:18:05,Bulgaria,newsbg.eu,To Do,FALSE,,,FALSE,Newly discovered RSS feed
Kocaeli Televizyon ve Radyo A.Ş,-,N/A,-,,Turkey,kocaelitv.com.tr,No feed generated,FALSE,,,FALSE,
96fm,https://96fm.com.au/feed,OG,success,2025-11-29 15:18:10,Australia,96fm.com.au,To Do,FALSE,,,FALSE,Newly discovered RSS feed
Kunp,https://kunptv.com/.rss,OG,success,2025-11-29 11:53:08,United States,kunptv.com,To Do,FALSE,,,FALSE,Newly discovered RSS feed
The Lantern Media Group,https://www.thelantern.com/feed/,OG,success,2025-11-29 11:53:11,United States,thelantern.com,To Do,FALSE,,,FALSE,Newly discovered RSS feed
Times Herald-Record,-,N/A,-,,United States,recordonline.com,No feed generated,FALSE,,,FALSE,
Bartlesville Examiner Enterprise,-,N/A,-,,United States,examiner-enterprise.com,No feed generated,FALSE,,,FALSE,
Sonora Jakarta 92.0 FM,-,N/A,-,,Indonesia,sonora.co.id,No feed generated,FALSE,,,FALSE,
National Daily Newspaper,https://nationaldailyng.com/feed/,OG,success,2025-11-29 15:18:16,Nigeria,nationaldailyng.com,To Do,FALSE,,,FALSE,Newly discovered RSS feed
Desh Rupantor,-,N/A,-,,Bangladesh,deshrupantor.com,No feed generated,FALSE,,,FALSE,
Ekonomista,-,N/A,-,,Poland,ekonomista.info.pl,No feed generated,FALSE,,,FALSE,
PT Kilat Republik Indonesia,-,N/A,-,,Indonesia,kilat.com,No feed generated,FALSE,,,FALSE,
Pirate FM,-,N/A,-,,United Kingdom,piratefm.co.uk,No feed generated,FALSE,,,FALSE,
Nbc 24,https://nbc24.com/.rss,OG,success,2025-11-29 11:53:11,United States,nbc24.com,To Do,FALSE,,,FALSE,Newly discovered RSS feed
702,-,N/A,-,,South Africa,702.co.za,No feed generated,FALSE,,,FALSE,
Παρατηρητής,-,N/A,-,,Greece,serresparatiritis.gr,No feed generated,FALSE,,,FALSE,
Divatikon.hu,https://divatikon.hu/feed/,OG,success,2025-11-29 15:18:32,Hungary,divatikon.hu,To Do,FALSE,,,FALSE,Newly discovered RSS feed
A CineMániás - Az online filmmagazin,-,N/A,-,,United States,acinemanias.com,No feed generated,FALSE,,,FALSE,
Pinoy Desserts by PingDesserts.com,https://www.pingdesserts.com/feed/,OG,success,2025-11-29 15:18:36,Philippines,pingdesserts.com,To Do,FALSE,,,FALSE,Newly discovered RSS feed
إعلام العرب,https://www.i3lam-al3arab.com/feed/,OG,success,2025-11-29 15:18:46,United Arab Emirates,i3lam-al3arab.com,To Do,FALSE,,,FALSE,Newly discovered RSS feed
ERTV,https://www.ertv.com.tr/rss/,OG,success,2025-11-29 15:18:49,Turkey,ertv.com.tr,To Do,FALSE,,,FALSE,Newly discovered RSS feed
EstereoCatolica.com,-,N/A,-,,United States,estereocatolica.com,No feed generated,FALSE,,,FALSE,
DOTTO TV,https://dottotv.ro/feed/,OG,success,2025-11-29 15:18:52,Romania,dottotv.ro,To Do,FALSE,,,FALSE,Newly discovered RSS feed
Macedonia News,https://mkdnews.com/feed/,RSS,success,2025-11-29 11:53:19,United States,mkdnews.com,To Do,FALSE,,,FALSE,Newly discovered RSS feed
The Real Chelsea Fans,https://therealchelseafans.com/feed/,OG,success,2025-11-29 11:53:23,United Kingdom,therealchelseafans.com,To Do,FALSE,,,FALSE,Newly discovered RSS feed
Рецепты. Типичный Кулинар,-,N/A,-,,United States,tipichnyjkulinar.com,No feed generated,FALSE,,,FALSE,
Go Jackie Go,-,N/A,-,,United States,gojackiego.com,No feed generated,FALSE,,,FALSE,
سكاي برس - Skypress,-,N/A,-,,United States,skypressiq.net,No feed generated,FALSE,,,FALSE,
The Independent Characters,https://theindependentcharacters.com/blog/feed/,OG,success,2025-11-29 11:53:24,United States,theindependentcharacters.com,To Do,FALSE,,,FALSE,Newly discovered RSS feed
News portal SBplus.hr,-,N/A,-,,Croatia,sbplus.hr,No feed generated,FALSE,,,FALSE,
Geyve Haber,-,N/A,-,,United States,geyvehaber.com,No feed generated,FALSE,,,FALSE,
BoalkhaliNews,-,N/A,-,,Bangladesh,boalkhalinews.com,No feed generated,FALSE,,,FALSE,
boishakhinews24.com,https://www.boishakhinews24.com/?feed=rss2,OG,success,2025-11-29 15:18:56,Bangladesh,boishakhinews24.com,To Do,FALSE,,,FALSE,Newly discovered RSS feed
Delicioase,https://www.gustoase.net/feed/,OG,success,2025-11-29 15:19:08,Romania,gustoase.net,To Do,FALSE,,,FALSE,Newly discovered RSS feed
БАгиня,https://onpin.xyz/feed,OG,success,2025-11-29 11:53:26,United States,onpin.xyz,To Do,FALSE,,,FALSE,Newly discovered RSS feed
健身動起來,https://jianshenrun.com/feed,N/A,failed,2025-11-29 11:53:36,United States,jianshenrun.com,To Do,FALSE,,,FALSE,Newly discovered RSS feed
Travel With Mapsofworld.com,https://www.mapsofworld.com/feed.xml,OG,success,2025-11-29 11:54:00,United States,mapsofworld.com,To Do,FALSE,,,FALSE,Newly discovered RSS feed
Sapunko,https://sapunko.com/feed/,OG,success,2025-11-29 15:19:10,Bosnia and Herzegovina,sapunko.com,To Do,FALSE,,,FALSE,Newly discovered RSS feed
Social Samvad,https://socialsamvad.com/feed/,OG,success,2025-11-29 15:19:17,India,socialsamvad.com,To Do,FALSE,,,FALSE,Newly discovered RSS feed
Jornal Primeira Hora,-,N/A,-,,Serbia,primeirahora.rs,No feed generated,FALSE,,,FALSE,
Поезија суштине,-,N/A,-,,Serbia,poezijasustine.rs,No feed generated,FALSE,,,FALSE,
Najjeftinija Putovanja,https://putujmojeftino.com/feed/,OG,success,2025-11-29 15:19:40,Croatia,putujmojeftino.com,To Do,FALSE,,,FALSE,Newly discovered RSS feed
Időinfó-MetKép,https://metkep.hu/feed,OG,success,2025-11-29 15:19:49,Hungary,metkep.hu,To Do,FALSE,,,FALSE,Newly discovered RSS feed
Matrixsynth,https://www.matrixsynth.com/feeds/posts/default,OG,success,2025-11-29 11:54:03,United States,matrixsynth.com,To Do,FALSE,,,FALSE,Newly discovered RSS feed
Arkeoloji ve Sanat Yayınları,-,N/A,-,,Turkey,arkeolojisanat.com,No feed generated,FALSE,,,FALSE,
NouveautesTele,https://www.nouveautes-tele.com/feed,OG,success,2025-11-29 11:54:05,United States,nouveautes-tele.com,To Do,FALSE,,,FALSE,Newly discovered RSS feed
Mundoperfecto.net,https://mundoperfecto.net/feed/,OG,success,2025-11-29 11:54:08,United States,mundoperfecto.net,To Do,FALSE,,,FALSE,Newly discovered RSS feed
Glas Zajeƒçara,-,N/A,-,,United States,glas-zajecara.com,No feed generated,FALSE,,,FALSE,
Restaurante de lux,https://restaurantedelux.ro/feed,OG,success,2025-11-29 15:19:54,Romania,restaurantedelux.ro,To Do,FALSE,,,FALSE,Newly discovered RSS feed
paokwall.gr,-,N/A,-,,Greece,paokwall.gr,No feed generated,FALSE,,,FALSE,
HYPE Singapore,https://hypesingapore.com/index.php/feed/,OG,success,2025-11-29 11:54:46,United States,hypesingapore.com,To Do,FALSE,,,FALSE,Newly discovered RSS feed
ІнфоПростір,https://agrimpasa.com/feed/,OG,success,2025-11-29 11:54:59,United States,agrimpasa.com,To Do,FALSE,,,FALSE,Newly discovered RSS feed
La Jugada Financiera,https://lajugadafinanciera.com/feed/,RSS,success,2025-11-29 11:55:04,United States,lajugadafinanciera.com,To Do,FALSE,,,FALSE,Newly discovered RSS feed
CreateDebate,-,N/A,-,,United States,createdebate.com,No feed generated,FALSE,,,FALSE,
Blog do Paulo Nunes,https://www.blogdopaulonunes.com/v5/index.php/feed/,OG,success,2025-11-29 11:55:12,United States,blogdopaulonunes.com,To Do,FALSE,,,FALSE,Newly discovered RSS feed
চট্টগ্রাম নিউজ,https://chattogramnews.com/feed,"OG (5), RSS (5)",success,2025-11-29 15:21:12,Bangladesh,chattogramnews.com,To Do,FALSE,,,FALSE,Newly discovered RSS feed
ROTKA,https://rotka.org/feed/,OG,success,2025-11-29 11:55:17,United States,rotka.org,To Do,FALSE,,,FALSE,Newly discovered RSS feed
Gazeta do Norte,https://gazetadonorte.com/feed/,OG,success,2025-11-29 11:55:19,United States,gazetadonorte.com,To Do,FALSE,,,FALSE,Newly discovered RSS feed
–ì—Ä–æ–¥–Ω–æ 24,https://grodno24.com/rss.xml,OG,success,2025-11-29 11:55:33,United States,grodno24.com,To Do,FALSE,,,FALSE,Newly discovered RSS feed
Manithan,https://manithan.com/rss,OG,success,2025-11-29 15:21:21,India,manithan.com,To Do,FALSE,,,FALSE,Newly discovered RSS feed
Best Folk Medicine,https://bestfolkmedicine.com/feed,OG,success,2025-11-29 15:21:30,Norway,bestfolkmedicine.com,To Do,FALSE,,,FALSE,Newly discovered RSS feed
Desmoheart - Motorcycles Parts & Accessories Shop,-,N/A,-,,United States,desmoheart.com,No feed generated,FALSE,,,FALSE,
InbiciMagazine,https://www.inbici.net/feed/,OG,success,2025-11-29 11:55:39,United States,inbici.net,To Do,FALSE,,,FALSE,Newly discovered RSS feed
Teach Montessori,-,N/A,-,,United States,teach-montessori.org,No feed generated,FALSE,,,FALSE,
รวมสูตรขนมต่างๆ,-,N/A,-,,United States,romsood.com,No feed generated,FALSE,,,FALSE,
ロンドン掲示板,https://kaigai-bbs.com/rss.xml,OG,success,2025-11-29 11:55:44,United States,kaigai-bbs.com,To Do,FALSE,,,FALSE,Newly discovered RSS feed
Robin's Marketplace: Early Bird Specials Discounts,-,N/A,-,,United States,robinspost.com,No feed generated,FALSE,,,FALSE,
GroupBuya 優惠＋著數,-,N/A,-,,Hong Kong,groupbuya.com,No feed generated,FALSE,,,FALSE,
Horóscopo Tauro,-,N/A,-,,United States,horoscoposdeldia.net,No feed generated,FALSE,,,FALSE,
–ë—ä–ª–≥–∞—Ä—Å–∫–∏—Ç–µ –∫–ª—é–∫–∏,https://kliuki.net/rss,OG,success,2025-11-29 11:55:47,United States,kliuki.net,To Do,FALSE,,,FALSE,Newly discovered RSS feed
–ü—É—à–∫–∏–Ω—Å–∫–∞—è,https://pushkinska.net/feed/,OG,success,2025-11-29 11:55:49,United States,pushkinska.net,To Do,FALSE,,,FALSE,Newly discovered RSS feed
Ochelaristi,-,N/A,-,,Romania,topzece10.net,No feed generated,FALSE,,,FALSE,
Teleprensa Cádiz,-,N/A,-,,United States,teleprensa.com,No feed generated,FALSE,,,FALSE,
Cocina y Recetas Fáciles,https://cocinayrecetasfaciles.com/rss.xml,RSS,success,2025-11-29 11:55:50,United States,cocinayrecetasfaciles.com,To Do,FALSE,,,FALSE,Newly discovered RSS feed
Sz√≠nes Vil√°g,-,N/A,-,,Hungary,szinesvilag.com,No feed generated,FALSE,,,FALSE,
Maroussi.city,https://maroussi.city/feed/,OG,success,2025-11-29 11:56:11,United States,maroussi.city,To Do,FALSE,,,FALSE,Newly discovered RSS feed
Windermere Sun,https://www.windermeresun.com/feed/,OG,success,2025-11-29 11:56:14,United States,windermeresun.com,To Do,FALSE,,,FALSE,Newly discovered RSS feed
"Richard's New Zealand - Old, Nostalgic, History, P",-,N/A,-,,United States,madonnewzealand.com,No feed generated,FALSE,,,FALSE,
Shiksha News,-,N/A,-,,India,shikshanews.com,No feed generated,FALSE,,,FALSE,
Basketplus.gr,https://basketplus.gr/feed/,OG,success,2025-11-29 15:21:36,Greece,basketplus.gr,To Do,FALSE,,,FALSE,Newly discovered RSS feed
Meet Animals,https://themindcircle.com/feed/,OG,success,2025-11-29 11:56:16,United States,themindcircle.com,To Do,FALSE,,,FALSE,Newly discovered RSS feed
وظائف الامارات,https://www.uouo15.net/feeds/posts/default,OG,success,2025-11-29 15:21:38,United Arab Emirates,uouo15.net,To Do,FALSE,,,FALSE,Newly discovered RSS feed
Aimim,-,N/A,-,,India,naiduniya24.com,No feed generated,FALSE,,,FALSE,
我不想聽大道理，我只想聽故事,-,N/A,-,,United States,touch-story.com,No feed generated,FALSE,,,FALSE,
Cappadonna,-,N/A,-,,United States,glfent.com,No feed generated,FALSE,,,FALSE,
Ispovesti,-,N/A,-,,Serbia,ispovesti.com,No feed generated,FALSE,,,FALSE,
Simplistically Living,https://www.simplisticallyliving.com/feed/,OG,success,2025-11-29 11:56:18,United States,simplisticallyliving.com,To Do,FALSE,,,FALSE,Newly discovered RSS feed
Nosotros los Arquitectos,https://www.nosotros-los-arquitectos.com/feed/,OG,success,2025-11-29 11:56:32,United States,nosotros-los-arquitectos.com,To Do,FALSE,,,FALSE,Newly discovered RSS feed
T√†ng Th∆∞ C√°c,-,N/A,-,,United States,tangthucac.com,No feed generated,FALSE,,,FALSE,
KuakataNews.Com,-,N/A,-,,Bangladesh,kuakatanews.com.bd,No feed generated,FALSE,,,FALSE,
Hbnews24,-,N/A,-,,United States,hbnews24.com,No feed generated,FALSE,,,FALSE,
Android Jefe,https://www.androidjefe.com/feed/,OG,success,2025-11-29 11:56:32,United States,androidjefe.com,To Do,FALSE,,,FALSE,Newly discovered RSS feed
Les gourmands méditerranéens,-,N/A,-,,United States,gourmand-mediterraneens.com,No feed generated,FALSE,,,FALSE,
Carla Snuggs - Posh Beauty Blog,-,N/A,-,,United States,poshbeautyblog.com,No feed generated,FALSE,,,FALSE,
সকল চাকরির খবর,-,N/A,-,,United States,jobsholders.com,No feed generated,FALSE,,,FALSE,
ExtraescolaresyOcio,https://extraescolaresyocio.com/feed,OG,success,2025-11-29 11:56:45,United States,extraescolaresyocio.com,To Do,FALSE,,,FALSE,Newly discovered RSS feed
مجلة ماهيتاب,https://www.mahetab.com/feed/,OG,success,2025-11-29 11:56:59,United States,mahetab.com,To Do,FALSE,,,FALSE,Newly discovered RSS feed
רחובות היום - אתר החדשות של העיר רחובות,https://www.news08.net/feed/,OG,success,2025-11-29 11:57:03,United States,news08.net,To Do,FALSE,,,FALSE,Newly discovered RSS feed
ladyfutsal,-,N/A,-,,United States,ladyfutsal.com,No feed generated,FALSE,,,FALSE,
Daily Ajker Barta - দৈনিক আজকের বার্তা,https://dailyajkerbarta.com/feed/,OG,success,2025-11-29 15:22:00,Bangladesh,dailyajkerbarta.com,To Do,FALSE,,,FALSE,Newly discovered RSS feed
A Gazeta do Acre,https://agazetadoacre.com/feed/,OG,success,2025-11-29 11:57:04,United States,agazetadoacre.com,To Do,FALSE,,,FALSE,Newly discovered RSS feed
Radio Vocea Sufletului,-,N/A,-,,Romania,radioulsufletului.ro,No feed generated,FALSE,,,FALSE,
UAinKrakow.pl,https://uainkrakow.pl/feed,OG,success,2025-11-29 15:22:04,Poland,uainkrakow.pl,To Do,FALSE,,,FALSE,Newly discovered RSS feed
Shaharbeen TIMES,https://www.shaharbeen.com/feed/,OG,success,2025-11-29 11:57:15,United States,shaharbeen.com,To Do,FALSE,,,FALSE,Newly discovered RSS feed
Y hoy qué comemos,-,N/A,-,,United States,yhoyquecomemos.com,No feed generated,FALSE,,,FALSE,
TAS RADIO - BEOGRAD,-,N/A,-,,United States,pinkradio.com,No feed generated,FALSE,,,FALSE,
Electrobuzz,-,N/A,-,,United States,electrobuzz.net,No feed generated,FALSE,,,FALSE,
AKTUAL,-,N/A,-,,Indonesia,revistaktual.com,No feed generated,FALSE,,,FALSE,
Recepti,-,N/A,-,,United States,recepti.com,No feed generated,FALSE,,,FALSE,
Motorland,-,N/A,-,,United States,motorlands.net,No feed generated,FALSE,,,FALSE,
Sylheter Kantho,-,N/A,-,,United States,sylheterkantho.com,No feed generated,FALSE,,,FALSE,
NosoloGamer,-,N/A,-,,United States,nosologamer.com,No feed generated,FALSE,,,FALSE,
Adult Humor,https://itsadulthumor.com/feed,OG,success,2025-11-29 11:57:25,United States,itsadulthumor.com,To Do,FALSE,,,FALSE,Newly discovered RSS feed
Bocchescucite,https://bocchescucite.org/feed/,OG,success,2025-11-29 11:57:28,United States,bocchescucite.org,To Do,FALSE,,,FALSE,Newly discovered RSS feed
KiloCalorii,https://www.kilocalorii.ro/feed/,OG,success,2025-11-29 15:22:07,Romania,kilocalorii.ro,To Do,FALSE,,,FALSE,Newly discovered RSS feed
Haber Yorum Gazetesi,https://haberyorumgazetesi.com/rss.xml,OG,success,2025-11-29 11:57:37,United States,haberyorumgazetesi.com,To Do,FALSE,,,FALSE,Newly discovered RSS feed
Kartal Haber,-,N/A,-,,Turkey,kartalhaber.com,No feed generated,FALSE,,,FALSE,
Кошерный Днепр,https://politeka.net/feed/rss2.xml,OG,success,2025-11-29 11:57:40,United States,politeka.net,To Do,FALSE,,,FALSE,Newly discovered RSS feed
976-TUNA.com,-,N/A,-,,United States,976-tuna.com,No feed generated,FALSE,,,FALSE,
U-12ジュニアサッカーワールドチャレンジ,-,N/A,-,,United States,u12-juniorsoccer-wc.com,No feed generated,FALSE,,,FALSE,
hotnews24bd.com,http://hotnews24bd.com/feed/,Discovered-pattern,N/A,,Bangladesh,hotnews24bd.com,No feed generated,FALSE,,,FALSE,
Oglasi Balkan,-,N/A,-,,United States,oglasibalkan.com,No feed generated,FALSE,,,FALSE,
ИНФОМРЕЖА,https://infomreja.bg/feed,OG,success,2025-11-29 15:22:10,Bulgaria,infomreja.bg,To Do,FALSE,,,FALSE,Newly discovered RSS feed
Food Evolution,-,N/A,-,,Philippines,foodevolution.com.ph,No feed generated,FALSE,,,FALSE,
Tempos Galegos,https://temposgalegos.com/feed/,OG,success,2025-11-29 11:57:43,United States,temposgalegos.com,To Do,FALSE,,,FALSE,Newly discovered RSS feed
Timlo Net,-,N/A,-,,Indonesia,timlo.net,No feed generated,FALSE,,,FALSE,
Actualidad saharaui,https://noteolvidesdelsaharaoccidental.org/feed/,OG,success,2025-11-29 11:57:49,United States,noteolvidesdelsaharaoccidental.org,To Do,FALSE,,,FALSE,Newly discovered RSS feed
Mobilita Palermo,https://mobilita.org/feed/,OG,success,2025-11-29 11:57:54,United States,mobilita.org,To Do,FALSE,,,FALSE,Newly discovered RSS feed
Vozim.HR,https://vozim.hr/feed/,OG,success,2025-11-29 15:22:13,Croatia,vozim.hr,To Do,FALSE,,,FALSE,Newly discovered RSS feed
Sudigali,https://www.sudigali.com/feed/,OG,success,2025-11-29 11:58:02,United States,sudigali.com,To Do,FALSE,,,FALSE,Newly discovered RSS feed
AEK Fans Blog,https://aek21fans.gr/feed,OG,success,2025-11-29 15:22:16,Greece,aek21fans.gr,To Do,FALSE,,,FALSE,Newly discovered RSS feed
Eveniment Valcean,https://evenimentvalcean.ro/feed/,OG,success,2025-11-29 15:22:20,Romania,evenimentvalcean.ro,To Do,FALSE,,,FALSE,Newly discovered RSS feed
Natun Gati - নতুন গতি,https://www.natungati.in/feed/,Discovered-autodiscovery,N/A,,India,natungati.in,No feed generated,FALSE,,,FALSE,
Brock Mathews,https://www.j104radio.com/feed/,OG,success,2025-11-29 11:58:08,United States,j104radio.com,To Do,FALSE,,,FALSE,Newly discovered RSS feed
Hollywood News Daily,https://hollywoodnewsdaily.com/feed,OG,success,2025-11-29 11:58:09,United States,hollywoodnewsdaily.com,To Do,FALSE,,,FALSE,Newly discovered RSS feed
Ελεύθερη Ενημέρωση - Ελλάδα,-,N/A,-,,Greece,elenews.gr,No feed generated,FALSE,,,FALSE,
infoiberico.com,https://infoiberico.com/feed/,OG,success,2025-11-29 11:58:12,United States,infoiberico.com,To Do,FALSE,,,FALSE,Newly discovered RSS feed
Priyo Bandhu Bengali,http://www.priyobandhu.com/feed/,OG,success,2025-11-29 15:22:25,India,priyobandhu.com,To Do,FALSE,,,FALSE,Newly discovered RSS feed
–ï—Ä–∫—Ä–∞–º–∞—Å- –ò–Ω—Ñ–æ—Ä–º–∞—Ü–∏–æ–Ω–Ω—ã–π –¶–µ–Ω—Ç—Ä,https://yerkramas.org/rss,OG,success,2025-11-29 11:58:15,United States,yerkramas.org,To Do,FALSE,,,FALSE,Newly discovered RSS feed
Muda News,-,N/A,-,,Indonesia,mudanews.com,No feed generated,FALSE,,,FALSE,
Boxeo De Colombia,https://www.boxeodecolombia.com/feed/,RSS,success,2025-11-29 11:58:15,United States,boxeodecolombia.com,To Do,FALSE,,,FALSE,Newly discovered RSS feed
Metal Building Homes,-,N/A,-,,United States,metal-building-homes.com,No feed generated,FALSE,,,FALSE,
Moje-Gniezno.pl,https://moje-gniezno.pl/feed/,OG,success,2025-11-29 15:22:27,Poland,moje-gniezno.pl,To Do,FALSE,,,FALSE,Newly discovered RSS feed
Sportski Portal,https://www.sportskiportal.rs/feed/,OG,success,2025-11-29 15:22:30,Serbia,sportskiportal.rs,To Do,FALSE,,,FALSE,Newly discovered RSS feed
Reporteros de Banqueta,https://reporterosdebanqueta.com/feed/,OG,success,2025-11-29 11:58:19,United States,reporterosdebanqueta.com,To Do,FALSE,,,FALSE,Newly discovered RSS feed
Combinacionganadora,-,N/A,-,,United States,combinacionganadora.com,No feed generated,FALSE,,,FALSE,
Addicted To Quack,https://addictedtoquack.com/rss/index.xml,OG,success,2025-11-29 11:58:20,United States,addictedtoquack.com,To Do,FALSE,,,FALSE,Newly discovered RSS feed
The Bible and Prophecy,https://www.raptureready.com/feed/,OG,success,2025-11-29 11:58:33,United States,raptureready.com,To Do,FALSE,,,FALSE,Newly discovered RSS feed
MTB-VCO.com,https://mtb-vco.com/feed/,OG,success,2025-11-29 11:58:39,United States,mtb-vco.com,To Do,FALSE,,,FALSE,Newly discovered RSS feed
GazeteÇORLU,https://www.gazetecorlu.com/feed/,OG,success,2025-11-29 15:22:34,Turkey,gazetecorlu.com,To Do,FALSE,,,FALSE,Newly discovered RSS feed
Radio Onda Tica,https://www.ondaticaonline.com/feed/,OG,success,2025-11-29 11:58:39,United States,ondaticaonline.com,To Do,FALSE,,,FALSE,Newly discovered RSS feed
Egyszerű Gyors Receptek,https://egyszerugyorsreceptek.com/feed/,OG,success,2025-11-29 11:58:44,United States,egyszerugyorsreceptek.com,To Do,FALSE,,,FALSE,Newly discovered RSS feed
Megatrend univerzitet,-,N/A,-,,Serbia,megatrend.edu.rs,No feed generated,FALSE,,,FALSE,
Carta de México,-,N/A,-,,United States,cartademexico.com,No feed generated,FALSE,,,FALSE,
Kovács Zoltán,-,N/A,-,,Hungary,abouthungary.hu,No feed generated,FALSE,,,FALSE,
vocentar.com,https://vocentar.com/feed/,OG,success,2025-11-29 11:58:46,United States,vocentar.com,To Do,FALSE,,,FALSE,Newly discovered RSS feed
"Love Radio 97,5 Athens",-,N/A,-,,Greece,loveradio.gr,No feed generated,FALSE,,,FALSE,
Aula Mexiquense,-,N/A,-,,United States,aulamexiquense.com,No feed generated,FALSE,,,FALSE,
Bóg Honor Ojczyzna,-,N/A,-,,Poland,prostozmostu.pl,No feed generated,FALSE,,,FALSE,
Eight Forums,-,N/A,-,,United States,eightforums.com,No feed generated,FALSE,,,FALSE,
Sports Pundit,-,N/A,-,,United States,sportspundit.com,No feed generated,FALSE,,,FALSE,
Meherpur News,https://www.meherpurnews.com/feed/,OG,success,2025-11-29 15:22:55,Bangladesh,meherpurnews.com,To Do,FALSE,,,FALSE,Newly discovered RSS feed
Argolida Planet.,https://argolidaplanet.com/feed/,OG,success,2025-11-29 11:59:02,United States,argolidaplanet.com,To Do,FALSE,,,FALSE,Newly discovered RSS feed
Porozmawiajmy o Pieniądzach,-,N/A,-,,Poland,aplikuj.pl,No feed generated,FALSE,,,FALSE,
Nie lubię tego,-,N/A,-,,Poland,memownia.pl,No feed generated,FALSE,,,FALSE,
Law Of Attraction With Meditation,https://lawofattractionwithmeditation.com/feed/,OG,success,2025-11-29 11:59:05,United States,lawofattractionwithmeditation.com,To Do,FALSE,,,FALSE,Newly discovered RSS feed
nnbd24.net এনএনবিডি২৪.নেট,-,N/A,-,,Bangladesh,nnbd24.net,No feed generated,FALSE,,,FALSE,
Ziarul Lupa,-,N/A,-,,Romania,lupamea.ro,No feed generated,FALSE,,,FALSE,
Leo Burtisan,-,N/A,-,,United Kingdom,leoburtisan.com,No feed generated,FALSE,,,FALSE,
Recipe Roost,https://reciperoost.com/feed/,OG,success,2025-11-29 11:59:08,United States,reciperoost.com,To Do,FALSE,,,FALSE,Newly discovered RSS feed
文 Gιяls Zone,https://inkbd.com/feed,OG,success,2025-11-29 15:23:01,Bangladesh,inkbd.com,To Do,FALSE,,,FALSE,Newly discovered RSS feed
daily-news.gr,-,N/A,-,,Greece,daily-news.gr,No feed generated,FALSE,,,FALSE,
KynoClub,https://kynoclub.gr/feed/,OG,success,2025-11-29 15:23:05,Greece,kynoclub.gr,To Do,FALSE,,,FALSE,Newly discovered RSS feed
Tapeciarnia.pl - tapety na pulpit,https://www.tapeciarnia.pl/rss.php?co=najnowsze_tapety,OG,success,2025-11-29 15:23:07,Poland,tapeciarnia.pl,To Do,FALSE,,,FALSE,Newly discovered RSS feed
Cinema Suceava,https://www.cinemasuceava.ro/rss/,OG,success,2025-11-29 15:23:13,Romania,cinemasuceava.ro,To Do,FALSE,,,FALSE,Newly discovered RSS feed
Optimus Haber,-,N/A,-,,United States,optimushaber.com,No feed generated,FALSE,,,FALSE,
CiutƒÉ Daniela,https://www.buletindecarei.ro/feed,OG,success,2025-11-29 15:23:28,Romania,buletindecarei.ro,To Do,FALSE,,,FALSE,Newly discovered RSS feed
ThailandTIP,https://thailandtip.info/feed/,OG,success,2025-11-29 11:59:19,United States,thailandtip.info,To Do,FALSE,,,FALSE,Newly discovered RSS feed
"Psihologija, ljubav, zdravlje, lifestyle",https://bgonline.rs/feed/,OG,success,2025-11-29 15:23:32,Serbia,bgonline.rs,To Do,FALSE,,,FALSE,Newly discovered RSS feed
"Astuces, Bricolage et Décor",https://ideescreatives.net/feed/,OG,success,2025-11-29 11:59:21,United States,ideescreatives.net,To Do,FALSE,,,FALSE,Newly discovered RSS feed
Tech N Techie,https://www.techntechie.com/feed,OG,success,2025-11-29 15:23:40,New Zealand,techntechie.com,To Do,FALSE,,,FALSE,Newly discovered RSS feed
Аз подкрепям българския спорт,https://7sport.net/news/feed,OG,success,2025-11-29 15:23:52,Bulgaria,7sport.net,To Do,FALSE,,,FALSE,Newly discovered RSS feed
Info Sud-Est,https://www.info-sud-est.ro/feed/,OG,success,2025-11-29 15:23:56,Romania,info-sud-est.ro,To Do,FALSE,,,FALSE,Newly discovered RSS feed
WEIS Radio,https://weisradio.com/feed/,OG,success,2025-11-29 11:59:26,United States,weisradio.com,To Do,FALSE,,,FALSE,Newly discovered RSS feed
SuaraNasional,-,N/A,-,,Indonesia,suaranasional.com,No feed generated,FALSE,,,FALSE,
Három Határ Hírei,https://haromhatar.hu/index.php?format=feed&type=rss,"OG (3), RSS (1)",success,2025-11-29 15:24:01,Hungary,haromhatar.hu,To Do,FALSE,,,FALSE,Newly discovered RSS feed
Hojas al Viento,https://liberaciondelamadretierra.org/feed/,RSS,success,2025-11-29 11:59:30,United States,liberaciondelamadretierra.org,To Do,FALSE,,,FALSE,Newly discovered RSS feed
জাতীয় বিশ্ববিদ্যালয় National University,https://educationsinbd.com/feed/,OG,success,2025-11-29 15:24:11,Bangladesh,educationsinbd.com,To Do,FALSE,,,FALSE,Newly discovered RSS feed
সিলেটের সকাল,-,N/A,-,,United States,sylhetersokal.com,No feed generated,FALSE,,,FALSE,
Cadbull,-,N/A,-,,India,cadbull.com,No feed generated,FALSE,,,FALSE,
Студент,-,N/A,-,,Serbia,magazinstudent.rs,No feed generated,FALSE,,,FALSE,
Deƒüisim Medya,https://degisimmedya.com/rss,RSS,success,2025-11-29 11:59:31,United States,degisimmedya.com,To Do,FALSE,,,FALSE,Newly discovered RSS feed
YellowRadio.gr,https://yellowradio.gr/feed/,OG,success,2025-11-29 15:24:17,Greece,yellowradio.gr,To Do,FALSE,,,FALSE,Newly discovered RSS feed
Hindu,-,N/A,-,,United States,hindujagruti.org,No feed generated,FALSE,,,FALSE,
Flavorite,https://flavorite.net/feed/,OG,success,2025-11-29 11:59:36,United States,flavorite.net,To Do,FALSE,,,FALSE,Newly discovered RSS feed
Voice of Sylhet - ভয়েস অব সিলেট,https://voiceofsylhet.com/index.php/feed/,RSS,success,2025-11-29 15:24:33,Bangladesh,voiceofsylhet.com,To Do,FALSE,,,FALSE,Newly discovered RSS feed
Max Maharashtra,https://www.maxmaharashtra.com/google_feeds.xml,OG,success,2025-11-29 15:24:41,India,maxmaharashtra.com,To Do,FALSE,,,FALSE,Newly discovered RSS feed
Православна Србија,https://espreso.co.rs/rss,OG,success,2025-11-29 15:24:44,Serbia,espreso.co.rs,To Do,FALSE,,,FALSE,Newly discovered RSS feed
Âú∞ÈúáNews,https://jishin-news.com/feed,OG,success,2025-11-29 11:59:39,United States,jishin-news.com,To Do,FALSE,,,FALSE,Newly discovered RSS feed
David Berger,https://philosophia-perennis.com/feed/,OG,success,2025-11-29 11:59:42,United States,philosophia-perennis.com,To Do,FALSE,,,FALSE,Newly discovered RSS feed
ESISC - European Strategic Intelligence & Security,-,N/A,-,,United States,esisc.org,No feed generated,FALSE,,,FALSE,
Menterwolde.info,https://menterwolde.info/rss.php,RSS,success,2025-11-29 11:59:44,United States,menterwolde.info,To Do,FALSE,,,FALSE,Newly discovered RSS feed
DlaPolski.pl,https://www.dlapolski.pl/feed,OG,success,2025-11-29 15:24:51,Poland,dlapolski.pl,To Do,FALSE,,,FALSE,Newly discovered RSS feed
вестник Сега,https://www.segabg.com/rss,OG,success,2025-11-29 15:24:53,Bulgaria,segabg.com,To Do,FALSE,,,FALSE,Newly discovered RSS feed
気になる、記になる,https://taisy0.com/feed,OG,success,2025-11-29 11:59:49,United States,taisy0.com,To Do,FALSE,,,FALSE,Newly discovered RSS feed
Empleo Lérida,https://www.rdn24.com/feeds/posts/default,OG,success,2025-11-29 11:59:52,United States,rdn24.com,To Do,FALSE,,,FALSE,Newly discovered RSS feed
FaktyKielce24.pl,https://faktykielce24.pl/feed/,OG,success,2025-11-29 15:25:06,Poland,faktykielce24.pl,To Do,FALSE,,,FALSE,Newly discovered RSS feed
Tygodnik Sieci,https://wsieciprawdy.pl/feed/,OG,success,2025-11-29 15:25:08,Poland,wsieciprawdy.pl,To Do,FALSE,,,FALSE,Newly discovered RSS feed
Face Of Nation,-,N/A,-,,India,faceofnation.news,No feed generated,FALSE,,,FALSE,
News Beritabersatu.com,https://www.beritabersatu.com/feed/,OG,success,2025-11-29 15:25:10,Indonesia,beritabersatu.com,To Do,FALSE,,,FALSE,Newly discovered RSS feed
Rzecz Krotoszy≈Ñska,-,N/A,-,,Poland,rzeczkrotoszynska.pl,No feed generated,FALSE,,,FALSE,
Orasul Timisoara,https://orasul-timisoara.ro/feed/,OG,success,2025-11-29 15:25:17,Romania,orasul-timisoara.ro,To Do,FALSE,,,FALSE,Newly discovered RSS feed
Deszkavízió,https://deszkavizio.hu/feed/,OG,success,2025-11-29 15:25:22,Hungary,deszkavizio.hu,To Do,FALSE,,,FALSE,Newly discovered RSS feed
OraNews.net,https://www.oranews.net/feed/,OG,success,2025-11-29 11:59:56,United States,oranews.net,To Do,FALSE,,,FALSE,Newly discovered RSS feed
Recipecs,https://recipecs.com/feed/,OG,success,2025-11-29 11:59:57,United States,recipecs.com,To Do,FALSE,,,FALSE,Newly discovered RSS feed
YeniG√∂lc√ºk,-,N/A,-,,Turkey,yenigolcuk.com,No feed generated,FALSE,,,FALSE,
Eikones.top,https://eikones.top/feed/,OG,success,2025-11-29 12:00:01,United States,eikones.top,To Do,FALSE,,,FALSE,Newly discovered RSS feed
shomoysangbad.com,https://www.shomoysangbad.com/feeds/posts/default,OG,success,2025-11-29 15:25:25,Bangladesh,shomoysangbad.com,To Do,FALSE,,,FALSE,Newly discovered RSS feed
ziarulargesul.ro,https://ziarulargesul.ro/feed/,OG,success,2025-11-29 15:25:28,Romania,ziarulargesul.ro,To Do,FALSE,,,FALSE,Newly discovered RSS feed
Royal Vision Education Counselling - Private Limit,https://www.royalvision.com.pk/new/feed/,OG,success,2025-11-29 15:25:30,Pakistan,royalvision.com.pk,To Do,FALSE,,,FALSE,Newly discovered RSS feed
Dakarprivee People,-,N/A,-,,United States,dakarprivee.com,No feed generated,FALSE,,,FALSE,
KiloRețete,https://www.kiloretete.ro/feed,OG,success,2025-11-29 15:25:33,Romania,kiloretete.ro,To Do,FALSE,,,FALSE,Newly discovered RSS feed
PBN24,-,N/A,-,,Bangladesh,pbn24.com,No feed generated,FALSE,,,FALSE,
ScienceIndex,https://eurekamag.com/feed.xml,RSS,success,2025-11-29 12:00:02,United States,eurekamag.com,To Do,FALSE,,,FALSE,Newly discovered RSS feed
Posmetro Padang,https://posmetropadang.co.id/feed/,"OG (9), RSS (1)",success,2025-11-29 15:26:15,Indonesia,posmetropadang.co.id,To Do,FALSE,,,FALSE,Newly discovered RSS feed
Jabberjays,-,N/A,-,,United States,jabberjays.net,No feed generated,FALSE,,,FALSE,
Ultramagazin.ba,https://ultra.ba/feed/,OG,success,2025-11-29 15:26:28,Bosnia and Herzegovina,ultra.ba,To Do,FALSE,,,FALSE,Newly discovered RSS feed
Kayseri Gündem Gazetesi ( kayseri haberleri ),https://www.kayserigundem.com.tr/rss/,OG,success,2025-11-29 15:26:32,Turkey,kayserigundem.com.tr,To Do,FALSE,,,FALSE,Newly discovered RSS feed
Зодиите БГ,https://novinibg.eu/feed/,OG,success,2025-11-29 15:26:35,Bulgaria,novinibg.eu,To Do,FALSE,,,FALSE,Newly discovered RSS feed
Trikalazoom.gr,-,N/A,-,,Greece,trikalazoom.gr,No feed generated,FALSE,,,FALSE,
Ubaw.pl,-,N/A,-,,Poland,twojenowinki.pl,No feed generated,FALSE,,,FALSE,
The DragFlick,-,N/A,-,,United Kingdom,thedragflick.com,No feed generated,FALSE,,,FALSE,
The Complete Malayali,https://www.onlinemalayali.in/feed/,OG,success,2025-11-29 15:26:43,India,onlinemalayali.in,To Do,FALSE,,,FALSE,Newly discovered RSS feed
Oceana County Press,-,N/A,-,,United States,oceanacountypress.com,No feed generated,FALSE,,,FALSE,
Vismaya News,-,N/A,-,,India,vismayanews.in,No feed generated,FALSE,,,FALSE,
Fatih G√ºrb√ºz,https://antalyaguncel.com/rss.xml,OG,success,2025-11-29 15:26:51,Turkey,antalyaguncel.com,To Do,FALSE,,,FALSE,Newly discovered RSS feed
e-HandBall.gr,https://www.e-handball.gr/feed/,OG,success,2025-11-29 15:27:00,Greece,e-handball.gr,To Do,FALSE,,,FALSE,Newly discovered RSS feed
Νέα Τηλεόραση Κρήτης Neatv Gr,https://neatv.gr/news/rss,OG,success,2025-11-29 15:27:11,Greece,neatv.gr,To Do,FALSE,,,FALSE,Newly discovered RSS feed
ВАРНА новини,-,N/A,-,,Bulgaria,varnanovini.bg,No feed generated,FALSE,,,FALSE,
花蓮買屋-廖泉盛,-,N/A,-,,Taiwan,myhomes.com.tw,No feed generated,FALSE,,,FALSE,
ziemiadebicka.pl,https://ziemiadebicka.pl/feed/,OG,success,2025-11-29 15:27:14,Poland,ziemiadebicka.pl,To Do,FALSE,,,FALSE,Newly discovered RSS feed
Jakab P√©ter,https://jobbik.hu/syndication/rss.xml,OG,success,2025-11-29 15:27:16,Hungary,jobbik.hu,To Do,FALSE,,,FALSE,Newly discovered RSS feed
stoplekto.gr,https://stoplekto.gr/feed/,OG,success,2025-11-29 15:27:19,Greece,stoplekto.gr,To Do,FALSE,,,FALSE,Newly discovered RSS feed
Cantinho do Video,https://cantinhodovideo.com/feed,OG,success,2025-11-29 12:00:12,United States,cantinhodovideo.com,To Do,FALSE,,,FALSE,Newly discovered RSS feed
–ë—ä–ª–≥–∞—Ä—Å–∫–∏ –ù–∞—Ü–∏–æ–Ω–∞–ª–∏—Å—Ç–∏—á–µ—Å–∫–∏ –§–æ—Ä—É–º,https://bg-nacionalisti.org/feed/,RSS,success,2025-11-29 15:27:23,Bulgaria,bg-nacionalisti.org,To Do,FALSE,,,FALSE,Newly discovered RSS feed
Pelita Sumsel,-,N/A,-,,Indonesia,pelitasumsel.com,No feed generated,FALSE,,,FALSE,
Daily Taskeen,https://dailytaskeen.com/?feed=rss2,OG,success,2025-11-29 15:27:37,India,dailytaskeen.com,To Do,FALSE,,,FALSE,Newly discovered RSS feed
Proste przepisy na smaczne potrawy,-,N/A,-,,Poland,flyb.pl,No feed generated,FALSE,,,FALSE,
Media Aceh,-,N/A,-,,Indonesia,mediaaceh.co,No feed generated,FALSE,,,FALSE,
casapost.ro,https://www.casapost.ro/feed/,OG,success,2025-11-29 15:27:44,Romania,casapost.ro,To Do,FALSE,,,FALSE,Newly discovered RSS feed
Polskie Radio WRKL 910 AM,https://polskieradio.com/feed,OG,success,2025-11-29 12:00:18,United States,polskieradio.com,To Do,FALSE,,,FALSE,Newly discovered RSS feed
BoomPhilly,http://1039hiphop.com/feed/,RSS,success,2025-11-29 12:00:20,United States,1039hiphop.com,To Do,FALSE,,,FALSE,Newly discovered RSS feed
Riauin.com,-,N/A,-,,Indonesia,riauin.com,No feed generated,FALSE,,,FALSE,
مفكر حر دوت اورج,https://mufakerhur.org/feed/,OG,success,2025-11-29 12:00:29,United States,mufakerhur.org,To Do,FALSE,,,FALSE,Newly discovered RSS feed
Συλλογιέμαι Ελεύθερα,https://gegonotstomikroskpio.com/feed/,OG,success,2025-11-29 12:00:34,United States,gegonotstomikroskpio.com,To Do,FALSE,,,FALSE,Newly discovered RSS feed
সরকারি চাকরির খবর,-,N/A,-,,Bangladesh,alljobscircularbd.com,No feed generated,FALSE,,,FALSE,
Opinyon Bicol,-,N/A,-,,Philippines,opinyon.net,No feed generated,FALSE,,,FALSE,
SistersM,https://sistersm.net/feed,OG,success,2025-11-29 15:27:54,Poland,sistersm.net,To Do,FALSE,,,FALSE,Newly discovered RSS feed
Mercinews.com,https://www.mercinews.com/feed/,OG,success,2025-11-29 15:28:14,Indonesia,mercinews.com,To Do,FALSE,,,FALSE,Newly discovered RSS feed
otorider.com,https://otorider.com/feed/articles,OG,success,2025-11-29 15:28:46,Indonesia,otorider.com,To Do,FALSE,,,FALSE,Newly discovered RSS feed
imankatolik.or.id,-,N/A,-,,Indonesia,imankatolik.or.id,No feed generated,FALSE,,,FALSE,
আবেগি হৃদয়,-,N/A,-,,Bangladesh,thenation24.com,No feed generated,FALSE,,,FALSE,
Sektör Gazetesi,https://salihlisektorgazetesi.com/rss,OG,success,2025-11-29 15:28:55,Turkey,salihlisektorgazetesi.com,To Do,FALSE,,,FALSE,Newly discovered RSS feed
BistritaBusiness.ro,https://bistritabusiness.ro/feed/,OG,success,2025-11-29 15:28:58,Romania,bistritabusiness.ro,To Do,FALSE,,,FALSE,Newly discovered RSS feed
Ziar de Bistrita,https://ziardebistrita.ro/feed/,OG,success,2025-11-29 15:29:20,Romania,ziardebistrita.ro,To Do,FALSE,,,FALSE,Newly discovered RSS feed
Ktv Televizija,https://www.ktv.rs/feed/,OG,success,2025-11-29 15:29:23,Serbia,ktv.rs,To Do,FALSE,,,FALSE,Newly discovered RSS feed
–°–ø–∏—Å–∞–Ω–∏–µ –ò–∫–æ–Ω–æ–º–∏—Å—Ç,https://iconomist.bg/rss.xml,OG,success,2025-11-29 15:29:33,Bulgaria,iconomist.bg,To Do,FALSE,,,FALSE,Newly discovered RSS feed
مدرس اون لاين,https://modars1.com/feed/?f=151,N/A,failed,2025-11-29 12:00:38,United States,modars1.com,To Do,FALSE,,,FALSE,Newly discovered RSS feed
Lotnictwo Aviation International,https://zbiam.pl/feed,OG,success,2025-11-29 15:29:36,Poland,zbiam.pl,To Do,FALSE,,,FALSE,Newly discovered RSS feed
প্রবাসী বাংলা নিউজ,-,N/A,-,,Bangladesh,truebanglanews.com,No feed generated,FALSE,,,FALSE,
De Grote Improvisatieshow,-,N/A,-,,Netherlands,degroteimprovisatieshow.nl,No feed generated,FALSE,,,FALSE,
Odia Mo Bhasa,https://online16media.com/feed.xml,OG,success,2025-11-29 15:29:45,India,online16media.com,To Do,FALSE,,,FALSE,Newly discovered RSS feed
Koubanezos,https://koubanezos.gr/feed,OG,success,2025-11-29 15:29:51,Greece,koubanezos.gr,To Do,FALSE,,,FALSE,Newly discovered RSS feed
Cocinarte recetas,-,N/A,-,,United States,cocinarterecetas.com,No feed generated,FALSE,,,FALSE,
Kamion EB és Fesztivál,https://kamionfesztival.hu/feed/,OG,success,2025-11-29 15:29:54,Hungary,kamionfesztival.hu,To Do,FALSE,,,FALSE,Newly discovered RSS feed
Go Fetch,-,N/A,-,,United States,itsgoneviral.com,No feed generated,FALSE,,,FALSE,
SukabumiUpdate.com,-,N/A,-,,Indonesia,sukabumiupdate.com,No feed generated,FALSE,,,FALSE,
VolgendeVideo.nl - Trending,-,N/A,-,,Netherlands,volgendevideo.nl,No feed generated,FALSE,,,FALSE,
รอบรั้วทั่วไทย LIVE,https://www.esanunity.com/?feed=rss2,OG,success,2025-11-29 12:00:54,United States,esanunity.com,To Do,FALSE,,,FALSE,Newly discovered RSS feed
Всеки следобед с Криси,https://kanal3.bg/feed/,"OG (8), RSS (2)",success,2025-11-29 15:29:57,Bulgaria,kanal3.bg,To Do,FALSE,,,FALSE,Newly discovered RSS feed
Country Music Nation,https://countrymusicnation.com/feed/,OG,success,2025-11-29 12:00:56,United States,countrymusicnation.com,To Do,FALSE,,,FALSE,Newly discovered RSS feed
ROSUPERTOP.ro,https://rosupertop.ro/feed/,Discovered-autodiscovery,N/A,,Romania,rosupertop.ro,No feed generated,FALSE,,,FALSE,
KilkennyNow.ie,-,N/A,-,,Ireland,kilkennynow.ie,No feed generated,FALSE,,,FALSE,
Svenska PC Gamer,https://pcgamer.se/feed,OG,success,2025-11-29 15:29:59,Sweden,pcgamer.se,To Do,FALSE,,,FALSE,Newly discovered RSS feed
網路居家王,-,N/A,-,,Taiwan,vrhouse.com.tw,No feed generated,FALSE,,,FALSE,
Poscigi Gorzow,https://poscigi.pl/feed,OG,success,2025-11-29 15:30:09,Poland,poscigi.pl,To Do,FALSE,,,FALSE,Newly discovered RSS feed
好想去喔,-,N/A,-,,Taiwan,lookit.tw,No feed generated,FALSE,,,FALSE,
Jurnalul,https://jurnalul.ro/rss,OG,success,2025-11-29 15:30:12,Romania,jurnalul.ro,To Do,FALSE,,,FALSE,Newly discovered RSS feed
SON TV,https://son.tv/feed,OG,success,2025-11-29 15:30:21,Turkey,son.tv,To Do,FALSE,,,FALSE,Newly discovered RSS feed
Наша газета Объявления,-,N/A,-,,Ireland,russianireland.com,No feed generated,FALSE,,,FALSE,
Gazeta Prishtina,-,N/A,-,,Serbia,gazetaprishtina.info,No feed generated,FALSE,,,FALSE,
Serendib news,https://serendibnews.com.au/feed/,OG,success,2025-11-29 15:30:25,Australia,serendibnews.com.au,To Do,FALSE,,,FALSE,Newly discovered RSS feed
Trabzon'dur Yolumuz,-,N/A,-,,Turkey,gazeteistanbul.com,No feed generated,FALSE,,,FALSE,
The Daily Amader Kantha,-,N/A,-,,Bangladesh,amaderkantha.com,No feed generated,FALSE,,,FALSE,
Posmetro Online,-,N/A,-,,Indonesia,posmetro.co,No feed generated,FALSE,,,FALSE,
Cotidianul Agricol,https://www.cotidianulagricol.ro/feed/,OG,success,2025-11-29 15:30:30,Romania,cotidianulagricol.ro,To Do,FALSE,,,FALSE,Newly discovered RSS feed
Eflatun Haber,https://eflatunhaber.com.tr/feed/,RSS,success,2025-11-29 15:30:38,Turkey,eflatunhaber.com.tr,To Do,FALSE,,,FALSE,Newly discovered RSS feed
Polityczek.pl,-,N/A,-,,Poland,polityczek.pl,No feed generated,FALSE,,,FALSE,
Z NET,https://www.znet.hr/feed/,N/A,failed,2025-11-29 15:31:12,Croatia,znet.hr,To Do,FALSE,,,FALSE,Newly discovered RSS feed
UP Tak,-,N/A,-,,India,uptak.in,No feed generated,FALSE,,,FALSE,
Once Upon a Time Biblioteka,-,N/A,-,,Bulgaria,disco.bg,No feed generated,FALSE,,,FALSE,
Dubsmash  Tamil,https://newstamila.com/feed/,RSS,success,2025-11-29 15:31:15,India,newstamila.com,To Do,FALSE,,,FALSE,Newly discovered RSS feed
BetMarket.gr,https://betmarket.gr/feed,OG,success,2025-11-29 15:31:24,Greece,betmarket.gr,To Do,FALSE,,,FALSE,Newly discovered RSS feed
SijoriKepri.Com,-,N/A,-,,Indonesia,sijorikepri.com,No feed generated,FALSE,,,FALSE,
KPEL News,https://kpel965.com/feed/,OG,success,2025-11-29 12:01:05,United States,kpel965.com,To Do,FALSE,,,FALSE,Newly discovered RSS feed
Alex News,-,N/A,-,,South Africa,alexnews.co.za,No feed generated,FALSE,,,FALSE,
NDC mediagroep,-,N/A,-,,Netherlands,ndcmediagroep.nl,No feed generated,FALSE,,,FALSE,
Κωνσταντίνα Παπαδοπούλου,-,N/A,-,,Greece,1069.gr,No feed generated,FALSE,,,FALSE,
Demokraatti.fi,https://demokraatti.fi/feed,OG,success,2025-11-29 15:31:36,Finland,demokraatti.fi,To Do,FALSE,,,FALSE,Newly discovered RSS feed
The TOC,https://thetoc.gr/rss,N/A,failed,2025-11-29 15:31:38,Greece,thetoc.gr,To Do,FALSE,,,FALSE,Newly discovered RSS feed
Jepi zë,-,N/A,-,,Serbia,jepize.com,No feed generated,FALSE,,,FALSE,
SkyGOAL.gr,-,N/A,-,,Greece,skygoal.gr,No feed generated,FALSE,,,FALSE,
Nepalese Voice,https://nepalesevoice.com/feed/,OG,success,2025-11-29 15:31:40,Australia,nepalesevoice.com,To Do,FALSE,,,FALSE,Newly discovered RSS feed
Newcastle Connected News,https://neconnected.co.uk/feed/,OG,success,2025-11-29 12:01:25,United Kingdom,neconnected.co.uk,To Do,FALSE,,,FALSE,Newly discovered RSS feed
Chillizet,-,N/A,-,,Poland,chillizet.pl,No feed generated,FALSE,,,FALSE,
Phandroid,-,N/A,-,,United States,phandroid.com,No feed generated,FALSE,,,FALSE,
Lokshahi News,https://lokshahi.com/feed,OG,success,2025-11-29 15:31:52,India,lokshahi.com,To Do,FALSE,,,FALSE,Newly discovered RSS feed
Dinamika Jambi,https://dinamikajambi.com/feed/,OG,success,2025-11-29 15:31:57,Indonesia,dinamikajambi.com,To Do,FALSE,,,FALSE,Newly discovered RSS feed
Wat Schagen denkt,https://noordkop247.nl/feed/,OG,success,2025-11-29 15:31:59,Netherlands,noordkopcentraal.nl,To Do,FALSE,,,FALSE,Newly discovered RSS feed
Lako do posla - Državne institucije,-,N/A,-,,Serbia,lakodoposla.com,No feed generated,FALSE,,,FALSE,
ONE NEWS BD,-,N/A,-,,Bangladesh,onenewsbd.com,No feed generated,FALSE,,,FALSE,
EURACTIV.pl,-,N/A,-,,Poland,euractiv.pl,No feed generated,FALSE,,,FALSE,
Gregory D. Evans,-,N/A,-,,United States,gregorydevans.com,No feed generated,FALSE,,,FALSE,
Kendte.dk,-,N/A,-,,Denmark,kendte.dk,No feed generated,FALSE,,,FALSE,
Permissos Νέα,https://permissos.gr/feed/,OG,success,2025-11-29 15:32:12,Greece,permissos.gr,To Do,FALSE,,,FALSE,Newly discovered RSS feed
MediaNarodowe.com,https://medianarodowe.com/feed,Discovered-pattern,N/A,,Poland,medianarodowe.com,No feed generated,FALSE,,,FALSE,
elperiodic.com,https://www.elperiodic.com/rss_general.xml,OG,success,2025-11-29 12:01:29,United States,elperiodic.com,To Do,FALSE,,,FALSE,Newly discovered RSS feed
97.5 Y-Country,https://www.999ycountry.com/feed/,OG,success,2025-11-29 12:01:38,United States,975ycountry.com,To Do,FALSE,,,FALSE,Newly discovered RSS feed
Patiala Politics,https://patialapolitics.com/feed/,OG,success,2025-11-29 15:32:15,India,patialapolitics.com,To Do,FALSE,,,FALSE,Newly discovered RSS feed
97.3 The Dawg,https://973thedawg.com/feed/,OG,success,2025-11-29 12:01:41,United States,973thedawg.com,To Do,FALSE,,,FALSE,Newly discovered RSS feed
ins.ba,-,N/A,-,,Bosnia and Herzegovina,ins.ba,No feed generated,FALSE,,,FALSE,
Sokolac sport - МОСИ Соколац,http://www.opstinasokolac.net/feed/,Discovered-autodiscovery,N/A,,Bosnia and Herzegovina,opstinasokolac.net,No feed generated,FALSE,,,FALSE,
Vlaardings Nieuws,-,N/A,-,,Netherlands,vlaardingsnieuws.nl,No feed generated,FALSE,,,FALSE,
Radio-televizija Visoko,https://visoko-rtv.ba/feed/,OG,success,2025-11-29 15:32:31,Bosnia and Herzegovina,visoko-rtv.ba,To Do,FALSE,,,FALSE,Newly discovered RSS feed
Prospective Pixie Dust,-,N/A,-,,United States,prospectivepixiedust.com,No feed generated,FALSE,,,FALSE,
Варна е по-хубава,https://novinite.eu/feed/,RSS,success,2025-11-29 15:32:34,Bulgaria,novinite.eu,To Do,FALSE,,,FALSE,Newly discovered RSS feed
The Highland County Press,https://highlandcountypress.com/rss.xml,RSS,success,2025-11-29 12:01:44,United States,highlandcountypress.com,To Do,FALSE,,,FALSE,Newly discovered RSS feed
Hindusthan Samachar,-,N/A,-,,India,hs.news,No feed generated,FALSE,,,FALSE,
TerazRaciborz.pl,-,N/A,-,,Poland,terazraciborz.pl,No feed generated,FALSE,,,FALSE,
promoklocki.pl,-,N/A,-,,Poland,promoklocki.pl,No feed generated,FALSE,,,FALSE,
Rika．栗卡食光,https://rika.tw/feed,OG,success,2025-11-29 15:32:39,Taiwan,rika.tw,To Do,FALSE,,,FALSE,Newly discovered RSS feed
Fresh News Greece,https://fresh-news.eu/feed,OG,success,2025-11-29 15:32:42,Greece,fresh-news.eu,To Do,FALSE,,,FALSE,Newly discovered RSS feed
Espejo del Poder,https://espejodelpoder.com/feed/,OG,success,2025-11-29 12:01:45,United States,espejodelpoder.com,To Do,FALSE,,,FALSE,Newly discovered RSS feed
MaxBet sport,https://www.maxbetsport.rs/feed/,OG,success,2025-11-29 15:32:52,Serbia,maxbetsport.rs,To Do,FALSE,,,FALSE,Newly discovered RSS feed
H Δύναμη της Προσφοράς,-,N/A,-,,Greece,dinamiprosforas.gr,No feed generated,FALSE,,,FALSE,
Gurugram News Network,https://gurugramnewsnetwork.com/feed/,N/A,failed,2025-11-29 15:32:53,India,gurugramnewsnetwork.com,To Do,FALSE,,,FALSE,Newly discovered RSS feed
"Star fm 93,3 Grevena TV",https://www.star-fm.gr/feed/,RSS,success,2025-11-29 15:33:16,Greece,star-fm.gr,To Do,FALSE,,,FALSE,Newly discovered RSS feed
Presente Morelos,https://presentemorelos.com/feed/,OG,success,2025-11-29 12:01:46,United States,presentemorelos.com,To Do,FALSE,,,FALSE,Newly discovered RSS feed
Newstv24.com,https://newstv24.com/rss.xml,OG,success,2025-11-29 15:33:30,Bangladesh,newstv24.com,To Do,FALSE,,,FALSE,Newly discovered RSS feed
kriti360.gr,-,N/A,-,,Greece,eparxies.gr,No feed generated,FALSE,,,FALSE,
"Ruber.id. apa adanya, enak dibaca, mencerahkan",https://ruber.id/feed/,OG,success,2025-11-29 15:33:37,Indonesia,ruber.id,To Do,FALSE,,,FALSE,Newly discovered RSS feed
National Pleasure 2011,-,N/A,-,,Norway,depression.org.nz,No feed generated,FALSE,,,FALSE,
unmute,https://theunmute.com/feed/,OG,success,2025-11-29 15:33:42,India,theunmute.com,To Do,FALSE,,,FALSE,Newly discovered RSS feed
Weekly Blitz,https://weeklyblitz.net/feed/,OG,success,2025-11-29 15:33:43,Bangladesh,weeklyblitz.net,To Do,FALSE,,,FALSE,Newly discovered RSS feed
India CSR Network,https://indiacsr.in/feed/,OG,success,2025-11-29 15:34:01,India,indiacsr.in,To Do,FALSE,,,FALSE,Newly discovered RSS feed
Good News Today,-,N/A,-,,India,gnttv.com,No feed generated,FALSE,,,FALSE,
krsumsel.com,-,N/A,-,,Indonesia,krsumsel.com,No feed generated,FALSE,,,FALSE,
SSiTVSA,-,N/A,-,,South Africa,ssitv.africa,No feed generated,FALSE,,,FALSE,
Eidiseis247greece,https://eidiseis247.gr/feed/,OG,success,2025-11-29 15:34:07,Greece,eidiseis247.gr,To Do,FALSE,,,FALSE,Newly discovered RSS feed
Corporate Sangbad,https://corporatesangbad.com/feed,OG,success,2025-11-29 15:34:39,Bangladesh,corporatesangbad.com,To Do,FALSE,,,FALSE,Newly discovered RSS feed
Literature,https://www.literature.gr/feed/,OG,success,2025-11-29 15:34:47,Greece,literature.gr,To Do,FALSE,,,FALSE,Newly discovered RSS feed
Radio KISS,-,N/A,-,,Finland,kiss.fi,No feed generated,FALSE,,,FALSE,
Social News XYZ,https://www.socialnews.xyz/feed/,OG,success,2025-11-29 12:01:49,United States,socialnews.xyz,To Do,FALSE,,,FALSE,Newly discovered RSS feed
The Cross WTSB 105.5 FM / 1090 AM Carolina's Chris,-,N/A,-,,United States,truthnetwork.com,No feed generated,FALSE,,,FALSE,
WAKG,https://www.wakg.com/feed/,OG,success,2025-11-29 12:01:56,United States,wakg.com,To Do,FALSE,,,FALSE,Newly discovered RSS feed
Kupastuntas.co,https://kupastuntas.co/feed,OG,success,2025-11-29 15:34:54,Indonesia,kupastuntas.co,To Do,FALSE,,,FALSE,Newly discovered RSS feed
Ελευθερία Τζανακούλη,-,N/A,-,,Greece,pineiosnews.gr,No feed generated,FALSE,,,FALSE,
Manam Daily,-,N/A,-,,India,manamnews.com,No feed generated,FALSE,,,FALSE,
patrasTimes.gr,https://patrastimes.gr/feed,"OG (6), RSS (4)",success,2025-11-29 15:34:58,Greece,patrastimes.gr,To Do,FALSE,,,FALSE,Newly discovered RSS feed
LigaNews Greece,-,N/A,-,,Greece,liganews.gr,No feed generated,FALSE,,,FALSE,
SportsJOE.ie,https://sportsjoe.ie/feed,OG,success,2025-11-29 15:35:02,Ireland,sportsjoe.ie,To Do,FALSE,,,FALSE,Newly discovered RSS feed
Living Out Loud,-,N/A,-,,United States,lol-la.com,No feed generated,FALSE,,,FALSE,
Cofradíastv Andalucía,https://cofradiastv.com/feed/,OG,success,2025-11-29 12:02:02,United States,cofradiastv.com,To Do,FALSE,,,FALSE,Newly discovered RSS feed
Ulipur.com - উলিপুর ডট কম,-,N/A,-,,Bangladesh,ulipur.com,No feed generated,FALSE,,,FALSE,
reteteculinare.ro,https://reteteculinare.ro/rss,OG,success,2025-11-29 15:35:05,Romania,reteteculinare.ro,To Do,FALSE,,,FALSE,Newly discovered RSS feed
Un site de muzica,-,N/A,-,,Romania,unsitedemuzica.ro,No feed generated,FALSE,,,FALSE,
Tribun-Maluku.com,https://tribun-maluku.com/feed,OG,success,2025-11-29 15:35:12,Indonesia,tribun-maluku.com,To Do,FALSE,,,FALSE,Newly discovered RSS feed
CQN: Celtic Quick News,https://www.celticquicknews.co.uk/feed/,OG,success,2025-11-29 12:02:04,United Kingdom,celticquicknews.co.uk,To Do,FALSE,,,FALSE,Newly discovered RSS feed
Abadikini.com,https://abadikini.com/feed,OG,success,2025-11-29 15:35:45,Indonesia,abadikini.com,To Do,FALSE,,,FALSE,Newly discovered RSS feed
The News,-,N/A,-,,Hungary,thenews.hu,No feed generated,FALSE,,,FALSE,
Oguz Sahan,https://www.oguzsahan.com/blog-feed.xml,OG,success,2025-11-29 15:35:54,Turkey,oguzsahan.com,To Do,FALSE,,,FALSE,Newly discovered RSS feed
ΓΥΝΑΙΚΑ,-,N/A,-,,Greece,igynaika.gr,No feed generated,FALSE,,,FALSE,
Bontang Post,https://bontangpost.id/feed/,OG,success,2025-11-29 15:36:07,Indonesia,bontangpost.id,To Do,FALSE,,,FALSE,Newly discovered RSS feed
OSM TV,https://is-radio.com/feed/,OG,success,2025-11-29 15:36:16,Bosnia and Herzegovina,is-radio.com,To Do,FALSE,,,FALSE,Newly discovered RSS feed
Haberdar Gazetesi,https://www.haberdar.com.tr/rss/news,OG,success,2025-11-29 15:36:20,Turkey,haberdar.com.tr,To Do,FALSE,,,FALSE,Newly discovered RSS feed
Kurier Lubelski,https://kurierlubelski.pl/rss,RSS,success,2025-11-29 15:36:21,Poland,kurierlubelski.pl,To Do,FALSE,,,FALSE,Newly discovered RSS feed
Info Birač,https://infobirac.net/feed/,OG,success,2025-11-29 15:36:23,Bosnia and Herzegovina,infobirac.net,To Do,FALSE,,,FALSE,Newly discovered RSS feed
Medjugorje-News Kraljica Mira,https://medjugorje-news.com/feed/,OG,success,2025-11-29 15:36:30,Bosnia and Herzegovina,medjugorje-news.com,To Do,FALSE,,,FALSE,Newly discovered RSS feed
Party-Sound.pl,-,N/A,-,,Poland,party-sound.pl,No feed generated,FALSE,,,FALSE,
otodriver.com,https://otodriver.com/rss/news,OG,success,2025-11-29 15:36:50,Indonesia,otodriver.com,To Do,FALSE,,,FALSE,Newly discovered RSS feed
Prameya,https://prameya.com/feed,OG,success,2025-11-29 15:37:16,India,prameya.com,To Do,FALSE,,,FALSE,Newly discovered RSS feed
Pierianews.gr,https://www.pierianews.gr/feed/,OG,success,2025-11-29 15:37:18,Greece,pierianews.gr,To Do,FALSE,,,FALSE,Newly discovered RSS feed
Bombo Radyo Philippines,https://www.bomboradyo.com/feed,OG,success,2025-11-29 15:37:22,Philippines,bomboradyo.com,To Do,FALSE,,,FALSE,Newly discovered RSS feed
Az-jenata,-,N/A,-,,Bulgaria,az-jenata.bg,No feed generated,FALSE,,,FALSE,
FCUpdate,https://fcupdate.nl/rss,OG,success,2025-11-29 15:37:26,Netherlands,fcupdate.nl,To Do,FALSE,,,FALSE,Newly discovered RSS feed
Naijalog,https://naijalog.com/feed/,OG,success,2025-11-29 15:37:27,Nigeria,naijalog.com,To Do,FALSE,,,FALSE,Newly discovered RSS feed
Sabah News Islamabad,https://sabahnews.net/feed,OG,success,2025-11-29 15:37:55,Pakistan,sabahnews.net,To Do,FALSE,,,FALSE,Newly discovered RSS feed
Webster Parish Journal,https://websterparishjournal.com/feed/,OG,success,2025-11-29 12:02:12,United States,websterparishjournal.com,To Do,FALSE,,,FALSE,Newly discovered RSS feed
Sammy Williams Center,-,N/A,-,,United States,blueridgenow.com,No feed generated,FALSE,,,FALSE,
The Punjab Wire,https://thepunjabwire.com/?feed=rss2,OG,success,2025-11-29 12:02:13,United States,thepunjabwire.com,To Do,FALSE,,,FALSE,Newly discovered RSS feed
Πατρις Καθημερινη Πρωινη Εφημεριδα,-,N/A,-,,Greece,patris.gr,No feed generated,FALSE,,,FALSE,
KVRR,https://www.kvrr.com/feed/,OG,success,2025-11-29 12:02:13,United States,kvrr.com,To Do,FALSE,,,FALSE,Newly discovered RSS feed
Daily Jang,-,N/A,-,,Pakistan,jang.com.pk,No feed generated,FALSE,,,FALSE,
BusinessDay,-,N/A,-,,Nigeria,businessdayonline.com,No feed generated,FALSE,,,FALSE,
The Daily Khulnanchal- দৈনিক খুলনাঞ্চল,https://khulnanchal.com/feed/,RSS,success,2025-11-29 12:02:24,United States,khulnanchal.com,To Do,FALSE,,,FALSE,Newly discovered RSS feed
Called To Freedom Fellowship,-,N/A,-,,United States,daily-jeff.com,No feed generated,FALSE,,,FALSE,
SKG Sports,-,N/A,-,,Greece,skgsports.gr,No feed generated,FALSE,,,FALSE,
The Daily Manobkantha,-,N/A,-,,Bangladesh,manobkantha.com,No feed generated,FALSE,,,FALSE,
dailysportsbd.com,-,N/A,-,,Bangladesh,dailysportsbd.com,No feed generated,FALSE,,,FALSE,
The Post,-,N/A,-,,Hungary,thepost.hu,No feed generated,FALSE,,,FALSE,
WBBJ 7 Eyewitness News,https://www.wbbjtv.com/feed/,OG,success,2025-11-29 12:02:25,United States,wbbjtv.com,To Do,FALSE,,,FALSE,Newly discovered RSS feed
Matteo Mongelli,https://www.tuttoatalanta.com/rss,OG,success,2025-11-29 12:02:27,United States,tuttoatalanta.com,To Do,FALSE,,,FALSE,Newly discovered RSS feed
Attractions Near Me,https://www.attractionsnearme.co.uk/feed/,OG,success,2025-11-29 12:02:39,United Kingdom,attractionsnearme.co.uk,To Do,FALSE,,,FALSE,Newly discovered RSS feed
Hashtag U,https://hashtagu.in/feed,OG,success,2025-11-29 15:38:04,India,hashtagu.in,To Do,FALSE,,,FALSE,Newly discovered RSS feed
Jambi Seru,https://jambiseru.com/feed/,OG,success,2025-11-29 15:38:11,Indonesia,jambiseru.com,To Do,FALSE,,,FALSE,Newly discovered RSS feed
Raj Express,-,N/A,-,,India,rajexpress.co,No feed generated,FALSE,,,FALSE,
cambio,https://www.aol.com/rss-index.xml,OG,success,2025-11-29 12:02:48,United States,cambio.com,To Do,FALSE,,,FALSE,Newly discovered RSS feed
Μολών Λαβέ,https://www.molwnlave.net/feeds/posts/default,OG,success,2025-11-29 15:38:13,Greece,molwnlave.net,To Do,FALSE,,,FALSE,Newly discovered RSS feed
Black Crow Media,https://valdostatoday.com/feed/,OG,success,2025-11-29 12:02:51,United States,valdostatoday.com,To Do,FALSE,,,FALSE,Newly discovered RSS feed
GPFans,-,N/A,-,,United States,gpfans.com,No feed generated,FALSE,,,FALSE,
Alokito News 24,-,N/A,-,,Bangladesh,alokitonews24.com,No feed generated,FALSE,,,FALSE,
Aller Media AB,https://www.aller.se/feed/,RSS,success,2025-11-29 15:38:18,Sweden,aller.se,To Do,FALSE,,,FALSE,Newly discovered RSS feed
Πέρα από τα όρια,https://super-fm.gr/feed/,OG,success,2025-11-29 15:38:30,Greece,super-fm.gr,To Do,FALSE,,,FALSE,Newly discovered RSS feed
The Record-Online,-,N/A,-,,United States,therecord-online.com,No feed generated,FALSE,,,FALSE,
Fightful,https://www.fightful.com/feed/,OG,success,2025-11-29 12:02:52,United States,fightful.com,To Do,FALSE,,,FALSE,Newly discovered RSS feed
Vipnews,https://vipnews.gr/feed/,OG,success,2025-11-29 15:38:34,Greece,vipnews.gr,To Do,FALSE,,,FALSE,Newly discovered RSS feed
Dalfsennet Nieuws,https://www.dalfsennet.nl/feed,OG,success,2025-11-29 15:38:36,Netherlands,dalfsennet.nl,To Do,FALSE,,,FALSE,Newly discovered RSS feed
Super League,-,N/A,-,,Greece,filathlos.gr,No feed generated,FALSE,,,FALSE,
GirlStyle Singapore,-,N/A,-,,Singapore,girlstyle.com,No feed generated,FALSE,,,FALSE,
Tialoto,-,N/A,-,,Bulgaria,tialoto.bg,No feed generated,FALSE,,,FALSE,
Brown Brothers,https://brownbrothers.io/feed/,OG,success,2025-11-29 15:38:37,Singapore,brownbrothers.io,To Do,FALSE,,,FALSE,Newly discovered RSS feed
MIKRILIGA,https://www.mikriliga.com/feed/,OG,success,2025-11-29 15:38:40,Greece,mikriliga.com,To Do,FALSE,,,FALSE,Newly discovered RSS feed
Nawaiwaqt,-,N/A,-,,Pakistan,nawaiwaqt.com.pk,No feed generated,FALSE,,,FALSE,
《哈佛商業評論》全球繁體中文版,-,N/A,-,,Taiwan,hbrtaiwan.com,No feed generated,FALSE,,,FALSE,
MileikaNea.gr,https://mileikanea.gr/feed/,OG,success,2025-11-29 15:38:53,Greece,mileikanea.gr,To Do,FALSE,,,FALSE,Newly discovered RSS feed
myGlogow,-,N/A,-,,Poland,myglogow.pl,No feed generated,FALSE,,,FALSE,
Meemetoranje,https://meemetoranje.nl/feed,OG,success,2025-11-29 15:38:58,Netherlands,meemetoranje.nl,To Do,FALSE,,,FALSE,Newly discovered RSS feed
Το Αεροδρόμιο,https://toaerodromio.gr/feed/,OG,success,2025-11-29 15:40:13,Greece,toaerodromio.gr,To Do,FALSE,,,FALSE,Newly discovered RSS feed
East Coast Online,-,N/A,-,,India,eastcoastdaily.com,No feed generated,FALSE,,,FALSE,
Codigo Esports,-,N/A,-,,United States,codigoesports.com,No feed generated,FALSE,,,FALSE,
The Herald News,-,N/A,-,,United States,heraldnews.com,No feed generated,FALSE,,,FALSE,
Bystra Grażyna,https://www.przy-garach.pl/feed/,OG,success,2025-11-29 15:40:22,Poland,przy-garach.pl,To Do,FALSE,,,FALSE,Newly discovered RSS feed
Profile News,-,N/A,-,,United States,profilenews.com,No feed generated,FALSE,,,FALSE,
Hachette Filipacchi Medias,-,N/A,-,,United States,elle.com.tw,No feed generated,FALSE,,,FALSE,
RNZ,-,N/A,-,,New Zealand,rnz.co.nz,No feed generated,FALSE,,,FALSE,
Híradó,-,N/A,-,,Hungary,hirado.hu,No feed generated,FALSE,,,FALSE,
AkhisarHaber.net,https://www.akhisarhaber.net/rss.xml,OG,success,2025-11-29 15:40:26,Turkey,akhisarhaber.net,To Do,FALSE,,,FALSE,Newly discovered RSS feed
Anfieldwatch,https://anfieldwatch.co.uk/feed,OG,success,2025-11-29 15:40:47,Netherlands,anfieldwatch.co.uk,To Do,FALSE,,,FALSE,Newly discovered RSS feed
Investor,-,N/A,-,,Bulgaria,investor.bg,No feed generated,FALSE,,,FALSE,
SurmaNews24.net,https://surmanews24.net/feed/,OG,success,2025-11-29 15:40:49,Bangladesh,surmanews24.net,To Do,FALSE,,,FALSE,Newly discovered RSS feed
Explore Your Town Inc,https://www.explorevenango.com/feed/,OG,success,2025-11-29 12:02:53,United States,explorevenango.com,To Do,FALSE,,,FALSE,Newly discovered RSS feed
MMA.pl,https://mma.pl/feed/,OG,success,2025-11-29 15:40:51,Poland,mma.pl,To Do,FALSE,,,FALSE,Newly discovered RSS feed
महाराष्ट्रनामा,http://maharashtranama.com/feed,OG,success,2025-11-29 15:41:05,India,maharashtranama.com,To Do,FALSE,,,FALSE,Newly discovered RSS feed
Gol,-,N/A,-,,Bulgaria,gol.bg,No feed generated,FALSE,,,FALSE,
Massa News,https://massa.com.br/feed/,OG,success,2025-11-29 12:02:59,United States,massanews.com,To Do,FALSE,,,FALSE,Newly discovered RSS feed
D Magazine,https://www.dmagazine.com/feed/google-discover-feed,Discovered-autodiscovery,N/A,,United States,dmagazine.com,To Do,TRUE,,,FALSE,Has existing newsletter - not searched for RSS yet
Product Hunt,https://producthunt.com/feed,Discovered-pattern,N/A,,United States,producthunt.com,To Do,TRUE,,,FALSE,Has existing newsletter - not searched for RSS yet
Manteca Bulletin,https://mantecabulletin.com/rss/,Discovered-autodiscovery,N/A,,United States,mantecabulletin.com,To Do,TRUE,,,FALSE,Has existing newsletter - not searched for RSS yet
ATL Lantbrukets Affärstidning,https://atl.nu/feed,Discovered-pattern,N/A,,Sweden,atl.nu,To Do,TRUE,,,FALSE,Has existing newsletter - not searched for RSS yet
Qué Pasa Media,https://quepasamedia.com/feed/,Discovered-autodiscovery,N/A,,United States,quepasamedia.com,To Do,TRUE,,,FALSE,Has existing newsletter - not searched for RSS yet
Mail & Guardian [SA],https://mg.co.za/feed/,Discovered-autodiscovery,N/A,,South Africa,mg.co.za,To Do,TRUE,,,FALSE,Has existing newsletter - not searched for RSS yet
Island Echo Ltd,-,N/A,-,,United Kingdom,islandecho.co.uk,,TRUE,,,FALSE,Has existing newsletter - not searched for RSS yet
MiNDFOOD,-,N/A,-,,Australia,mindfood.com,,TRUE,,,FALSE,Has existing newsletter - not searched for RSS yet
Vezess,https://www.vezess.hu/feed/,Discovered-autodiscovery,N/A,,Hungary,vezess.hu,To Do,TRUE,,,FALSE,Has existing newsletter - not searched for RSS yet
The Denizen,https://www.thedenizen.co.nz/feed/,Discovered-autodiscovery,N/A,,New Zealand,thedenizen.co.nz,To Do,TRUE,,,FALSE,Has existing newsletter - not searched for RSS yet
Laha Magazine,-,N/A,-,,United Arab Emirates,lahamag.com,,TRUE,,,FALSE,Has existing newsletter - not searched for RSS yet
Huffington Post (US),-,N/A,-,,United States,huffpost.com,,TRUE,,,FALSE,Has existing newsletter - not searched for RSS yet
Stereogum,https://stereogum.com/feed,Discovered-autodiscovery,N/A,,United States,stereogum.com,To Do,TRUE,,,FALSE,Has existing newsletter - not searched for RSS yet
Avisen.dk,-,N/A,-,,Denmark,avisen.dk,,TRUE,,,FALSE,Has existing newsletter - not searched for RSS yet
Imperial Valley Press,-,N/A,-,,United States,ivpressonline.com,,TRUE,,,FALSE,Has existing newsletter - not searched for RSS yet
House & Garden,https://www.houseandgarden.co.uk/feed/rss,Discovered-autodiscovery,N/A,,United Kingdom,houseandgarden.co.uk,To Do,TRUE,,,FALSE,Has existing newsletter - not searched for RSS yet
Newbury News and Media,-,N/A,-,,United Kingdom,newburytoday.co.uk,,TRUE,,,FALSE,Has existing newsletter - not searched for RSS yet
Histmag.org,https://histmag.org/rss,Discovered-pattern,N/A,,Poland,histmag.org,To Do,TRUE,,,FALSE,Has existing newsletter - not searched for RSS yet
Eleftheros Typos,https://eleftherostypos.gr/feed,Discovered-autodiscovery,N/A,,Greece,eleftherostypos.gr,To Do,TRUE,,,FALSE,Has existing newsletter - not searched for RSS yet
Happy Mag,https://happymag.tv/feed/,Discovered-autodiscovery,N/A,,Australia,happymag.tv,To Do,TRUE,,,FALSE,Has existing newsletter - not searched for RSS yet
Collective Hub,https://collectivehub.com/feed/,Discovered-autodiscovery,N/A,,Australia,collectivehub.com,To Do,TRUE,,,FALSE,Has existing newsletter - not searched for RSS yet
Brooklyn Institute for Social Research,https://thebrooklyninstitute.com/feed,Discovered-pattern,N/A,,United States,thebrooklyninstitute.com,To Do,TRUE,,,FALSE,Has existing newsletter - not searched for RSS yet
5 Towns Jewish Times,https://5tjt.com/feed/,Discovered-autodiscovery,N/A,,United States,5tjt.com,To Do,TRUE,,,FALSE,Has existing newsletter - not searched for RSS yet
Sweetcrude Reports,https://sweetcrudereports.com/feed/,Discovered-autodiscovery,N/A,,Nigeria,sweetcrudereports.com,To Do,TRUE,,,FALSE,Has existing newsletter - not searched for RSS yet
Search Magazine,-,N/A,-,,Sweden,searchmagazine.se,,TRUE,,,FALSE,Has existing newsletter - not searched for RSS yet
Dagen,-,N/A,-,,Norway,dagen.no,,TRUE,,,FALSE,Has existing newsletter - not searched for RSS yet
Urban List,https://theurbanlist.com/feed.xml,Discovered-pattern,N/A,,Australia,theurbanlist.com,To Do,TRUE,,,FALSE,Has existing newsletter - not searched for RSS yet
Inside Higher Ed,https://www.insidehighered.com/rss.xml,Discovered-autodiscovery,N/A,,United States,insidehighered.com,To Do,TRUE,,,FALSE,Has existing newsletter - not searched for RSS yet
Farrelly Atkinson Limited,https://road.cc/rss,Discovered-autodiscovery,N/A,,United Kingdom,road.cc,To Do,TRUE,,,FALSE,Has existing newsletter - not searched for RSS yet
ForbesLife Romania,https://forbes.ro/feed,Discovered-pattern,N/A,,Romania,forbes.ro,To Do,TRUE,,,FALSE,Has existing newsletter - not searched for RSS yet
Krytyka Polityczna,https://krytykapolityczna.pl/feed/,Discovered-autodiscovery,N/A,,Poland,krytykapolityczna.pl,To Do,TRUE,,,FALSE,Has existing newsletter - not searched for RSS yet
OnSports,-,N/A,-,,Greece,onsports.gr,,TRUE,,,FALSE,Has existing newsletter - not searched for RSS yet
NaturalPath,https://naturalpath.net/feed/,Discovered-autodiscovery,N/A,,United States,thenatpath.com,To Do,TRUE,,,FALSE,Has existing newsletter - not searched for RSS yet
Lapin Kansa,-,N/A,-,,Finland,lapinkansa.fi,,TRUE,,,FALSE,Has existing newsletter - not searched for RSS yet
Global Citizen Impact,https://globalcitizen.org/content/feed/,Discovered-autodiscovery,N/A,,United States,globalcitizen.org,To Do,TRUE,,,FALSE,Has existing newsletter - not searched for RSS yet
Chicks On The Right,https://chicksonright.com/feed/,Discovered-autodiscovery,N/A,,United States,chicksonright.com,To Do,TRUE,,,FALSE,Has existing newsletter - not searched for RSS yet
Bangor Daily News,https://www.bangordailynews.com/feed/,Discovered-autodiscovery,N/A,,United States,bangordailynews.com,To Do,TRUE,,,FALSE,Has existing newsletter - not searched for RSS yet
SunStar Publishing,https://sunstar.com.ph/feed,Discovered-pattern,N/A,,Philippines,sunstar.com.ph,To Do,TRUE,,,FALSE,Has existing newsletter - not searched for RSS yet
Altinget,https://altinget.dk/rss,Discovered-pattern,N/A,,Denmark,altinget.dk,To Do,TRUE,,,FALSE,Has existing newsletter - not searched for RSS yet
Nigeria Technology Guide,https://www.naijatechguide.com/feed,Discovered-autodiscovery,N/A,,Nigeria,naijatechguide.com,To Do,TRUE,,,FALSE,Has existing newsletter - not searched for RSS yet
Healing Tomato,https://www.healingtomato.com/feed/,Discovered-autodiscovery,N/A,,United States,healingtomato.com,To Do,TRUE,,,FALSE,Has existing newsletter - not searched for RSS yet
Internews Kosova,https://internewskosova.org/feed/,Discovered-autodiscovery,N/A,,Serbia,internewskosova.org,To Do,TRUE,,,FALSE,Has existing newsletter - not searched for RSS yet
One Country Media,-,N/A,-,,United States,onecountry.com,,TRUE,,,FALSE,Has existing newsletter - not searched for RSS yet
SpoilerTV,https://www.spoilertv.com/feeds/posts/default,Discovered-autodiscovery,N/A,,United Kingdom,spoilertv.com,To Do,TRUE,,,FALSE,Has existing newsletter - not searched for RSS yet
Biz News,https://biznews.com/feed,Discovered-pattern,N/A,,South Africa,biznews.com,To Do,TRUE,,,FALSE,Has existing newsletter - not searched for RSS yet
Nigerian Bulletin,-,N/A,-,,Nigeria,nigerianbulletin.com,,TRUE,,,FALSE,Has existing newsletter - not searched for RSS yet
Unwire.hk,https://unwire.hk/feed,Discovered-pattern,N/A,,Hong Kong,unwire.hk,To Do,TRUE,,,FALSE,Has existing newsletter - not searched for RSS yet
The Commercial Dispatch,https://cdispatch.com/feed/,Discovered-autodiscovery,N/A,,United States,cdispatch.com,To Do,TRUE,,,FALSE,Has existing newsletter - not searched for RSS yet
Japanese Station,https://japanesestation.com/feed,Discovered-pattern,N/A,,Indonesia,japanesestation.com,To Do,TRUE,,,FALSE,Has existing newsletter - not searched for RSS yet
NESN,https://nesn.com/feed/,Discovered-autodiscovery,N/A,,United States,nesn.com,To Do,TRUE,,,FALSE,Has existing newsletter - not searched for RSS yet
The Daily Signal / The Heritage Foundation (Heritage.org),https://www.dailysignal.com/feed/,Discovered-autodiscovery,N/A,,United States,dailysignal.com,To Do,TRUE,,,FALSE,Has existing newsletter - not searched for RSS yet
BroadwayWorld,https://www.broadwayworld.com/feed_all_bway.cfm,Discovered-autodiscovery,N/A,,United States,broadwayworld.com,To Do,TRUE,,,FALSE,Has existing newsletter - not searched for RSS yet
Animation Magazine,-,N/A,-,,United States,animationmagazine.net,,TRUE,,,FALSE,Has existing newsletter - not searched for RSS yet
Thoroughbred Daily News,https://www.thoroughbreddailynews.com/feed/podcast,Discovered-autodiscovery,N/A,,United States,thoroughbreddailynews.com,To Do,TRUE,,,FALSE,Has existing newsletter - not searched for RSS yet
Attractions Magazine,https://attractionsmagazine.com/feed/,Discovered-autodiscovery,N/A,,United States,attractionsmagazine.com,To Do,TRUE,,,FALSE,Has existing newsletter - not searched for RSS yet
Dagbladet Information,https://information.dk/feed,Discovered-pattern,N/A,,Denmark,information.dk,To Do,TRUE,,,FALSE,Has existing newsletter - not searched for RSS yet
China Daily Hong Kong,-,N/A,-,,Hong Kong,chinadailyasia.com,,TRUE,,,FALSE,Has existing newsletter - not searched for RSS yet
Gossip-Tv,-,N/A,-,,Greece,gossip-tv.gr,,TRUE,,,FALSE,Has existing newsletter - not searched for RSS yet
Herning Folkeblad,-,N/A,-,,Denmark,herningfolkeblad.dk,,TRUE,,,FALSE,Has existing newsletter - not searched for RSS yet
The Minnesota Star Tribune,https://startribune.com/rss,Discovered-pattern,N/A,,United States,startribune.com,To Do,TRUE,,,FALSE,Has existing newsletter - not searched for RSS yet
HLTV.org,-,N/A,-,,Denmark,hltv.org,,TRUE,,,FALSE,Has existing newsletter - not searched for RSS yet
Women's Web,-,N/A,-,,India,womensweb.in,,TRUE,,,FALSE,Has existing newsletter - not searched for RSS yet
Londonist Ltd,http://londonist.com/feed,Discovered-autodiscovery,N/A,,United Kingdom,londonist.com,To Do,TRUE,,,FALSE,Has existing newsletter - not searched for RSS yet
Primer Media,https://primer.com.ph/feed/,Discovered-autodiscovery,N/A,,Philippines,primer.com.ph,To Do,TRUE,,,FALSE,Has existing newsletter - not searched for RSS yet
صحيفة الاتحاد,https://alittihad.ae/feed.rss,Discovered-pattern,N/A,,United Arab Emirates,alittihad.ae,To Do,TRUE,,,FALSE,Has existing newsletter - not searched for RSS yet
Sojourners,https://sojo.net/rss.xml,Discovered-pattern,N/A,,United States,sojo.net,To Do,TRUE,,,FALSE,Has existing newsletter - not searched for RSS yet
Bklyner,https://bklyner.com/rss/,Discovered-autodiscovery,N/A,,United States,bklyner.com,To Do,TRUE,,,FALSE,Has existing newsletter - not searched for RSS yet
Newsbomb,https://www.newsbomb.gr/oles-oi-eidhseis?format=feed&type=rss,Discovered-autodiscovery,N/A,,Greece,newsbomb.gr,To Do,TRUE,,,FALSE,Has existing newsletter - not searched for RSS yet
Marquard Media Polska,https://www.kozaczek.pl/feed/,Discovered-autodiscovery,N/A,,Poland,kozaczek.pl,To Do,TRUE,,,FALSE,Has existing newsletter - not searched for RSS yet
Highland News & Media Ltd,-,N/A,-,,United Kingdom,hnmedia.co.uk,,TRUE,,,FALSE,Has existing newsletter - not searched for RSS yet
Daily Tribune,-,N/A,-,,Philippines,tribune.net.ph,,TRUE,,,FALSE,Has existing newsletter - not searched for RSS yet
Diario Las Americas,-,N/A,-,,United States,diariolasamericas.com,,TRUE,,,FALSE,Has existing newsletter - not searched for RSS yet
Affärsvärlden,https://affarsvarlden.se/blog/rss,Discovered-pattern,N/A,,Sweden,affarsvarlden.se,To Do,TRUE,,,FALSE,Has existing newsletter - not searched for RSS yet
Digital Trends Media Group,-,N/A,-,,United States,dtmg.co,,TRUE,,,FALSE,Has existing newsletter - not searched for RSS yet
HTV,-,N/A,-,,Pakistan,htv.com.pk,,TRUE,,,FALSE,Has existing newsletter - not searched for RSS yet
Banker Труд Trud,https://banker.bg/feed/,Discovered-autodiscovery,N/A,,Bulgaria,banker.bg,To Do,TRUE,,,FALSE,Has existing newsletter - not searched for RSS yet
Oil and Gas People,-,N/A,-,,United Kingdom,oilandgaspeople.com,,TRUE,,,FALSE,Has existing newsletter - not searched for RSS yet
Skive Folkeblad,-,N/A,-,,Denmark,skivefolkeblad.dk,,TRUE,,,FALSE,Has existing newsletter - not searched for RSS yet
Santa Maria Times,http://santamariatimes.com/search/?f=rss&t=article&l=50&s=start_time&sd=desc&k%5B%5D=%23topstory,Discovered-autodiscovery,N/A,,United States,santamariatimes.com,To Do,TRUE,,,FALSE,Has existing newsletter - not searched for RSS yet
Tatler,https://www.tatler.com/feed/rss,Discovered-autodiscovery,N/A,,United Kingdom,tatler.com,To Do,TRUE,,,FALSE,Has existing newsletter - not searched for RSS yet
Reason Magazine,https://reason.com/feed/,Discovered-autodiscovery,N/A,,United States,reason.com,To Do,TRUE,,,FALSE,Has existing newsletter - not searched for RSS yet
Yes! Magazine,-,N/A,-,,United States,yesmagazine.org,,TRUE,,,FALSE,Has existing newsletter - not searched for RSS yet
One Green Planet,https://www.onegreenplanet.org/feed/,Discovered-autodiscovery,N/A,,United States,onegreenplanet.org,To Do,TRUE,,,FALSE,Has existing newsletter - not searched for RSS yet
BlackDoctor,https://blackdoctor.org/feed/,Discovered-autodiscovery,N/A,,United States,blackdoctor.org,To Do,TRUE,,,FALSE,Has existing newsletter - not searched for RSS yet
Search Engine Journal,https://www.searchenginejournal.com/feed/atom/,Discovered-autodiscovery,N/A,,United States,searchenginejournal.com,To Do,TRUE,,,FALSE,Has existing newsletter - not searched for RSS yet
Inverness Courier,-,N/A,-,,United Kingdom,inverness-courier.co.uk,,TRUE,,,FALSE,Has existing newsletter - not searched for RSS yet
Newser,http://rss.newser.com/rss/section/1.rss,Discovered-autodiscovery,N/A,,United States,newser.com,To Do,TRUE,,,FALSE,Has existing newsletter - not searched for RSS yet
YourTango,https://yourtango.com/rss.xml,Discovered-pattern,N/A,,United States,yourtango.com,To Do,TRUE,,,FALSE,Has existing newsletter - not searched for RSS yet
Vogue HK,-,N/A,-,,Hong Kong,voguehk.com,,TRUE,,,FALSE,Has existing newsletter - not searched for RSS yet
Brides Magazine,https://feeds-api.dotdashmeredith.com/v1/rss/google/2653c485-f9c1-4a89-9437-ba5010277b54,Discovered-autodiscovery,N/A,,United Kingdom,bridesmagazine.co.uk,To Do,TRUE,,,FALSE,Has existing newsletter - not searched for RSS yet
Metromode.se,https://metromode.se/feed,Discovered-pattern,N/A,,Sweden,metromode.se,To Do,TRUE,,,FALSE,Has existing newsletter - not searched for RSS yet
Nintendo Life,https://nintendolife.com/feed,Discovered-pattern,N/A,,United Kingdom,nintendolife.com,To Do,TRUE,,,FALSE,Has existing newsletter - not searched for RSS yet
Inman News,-,N/A,-,,United States,inman.com,,TRUE,,,FALSE,Has existing newsletter - not searched for RSS yet
OnMed,-,N/A,-,,Greece,onmed.gr,,TRUE,,,FALSE,Has existing newsletter - not searched for RSS yet
Kim Komando,https://www.komando.com/feed/,Discovered-autodiscovery,N/A,,United States,komando.com,To Do,TRUE,,,FALSE,Has existing newsletter - not searched for RSS yet
COWGIRL Magazine,https://cowgirlmagazine.com/feed,Discovered-pattern,N/A,,United States,cowgirlmagazine.com,To Do,TRUE,,,FALSE,Has existing newsletter - not searched for RSS yet
Compleat Golfer,https://www.compleatgolfer.com/feed/,Discovered-autodiscovery,N/A,,South Africa,compleatgolfer.com,To Do,TRUE,,,FALSE,Has existing newsletter - not searched for RSS yet
Pet Rescue Report,https://petrescuereport.com/feed/,Discovered-autodiscovery,N/A,,United States,petrescuereport.com,To Do,TRUE,,,FALSE,Has existing newsletter - not searched for RSS yet
Gulf News,https://gulfnews.com/feed,Discovered-pattern,N/A,,United Arab Emirates,gulfnews.com,To Do,TRUE,,,FALSE,Has existing newsletter - not searched for RSS yet
Concrete Playground,-,N/A,-,,Australia,concreteplayground.com,,TRUE,,,FALSE,Has existing newsletter - not searched for RSS yet
Lakers Nation,https://lakersnation.com/feed/,Discovered-autodiscovery,N/A,,United States,lakersnation.com,To Do,TRUE,,,FALSE,Has existing newsletter - not searched for RSS yet
Klix,https://klix.ba/rss,Discovered-pattern,N/A,,Bosnia and Herzegovina,klix.ba,To Do,TRUE,,,FALSE,Has existing newsletter - not searched for RSS yet
Newcastle Live,https://newcastlelive.com.au/feed/,Discovered-autodiscovery,N/A,,Australia,newcastlelive.com.au,To Do,TRUE,,,FALSE,Has existing newsletter - not searched for RSS yet
Weert de Gekste,https://www.weertdegekste.nl/feed/,Discovered-autodiscovery,N/A,,Netherlands,weertdegekste.nl,To Do,TRUE,,,FALSE,Has existing newsletter - not searched for RSS yet
Gazeta Olsztyńska,-,N/A,-,,Poland,gazetaolsztynska.pl,,TRUE,,,FALSE,Has existing newsletter - not searched for RSS yet
Suara Merdeka Group,-,N/A,-,,Indonesia,suaramerdeka.com,,TRUE,,,FALSE,Has existing newsletter - not searched for RSS yet
Lajmi,https://lajmi.net/feed/,Discovered-pattern,N/A,,Serbia,lajmi.net,To Do,TRUE,,,FALSE,Has existing newsletter - not searched for RSS yet
Milli Gazete,https://milligazete.com.tr/feed,Discovered-pattern,N/A,,Turkey,milligazete.com.tr,To Do,TRUE,,,FALSE,Has existing newsletter - not searched for RSS yet
LeftLion Ltd,-,N/A,-,,United Kingdom,leftlion.co.uk,,TRUE,,,FALSE,Has existing newsletter - not searched for RSS yet
Belfast Media Group Limited,https://group.belfastmedia.com/feed/,Discovered-autodiscovery,N/A,,United Kingdom,belfastmediagroup.com,To Do,TRUE,,,FALSE,Has existing newsletter - not searched for RSS yet
RDC,-,N/A,-,,Poland,rdc.pl,,TRUE,,,FALSE,Has existing newsletter - not searched for RSS yet
The Gazette | Cedar Rapids,-,N/A,-,,United States,thegazette.com,,TRUE,,,FALSE,Has existing newsletter - not searched for RSS yet
WPROST,https://www.wprost.pl/rss,Discovered-autodiscovery,N/A,,Poland,wprost.pl,To Do,TRUE,,,FALSE,Has existing newsletter - not searched for RSS yet
JoeMyGod,https://www.joemygod.com/feed/,Discovered-autodiscovery,N/A,,United States,joemygod.com,To Do,TRUE,,,FALSE,Has existing newsletter - not searched for RSS yet
Hong Kong Free Press,https://hongkongfp.com/feed/,Discovered-autodiscovery,N/A,,Hong Kong,hongkongfp.com,To Do,TRUE,,,FALSE,Has existing newsletter - not searched for RSS yet
Deccan Herald,https://deccanherald.com/feed,Discovered-pattern,N/A,,India,deccanherald.com,To Do,TRUE,,,FALSE,Has existing newsletter - not searched for RSS yet
Connect Gujarat,https://connectgujarat.com/rss,Discovered-autodiscovery,N/A,,India,connectgujarat.com,To Do,TRUE,,,FALSE,Has existing newsletter - not searched for RSS yet
Rising Kashmir,-,N/A,-,,India,risingkashmir.com,,TRUE,,,FALSE,Has existing newsletter - not searched for RSS yet
Best Ads on TV,https://bestadsontv.com/news/rss,Discovered-pattern,N/A,,United States,bestadsontv.com,To Do,TRUE,,,FALSE,Has existing newsletter - not searched for RSS yet
Spider's Web,https://spidersweb.pl/api/post/feed/feed-gn,Discovered-autodiscovery,N/A,,Poland,spidersweb.pl,To Do,TRUE,,,FALSE,Has existing newsletter - not searched for RSS yet
Literary Hub,https://lithub.com/home-page-rigel-two-up-2/feed/,Discovered-autodiscovery,N/A,,United States,lithub.com,To Do,TRUE,,,FALSE,Has existing newsletter - not searched for RSS yet
Mothersblog,-,N/A,-,,Greece,mothersblog.gr,,TRUE,,,FALSE,Has existing newsletter - not searched for RSS yet
Stay at Home Mum,https://stayathomemum.com.au/feed/,Discovered-autodiscovery,N/A,,Australia,stayathomemum.com.au,To Do,TRUE,,,FALSE,Has existing newsletter - not searched for RSS yet
Chorus FM,https://chorus.fm/feed/,Discovered-autodiscovery,N/A,,United States,chorus.fm,To Do,TRUE,,,FALSE,Has existing newsletter - not searched for RSS yet
The Minds Journal,https://themindsjournal.com/feed/,Discovered-autodiscovery,N/A,,India,themindsjournal.com,To Do,TRUE,,,FALSE,Has existing newsletter - not searched for RSS yet
Alaturka Online,https://alaturkaonline.com/feed/,Discovered-autodiscovery,N/A,,United States,alaturkaonline.com,To Do,TRUE,,,FALSE,Has existing newsletter - not searched for RSS yet
Grown and Flown,https://grownandflown.com/feed/,Discovered-autodiscovery,N/A,,United States,grownandflown.com,To Do,TRUE,,,FALSE,Has existing newsletter - not searched for RSS yet
Undertheradar.co.nz,http://feeds.feedburner.com/UndertheradarconzNews,Discovered-autodiscovery,N/A,,New Zealand,undertheradar.co.nz,To Do,TRUE,,,FALSE,Has existing newsletter - not searched for RSS yet
Biscotto,https://biscotto.gr/feed/,Discovered-autodiscovery,N/A,,Greece,biscotto.gr,To Do,TRUE,,,FALSE,Has existing newsletter - not searched for RSS yet
cheddar news,https://cheddar.com/feed,Discovered-pattern,N/A,,United States,cheddar.com,To Do,TRUE,,,FALSE,Has existing newsletter - not searched for RSS yet
Washington Times,-,N/A,-,,United States,washingtontimes.com,,TRUE,,,FALSE,Has existing newsletter - not searched for RSS yet
Catholic Herald Limited,-,N/A,-,,United Kingdom,catholicherald.co.uk,,TRUE,,,FALSE,Has existing newsletter - not searched for RSS yet
Kidsstoppress (KSP),-,N/A,-,,India,kidsstoppress.com,,TRUE,,,FALSE,Has existing newsletter - not searched for RSS yet
Enikos.gr,https://www.enikos.gr/feed/,Discovered-autodiscovery,N/A,,Greece,enikos.gr,To Do,TRUE,,,FALSE,Has existing newsletter - not searched for RSS yet
Marine Insight,https://www.marineinsight.com/feed/,Discovered-autodiscovery,N/A,,India,marineinsight.com,To Do,TRUE,,,FALSE,Has existing newsletter - not searched for RSS yet
Russian Athens,-,N/A,-,,Greece,rua.gr,,TRUE,,,FALSE,Has existing newsletter - not searched for RSS yet
Karryon,https://karryon.com.au/feed/,Discovered-pattern,N/A,,Australia,karryon.com.au,To Do,TRUE,,,FALSE,Has existing newsletter - not searched for RSS yet
FASHION.HR,https://fashion.hr/feed/,Discovered-autodiscovery,N/A,,Croatia,fashion.hr,To Do,TRUE,,,FALSE,Has existing newsletter - not searched for RSS yet
The Logical Indian,https://thelogicalindian.com/feed/,Discovered-autodiscovery,N/A,,India,thelogicalindian.com,To Do,TRUE,,,FALSE,Has existing newsletter - not searched for RSS yet
Fashion Post,https://fashionpost.pl/feed,Discovered-autodiscovery,N/A,,Poland,fashionpost.pl,To Do,TRUE,,,FALSE,Has existing newsletter - not searched for RSS yet
GospodarkaMorska.pl,https://gospodarkamorska.pl/articles/rss,Discovered-pattern,N/A,,Poland,gospodarkamorska.pl,To Do,TRUE,,,FALSE,Has existing newsletter - not searched for RSS yet
forskning.no,-,N/A,-,,Norway,forskning.no,,TRUE,,,FALSE,Has existing newsletter - not searched for RSS yet
The Wilson Times,https://wilsontimes.com/rss.xml,Discovered-pattern,N/A,,United States,wilsontimes.com,To Do,TRUE,,,FALSE,Has existing newsletter - not searched for RSS yet
PhoneWorld,https://www.phoneworld.com.pk/feed/,Discovered-autodiscovery,N/A,,Pakistan,phoneworld.com.pk,To Do,TRUE,,,FALSE,Has existing newsletter - not searched for RSS yet
BirGün,-,N/A,-,,Turkey,birgun.net,,TRUE,,,FALSE,Has existing newsletter - not searched for RSS yet
Polityka,https://www.polityka.pl/rss/articles.xml?list=517,Discovered-autodiscovery,N/A,,Poland,polityka.pl,To Do,TRUE,,,FALSE,Has existing newsletter - not searched for RSS yet
Salon Media Group,https://salon.com/feed,Discovered-pattern,N/A,,United States,salon.com,To Do,TRUE,,,FALSE,Has existing newsletter - not searched for RSS yet
TouringCarTimes,https://touringcartimes.com/feed,Discovered-pattern,N/A,,Sweden,touringcartimes.com,To Do,TRUE,,,FALSE,Has existing newsletter - not searched for RSS yet
Theaterkrant,https://www.theaterkrant.nl/feed/,Discovered-autodiscovery,N/A,,Netherlands,theaterkrant.nl,To Do,TRUE,,,FALSE,Has existing newsletter - not searched for RSS yet
Vogue UK,https://www.vogue.co.uk/feed/rss,Discovered-autodiscovery,N/A,,United Kingdom,vogue.co.uk,To Do,TRUE,,,FALSE,Has existing newsletter - not searched for RSS yet
Rynek Kolejowy,https://www.rynek-kolejowy.pl/rss/rss.xml,Discovered-autodiscovery,N/A,,Poland,rynek-kolejowy.pl,To Do,TRUE,,,FALSE,Has existing newsletter - not searched for RSS yet
The New Daily,-,N/A,-,,Australia,thenewdaily.com.au,,TRUE,,,FALSE,Has existing newsletter - not searched for RSS yet
Artsy,-,N/A,-,,United States,artsy.net,,TRUE,,,FALSE,Has existing newsletter - not searched for RSS yet
GQ UK,https://www.gq-magazine.co.uk/feed/rss,Discovered-autodiscovery,N/A,,United Kingdom,gq-magazine.co.uk,To Do,TRUE,,,FALSE,Has existing newsletter - not searched for RSS yet
Hip2Save,https://hip2save.com/feed/,Discovered-autodiscovery,N/A,,United States,hip2save.com,To Do,TRUE,,,FALSE,Has existing newsletter - not searched for RSS yet
9to5 Mac,https://9to5mac.com/feed/,Discovered-autodiscovery,N/A,,United States,9to5mac.com,To Do,TRUE,,,FALSE,Has existing newsletter - not searched for RSS yet
Starts at 60,https://startsat60.com/feed,Discovered-pattern,N/A,,Australia,startsat60.com,To Do,TRUE,,,FALSE,Has existing newsletter - not searched for RSS yet
信報財經新聞,-,N/A,-,,Hong Kong,hkej.com,,TRUE,,,FALSE,Has existing newsletter - not searched for RSS yet
HowStuffWorks,https://syndication.howstuffworks.com/rss/HSW,Discovered-autodiscovery,N/A,,United States,howstuffworks.com,To Do,TRUE,,,FALSE,Has existing newsletter - not searched for RSS yet
HuffPost News US (Verizon Media),-,N/A,-,,United States,huffingtonpost.com,,TRUE,,,FALSE,Has existing newsletter - not searched for RSS yet
Gość Niedzielny,https://www.gosc.pl/rss/rtr/c7a21.Aktualnosci-z-Gosciem-Niedzielnym,Discovered-autodiscovery,N/A,,Poland,gosc.pl,To Do,TRUE,,,FALSE,Has existing newsletter - not searched for RSS yet
Global Voices,https://globalvoices.org/feed/,Discovered-autodiscovery,N/A,,Netherlands,globalvoices.org,To Do,TRUE,,,FALSE,Has existing newsletter - not searched for RSS yet
Znak.com.pl,-,N/A,-,,Poland,znak.com.pl,,TRUE,,,FALSE,Has existing newsletter - not searched for RSS yet
Native News Online,-,N/A,-,,United States,nativenewsonline.net,,TRUE,,,FALSE,Has existing newsletter - not searched for RSS yet
IOL,https://iol.co.za/rss/,Discovered-autodiscovery,N/A,,South Africa,iol.co.za,To Do,TRUE,,,FALSE,Has existing newsletter - not searched for RSS yet
Business Insider Nederland,https://feeds.businessinsider.com/custom/all,Discovered-autodiscovery,N/A,,Netherlands,businessinsider.nl,To Do,TRUE,,,FALSE,Has existing newsletter - not searched for RSS yet
The Sun Chronicle,-,N/A,-,,United States,thesunchronicle.com,,TRUE,,,FALSE,Has existing newsletter - not searched for RSS yet
The Press Project,https://thepressproject.gr/feed/,Discovered-autodiscovery,N/A,,Greece,thepressproject.gr,To Do,TRUE,,,FALSE,Has existing newsletter - not searched for RSS yet
Economic and Political Weekly,https://epw.in/blog/feed,Discovered-pattern,N/A,,India,epw.in,To Do,TRUE,,,FALSE,Has existing newsletter - not searched for RSS yet
wicklownews.net,https://wicklownews.net/feed,Discovered-pattern,N/A,,United Kingdom,wicklownews.net,To Do,TRUE,,,FALSE,Has existing newsletter - not searched for RSS yet
Go Fug Yourself,https://www.gofugyourself.com/feed,Discovered-autodiscovery,N/A,,United States,gofugyourself.com,To Do,TRUE,,,FALSE,Has existing newsletter - not searched for RSS yet
Novasports.gr,https://www.novasports.gr/feed/,Discovered-autodiscovery,N/A,,Greece,novasports.gr,To Do,TRUE,,,FALSE,Has existing newsletter - not searched for RSS yet
TheVegLife.com,https://theveglife.com/feed/,Discovered-autodiscovery,N/A,,United States,theveglife.com,To Do,TRUE,,,FALSE,Has existing newsletter - not searched for RSS yet
Travel Weekly,-,N/A,-,,United Kingdom,travelweekly.co.uk,,TRUE,,,FALSE,Has existing newsletter - not searched for RSS yet
Las Vegas Sun,-,N/A,-,,United States,lasvegassun.com,,TRUE,,,FALSE,Has existing newsletter - not searched for RSS yet
Black Girl Nerds,https://blackgirlnerds.com/feed/,Discovered-autodiscovery,N/A,,United States,blackgirlnerds.com,To Do,TRUE,,,FALSE,Has existing newsletter - not searched for RSS yet
FITNESS (OOB),-,N/A,-,,United States,fitnessmagazine.com,,TRUE,,,FALSE,Has existing newsletter - not searched for RSS yet
Nedeljnik,https://www.nedeljnik.rs/feed/,Discovered-autodiscovery,N/A,,Serbia,nedeljnik.rs,To Do,TRUE,,,FALSE,Has existing newsletter - not searched for RSS yet
Consequence,https://consequenceofsound.net/feed,Discovered-pattern,N/A,,United States,consequenceofsound.net,To Do,TRUE,,,FALSE,Has existing newsletter - not searched for RSS yet
Tubefilter,https://www.tubefilter.com/feed/,Discovered-autodiscovery,N/A,,United States,tubefilter.com,To Do,TRUE,,,FALSE,Has existing newsletter - not searched for RSS yet
Azinlikca,https://azinlikca1.net/feed,Discovered-autodiscovery,N/A,,Greece,azinlikca.net,To Do,TRUE,,,FALSE,Has existing newsletter - not searched for RSS yet
Poradnik Przedsiębiorcy,-,N/A,-,,Poland,poradnikprzedsiebiorcy.pl,,TRUE,,,FALSE,Has existing newsletter - not searched for RSS yet
Innebandymagazinet,https://innebandymagazinet.se/feed/,Discovered-autodiscovery,N/A,,Sweden,innebandymagazinet.se,To Do,TRUE,,,FALSE,Has existing newsletter - not searched for RSS yet
artnet,-,N/A,-,,United States,artnet.com,,TRUE,,,FALSE,Has existing newsletter - not searched for RSS yet
Korn Ferry,-,N/A,-,,United States,kornferry.com,,TRUE,,,FALSE,Has existing newsletter - not searched for RSS yet
Wonkette,http://wonkette.com/feed,Discovered-autodiscovery,N/A,,United States,wonkette.com,To Do,TRUE,,,FALSE,Has existing newsletter - not searched for RSS yet
Bigumigu,https://bigumigu.com/feed/,Discovered-autodiscovery,N/A,,Turkey,bigumigu.com,To Do,TRUE,,,FALSE,Has existing newsletter - not searched for RSS yet
La Voce di New York,https://lavocedinewyork.com/feed/,Discovered-autodiscovery,N/A,,United States,lavocedinewyork.com,To Do,TRUE,,,FALSE,Has existing newsletter - not searched for RSS yet
Radio Kraków,https://radiokrakow.pl/rss.xml,Discovered-pattern,N/A,,Poland,radiokrakow.pl,To Do,TRUE,,,FALSE,Has existing newsletter - not searched for RSS yet
Quirky Momma,https://kidsactivitiesblog.com/feed/,Discovered-autodiscovery,N/A,,United States,kidsactivitiesblog.com,To Do,TRUE,,,FALSE,Has existing newsletter - not searched for RSS yet
Animation World Network,-,N/A,-,,United States,awn.com,,TRUE,,,FALSE,Has existing newsletter - not searched for RSS yet
Peace Love and Low Carb,https://peaceloveandlowcarb.com/feed,Discovered-autodiscovery,N/A,,United States,peaceloveandlowcarb.com,To Do,TRUE,,,FALSE,Has existing newsletter - not searched for RSS yet
The Dhaka Times,https://thedhakatimes.com/feed/,Discovered-autodiscovery,N/A,,Bangladesh,thedhakatimes.com,To Do,TRUE,,,FALSE,Has existing newsletter - not searched for RSS yet
Cosmopolitan Australia,-,N/A,-,,Australia,cosmopolitan.com.au,,TRUE,,,FALSE,Has existing newsletter - not searched for RSS yet
The Daily Star,https://thedailystar.net/rss.xml,Discovered-pattern,N/A,,Bangladesh,thedailystar.net,To Do,TRUE,,,FALSE,Has existing newsletter - not searched for RSS yet
Bikerumor,https://bikerumor.com/feed/,Discovered-autodiscovery,N/A,,United States,bikerumor.com,To Do,TRUE,,,FALSE,Has existing newsletter - not searched for RSS yet
Michigan Public,-,N/A,-,,United States,michiganradio.org,,TRUE,,,FALSE,Has existing newsletter - not searched for RSS yet
Enallaktikos,https://enallaktikos.gr/feed/,Discovered-autodiscovery,N/A,,Greece,enallaktikos.gr,To Do,TRUE,,,FALSE,Has existing newsletter - not searched for RSS yet
Maritime Reporter & Engineering News,https://www.marinelink.com/news/rss ,Discovered-autodiscovery,N/A,,United States,marinelink.com,To Do,TRUE,,,FALSE,Has existing newsletter - not searched for RSS yet
Bella Naija,https://www.bellanaija.com/feed/,Discovered-autodiscovery,N/A,,Nigeria,bellanaija.com,To Do,TRUE,,,FALSE,Has existing newsletter - not searched for RSS yet
Delicious Obsessions,https://deliciousobsessions.com/feed,Discovered-pattern,N/A,,United States,deliciousobsessions.com,To Do,TRUE,,,FALSE,Has existing newsletter - not searched for RSS yet
The Western Journal,https://westernjournal.com/category/news/feed,Discovered-pattern,N/A,,United States,westernjournal.com,To Do,TRUE,,,FALSE,Has existing newsletter - not searched for RSS yet
Portland Mercury,https://portlandmercury.com/portland/Rss.xml,Discovered-autodiscovery,N/A,,United States,portlandmercury.com,To Do,TRUE,,,FALSE,Has existing newsletter - not searched for RSS yet
faithit,https://faithit.com/feed/,Discovered-autodiscovery,N/A,,United States,faithit.com,To Do,TRUE,,,FALSE,Has existing newsletter - not searched for RSS yet
Tygodnik Siedlecki,-,N/A,-,,Poland,tygodniksiedlecki.com,,TRUE,,,FALSE,Has existing newsletter - not searched for RSS yet
Moola Saving Mom,https://moolasavingmom.com/feed/,Discovered-autodiscovery,N/A,,United States,moolasavingmom.com,To Do,TRUE,,,FALSE,Has existing newsletter - not searched for RSS yet
HousingWire,https://www.housingwire.com/feed/,Discovered-autodiscovery,N/A,,United States,housingwire.com,To Do,TRUE,,,FALSE,Has existing newsletter - not searched for RSS yet
The Filipino Times,https://filipinotimes.net/feed/,Discovered-autodiscovery,N/A,,United Arab Emirates,filipinotimes.net,To Do,TRUE,,,FALSE,Has existing newsletter - not searched for RSS yet
allkpop,-,N/A,-,,United States,allkpop.com,,TRUE,,,FALSE,Has existing newsletter - not searched for RSS yet
theBERRY,https://feeds.feedburner.com/feedburner/ZdSV,Discovered-autodiscovery,N/A,,United States,theberry.com,To Do,TRUE,,,FALSE,Has existing newsletter - not searched for RSS yet
Deeper Shades,-,N/A,-,,United States,deepershades.net,,TRUE,,,FALSE,Has existing newsletter - not searched for RSS yet
Tennishead,https://tennishead.net/feed/,Discovered-pattern,N/A,,United Kingdom,tennishead.net,To Do,TRUE,,,FALSE,Has existing newsletter - not searched for RSS yet
Mercola,-,N/A,-,,United States,mercola.com,,TRUE,,,FALSE,Has existing newsletter - not searched for RSS yet
Tiny Mix Tapes,-,N/A,-,,United States,tinymixtapes.com,,TRUE,,,FALSE,Has existing newsletter - not searched for RSS yet
The Krazy Coupon Lady,https://thekrazycouponlady.com/rss,Discovered-pattern,N/A,,United States,thekrazycouponlady.com,To Do,TRUE,,,FALSE,Has existing newsletter - not searched for RSS yet
Videomaker,https://www.videomaker.com/feed/,Discovered-autodiscovery,N/A,,United States,videomaker.com,To Do,TRUE,,,FALSE,Has existing newsletter - not searched for RSS yet
Hyperallergic,https://hyperallergic.com/rss/,Discovered-autodiscovery,N/A,,United States,hyperallergic.com,To Do,TRUE,,,FALSE,Has existing newsletter - not searched for RSS yet
Southern Savers,https://www.southernsavers.com/feed/,Discovered-autodiscovery,N/A,,United States,southernsavers.com,To Do,TRUE,,,FALSE,Has existing newsletter - not searched for RSS yet
Her View From Home,https://herviewfromhome.com/feed/,Discovered-autodiscovery,N/A,,United States,herviewfromhome.com,To Do,TRUE,,,FALSE,Has existing newsletter - not searched for RSS yet
HUNT4FREEBIES,http://feeds.feedburner.com/Hunt4freebies,Discovered-autodiscovery,N/A,,United States,hunt4freebies.com,To Do,TRUE,,,FALSE,Has existing newsletter - not searched for RSS yet
A Slob Comes Clean,https://aslobcomesclean.com/feed,Discovered-pattern,N/A,,United States,aslobcomesclean.com,To Do,TRUE,,,FALSE,Has existing newsletter - not searched for RSS yet
The Christian Post,https://christianpost.com/rss,Discovered-pattern,N/A,,United States,christianpost.com,To Do,TRUE,,,FALSE,Has existing newsletter - not searched for RSS yet
GeekDad,https://geekdad.com/feed/,Discovered-autodiscovery,N/A,,United States,geekdad.com,To Do,TRUE,,,FALSE,Has existing newsletter - not searched for RSS yet
GeekTyrant,https://geektyrant.com/news?format=rss,Discovered-autodiscovery,N/A,,United States,geektyrant.com,To Do,TRUE,,,FALSE,Has existing newsletter - not searched for RSS yet
Nation Media,-,N/A,-,,United States,eventingnation.com,,TRUE,,,FALSE,Has existing newsletter - not searched for RSS yet
Information Nigeria,-,N/A,-,,Nigeria,informationng.com,,TRUE,,,FALSE,Has existing newsletter - not searched for RSS yet
Nyugat.hu,https://nyugat.hu/rss,Discovered-pattern,N/A,,Hungary,nyugat.hu,To Do,TRUE,,,FALSE,Has existing newsletter - not searched for RSS yet
Unofficial Networks,https://unofficialnetworks.com/feed/,Discovered-autodiscovery,N/A,,United States,unofficialnetworks.com,To Do,TRUE,,,FALSE,Has existing newsletter - not searched for RSS yet
The Inertia,https://theinertia.com/feed,Discovered-pattern,N/A,,United States,theinertia.com,To Do,TRUE,,,FALSE,Has existing newsletter - not searched for RSS yet
Words of Wisdom,https://www.daveswordsofwisdom.com/feeds/posts/default,Discovered-autodiscovery,N/A,,United States,daveswordsofwisdom.com,To Do,TRUE,,,FALSE,Has existing newsletter - not searched for RSS yet
Dalal Street Investment Journal - DSIJ,https://www.dsij.in/blog/market-blogs-4/feed,Discovered-sitemap,N/A,,India,dsij.in,To Do,TRUE,,,FALSE,Has existing newsletter - not searched for RSS yet
Ύπαιθρος Χώρα,https://www.ypaithros.gr/feed/,Discovered-autodiscovery,N/A,,Greece,ypaithros.gr,To Do,TRUE,,,FALSE,Has existing newsletter - not searched for RSS yet
Greekmusictothemax,https://www.greekmusictothemax.gr/feed/,Discovered-autodiscovery,N/A,,Greece,greekmusictothemax.gr,To Do,TRUE,,,FALSE,Has existing newsletter - not searched for RSS yet
Deal Mama,https://dealmama.com/feed/,Discovered-autodiscovery,N/A,,United States,dealmama.com,To Do,TRUE,,,FALSE,Has existing newsletter - not searched for RSS yet
Warfare History Network,https://warfarehistorynetwork.com/feed/,Discovered-autodiscovery,N/A,,United States,warfarehistorynetwork.com,To Do,TRUE,,,FALSE,Has existing newsletter - not searched for RSS yet
Bring a Trailer,-,N/A,-,,United States,bringatrailer.com,,TRUE,,,FALSE,Has existing newsletter - not searched for RSS yet
Renopedia,https://renopedia.sg/feed/,Discovered-autodiscovery,N/A,,Singapore,renopedia.sg,To Do,TRUE,,,FALSE,Has existing newsletter - not searched for RSS yet
BoardingArea,https://boardingarea.com/feed/,Discovered-autodiscovery,N/A,,United States,boardingarea.com,To Do,TRUE,,,FALSE,Has existing newsletter - not searched for RSS yet
Active NorCal,https://www.activenorcal.com/feed/,Discovered-autodiscovery,N/A,,United States,activenorcal.com,To Do,TRUE,,,FALSE,Has existing newsletter - not searched for RSS yet
It's Free at Last,https://itsfreeatlast.com/feed/,Discovered-autodiscovery,N/A,,United States,itsfreeatlast.com,To Do,TRUE,,,FALSE,Has existing newsletter - not searched for RSS yet
The Manc,https://themanc.com/feed/,Discovered-pattern,N/A,,United Kingdom,themanc.com,To Do,TRUE,,,FALSE,Has existing newsletter - not searched for RSS yet
Solve Horseback Riding Fears by Jane Savoie,-,N/A,-,,United States,janesavoie.com,,TRUE,,,FALSE,Has existing newsletter - not searched for RSS yet
Opportunity Desk,-,N/A,-,,Nigeria,opportunitydesk.org,,TRUE,,,FALSE,Has existing newsletter - not searched for RSS yet
No Treble,https://www.notreble.com/feed,Discovered-autodiscovery,N/A,,United States,notreble.com,To Do,TRUE,,,FALSE,Has existing newsletter - not searched for RSS yet
Erciş Haber,https://haberercis.com.tr/rss,Discovered-pattern,N/A,,Turkey,haberercis.com.tr,To Do,TRUE,,,FALSE,Has existing newsletter - not searched for RSS yet
American Greatness,https://amgreatness.com/feed,Discovered-pattern,N/A,,United States,amgreatness.com,To Do,TRUE,,,FALSE,Has existing newsletter - not searched for RSS yet
Big Cabal Media [Zikoko + TechCabal],https://www.zikoko.com/feed/,Discovered-autodiscovery,N/A,,Nigeria,zikoko.com,To Do,TRUE,,,FALSE,Has existing newsletter - not searched for RSS yet
Wedding Digest Naija,https://www.weddingdigestnaija.com/feed/,Discovered-autodiscovery,N/A,,Nigeria,weddingdigestnaija.com,To Do,TRUE,,,FALSE,Has existing newsletter - not searched for RSS yet
Tadka Bollywood,-,N/A,-,,India,bollywoodtadka.in,,TRUE,,,FALSE,Has existing newsletter - not searched for RSS yet
Međimurske Novine,-,N/A,-,,Croatia,mnovine.hr,,TRUE,,,FALSE,Has existing newsletter - not searched for RSS yet
VG247,https://www.vg247.com/feed,Discovered-autodiscovery,N/A,,United States,vg247.com,To Do,TRUE,,,FALSE,Has existing newsletter - not searched for RSS yet
The Political Insider,https://thepoliticalinsider.com/feed,Discovered-pattern,N/A,,United States,thepoliticalinsider.com,To Do,TRUE,,,FALSE,Has existing newsletter - not searched for RSS yet
MMAnytt.se,-,N/A,-,,Sweden,mmanytt.se,,TRUE,,,FALSE,Has existing newsletter - not searched for RSS yet
Nederlands Dagblad,-,N/A,-,,Netherlands,nd.nl,,TRUE,,,FALSE,Has existing newsletter - not searched for RSS yet
DesignTAXI,-,N/A,-,,Singapore,designtaxi.com,,TRUE,,,FALSE,Has existing newsletter - not searched for RSS yet
HiComm Magazine,https://hicomm.bg/rss,Discovered-pattern,N/A,,Bulgaria,hicomm.bg,To Do,TRUE,,,FALSE,Has existing newsletter - not searched for RSS yet
Dunya News,-,N/A,-,,Pakistan,dunyanews.tv,,TRUE,,,FALSE,Has existing newsletter - not searched for RSS yet
DC Comics News,https://dccomicsnews.com/feed/,Discovered-autodiscovery,N/A,,United States,dccomicsnews.com,To Do,TRUE,,,FALSE,Has existing newsletter - not searched for RSS yet
penamadridista.hu,-,N/A,-,,Hungary,penamadridista.hu,,TRUE,,,FALSE,Has existing newsletter - not searched for RSS yet
The Phoblographer,https://www.thephoblographer.com/feed/,Discovered-autodiscovery,N/A,,United States,thephoblographer.com,To Do,TRUE,,,FALSE,Has existing newsletter - not searched for RSS yet
Vanlı Nihat Hoca,-,N/A,-,,Turkey,vanlinihathoca.com,,TRUE,,,FALSE,Has existing newsletter - not searched for RSS yet
Diaforetiko,https://diaforetiko.gr/feed,Discovered-pattern,N/A,,Greece,diaforetiko.gr,To Do,TRUE,,,FALSE,Has existing newsletter - not searched for RSS yet
PoPville,https://popville.com/feed,Discovered-pattern,N/A,,United States,popville.com,To Do,TRUE,,,FALSE,Has existing newsletter - not searched for RSS yet
Al-Monitor,https://al-monitor.com/feed,Discovered-pattern,N/A,,United States,al-monitor.com,To Do,TRUE,,,FALSE,Has existing newsletter - not searched for RSS yet
Republika SrbijaPress,-,N/A,-,,Serbia,republika.rs,,TRUE,,,FALSE,Has existing newsletter - not searched for RSS yet
Monitorul de Cluj,https://monitorulcj.ro/rss/,Discovered-autodiscovery,N/A,,Romania,monitorulcj.ro,To Do,TRUE,,,FALSE,Has existing newsletter - not searched for RSS yet
MMARocks.pl,-,N/A,-,,Poland,mmarocks.pl,,TRUE,,,FALSE,Has existing newsletter - not searched for RSS yet
FreightWaves,https://freightwaves.com/feed,Discovered-pattern,N/A,,United States,freightwaves.com,To Do,TRUE,,,FALSE,Has existing newsletter - not searched for RSS yet
Morning Star UK,-,N/A,-,,United Kingdom,morningstaronline.co.uk,,TRUE,,,FALSE,Has existing newsletter - not searched for RSS yet
People Matters,-,N/A,-,,India,peoplematters.in,,TRUE,,,FALSE,Has existing newsletter - not searched for RSS yet
Dodger Blue,https://dodgerblue.com/feed/,Discovered-autodiscovery,N/A,,United States,dodgerblue.com,To Do,TRUE,,,FALSE,Has existing newsletter - not searched for RSS yet
MetalSucks.net,https://metalsucks.net/feed,Discovered-pattern,N/A,,United States,metalsucks.net,To Do,TRUE,,,FALSE,Has existing newsletter - not searched for RSS yet
Express Tribune,https://tribune.com.pk/blog/feed,Discovered-pattern,N/A,,Pakistan,tribune.com.pk,To Do,TRUE,,,FALSE,Has existing newsletter - not searched for RSS yet
Power of Positivity,https://www.powerofpositivity.com/feed/,Discovered-autodiscovery,N/A,,United States,powerofpositivity.com,To Do,TRUE,,,FALSE,Has existing newsletter - not searched for RSS yet
The Police Tribune,-,N/A,-,,United States,policetribune.com,,TRUE,,,FALSE,Has existing newsletter - not searched for RSS yet
No Depression,https://nodepression.org/rss/,Discovered-autodiscovery,N/A,,United States,nodepression.com,To Do,TRUE,,,FALSE,Has existing newsletter - not searched for RSS yet
Good Karma Brands,https://goodkarmabrands.com/feed/,Discovered-autodiscovery,N/A,,United States,goodkarmabrands.com,To Do,TRUE,,,FALSE,Has existing newsletter - not searched for RSS yet
4Tuning.ro,-,N/A,-,,Romania,4tuning.ro,,TRUE,,,FALSE,Has existing newsletter - not searched for RSS yet
Hand in Hand Parenting,https://www.handinhandparenting.org/feed/,Discovered-autodiscovery,N/A,,United States,handinhandparenting.org,To Do,TRUE,,,FALSE,Has existing newsletter - not searched for RSS yet
Confidence Meets Parenting,https://confidencemeetsparenting.com/feed/,Discovered-autodiscovery,N/A,,United States,confidencemeetsparenting.com,To Do,TRUE,,,FALSE,Has existing newsletter - not searched for RSS yet
Idei.bg,-,N/A,-,,Bulgaria,idei.bg,,TRUE,,,FALSE,Has existing newsletter - not searched for RSS yet
Wheel 'n Deal Mama,https://wheelndealmama.com/feed/,Discovered-autodiscovery,N/A,,United States,wheelndealmama.com,To Do,TRUE,,,FALSE,Has existing newsletter - not searched for RSS yet
Nashville Scene,-,N/A,-,,United States,nashvillescene.com,,TRUE,,,FALSE,Has existing newsletter - not searched for RSS yet
SnowBrains,https://snowbrains.com/feed/,Discovered-autodiscovery,N/A,,United States,snowbrains.com,To Do,TRUE,,,FALSE,Has existing newsletter - not searched for RSS yet
Nation of Change,https://www.nationofchange.org/feed/,Discovered-autodiscovery,N/A,,United States,nationofchange.org,To Do,TRUE,,,FALSE,Has existing newsletter - not searched for RSS yet
Hipwee,-,N/A,-,,Indonesia,hipwee.com,,TRUE,,,FALSE,Has existing newsletter - not searched for RSS yet
Cleveland Clinic,-,N/A,-,,United States,clevelandclinic.org,,TRUE,,,FALSE,Has existing newsletter - not searched for RSS yet
Padded Tush Stats,http://feeds.feedburner.com/paddedtushstats/eozo,Discovered-autodiscovery,N/A,,United States,paddedtushstats.com,To Do,TRUE,,,FALSE,Has existing newsletter - not searched for RSS yet
KPBS,https://www.kpbs.org/index.rss,Discovered-autodiscovery,N/A,,United States,kpbs.org,To Do,TRUE,,,FALSE,Has existing newsletter - not searched for RSS yet
The Playlist,https://theplaylist.net/feed/,Discovered-pattern,N/A,,United States,theplaylist.net,To Do,TRUE,,,FALSE,Has existing newsletter - not searched for RSS yet
SibiuNews,https://sibiunews.net/feed/,Discovered-autodiscovery,N/A,,Romania,sibiunews.net,To Do,TRUE,,,FALSE,Has existing newsletter - not searched for RSS yet
The Old House Life,https://theoldhouselife.com/feed/,Discovered-autodiscovery,N/A,,United States,theoldhouselife.com,To Do,TRUE,,,FALSE,Has existing newsletter - not searched for RSS yet
DK Pittsburgh Sports,-,N/A,-,,United States,dkpittsburghsports.com,,TRUE,,,FALSE,Has existing newsletter - not searched for RSS yet
360°,https://www.360mag.bg/feed,Discovered-autodiscovery,N/A,,Bulgaria,360mag.bg,To Do,TRUE,,,FALSE,Has existing newsletter - not searched for RSS yet
Urban Milwaukee,http://feeds.feedburner.com/UrbanMilwaukee,Discovered-autodiscovery,N/A,,United States,urbanmilwaukee.com,To Do,TRUE,,,FALSE,Has existing newsletter - not searched for RSS yet
The Babylon Bee,https://babylonbee.com/feed,Discovered-pattern,N/A,,United States,babylonbee.com,To Do,TRUE,,,FALSE,Has existing newsletter - not searched for RSS yet
Zaman Al Wasl,https://zamanalwsl.net/rss,Discovered-pattern,N/A,,United Arab Emirates,zamanalwsl.net,To Do,TRUE,,,FALSE,Has existing newsletter - not searched for RSS yet
Savori Urbane,-,N/A,-,,Romania,savoriurbane.com,,TRUE,,,FALSE,Has existing newsletter - not searched for RSS yet
Truthdig,https://www.truthdig.com/feed/,Discovered-autodiscovery,N/A,,United States,truthdig.com,To Do,TRUE,,,FALSE,Has existing newsletter - not searched for RSS yet
Nerdbot,-,N/A,-,,United States,nerdbot.com,,TRUE,,,FALSE,Has existing newsletter - not searched for RSS yet
Owensboro Times,-,N/A,-,,United States,owensborotimes.com,,TRUE,,,FALSE,Has existing newsletter - not searched for RSS yet
Dandavats.com,https://www.dandavats.com/?feed=rss2,Discovered-autodiscovery,N/A,,India,dandavats.com,To Do,TRUE,,,FALSE,Has existing newsletter - not searched for RSS yet
Geller Report,https://gellerreport.com/feed/,Discovered-autodiscovery,N/A,,United States,gellerreport.com,To Do,TRUE,,,FALSE,Has existing newsletter - not searched for RSS yet
iBus Media Limited,https://pokernews.com/rss.php,Discovered-pattern,N/A,,United Kingdom,pokernews.com,To Do,TRUE,,,FALSE,Has existing newsletter - not searched for RSS yet
ABP Group,-,N/A,-,,India,abp.in,,TRUE,,,FALSE,Has existing newsletter - not searched for RSS yet
Direkno.hr,https://direktno.hr/rss.xml,Discovered-pattern,N/A,,Croatia,direktno.hr,To Do,TRUE,,,FALSE,Has existing newsletter - not searched for RSS yet
Homeinfo.hu,-,N/A,-,,Hungary,homeinfo.hu,,TRUE,,,FALSE,Has existing newsletter - not searched for RSS yet
Android Headlines,https://www.androidheadlines.com/feed,Discovered-autodiscovery,N/A,,United States,androidheadlines.com,To Do,TRUE,,,FALSE,Has existing newsletter - not searched for RSS yet
The Tribune (India),-,N/A,-,,India,tribuneindia.com,,TRUE,,,FALSE,Has existing newsletter - not searched for RSS yet
Vajdaság Ma,-,N/A,-,,Serbia,vajma.info,,TRUE,,,FALSE,Has existing newsletter - not searched for RSS yet
Vecernji.ba,https://vecernji.ba/feeds/latest,Discovered-autodiscovery,N/A,,Bosnia and Herzegovina,vecernji.ba,To Do,TRUE,,,FALSE,Has existing newsletter - not searched for RSS yet
AutoDeal,https://www.autodeal.com.ph/rss/articles.xml,Discovered-autodiscovery,N/A,,Philippines,autodeal.com.ph,To Do,TRUE,,,FALSE,Has existing newsletter - not searched for RSS yet
San Simera,-,N/A,-,,Greece,sansimera.gr,,TRUE,,,FALSE,Has existing newsletter - not searched for RSS yet
Love What Matters,https://www.lovewhatmatters.com/feed/,Discovered-autodiscovery,N/A,,United States,lovewhatmatters.com,To Do,TRUE,,,FALSE,Has existing newsletter - not searched for RSS yet
Football24.bg,https://football24.bg/feed/,Discovered-autodiscovery,N/A,,Bulgaria,football24.bg,To Do,TRUE,,,FALSE,Has existing newsletter - not searched for RSS yet
ICIR [International Centre for Investigative Reporting],https://www.icirnigeria.org/feed/,Discovered-autodiscovery,N/A,,Nigeria,icirnigeria.org,To Do,TRUE,,,FALSE,Has existing newsletter - not searched for RSS yet
KSAT,-,N/A,-,,United States,ksat.com,,TRUE,,,FALSE,Has existing newsletter - not searched for RSS yet
The Daily Sangram,-,N/A,-,,Bangladesh,dailysangram.com,,TRUE,,,FALSE,Has existing newsletter - not searched for RSS yet
BOL News,-,N/A,-,,Pakistan,bolnews.com,,TRUE,,,FALSE,Has existing newsletter - not searched for RSS yet
The Inquisitr,https://www.inquisitr.com/feed,Discovered-autodiscovery,N/A,,United States,inquisitr.com,To Do,TRUE,,,FALSE,Has existing newsletter - not searched for RSS yet
Mindanao Daily News,https://mindanaodailynews.com/feed/,Discovered-autodiscovery,N/A,,Philippines,mindanaodailynews.com,To Do,TRUE,,,FALSE,Has existing newsletter - not searched for RSS yet
Business Insider,-,N/A,-,,Netherlands,z24.nl,,TRUE,,,FALSE,Has existing newsletter - not searched for RSS yet
KrASIA,-,N/A,-,,Singapore,kr-asia.com,,TRUE,,,FALSE,Has existing newsletter - not searched for RSS yet
XDA,-,N/A,-,,United States,xda-developers.com,,TRUE,,,FALSE,Has existing newsletter - not searched for RSS yet
Christian Today,https://www.christiantoday.com/rss.xml,Discovered-autodiscovery,N/A,,United States,christiantoday.com,To Do,TRUE,,,FALSE,Has existing newsletter - not searched for RSS yet
SonHaberler.com,-,N/A,-,,Turkey,sonhaberler.com,,TRUE,,,FALSE,Has existing newsletter - not searched for RSS yet
Luftika,-,N/A,-,,Serbia,luftika.rs,,TRUE,,,FALSE,Has existing newsletter - not searched for RSS yet
Nosalty,-,N/A,-,,Hungary,nosalty.hu,,TRUE,,,FALSE,Has existing newsletter - not searched for RSS yet
The National Interest,https://nationalinterest.org/feed,Discovered-pattern,N/A,,United States,nationalinterest.org,To Do,TRUE,,,FALSE,Has existing newsletter - not searched for RSS yet
Phys.org,-,N/A,-,,United States,phys.org,,TRUE,,,FALSE,Has existing newsletter - not searched for RSS yet
FamilieNieuws.com,-,N/A,-,,Netherlands,familienieuws.com,,TRUE,,,FALSE,Has existing newsletter - not searched for RSS yet
News.bg,-,N/A,-,,Bulgaria,news.bg,,TRUE,,,FALSE,Has existing newsletter - not searched for RSS yet
Biotecnika,https://www.biotecnika.org/feed/,Discovered-autodiscovery,N/A,,India,biotecnika.org,To Do,TRUE,,,FALSE,Has existing newsletter - not searched for RSS yet
The Villages-News.com,https://www.villages-news.com/feed/,Discovered-autodiscovery,N/A,,United States,villages-news.com,To Do,TRUE,,,FALSE,Has existing newsletter - not searched for RSS yet
Data Science Central,-,N/A,-,,Romania,datasciencecentral.com,,TRUE,,,FALSE,Has existing newsletter - not searched for RSS yet
TESLARATI,https://www.teslarati.com/feed/,Discovered-autodiscovery,N/A,,United States,teslarati.com,To Do,TRUE,,,FALSE,Has existing newsletter - not searched for RSS yet
SecNews,https://www.secnews.gr/feed/,Discovered-autodiscovery,N/A,,Greece,secnews.gr,To Do,TRUE,,,FALSE,Has existing newsletter - not searched for RSS yet
Ziarul de Bacău,-,N/A,-,,Romania,zdbc.ro,,TRUE,,,FALSE,Has existing newsletter - not searched for RSS yet
Actualno,https://www.actualno.com/rss/novini-new,Discovered-autodiscovery,N/A,,Bulgaria,actualno.com,To Do,TRUE,,,FALSE,Has existing newsletter - not searched for RSS yet
MacRumors,https://feeds.macrumors.com/MacRumors-All,Discovered-autodiscovery,N/A,,United States,macrumors.com,To Do,TRUE,,,FALSE,Has existing newsletter - not searched for RSS yet
Your EDM,-,N/A,-,,United States,youredm.com,,TRUE,,,FALSE,Has existing newsletter - not searched for RSS yet
Click On Detroit,-,N/A,-,,United States,clickondetroit.com,,TRUE,,,FALSE,Has existing newsletter - not searched for RSS yet
Receptneked,https://receptneked.hu/feed,Discovered-autodiscovery,N/A,,Hungary,receptneked.hu,To Do,TRUE,,,FALSE,Has existing newsletter - not searched for RSS yet
"Nerdist Industries, LLC",https://nerdist.com/feed/,Discovered-autodiscovery,N/A,,United States,nerdist.com,To Do,TRUE,,,FALSE,Has existing newsletter - not searched for RSS yet
Naftemporiki,https://www.naftemporiki.gr/feed/,Discovered-autodiscovery,N/A,,Greece,naftemporiki.gr,To Do,TRUE,,,FALSE,Has existing newsletter - not searched for RSS yet
Organiser - Weekly,-,N/A,-,,India,organiser.org,,TRUE,,,FALSE,Has existing newsletter - not searched for RSS yet
LepotaiZdravlje.rs,https://lepotaizdravlje.rs/feed/,Discovered-autodiscovery,N/A,,Serbia,lepotaizdravlje.rs,To Do,TRUE,,,FALSE,Has existing newsletter - not searched for RSS yet
Međimurje,-,N/A,-,,Croatia,medjimurje.hr,,TRUE,,,FALSE,Has existing newsletter - not searched for RSS yet
Hiros.hu,https://hiros.hu/feed,Discovered-pattern,N/A,,Hungary,hiros.hu,To Do,TRUE,,,FALSE,Has existing newsletter - not searched for RSS yet
Country Rebel,https://countryrebel.com/feed/,Discovered-autodiscovery,N/A,,United States,countryrebel.com,To Do,TRUE,,,FALSE,Has existing newsletter - not searched for RSS yet
Bihoreanul,-,N/A,-,,Romania,ebihoreanul.ro,,TRUE,,,FALSE,Has existing newsletter - not searched for RSS yet
Skift,https://skift.com/feed,Discovered-pattern,N/A,,United States,skift.com,To Do,TRUE,,,FALSE,Has existing newsletter - not searched for RSS yet
free Europe,https://svobodnaevropa.bg/api/,Discovered-autodiscovery,N/A,,Bulgaria,svobodnaevropa.bg,To Do,TRUE,,,FALSE,Has existing newsletter - not searched for RSS yet
Sportske vijesti,-,N/A,-,,Bosnia and Herzegovina,sportske.ba,,TRUE,,,FALSE,Has existing newsletter - not searched for RSS yet
Sambad,https://sambad.in/rss,Discovered-autodiscovery,N/A,,India,sambad.in,To Do,TRUE,,,FALSE,Has existing newsletter - not searched for RSS yet
FerizajPress,http://ferizajpress.com/feed,Discovered-pattern,N/A,,Serbia,ferizajpress.com,To Do,TRUE,,,FALSE,Has existing newsletter - not searched for RSS yet
思考香港Think Hong Kong,https://thinkhk.com/rss.xml,Discovered-pattern,N/A,,Hong Kong,thinkhk.com,To Do,TRUE,,,FALSE,Has existing newsletter - not searched for RSS yet
AgroRomania,https://manager.ro/rss.php,Discovered-pattern,N/A,,Romania,manager.ro,To Do,TRUE,,,FALSE,Has existing newsletter - not searched for RSS yet
La Voz de América (VOA),https://voanoticias.com/api/,Discovered-autodiscovery,N/A,,United States,voanoticias.com,To Do,TRUE,,,FALSE,Has existing newsletter - not searched for RSS yet
ZIUA de Constanţa,-,N/A,-,,Romania,ziuaconstanta.ro,,TRUE,,,FALSE,Has existing newsletter - not searched for RSS yet
Sandžak PRESS,https://sandzakpress.net/feed/,Discovered-autodiscovery,N/A,,Serbia,sandzakpress.net,To Do,TRUE,,,FALSE,Has existing newsletter - not searched for RSS yet
WOAY NewsWatch,https://woay.com/feed/,Discovered-autodiscovery,N/A,,United States,woay.com,To Do,TRUE,,,FALSE,Has existing newsletter - not searched for RSS yet
Life.ro,https://life.ro/feed,Discovered-pattern,N/A,,Romania,life.ro,To Do,TRUE,,,FALSE,Has existing newsletter - not searched for RSS yet
Tigernet,https://feeds.feedburner.com/tigernet,Discovered-autodiscovery,N/A,,United States,tigernet.com,To Do,TRUE,,,FALSE,Has existing newsletter - not searched for RSS yet
Williamson Source,https://williamsonsource.com/feed/,Discovered-autodiscovery,N/A,,United States,williamsonsource.com,To Do,TRUE,,,FALSE,Has existing newsletter - not searched for RSS yet
SuntMamica.ro,http://suntmamica.ro/rss,Discovered-pattern,N/A,,Romania,suntmamica.ro,To Do,TRUE,,,FALSE,Has existing newsletter - not searched for RSS yet
The London Economic,https://www.thelondoneconomic.com/feed/,Discovered-autodiscovery,N/A,,United Kingdom,thelondoneconomic.com,To Do,TRUE,,,FALSE,Has existing newsletter - not searched for RSS yet
The Financial Diet,https://thefinancialdiet.com/feed/,Discovered-autodiscovery,N/A,,United States,thefinancialdiet.com,To Do,TRUE,,,FALSE,Has existing newsletter - not searched for RSS yet
Jaihind TV,https://jaihindtv.in/feed/,Discovered-autodiscovery,N/A,,India,jaihindtv.in,To Do,TRUE,,,FALSE,Has existing newsletter - not searched for RSS yet
theAsianparent,https://theasianparent.com/feed,Discovered-pattern,N/A,,Singapore,theasianparent.com,To Do,TRUE,,,FALSE,Has existing newsletter - not searched for RSS yet
NextDeal,https://nextdeal.gr/rss.xml,Discovered-pattern,N/A,,Greece,nextdeal.gr,To Do,TRUE,,,FALSE,Has existing newsletter - not searched for RSS yet
All That's Interesting,https://allthatsinteresting.com/feed,Discovered-pattern,N/A,,United States,allthatsinteresting.com,To Do,TRUE,,,FALSE,Has existing newsletter - not searched for RSS yet
G Plus,https://guwahatiplus.com/feed,Discovered-pattern,N/A,,India,guwahatiplus.com,To Do,TRUE,,,FALSE,Has existing newsletter - not searched for RSS yet
Soap Hub,https://soaphub.com/feed/,Discovered-autodiscovery,N/A,,United States,soaphub.com,To Do,TRUE,,,FALSE,Has existing newsletter - not searched for RSS yet
srpskacafe.com,https://srpskacafe.com/feed/,Discovered-autodiscovery,N/A,,Bosnia and Herzegovina,srpskacafe.com,To Do,TRUE,,,FALSE,Has existing newsletter - not searched for RSS yet
ICT Business,-,N/A,-,,Croatia,ictbusiness.info,,TRUE,,,FALSE,Has existing newsletter - not searched for RSS yet
iDiva India,-,N/A,-,,India,idiva.com,,TRUE,,,FALSE,Has existing newsletter - not searched for RSS yet
One America News Network,-,N/A,-,,United States,oann.com,,TRUE,,,FALSE,Has existing newsletter - not searched for RSS yet
InfoMusic,-,N/A,-,,Romania,infomusic.ro,,TRUE,,,FALSE,Has existing newsletter - not searched for RSS yet
The Silicon Review,-,N/A,-,,United States,thesiliconreview.com,,TRUE,,,FALSE,Has existing newsletter - not searched for RSS yet
Editorji,-,N/A,-,,India,editorji.com,,TRUE,,,FALSE,Has existing newsletter - not searched for RSS yet
coxsbazarnews.com,https://www.coxsbazarnews.com/feed,Discovered-autodiscovery,N/A,,Bangladesh,coxsbazarnews.com,To Do,TRUE,,,FALSE,Has existing newsletter - not searched for RSS yet
Profit.ro,https://profit.ro/rss,Discovered-pattern,N/A,,Romania,profit.ro,To Do,TRUE,,,FALSE,Has existing newsletter - not searched for RSS yet
Ziarul de Vrancea,-,N/A,-,,Romania,ziaruldevrancea.ro,,TRUE,,,FALSE,Has existing newsletter - not searched for RSS yet
The Shade Room,https://theshaderoom.com/feed/,Discovered-autodiscovery,N/A,,United States,theshaderoom.com,To Do,TRUE,,,FALSE,Has existing newsletter - not searched for RSS yet
Gradonačelnik,https://gradonacelnik.hr/feed/,Discovered-autodiscovery,N/A,,Croatia,gradonacelnik.hr,To Do,TRUE,,,FALSE,Has existing newsletter - not searched for RSS yet
Boxing News 24,https://www.boxingnews24.com/feed/,Discovered-autodiscovery,N/A,,United States,boxingnews24.com,To Do,TRUE,,,FALSE,Has existing newsletter - not searched for RSS yet
Travel Market Report,-,N/A,-,,United States,travelmarketreport.com,,TRUE,,,FALSE,Has existing newsletter - not searched for RSS yet
Sport Centar,-,N/A,-,,Bosnia and Herzegovina,scsport.ba,,TRUE,,,FALSE,Has existing newsletter - not searched for RSS yet
Mobileappdaily,-,N/A,-,,India,mobileappdaily.com,,TRUE,,,FALSE,Has existing newsletter - not searched for RSS yet
Marketing Mind,https://marketingmind.in/feed/,Discovered-autodiscovery,N/A,,India,marketingmind.in,To Do,TRUE,,,FALSE,Has existing newsletter - not searched for RSS yet
omed.bg,-,N/A,-,,Bulgaria,omed.bg,,TRUE,,,FALSE,Has existing newsletter - not searched for RSS yet
SportskaCentrala.com,https://www.sportskacentrala.com/feed/,Discovered-autodiscovery,N/A,,Serbia,sportskacentrala.com,To Do,TRUE,,,FALSE,Has existing newsletter - not searched for RSS yet
Hia Magazine,https://hiamag.com/rss.xml,Discovered-pattern,N/A,,United Arab Emirates,hiamag.com,To Do,TRUE,,,FALSE,Has existing newsletter - not searched for RSS yet
Travelo,https://www.borsonline.hu/publicapi/hu/rss/bors/articles,Discovered-autodiscovery,N/A,,Hungary,travelo.hu,To Do,TRUE,,,FALSE,Has existing newsletter - not searched for RSS yet
PSV Fans,-,N/A,-,,Netherlands,psvfans.nl,,TRUE,,,FALSE,Has existing newsletter - not searched for RSS yet
Metalhead Zone,-,N/A,-,,United States,metalheadzone.com,,TRUE,,,FALSE,Has existing newsletter - not searched for RSS yet
iForm douplicate,https://iform.nu/feed/rss,Discovered-autodiscovery,N/A,,Denmark,iform.nu,To Do,TRUE,,,FALSE,Has existing newsletter - not searched for RSS yet
Femcafe.hu,https://femcafe.hu/rss.xml,Discovered-pattern,N/A,,Hungary,femcafe.hu,To Do,TRUE,,,FALSE,Has existing newsletter - not searched for RSS yet
Privátbankár.hu,https://privatbankar.hu/rss/,Discovered-autodiscovery,N/A,,Hungary,privatbankar.hu,To Do,TRUE,,,FALSE,Has existing newsletter - not searched for RSS yet
Tellychakkar,-,N/A,-,,India,tellychakkar.com,,TRUE,,,FALSE,Has existing newsletter - not searched for RSS yet
Expat Media,https://www.expatmedia.net/feed/,Discovered-autodiscovery,N/A,,United Arab Emirates,expatmedia.net,To Do,TRUE,,,FALSE,Has existing newsletter - not searched for RSS yet
Incredibilia.ro,-,N/A,-,,Romania,incredibilia.ro,,TRUE,,,FALSE,Has existing newsletter - not searched for RSS yet
StiriMeteo.com,https://www.stirimeteo.com/feed/,Discovered-autodiscovery,N/A,,Romania,stirimeteo.com,To Do,TRUE,,,FALSE,Has existing newsletter - not searched for RSS yet
WBLS,https://www.wbls.com/feed/,Discovered-autodiscovery,N/A,,United States,wbls.com,To Do,TRUE,,,FALSE,Has existing newsletter - not searched for RSS yet
Roadster,-,N/A,-,,Hungary,roadster.hu,,TRUE,,,FALSE,Has existing newsletter - not searched for RSS yet
Halasmédia,-,N/A,-,,Hungary,halasmedia.hu,,TRUE,,,FALSE,Has existing newsletter - not searched for RSS yet
MediaToday Co Ltd,https://maltatoday.com.mt/rss/,Discovered-pattern,N/A,,Malta,maltatoday.com.mt,To Do,TRUE,,,FALSE,Has existing newsletter - not searched for RSS yet
Sikh Siyasat,https://sikhsiyasat.info/feed/,Discovered-pattern,N/A,,India,sikhsiyasat.info,To Do,TRUE,,,FALSE,Has existing newsletter - not searched for RSS yet
Gazete Kritik,https://www.gazetekritik.com/rss/news,Discovered-autodiscovery,N/A,,Turkey,gazetekritik.com,To Do,TRUE,,,FALSE,Has existing newsletter - not searched for RSS yet
TheNewsMinute,https://thenewsminute.com/feed,Discovered-pattern,N/A,,India,thenewsminute.com,To Do,TRUE,,,FALSE,Has existing newsletter - not searched for RSS yet
BHdijaspora,https://www.bhdijaspora.net/feed/,Discovered-autodiscovery,N/A,,Croatia,bhdijaspora.net,To Do,TRUE,,,FALSE,Has existing newsletter - not searched for RSS yet
NoVa Caps,https://novacapsfans.com/comments/feed/,Discovered-autodiscovery,N/A,,United States,novacapsfans.com,To Do,TRUE,,,FALSE,Has existing newsletter - not searched for RSS yet
EssentiallySports,https://www.essentiallysports.com/feed/,Discovered-autodiscovery,N/A,,India,essentiallysports.com,To Do,TRUE,,,FALSE,Has existing newsletter - not searched for RSS yet
IndiaFacts,https://www.indiafacts.org.in/feed/,Discovered-autodiscovery,N/A,,India,indiafacts.org.in,To Do,TRUE,,,FALSE,Has existing newsletter - not searched for RSS yet
The Mining Hub,-,N/A,-,,Australia,themininghub.com,,TRUE,,,FALSE,Has existing newsletter - not searched for RSS yet
Pistols Firing,https://pistolsfiringblog.com/feed,Discovered-pattern,N/A,,United States,pistolsfiringblog.com,To Do,TRUE,,,FALSE,Has existing newsletter - not searched for RSS yet
Bloody Disgusting,https://bloody-disgusting.com/feed/,Discovered-autodiscovery,N/A,,United States,bloody-disgusting.com,To Do,TRUE,,,FALSE,Has existing newsletter - not searched for RSS yet
iDrop News,http://feeds.feedburner.com/idropnews/feed,Discovered-autodiscovery,N/A,,United States,idropnews.com,To Do,TRUE,,,FALSE,Has existing newsletter - not searched for RSS yet
Wrestling Rumors,-,N/A,-,,United States,wrestlingrumors.net,,TRUE,,,FALSE,Has existing newsletter - not searched for RSS yet
Radio Evropa e Lirë,https://evropaelire.org/api/,Discovered-autodiscovery,N/A,,Serbia,evropaelire.org,To Do,TRUE,,,FALSE,Has existing newsletter - not searched for RSS yet
Monitorul De Botosani,https://www.monitorulbt.ro/feed/,Discovered-autodiscovery,N/A,,Romania,monitorulbt.ro,To Do,TRUE,,,FALSE,Has existing newsletter - not searched for RSS yet
Τηλεγράφημα -tilegrafima.gr,https://tilegrafimanews.gr/feed/,Discovered-autodiscovery,N/A,,Greece,tilegrafimanews.gr,To Do,TRUE,,,FALSE,Has existing newsletter - not searched for RSS yet
Hewad,https://khybernews.tv/feed/,Discovered-autodiscovery,N/A,,Pakistan,khybernews.tv,To Do,TRUE,,,FALSE,Has existing newsletter - not searched for RSS yet
Twice.hu,https://twice.hu/feed,Discovered-autodiscovery,N/A,,Hungary,twice.hu,To Do,TRUE,,,FALSE,Has existing newsletter - not searched for RSS yet
Daily Guardian,-,N/A,-,,Philippines,dailyguardian.com.ph,,TRUE,,,FALSE,Has existing newsletter - not searched for RSS yet
Vojvodina Info,https://vojvodinainfo.rs/feed/,Discovered-autodiscovery,N/A,,Serbia,vojvodinainfo.rs,To Do,TRUE,,,FALSE,Has existing newsletter - not searched for RSS yet
Total Croatia,https://total-croatia-news.com/feed/,Discovered-autodiscovery,N/A,,Croatia,total-croatia-news.com,To Do,TRUE,,,FALSE,Has existing newsletter - not searched for RSS yet
Mangalorean,https://www.mangalorean.com/feed/,Discovered-autodiscovery,N/A,,India,mangalorean.com,To Do,TRUE,,,FALSE,Has existing newsletter - not searched for RSS yet
XanthiNews,-,N/A,-,,Greece,xanthinews.gr,,TRUE,,,FALSE,Has existing newsletter - not searched for RSS yet
Dama.bg,https://dama.bg/feed,Discovered-pattern,N/A,,Bulgaria,dama.bg,To Do,TRUE,,,FALSE,Has existing newsletter - not searched for RSS yet
The Voice Newspaper,-,N/A,-,,United Kingdom,voice-online.co.uk,,TRUE,,,FALSE,Has existing newsletter - not searched for RSS yet
Louisiana Television Broadcasting,https://feeds.feedburner.com/wbrz/news,Discovered-autodiscovery,N/A,,United States,wbrz.com,To Do,TRUE,,,FALSE,Has existing newsletter - not searched for RSS yet
Deshabhimani,-,N/A,-,,India,deshabhimani.com,,TRUE,,,FALSE,Has existing newsletter - not searched for RSS yet
Andreea Raicu,https://www.andreearaicu.ro/feed/,Discovered-autodiscovery,N/A,,Romania,andreearaicu.ro,To Do,TRUE,,,FALSE,Has existing newsletter - not searched for RSS yet
Intermarkets,-,N/A,-,,United States,intermarkets.net,,TRUE,,,FALSE,Has existing newsletter - not searched for RSS yet
Arseblog,https://arseblog.com/feed/,Discovered-autodiscovery,N/A,,United Kingdom,arseblog.com,To Do,TRUE,,,FALSE,Has existing newsletter - not searched for RSS yet
Kerala Homes Collections,https://www.homepictures.in/feed/,Discovered-autodiscovery,N/A,,India,homepictures.in,To Do,TRUE,,,FALSE,Has existing newsletter - not searched for RSS yet
Devdiscourse,http://www.devdiscourse.com/rss/website,Discovered-autodiscovery,N/A,,India,devdiscourse.com,To Do,TRUE,,,FALSE,Has existing newsletter - not searched for RSS yet
Sătmăreanul,https://www.satmareanul.net/feed/,Discovered-autodiscovery,N/A,,Romania,satmareanul.net,To Do,TRUE,,,FALSE,Has existing newsletter - not searched for RSS yet
Dirt Track Digest,-,N/A,-,,United States,dirttrackdigest.com,,TRUE,,,FALSE,Has existing newsletter - not searched for RSS yet
Ziarul Clujean,https://ziarulclujean.ro/feed/,Discovered-autodiscovery,N/A,,Romania,ziarulclujean.ro,To Do,TRUE,,,FALSE,Has existing newsletter - not searched for RSS yet
Niche Gamer,https://nichegamer.com/feed/,Discovered-autodiscovery,N/A,,United States,nichegamer.com,To Do,TRUE,,,FALSE,Has existing newsletter - not searched for RSS yet
Ilkka-Yhtymä Oyj,https://ilkkapohjalainen.fi/feed,Discovered-pattern,N/A,,Finland,ilkkapohjalainen.fi,To Do,TRUE,,,FALSE,Has existing newsletter - not searched for RSS yet
CREȘTIN TOTAL,https://crestintotal.ro/feed/,Discovered-autodiscovery,N/A,,Romania,crestintotal.ro,To Do,TRUE,,,FALSE,Has existing newsletter - not searched for RSS yet
Hokej.Net,https://hokej.net/rss,Discovered-pattern,N/A,,Poland,hokej.net,To Do,TRUE,,,FALSE,Has existing newsletter - not searched for RSS yet
Darts News,https://dartsnews.com/sitemap/news.xml,Discovered-autodiscovery,N/A,,United States,dartsnews.com,To Do,TRUE,,,FALSE,Has existing newsletter - not searched for RSS yet
NouPou,https://nou-pou.gr/feed,Discovered-pattern,N/A,,Greece,nou-pou.gr,To Do,TRUE,,,FALSE,Has existing newsletter - not searched for RSS yet
OzBargain,https://ozbargain.com.au/feed,Discovered-pattern,N/A,,Australia,ozbargain.com.au,To Do,TRUE,,,FALSE,Has existing newsletter - not searched for RSS yet
Fidelio,-,N/A,-,,Hungary,fidelio.hu,,TRUE,,,FALSE,Has existing newsletter - not searched for RSS yet
"MediaPost Communications, Inc.",-,N/A,-,,United States,mediapost.com,,TRUE,,,FALSE,Has existing newsletter - not searched for RSS yet
Headlines of Today Media,-,N/A,-,,India,headlinesoftoday.com,,TRUE,,,FALSE,Has existing newsletter - not searched for RSS yet
Manila Bulletin,-,N/A,-,,Philippines,mb.com.ph,,TRUE,,,FALSE,Has existing newsletter - not searched for RSS yet
AgriGate Media,https://agrigatemedia.com/feed/,Discovered-autodiscovery,N/A,,Bulgaria,agrigatemedia.com,To Do,TRUE,,,FALSE,Has existing newsletter - not searched for RSS yet
New Hampshire Union Leader,-,N/A,-,,United States,unionleader.com,,TRUE,,,FALSE,Has existing newsletter - not searched for RSS yet
Women’s CricZone,-,N/A,-,,India,womenscriczone.com,,TRUE,,,FALSE,Has existing newsletter - not searched for RSS yet
Splash,https://splash247.com/feed/,Discovered-autodiscovery,N/A,,Singapore,splash247.com,To Do,TRUE,,,FALSE,Has existing newsletter - not searched for RSS yet
Mediapool.bg,-,N/A,-,,Bulgaria,mediapool.bg,,TRUE,,,FALSE,Has existing newsletter - not searched for RSS yet
Conservative Post,-,N/A,-,,United States,conservativepost.com,,TRUE,,,FALSE,Has existing newsletter - not searched for RSS yet
Madhyamam,https://www.madhyamam.com/feeds.xml,Discovered-autodiscovery,N/A,,India,madhyamam.com,To Do,TRUE,,,FALSE,Has existing newsletter - not searched for RSS yet
Africa.com,https://africa.com/feed,Discovered-pattern,N/A,,South Africa,africa.com,To Do,TRUE,,,FALSE,Has existing newsletter - not searched for RSS yet
Empire Of The Kop,https://www.empireofthekop.com/feed/,Discovered-autodiscovery,N/A,,United Kingdom,empireofthekop.com,To Do,TRUE,,,FALSE,Has existing newsletter - not searched for RSS yet
The Betoota Advocate,https://www.betootaadvocate.com/latest/rss/,Discovered-autodiscovery,N/A,,Australia,betootaadvocate.com,To Do,TRUE,,,FALSE,Has existing newsletter - not searched for RSS yet
Cosmopolitan India,-,N/A,-,,India,cosmopolitan.in,,TRUE,,,FALSE,Has existing newsletter - not searched for RSS yet
Dnevni avaz,https://avaz.ba/rss,Discovered-pattern,N/A,,Bosnia and Herzegovina,avaz.ba,To Do,TRUE,,,FALSE,Has existing newsletter - not searched for RSS yet
Chip and Co,https://chipandco.com/feed/,Discovered-autodiscovery,N/A,,United States,chipandco.com,To Do,TRUE,,,FALSE,Has existing newsletter - not searched for RSS yet
Evoiki Gnomi,-,N/A,-,,Greece,egnomi.gr,,TRUE,,,FALSE,Has existing newsletter - not searched for RSS yet
Jalan Tikus,-,N/A,-,,Indonesia,jalantikus.com,,TRUE,,,FALSE,Has existing newsletter - not searched for RSS yet
SCC Online Web Edition,-,N/A,-,,India,scconline.com,,TRUE,,,FALSE,Has existing newsletter - not searched for RSS yet
Mykidstime,-,N/A,-,,Ireland,mykidstime.com,,TRUE,,,FALSE,Has existing newsletter - not searched for RSS yet
Обекти,https://www.obekti.bg/rss.xml,Discovered-autodiscovery,N/A,,Bulgaria,obekti.bg,To Do,TRUE,,,FALSE,Has existing newsletter - not searched for RSS yet
TIR  Magazin,-,N/A,-,,Romania,tirmagazin.ro,,TRUE,,,FALSE,Has existing newsletter - not searched for RSS yet
VOA Indonesia,https://voaindonesia.com/api/,Discovered-autodiscovery,N/A,,United States,voaindonesia.com,To Do,TRUE,,,FALSE,Has existing newsletter - not searched for RSS yet
AutoIndustriya.com,-,N/A,-,,Philippines,autoindustriya.com,,TRUE,,,FALSE,Has existing newsletter - not searched for RSS yet
WJXT,-,N/A,-,,United States,news4jax.com,,TRUE,,,FALSE,Has existing newsletter - not searched for RSS yet
Player Media Kft.,https://player.hu/feed,Discovered-pattern,N/A,,Hungary,player.hu,To Do,TRUE,,,FALSE,Has existing newsletter - not searched for RSS yet
مجلّة جمالكِ,-,N/A,-,,United Arab Emirates,jamalouki.net,,TRUE,,,FALSE,Has existing newsletter - not searched for RSS yet
Neos Kosmos,-,N/A,-,,Australia,neoskosmos.com,,TRUE,,,FALSE,Has existing newsletter - not searched for RSS yet
Webdunia,-,N/A,-,,India,webdunia.com,,TRUE,,,FALSE,Has existing newsletter - not searched for RSS yet
Igényesférfi.hu,https://igenyesferfi.hu/feed,Discovered-autodiscovery,N/A,,Hungary,igenyesferfi.hu,To Do,TRUE,,,FALSE,Has existing newsletter - not searched for RSS yet
এগিয়ে চলো - Egiye Cholo,-,N/A,-,,Bangladesh,egiyecholo.com,,TRUE,,,FALSE,Has existing newsletter - not searched for RSS yet
Angelopedia,-,N/A,-,,India,angelopedia.com,,TRUE,,,FALSE,Has existing newsletter - not searched for RSS yet
Jurnalul Olteniei,https://jurnalulolteniei.ro/feed,Discovered-pattern,N/A,,Romania,jurnalulolteniei.ro,To Do,TRUE,,,FALSE,Has existing newsletter - not searched for RSS yet
Real Media,https://www.real.gr/feed/,Discovered-autodiscovery,N/A,,Greece,real.gr,To Do,TRUE,,,FALSE,Has existing newsletter - not searched for RSS yet
LoveBScott,https://www.lovebscott.com/feed,Discovered-autodiscovery,N/A,,United States,lovebscott.com,To Do,TRUE,,,FALSE,Has existing newsletter - not searched for RSS yet
ThePrint,-,N/A,-,,India,theprint.in,,TRUE,,,FALSE,Has existing newsletter - not searched for RSS yet
De Speld,https://speld.nl/feed/,Discovered-autodiscovery,N/A,,Netherlands,speld.nl,To Do,TRUE,,,FALSE,Has existing newsletter - not searched for RSS yet
Breaking Muscle,https://breakingmuscle.com/feed/,Discovered-autodiscovery,N/A,,United States,breakingmuscle.com,To Do,TRUE,,,FALSE,Has existing newsletter - not searched for RSS yet
Kashmir Life,-,N/A,-,,India,kashmirlife.net,,TRUE,,,FALSE,Has existing newsletter - not searched for RSS yet
Fractal Enlightenment,-,N/A,-,,India,fractalenlightenment.com,,TRUE,,,FALSE,Has existing newsletter - not searched for RSS yet
Pratidin Time,https://www.pratidintime.com/rss,Discovered-autodiscovery,N/A,,India,pratidintime.com,To Do,TRUE,,,FALSE,Has existing newsletter - not searched for RSS yet
Al Aan TV,-,N/A,-,,United Arab Emirates,alaan.tv,,TRUE,,,FALSE,Has existing newsletter - not searched for RSS yet
Totally Vegan Buzz,https://totallyveganbuzz.com/news/feed,Discovered-pattern,N/A,,United Kingdom,totallyveganbuzz.com,To Do,TRUE,,,FALSE,Has existing newsletter - not searched for RSS yet
MickeyBlog,https://mickeyblog.com/feed/,Discovered-autodiscovery,N/A,,United States,mickeyblog.com,To Do,TRUE,,,FALSE,Has existing newsletter - not searched for RSS yet
The Diplomat,https://thediplomat.com/feed,Discovered-pattern,N/A,,United States,thediplomat.com,To Do,TRUE,,,FALSE,Has existing newsletter - not searched for RSS yet
Luchtvaartnieuws,https://luchtvaartnieuws.nl/rss,Discovered-pattern,N/A,,Netherlands,luchtvaartnieuws.nl,To Do,TRUE,,,FALSE,Has existing newsletter - not searched for RSS yet
Palawan News,https://palawan-news.com/feed/,Discovered-autodiscovery,N/A,,Philippines,palawan-news.com,To Do,TRUE,,,FALSE,Has existing newsletter - not searched for RSS yet
Hrvatski Telekom,https://tportal.hr/rss,Discovered-pattern,N/A,,Croatia,tportal.hr,To Do,TRUE,,,FALSE,Has existing newsletter - not searched for RSS yet
Evie,https://eviemagazine.com/rss.xml,Discovered-pattern,N/A,,United States,eviemagazine.com,To Do,TRUE,,,FALSE,Has existing newsletter - not searched for RSS yet
Independent Journal review,https://ijr.com/feed/,Discovered-autodiscovery,N/A,,United States,ijr.com,To Do,TRUE,,,FALSE,Has existing newsletter - not searched for RSS yet
Armagh I,https://armaghi.com/feed,Discovered-autodiscovery,N/A,,United Kingdom,armaghi.com,To Do,TRUE,,,FALSE,Has existing newsletter - not searched for RSS yet
Blog Preston,https://blogpreston.co.uk/feed,Discovered-pattern,N/A,,United Kingdom,blogpreston.co.uk,To Do,TRUE,,,FALSE,Has existing newsletter - not searched for RSS yet
Stears Business,-,N/A,-,,Nigeria,stearsng.com,,TRUE,,,FALSE,Has existing newsletter - not searched for RSS yet
India West,https://indiawest.com/feed/,Discovered-autodiscovery,N/A,,United States,indiawest.com,To Do,TRUE,,,FALSE,Has existing newsletter - not searched for RSS yet
GolfWRX,-,N/A,-,,United States,golfwrx.com,,TRUE,,,FALSE,Has existing newsletter - not searched for RSS yet
Further Africa,https://furtherafrica.com/feed/,Discovered-autodiscovery,N/A,,United Kingdom,furtherafrica.com,To Do,TRUE,,,FALSE,Has existing newsletter - not searched for RSS yet
ABA Journal,https://abajournal.com/rss,Discovered-pattern,N/A,,United States,abajournal.com,To Do,TRUE,,,FALSE,Has existing newsletter - not searched for RSS yet
Kpop Chart,-,N/A,-,,Indonesia,kpopchart.net,,TRUE,,,FALSE,Has existing newsletter - not searched for RSS yet
Tweak Town,-,N/A,-,,Australia,tweaktown.com,,TRUE,,,FALSE,Has existing newsletter - not searched for RSS yet
Buro 24/7,https://buro247.hr/feed/,Discovered-autodiscovery,N/A,,Croatia,buro247.hr,To Do,TRUE,,,FALSE,Has existing newsletter - not searched for RSS yet
Matrix24,-,N/A,-,,Greece,matrix24.gr,,TRUE,,,FALSE,Has existing newsletter - not searched for RSS yet
Rotherham Advertiser,https://rotherhamadvertiser.co.uk/rss,Discovered-pattern,N/A,,United Kingdom,rotherhamadvertiser.co.uk,To Do,TRUE,,,FALSE,Has existing newsletter - not searched for RSS yet
Canadamirror,-,N/A,-,,India,canadamirror.com,,TRUE,,,FALSE,Has existing newsletter - not searched for RSS yet
Manşet Aydın,-,N/A,-,,Turkey,mansetaydin.com,,TRUE,,,FALSE,Has existing newsletter - not searched for RSS yet
Medicalworld Nigeria,https://medicalworldnigeria.com/feed,Discovered-pattern,N/A,,Nigeria,medicalworldnigeria.com,To Do,TRUE,,,FALSE,Has existing newsletter - not searched for RSS yet
Premier,https://premier.org.uk/feed,Discovered-pattern,N/A,,United Kingdom,premier.org.uk,To Do,TRUE,,,FALSE,Has existing newsletter - not searched for RSS yet
Pavilion360,-,N/A,-,,Bangladesh,pavilion.com.bd,,TRUE,,,FALSE,Has existing newsletter - not searched for RSS yet
turdanews,https://turdanews.net/feed/,Discovered-autodiscovery,N/A,,Romania,turdanews.net,To Do,TRUE,,,FALSE,Has existing newsletter - not searched for RSS yet
Edebiyat Haber,https://www.edebiyathaber.net/feed/,Discovered-autodiscovery,N/A,,Turkey,edebiyathaber.net,To Do,TRUE,,,FALSE,Has existing newsletter - not searched for RSS yet
The Trent,https://www.thetrentonline.com/feed/,Discovered-autodiscovery,N/A,,Nigeria,thetrentonline.com,To Do,TRUE,,,FALSE,Has existing newsletter - not searched for RSS yet
ONE Group,-,N/A,-,,Malta,one.com.mt,,TRUE,,,FALSE,Has existing newsletter - not searched for RSS yet
Pesti Srácok,https://pestisracok.hu/publicapi/hu/rss/pesti_sracok/articles,Discovered-autodiscovery,N/A,,Hungary,pestisracok.hu,To Do,TRUE,,,FALSE,Has existing newsletter - not searched for RSS yet
Car Magazine (SA),https://www.carmag.co.za/feed/,Discovered-autodiscovery,N/A,,South Africa,carmag.co.za,To Do,TRUE,,,FALSE,Has existing newsletter - not searched for RSS yet
Dread Central,https://www.dreadcentral.com/feed/,Discovered-autodiscovery,N/A,,United States,dreadcentral.com,To Do,TRUE,,,FALSE,Has existing newsletter - not searched for RSS yet
Defence24,https://defence24.pl/rss,Discovered-pattern,N/A,,Poland,defence24.pl,To Do,TRUE,,,FALSE,Has existing newsletter - not searched for RSS yet
Novinite Group,-,N/A,-,,Bulgaria,novinitegroup.com,,TRUE,,,FALSE,Has existing newsletter - not searched for RSS yet
NigerianEye,https://www.nigerianeye.com/feeds/posts/default,Discovered-autodiscovery,N/A,,Nigeria,nigerianeye.com,To Do,TRUE,,,FALSE,Has existing newsletter - not searched for RSS yet
Jackson Hole News & Guide,-,N/A,-,,United States,jhnewsandguide.com,,TRUE,,,FALSE,Has existing newsletter - not searched for RSS yet
Grupovo.bg,-,N/A,-,,Bulgaria,grupovo.bg,,TRUE,,,FALSE,Has existing newsletter - not searched for RSS yet
Gerçek Fethiye,https://www.gercekfethiye.com/rss/,Discovered-autodiscovery,N/A,,Turkey,gercekfethiye.com,To Do,TRUE,,,FALSE,Has existing newsletter - not searched for RSS yet
ZenicaInfo,https://zenicainfo.ba/feed/,Discovered-autodiscovery,N/A,,Bosnia and Herzegovina,zenicainfo.ba,To Do,TRUE,,,FALSE,Has existing newsletter - not searched for RSS yet
Gript News,https://gript.ie/feed/,Discovered-autodiscovery,N/A,,Ireland,gript.ie,To Do,TRUE,,,FALSE,Has existing newsletter - not searched for RSS yet
體路 Sportsroad,-,N/A,-,,Hong Kong,sportsroad.hk,,TRUE,,,FALSE,Has existing newsletter - not searched for RSS yet
OnlyAustralia,-,N/A,-,,Australia,onlyaustralia.com.au,,TRUE,,,FALSE,Has existing newsletter - not searched for RSS yet
RacingNews365,https://racingnews365.nl/feed/news.xml,Discovered-autodiscovery,N/A,,Netherlands,racingnews365.nl,To Do,TRUE,,,FALSE,Has existing newsletter - not searched for RSS yet
234Star,https://234star.com/feed/,Discovered-autodiscovery,N/A,,Nigeria,234star.com,To Do,TRUE,,,FALSE,Has existing newsletter - not searched for RSS yet
Digital Life,-,N/A,-,,Greece,digitallife.gr,,TRUE,,,FALSE,Has existing newsletter - not searched for RSS yet
British Malayali,-,N/A,-,,United Kingdom,britishmalayali.co.uk,,TRUE,,,FALSE,Has existing newsletter - not searched for RSS yet
topsport,-,N/A,-,,Bulgaria,topsport.bg,,TRUE,,,FALSE,Has existing newsletter - not searched for RSS yet
Neowin,-,N/A,-,,United States,neowin.net,,TRUE,,,FALSE,Has existing newsletter - not searched for RSS yet
PromoGrad,-,N/A,-,,Bulgaria,promograd.bg,,TRUE,,,FALSE,Has existing newsletter - not searched for RSS yet
The Enterprise,-,N/A,-,,United States,enterprisenews.com,,TRUE,,,FALSE,Has existing newsletter - not searched for RSS yet
Ocean fm,-,N/A,-,,Ireland,oceanfm.ie,,TRUE,,,FALSE,Has existing newsletter - not searched for RSS yet
Katadata,https://katadata.co.id/rss,Discovered-pattern,N/A,,Indonesia,katadata.co.id,To Do,TRUE,,,FALSE,Has existing newsletter - not searched for RSS yet
Éva Magazin,-,N/A,-,,Hungary,evamagazin.hu,,TRUE,,,FALSE,Has existing newsletter - not searched for RSS yet
TechCabal,https://techcabal.com/feed/,Discovered-autodiscovery,N/A,,Nigeria,techcabal.com,To Do,TRUE,,,FALSE,Has existing newsletter - not searched for RSS yet
InStyle Hungary,-,N/A,-,,Hungary,instyle.hu,,TRUE,,,FALSE,Has existing newsletter - not searched for RSS yet
Plant-Based on a Budget,https://plantbasedonabudget.com/feed/,Discovered-autodiscovery,N/A,,United States,plantbasedonabudget.com,To Do,TRUE,,,FALSE,Has existing newsletter - not searched for RSS yet
Scienmag,https://scienmag.com/feed/,Discovered-autodiscovery,N/A,,United Kingdom,scienmag.com,To Do,TRUE,,,FALSE,Has existing newsletter - not searched for RSS yet
The Spinoff,https://thespinoff.co.nz/feed,Discovered-autodiscovery,N/A,,New Zealand,thespinoff.co.nz,To Do,TRUE,,,FALSE,Has existing newsletter - not searched for RSS yet
Corfuland,-,N/A,-,,Greece,corfuland.gr,,TRUE,,,FALSE,Has existing newsletter - not searched for RSS yet
BD24Live Media,https://www.bd24live.com/feed/,Discovered-autodiscovery,N/A,,Bangladesh,bd24live.com,To Do,TRUE,,,FALSE,Has existing newsletter - not searched for RSS yet
BIZLife,https://bizlife.rs/feed/,Discovered-autodiscovery,N/A,,Serbia,bizlife.rs,To Do,TRUE,,,FALSE,Has existing newsletter - not searched for RSS yet
Olorisupergal,https://olorisupergal.com/feed/,Discovered-autodiscovery,N/A,,Nigeria,olorisupergal.com,To Do,TRUE,,,FALSE,Has existing newsletter - not searched for RSS yet
Celtic News Now,https://celticnewsnow.com/feed/,Discovered-autodiscovery,N/A,,United Kingdom,celticnewsnow.com,To Do,TRUE,,,FALSE,Has existing newsletter - not searched for RSS yet
Go guide,https://goguide.bg/feed,Discovered-pattern,N/A,,Bulgaria,goguide.bg,To Do,TRUE,,,FALSE,Has existing newsletter - not searched for RSS yet
OHBaby!,-,N/A,-,,New Zealand,ohbaby.co.nz,,TRUE,,,FALSE,Has existing newsletter - not searched for RSS yet
Rapid Broadcasting Company,https://www.newscenter1.tv/index.rss,Discovered-autodiscovery,N/A,,United States,newscenter1.tv,To Do,TRUE,,,FALSE,Has existing newsletter - not searched for RSS yet
Dartsnieuws.com,https://dartsnieuws.com/sitemap/news.xml,Discovered-autodiscovery,N/A,,Netherlands,dartsnieuws.com,To Do,TRUE,,,FALSE,Has existing newsletter - not searched for RSS yet
Mafab,http://mafab.hu/rss,Discovered-pattern,N/A,,Hungary,mafab.hu,To Do,TRUE,,,FALSE,Has existing newsletter - not searched for RSS yet
Inside The Games,https://insidethegames.biz/feed,Discovered-pattern,N/A,,United Kingdom,insidethegames.biz,To Do,TRUE,,,FALSE,Has existing newsletter - not searched for RSS yet
Feminism In India,https://feminisminindia.com/feed,Discovered-pattern,N/A,,India,feminisminindia.com,To Do,TRUE,,,FALSE,Has existing newsletter - not searched for RSS yet
Radio Kerry,https://radiokerry.ie/feed,Discovered-pattern,N/A,,Ireland,radiokerry.ie,To Do,TRUE,,,FALSE,Has existing newsletter - not searched for RSS yet
World Boxing News,https://www.worldboxingnews.com/feed/,Discovered-autodiscovery,N/A,,United States,worldboxingnews.net,To Do,TRUE,,,FALSE,Has existing newsletter - not searched for RSS yet
OtakuKart,https://otakukart.com/feed/,Discovered-autodiscovery,N/A,,India,otakukart.com,To Do,TRUE,,,FALSE,Has existing newsletter - not searched for RSS yet
Smart Press SA,-,N/A,-,,Greece,smartpress.gr,,TRUE,,,FALSE,Has existing newsletter - not searched for RSS yet
Savoir Ville,-,N/A,-,,Greece,savoirville.gr,,TRUE,,,FALSE,Has existing newsletter - not searched for RSS yet
Enternity.gr,https://enternity.gr/Rssfeeds/News.html,Discovered-autodiscovery,N/A,,Greece,enternity.gr,To Do,TRUE,,,FALSE,Has existing newsletter - not searched for RSS yet
Taxheaven,https://www.taxheaven.gr/bibliothiki/soft/xml/soft_new.xml,Discovered-autodiscovery,N/A,,Greece,taxheaven.gr,To Do,TRUE,,,FALSE,Has existing newsletter - not searched for RSS yet
Neusroom,https://neusroom.com/feed/,Discovered-autodiscovery,N/A,,Nigeria,neusroom.com,To Do,TRUE,,,FALSE,Has existing newsletter - not searched for RSS yet
Riddims World,-,N/A,-,,United Kingdom,riddimsworld.com,,TRUE,,,FALSE,Has existing newsletter - not searched for RSS yet
AGDAILY,https://agdaily.com/feed,Discovered-pattern,N/A,,United States,agdaily.com,To Do,TRUE,,,FALSE,Has existing newsletter - not searched for RSS yet
WWAY-TV,https://www.wwaytv3.com/feed/,Discovered-autodiscovery,N/A,,United States,wwaytv3.com,To Do,TRUE,,,FALSE,Has existing newsletter - not searched for RSS yet
IZGAZETE,https://izgazete.net/rss,Discovered-pattern,N/A,,Turkey,izgazete.net,To Do,TRUE,,,FALSE,Has existing newsletter - not searched for RSS yet
Bristol24/7,-,N/A,-,,United Kingdom,bristol247.com,,TRUE,,,FALSE,Has existing newsletter - not searched for RSS yet
Bota Sot,https://botasot.info/rss,Discovered-pattern,N/A,,Serbia,botasot.info,To Do,TRUE,,,FALSE,Has existing newsletter - not searched for RSS yet
The Line Of Best Fit,https://thelineofbestfit.com/feed,Discovered-pattern,N/A,,United Kingdom,thelineofbestfit.com,To Do,TRUE,,,FALSE,Has existing newsletter - not searched for RSS yet
Touchdown Alabama Magazine,https://tdalabamamag.com/feed/,Discovered-autodiscovery,N/A,,United States,tdalabamamag.com,To Do,TRUE,,,FALSE,Has existing newsletter - not searched for RSS yet
Women On Wheels,https://www.carmag.co.za/feed/,Discovered-autodiscovery,N/A,,South Africa,womenonwheels.co.za,To Do,TRUE,,,FALSE,Has existing newsletter - not searched for RSS yet
Pénzcentrum,https://www.penzcentrum.hu/rss/all.xml,Discovered-autodiscovery,N/A,,Hungary,penzcentrum.hu,To Do,TRUE,,,FALSE,Has existing newsletter - not searched for RSS yet
Media 247 UK,https://bizasialive.com/feed,Discovered-pattern,N/A,,United Kingdom,bizasialive.com,To Do,TRUE,,,FALSE,Has existing newsletter - not searched for RSS yet
Pojoksatu.id,-,N/A,-,,Indonesia,pojoksatu.id,,TRUE,,,FALSE,Has existing newsletter - not searched for RSS yet
Girlboss,-,N/A,-,,United States,girlboss.com,,TRUE,,,FALSE,Has existing newsletter - not searched for RSS yet
Psychology Now,https://www.psychologynow.gr/feed/,Discovered-autodiscovery,N/A,,Greece,psychologynow.gr,To Do,TRUE,,,FALSE,Has existing newsletter - not searched for RSS yet
Mplaneta,-,N/A,-,,Poland,kronikatygodnia.pl,,TRUE,,,FALSE,Has existing newsletter - not searched for RSS yet
Özgür Kocaeli,-,N/A,-,,Turkey,ozgurkocaeli.com.tr,,TRUE,,,FALSE,Has existing newsletter - not searched for RSS yet
MilitaryLeak,https://militaryleak.com/feed/,Discovered-autodiscovery,N/A,,Singapore,militaryleak.com,To Do,TRUE,,,FALSE,Has existing newsletter - not searched for RSS yet
Road to VR,https://www.roadtovr.com/feed/,Discovered-autodiscovery,N/A,,United States,roadtovr.com,To Do,TRUE,,,FALSE,Has existing newsletter - not searched for RSS yet
Agencja Reklamowa Życie Przemyskie,-,N/A,-,,Poland,zycie.pl,,TRUE,,,FALSE,Has existing newsletter - not searched for RSS yet
TheTaste.ie,https://www.thetaste.ie/feed,Discovered-autodiscovery,N/A,,Ireland,thetaste.ie,To Do,TRUE,,,FALSE,Has existing newsletter - not searched for RSS yet
Bona Magazine,https://www.bona.co.za/feed/,Discovered-autodiscovery,N/A,,South Africa,bona.co.za,To Do,TRUE,,,FALSE,Has existing newsletter - not searched for RSS yet
Business Weekly商業周刊,-,N/A,-,,Taiwan,businessweekly.com.tw,,TRUE,,,FALSE,Has existing newsletter - not searched for RSS yet
Burgasinfo.com,https://www.burgasinfo.com/news/rss,Discovered-autodiscovery,N/A,,Bulgaria,burgasinfo.com,To Do,TRUE,,,FALSE,Has existing newsletter - not searched for RSS yet
Glamour Magazine,-,N/A,-,,South Africa,glamour.co.za,,TRUE,,,FALSE,Has existing newsletter - not searched for RSS yet
Slikour On Life,https://slikouronlife.co.za/feed/,Discovered-autodiscovery,N/A,,South Africa,slikouronlife.co.za,To Do,TRUE,,,FALSE,Has existing newsletter - not searched for RSS yet
Connacht Tribune Group,https://connachttribune.ie/feed/,Discovered-autodiscovery,N/A,,Ireland,connachttribune.ie,To Do,TRUE,,,FALSE,Has existing newsletter - not searched for RSS yet
The Patriot Post,https://patriotpost.us/rss,Discovered-pattern,N/A,,United States,patriotpost.us,To Do,TRUE,,,FALSE,Has existing newsletter - not searched for RSS yet
Eleftheria,https://eleftheria.gr/feed/,Discovered-pattern,N/A,,Greece,eleftheria.gr,To Do,TRUE,,,FALSE,Has existing newsletter - not searched for RSS yet
SingleparentGr,-,N/A,-,,Greece,singleparent.gr,,TRUE,,,FALSE,Has existing newsletter - not searched for RSS yet
Mommypotamus,https://mommypotamus.com/feed/,Discovered-autodiscovery,N/A,,United States,mommypotamus.com,To Do,TRUE,,,FALSE,Has existing newsletter - not searched for RSS yet
AB-ilan.com,https://ab-ilan.com/feed/,Discovered-autodiscovery,N/A,,Turkey,ab-ilan.com,To Do,TRUE,,,FALSE,Has existing newsletter - not searched for RSS yet
AB Newswire,-,N/A,-,,United States,abnewswire.com,,TRUE,,,FALSE,Has existing newsletter - not searched for RSS yet
Ozon Media,https://www.ozon.rs/feed/,Discovered-autodiscovery,N/A,,Serbia,ozon.rs,To Do,TRUE,,,FALSE,Has existing newsletter - not searched for RSS yet
Blog.bg,-,N/A,-,,Bulgaria,blog.bg,,TRUE,,,FALSE,Has existing newsletter - not searched for RSS yet
Novi Magazin,https://novimagazin.rs/api/1.0/feed,Discovered-autodiscovery,N/A,,Serbia,novimagazin.rs,To Do,TRUE,,,FALSE,Has existing newsletter - not searched for RSS yet
Panathinaikos24,https://panathinaikos24.gr/feed,Discovered-pattern,N/A,,Greece,panathinaikos24.gr,To Do,TRUE,,,FALSE,Has existing newsletter - not searched for RSS yet
Stoppa Pressarna,https://stoppapressarna.se/feed/,Discovered-autodiscovery,N/A,,Sweden,stoppapressarna.se,To Do,TRUE,,,FALSE,Has existing newsletter - not searched for RSS yet
Mama24,-,N/A,-,,Bulgaria,mama24.bg,,TRUE,,,FALSE,Has existing newsletter - not searched for RSS yet
Rocket Sports Network,-,N/A,-,,United Kingdom,rocketsportsnetwork.com,,TRUE,,,FALSE,Has existing newsletter - not searched for RSS yet
COOL 潮流生活網,https://www.cool-style.com.tw/wd2/feed,Discovered-autodiscovery,N/A,,Taiwan,cool-style.com.tw,To Do,TRUE,,,FALSE,Has existing newsletter - not searched for RSS yet
Did You Know,https://didyouknowfacts.com/feed,Discovered-pattern,N/A,,United States,didyouknowfacts.com,To Do,TRUE,,,FALSE,Has existing newsletter - not searched for RSS yet
Papageno Consulting,https://papageno.hu/news/feed,Discovered-pattern,N/A,,Hungary,papageno.hu,To Do,TRUE,,,FALSE,Has existing newsletter - not searched for RSS yet
indicator.gr,-,N/A,-,,Greece,indicator.gr,,TRUE,,,FALSE,Has existing newsletter - not searched for RSS yet
DapurPacu,https://dapurpacu.id/feed/,Discovered-autodiscovery,N/A,,Indonesia,dapurpacu.id,To Do,TRUE,,,FALSE,Has existing newsletter - not searched for RSS yet
The Pressroom,https://thepressroom.gr/rss.xml,Discovered-pattern,N/A,,Greece,thepressroom.gr,To Do,TRUE,,,FALSE,Has existing newsletter - not searched for RSS yet
Music in Africa,https://musicinafrica.net/rss,Discovered-pattern,N/A,,South Africa,musicinafrica.net,To Do,TRUE,,,FALSE,Has existing newsletter - not searched for RSS yet
112Twente,https://112twente.nl/rss,Discovered-autodiscovery,N/A,,Netherlands,112twente.nl,To Do,TRUE,,,FALSE,Has existing newsletter - not searched for RSS yet
Entertainmentcareers.net,https://www.entertainmentcareers.net/rss/featured.xml,Discovered-autodiscovery,N/A,,United States,entertainmentcareers.net,To Do,TRUE,,,FALSE,Has existing newsletter - not searched for RSS yet
PakWheels,https://pakwheels.com/blog/feed,Discovered-pattern,N/A,,Pakistan,pakwheels.com,To Do,TRUE,,,FALSE,Has existing newsletter - not searched for RSS yet
Donegal Now,-,N/A,-,,Ireland,donegalnow.com,,TRUE,,,FALSE,Has existing newsletter - not searched for RSS yet
Parapolitika Editions Societe Anonyme,https://parapolitika.gr/rss,Discovered-pattern,N/A,,Greece,parapolitika.gr,To Do,TRUE,,,FALSE,Has existing newsletter - not searched for RSS yet
PRESSALERT,https://www.pressalert.ro/feed/,Discovered-autodiscovery,N/A,,Romania,pressalert.ro,To Do,TRUE,,,FALSE,Has existing newsletter - not searched for RSS yet
MyBroadband,-,N/A,-,,South Africa,mybroadband.co.za,,TRUE,,,FALSE,Has existing newsletter - not searched for RSS yet
East County Today,https://eastcountytoday.net/feed/,Discovered-autodiscovery,N/A,,United States,eastcountytoday.net,To Do,TRUE,,,FALSE,Has existing newsletter - not searched for RSS yet
Glued To My Crafts,-,N/A,-,,United States,gluedtomycraftsblog.com,,TRUE,,,FALSE,Has existing newsletter - not searched for RSS yet
InfoKids,https://infokids.gr/feed,Discovered-pattern,N/A,,Greece,infokids.gr,To Do,TRUE,,,FALSE,Has existing newsletter - not searched for RSS yet
Maculatura Professors Ltd,https://www.magyarorszagom.hu/rss,Discovered-autodiscovery,N/A,,Hungary,magyarorszagom.hu,To Do,TRUE,,,FALSE,Has existing newsletter - not searched for RSS yet
Protagon,https://www.protagon.gr/feed,Discovered-autodiscovery,N/A,,Greece,protagon.gr,To Do,TRUE,,,FALSE,Has existing newsletter - not searched for RSS yet
Informo Media EOOD,https://www.informo.bg/feed/,Discovered-autodiscovery,N/A,,Bulgaria,informo.bg,To Do,TRUE,,,FALSE,Has existing newsletter - not searched for RSS yet
24Media.ae,-,N/A,-,,United Arab Emirates,24.ae,,TRUE,,,FALSE,Has existing newsletter - not searched for RSS yet
Life.ba,https://life.ba/feed,Discovered-pattern,N/A,,Bosnia and Herzegovina,life.ba,To Do,TRUE,,,FALSE,Has existing newsletter - not searched for RSS yet
Covasna Observator,-,N/A,-,,Romania,covasnamedia.ro,,TRUE,,,FALSE,Has existing newsletter - not searched for RSS yet
Pandurul,https://www.pandurul.ro/rss.php,Discovered-autodiscovery,N/A,,Romania,pandurul.ro,To Do,TRUE,,,FALSE,Has existing newsletter - not searched for RSS yet
Tinos Today,https://tinostoday.gr/feed/,Discovered-autodiscovery,N/A,,Greece,tinostoday.gr,To Do,TRUE,,,FALSE,Has existing newsletter - not searched for RSS yet
Comisarul,-,N/A,-,,Romania,comisarul.ro,,TRUE,,,FALSE,Has existing newsletter - not searched for RSS yet
Pathivu,-,N/A,-,,India,pathivu.com,,TRUE,,,FALSE,Has existing newsletter - not searched for RSS yet
Nova ekonomija,https://novaekonomija.rs/feed,Discovered-autodiscovery,N/A,,Serbia,novaekonomija.rs,To Do,TRUE,,,FALSE,Has existing newsletter - not searched for RSS yet
The Guam Daily Post,-,N/A,-,,United States,postguam.com,,TRUE,,,FALSE,Has existing newsletter - not searched for RSS yet
Media Indonesia,https://mediaindonesia.com/feed,Discovered-pattern,N/A,,Indonesia,mediaindonesia.com,To Do,TRUE,,,FALSE,Has existing newsletter - not searched for RSS yet
Български Фермер,-,N/A,-,,Bulgaria,bgfermer.bg,,TRUE,,,FALSE,Has existing newsletter - not searched for RSS yet
Gözlem Agency Rek Bas Hiz San Tic Ltd. Şti.,-,N/A,-,,Turkey,habermilas.com,,TRUE,,,FALSE,Has existing newsletter - not searched for RSS yet
VOA Pakistan,https://voadeewanews.com/api/,Discovered-autodiscovery,N/A,,United States,voadeewanews.com,To Do,TRUE,,,FALSE,Has existing newsletter - not searched for RSS yet
Nigeria Health Watch,-,N/A,-,,Nigeria,nigeriahealthwatch.com,,TRUE,,,FALSE,Has existing newsletter - not searched for RSS yet
Daily Voice,-,N/A,-,,United States,dailyvoice.com,,TRUE,,,FALSE,Has existing newsletter - not searched for RSS yet
Duunitori Oy,-,N/A,-,,Finland,duunitori.fi,,TRUE,,,FALSE,Has existing newsletter - not searched for RSS yet
VOA Afghanistan,https://darivoa.com/api/,Discovered-autodiscovery,N/A,,United States,darivoa.com,To Do,TRUE,,,FALSE,Has existing newsletter - not searched for RSS yet
Thrakinea,https://www.thrakinea.gr/feed,Discovered-autodiscovery,N/A,,Greece,thrakinea.gr,To Do,TRUE,,,FALSE,Has existing newsletter - not searched for RSS yet
CubsHQ,-,N/A,-,,United States,cubshq.com,,TRUE,,,FALSE,Has existing newsletter - not searched for RSS yet
TVXS,https://tvxs.gr/feed/,Discovered-autodiscovery,N/A,,Greece,tvxs.gr,To Do,TRUE,,,FALSE,Has existing newsletter - not searched for RSS yet
Mila,https://mila.bg/rss,Discovered-pattern,N/A,,Bulgaria,mila.bg,To Do,TRUE,,,FALSE,Has existing newsletter - not searched for RSS yet
Totul despre mame,https://totuldespremame.ro/feed,Discovered-autodiscovery,N/A,,Romania,totuldespremame.ro,To Do,TRUE,,,FALSE,Has existing newsletter - not searched for RSS yet
Active Soft,-,N/A,-,,Romania,activesoft.ro,,TRUE,,,FALSE,Has existing newsletter - not searched for RSS yet
Colorado Springs Independent,https://csindy.com/feed/,Discovered-autodiscovery,N/A,,United States,csindy.com,To Do,TRUE,,,FALSE,Has existing newsletter - not searched for RSS yet
Newsroom PK,https://newsroompk.com/feed,Discovered-autodiscovery,N/A,,Pakistan,newsroompk.com,To Do,TRUE,,,FALSE,Has existing newsletter - not searched for RSS yet
Vogue Taiwan,https://www.vogue.com.tw/feed/rss,Discovered-autodiscovery,N/A,,Taiwan,vogue.com.tw,To Do,TRUE,,,FALSE,Has existing newsletter - not searched for RSS yet
Holy City Sinner,https://holycitysinner.com/api/rss/content.rss,Discovered-autodiscovery,N/A,,United States,holycitysinner.com,To Do,TRUE,,,FALSE,Has existing newsletter - not searched for RSS yet
The Right Scoop,-,N/A,-,,United States,therightscoop.com,,TRUE,,,FALSE,Has existing newsletter - not searched for RSS yet
DOC TV,-,N/A,-,,Greece,doctv.gr,,TRUE,,,FALSE,Has existing newsletter - not searched for RSS yet
Posna jela,-,N/A,-,,Serbia,posnajela.rs,,TRUE,,,FALSE,Has existing newsletter - not searched for RSS yet
Outlook,-,N/A,-,,India,outlookindia.com,,TRUE,,,FALSE,Has existing newsletter - not searched for RSS yet
Killeen Daily Herald,-,N/A,-,,United States,kdhnews.com,,TRUE,,,FALSE,Has existing newsletter - not searched for RSS yet
EURweb,https://eurweb.com/feed/,Discovered-autodiscovery,N/A,,United States,eurweb.com,To Do,TRUE,,,FALSE,Has existing newsletter - not searched for RSS yet
Formula.hu,https://formula.hu/rss/?cat=all,Discovered-autodiscovery,N/A,,Hungary,formula.hu,To Do,TRUE,,,FALSE,Has existing newsletter - not searched for RSS yet
PMPG Polskie Media,https://pmpg.pl/rss,Discovered-pattern,N/A,,Poland,pmpg.pl,To Do,TRUE,,,FALSE,Has existing newsletter - not searched for RSS yet
Woskar Group,-,N/A,-,,Poland,24jgora.pl,,TRUE,,,FALSE,Has existing newsletter - not searched for RSS yet
Borsatek,https://www.borsatek.com/feed/,Discovered-autodiscovery,N/A,,Turkey,borsatek.com,To Do,TRUE,,,FALSE,Has existing newsletter - not searched for RSS yet
Tornos News,https://tornosnews.gr/feed,Discovered-autodiscovery,N/A,,Greece,tornosnews.gr,To Do,TRUE,,,FALSE,Has existing newsletter - not searched for RSS yet
Presencia PR,https://presenciapr.com/rss,Discovered-pattern,N/A,,United States,presenciapr.com,To Do,TRUE,,,FALSE,Has existing newsletter - not searched for RSS yet
07 Haber Magazin,-,N/A,-,,Turkey,07haber.com.tr,,TRUE,,,FALSE,Has existing newsletter - not searched for RSS yet
Sibiu100%,https://sibiu100.ro/feed/,Discovered-autodiscovery,N/A,,Romania,sibiu100.ro,To Do,TRUE,,,FALSE,Has existing newsletter - not searched for RSS yet
acasa.ro,-,N/A,-,,Romania,acasa.ro,,TRUE,,,FALSE,Has existing newsletter - not searched for RSS yet
REA Group,-,N/A,-,,Australia,rea-group.com,,TRUE,,,FALSE,Has existing newsletter - not searched for RSS yet
Paladin Studios,https://paladinstudios.com/feed/,Discovered-autodiscovery,N/A,,Netherlands,paladinstudios.com,To Do,TRUE,,,FALSE,Has existing newsletter - not searched for RSS yet
Tomislav City,https://tomislavcity.com/feed,Discovered-autodiscovery,N/A,,Bosnia and Herzegovina,tomislavcity.com,To Do,TRUE,,,FALSE,Has existing newsletter - not searched for RSS yet
Habari Media,-,N/A,-,,South Africa,habarimedia.com,,TRUE,,,FALSE,Has existing newsletter - not searched for RSS yet
El Correo del Golfo,https://www.elcorreo.ae/rss/,Discovered-autodiscovery,N/A,,United Arab Emirates,elcorreo.ae,To Do,TRUE,,,FALSE,Has existing newsletter - not searched for RSS yet
Village Pipol Magazine,https://villagepipol.com/feed/,Discovered-autodiscovery,N/A,,Philippines,villagepipol.com,To Do,TRUE,,,FALSE,Has existing newsletter - not searched for RSS yet
Hagadone Media Group,https://hagadonemediagroup.com/feed/,Discovered-autodiscovery,N/A,,United States,hagadonemediagroup.com,To Do,TRUE,,,FALSE,Has existing newsletter - not searched for RSS yet
Northern Sound,https://northernsound.ie/feed,Discovered-pattern,N/A,,Ireland,northernsound.ie,To Do,TRUE,,,FALSE,Has existing newsletter - not searched for RSS yet
Trikala Newsgroup,https://www.trikalanews.gr/feed/,Discovered-autodiscovery,N/A,,Greece,trikalanews.gr,To Do,TRUE,,,FALSE,Has existing newsletter - not searched for RSS yet
OutThere Colorado,https://www.denvergazette.com/feed/,Discovered-autodiscovery,N/A,,United States,outtherecolorado.com,To Do,TRUE,,,FALSE,Has existing newsletter - not searched for RSS yet
GLOW,https://glow.gr/feed,Discovered-pattern,N/A,,Greece,glow.gr,To Do,TRUE,,,FALSE,Has existing newsletter - not searched for RSS yet
AutoX,-,N/A,-,,India,autox.com,,TRUE,,,FALSE,Has existing newsletter - not searched for RSS yet
NiusNews,https://feeds.feedburner.com/Niusnews,Discovered-autodiscovery,N/A,,Taiwan,niusnews.com,To Do,TRUE,,,FALSE,Has existing newsletter - not searched for RSS yet
Gazetecilik Danışmanlık Hizmetleri Ltd. Şti,https://haberaydin.com/rss,Discovered-pattern,N/A,,Turkey,haberaydin.com,To Do,TRUE,,,FALSE,Has existing newsletter - not searched for RSS yet
Ogdoo Music Group,https://ogdoo.gr/component/fpss/module/94?format=feed&type=rss,Discovered-autodiscovery,N/A,,Greece,ogdoo.gr,To Do,TRUE,,,FALSE,Has existing newsletter - not searched for RSS yet
Navingo,-,N/A,-,,Netherlands,navingo.com,,TRUE,,,FALSE,Has existing newsletter - not searched for RSS yet
Oto Media Filip Sobczak,https://ototorun.pl/rss,Discovered-pattern,N/A,,Poland,ototorun.pl,To Do,TRUE,,,FALSE,Has existing newsletter - not searched for RSS yet
One Million by One Million,https://sramanamitra.com/feed,Discovered-pattern,N/A,,United States,sramanamitra.com,To Do,TRUE,,,FALSE,Has existing newsletter - not searched for RSS yet
Parallaximag,https://parallaximag.gr/feed,Discovered-pattern,N/A,,Greece,parallaximag.gr,To Do,TRUE,,,FALSE,Has existing newsletter - not searched for RSS yet
Eurogamer,https://www.eurogamer.net/feed,Discovered-autodiscovery,N/A,,United Kingdom,eurogamer.net,To Do,TRUE,,,FALSE,Has existing newsletter - not searched for RSS yet
Not An Expert,https://notanexpert.gr/feed/,Discovered-autodiscovery,N/A,,Greece,notanexpert.gr,To Do,TRUE,,,FALSE,Has existing newsletter - not searched for RSS yet
The Village Reporter,https://thevillagereporter.com/feed/,Discovered-autodiscovery,N/A,,United States,thevillagereporter.com,To Do,TRUE,,,FALSE,Has existing newsletter - not searched for RSS yet
eHumor,-,N/A,-,,Poland,ehumor.pl,,TRUE,,,FALSE,Has existing newsletter - not searched for RSS yet
Juridice,https://juridice.ro/feed,Discovered-pattern,N/A,,Romania,juridice.ro,To Do,TRUE,,,FALSE,Has existing newsletter - not searched for RSS yet
POLEMI.co.uk,-,N/A,-,,United Kingdom,polemi.co.uk,,TRUE,,,FALSE,Has existing newsletter - not searched for RSS yet
Daily News Hungary,https://dailynewshungary.com/feed/,Discovered-autodiscovery,N/A,,Hungary,dailynewshungary.com,To Do,TRUE,,,FALSE,Has existing newsletter - not searched for RSS yet
Advance.hr,-,N/A,-,,Croatia,advance.hr,,TRUE,,,FALSE,Has existing newsletter - not searched for RSS yet
Debati,https://debati.bg/feed/,Discovered-autodiscovery,N/A,,Bulgaria,debati.bg,To Do,TRUE,,,FALSE,Has existing newsletter - not searched for RSS yet
Tidningen Ridsport,https://www.tidningenridsport.se/feed/,Discovered-autodiscovery,N/A,,Sweden,tidningenridsport.se,To Do,TRUE,,,FALSE,Has existing newsletter - not searched for RSS yet
Milat Gazetesi,https://milatgazetesi.com/feed,Discovered-pattern,N/A,,Turkey,milatgazetesi.com,To Do,TRUE,,,FALSE,Has existing newsletter - not searched for RSS yet
Twoje Zagłębie,https://twojezaglebie.pl/feed/,Discovered-autodiscovery,N/A,,Poland,twojezaglebie.pl,To Do,TRUE,,,FALSE,Has existing newsletter - not searched for RSS yet
ΠΟΛΙΤΗΣ ΕΕ,https://politischios.gr/feed,Discovered-pattern,N/A,,Greece,politischios.gr,To Do,TRUE,,,FALSE,Has existing newsletter - not searched for RSS yet
Outreach Media Group,https://outreachmediagroup.com/feed/,Discovered-autodiscovery,N/A,,United States,outreachmediagroup.com,To Do,TRUE,,,FALSE,Has existing newsletter - not searched for RSS yet
Luxury Lifestyle,-,N/A,-,,United States,luxurylifestyle.com,,TRUE,,,FALSE,Has existing newsletter - not searched for RSS yet
Aitnews,https://aitnews.com/feed/,Discovered-autodiscovery,N/A,,United Arab Emirates,aitnews.com,To Do,TRUE,,,FALSE,Has existing newsletter - not searched for RSS yet
Web Cukrászda,http://feeds.feedburner.com/webcukraszda,Discovered-autodiscovery,N/A,,Hungary,webcukraszda.hu,To Do,TRUE,,,FALSE,Has existing newsletter - not searched for RSS yet
ΤΕΚΜΗΡΙΩΣΗ,-,N/A,-,,Greece,taxydromos.gr,,TRUE,,,FALSE,Has existing newsletter - not searched for RSS yet
Daily Nigerian,-,N/A,-,,Nigeria,dailynigerian.com,,TRUE,,,FALSE,Has existing newsletter - not searched for RSS yet
Ajax Life,https://ajaxlife.nl/feed,Discovered-pattern,N/A,,Netherlands,ajaxlife.nl,To Do,TRUE,,,FALSE,Has existing newsletter - not searched for RSS yet
Katalogsmaków.pl,-,N/A,-,,Poland,katalogsmakow.pl,,TRUE,,,FALSE,Has existing newsletter - not searched for RSS yet
Agro BG,https://agro.bg/rss/,Discovered-autodiscovery,N/A,,Bulgaria,agro.bg,To Do,TRUE,,,FALSE,Has existing newsletter - not searched for RSS yet
Koran Jakarta,-,N/A,-,,Indonesia,koran-jakarta.com,,TRUE,,,FALSE,Has existing newsletter - not searched for RSS yet
Global Health,https://lekuva.net/feed,Discovered-autodiscovery,N/A,,Bulgaria,lekuva.net,To Do,TRUE,,,FALSE,Has existing newsletter - not searched for RSS yet
Taka Gazete,https://takagazete.com.tr/rss,Discovered-pattern,N/A,,Turkey,takagazete.com.tr,To Do,TRUE,,,FALSE,Has existing newsletter - not searched for RSS yet
Vera Files,-,N/A,-,,Philippines,verafiles.org,,TRUE,,,FALSE,Has existing newsletter - not searched for RSS yet
Naszosie,-,N/A,-,,Poland,naszosie.pl,,TRUE,,,FALSE,Has existing newsletter - not searched for RSS yet
Kocaeli Fikir Gazetesi,https://www.kocaelifikir.com/feed/,Discovered-autodiscovery,N/A,,Turkey,kocaelifikir.com,To Do,TRUE,,,FALSE,Has existing newsletter - not searched for RSS yet
Info Iława,https://infoilawa.pl/rss.xml,Discovered-pattern,N/A,,Poland,infoilawa.pl,To Do,TRUE,,,FALSE,Has existing newsletter - not searched for RSS yet
Qbebe,-,N/A,-,,Romania,qbebe.ro,,TRUE,,,FALSE,Has existing newsletter - not searched for RSS yet
Air News,https://www.airnews.gr/feed/,Discovered-autodiscovery,N/A,,Greece,airnews.gr,To Do,TRUE,,,FALSE,Has existing newsletter - not searched for RSS yet
Karaman Gündem,https://www.karamangundem.com/rss,Discovered-autodiscovery,N/A,,Turkey,karamangundem.com,To Do,TRUE,,,FALSE,Has existing newsletter - not searched for RSS yet
WapaTV,-,N/A,-,,United States,wapa.tv,,TRUE,,,FALSE,Has existing newsletter - not searched for RSS yet
Hukuki Haber,-,N/A,-,,Turkey,hukukihaber.net,,TRUE,,,FALSE,Has existing newsletter - not searched for RSS yet
Provicom Multimediadiensten,-,N/A,-,,Netherlands,hvzeeland.nl,,TRUE,,,FALSE,Has existing newsletter - not searched for RSS yet
Agroinform.hu,https://agroinform.hu/rss.php,Discovered-autodiscovery,N/A,,Hungary,agroinform.hu,To Do,TRUE,,,FALSE,Has existing newsletter - not searched for RSS yet
AllAfrica,-,N/A,-,,South Africa,allafrica.com,,TRUE,,,FALSE,Has existing newsletter - not searched for RSS yet
Shannonside,https://shannonside.ie/feed/,Discovered-pattern,N/A,,Ireland,shannonside.ie,To Do,TRUE,,,FALSE,Has existing newsletter - not searched for RSS yet
Kobieta XL,https://www.kobietaxl.pl/atom,Discovered-autodiscovery,N/A,,Poland,kobietaxl.pl,To Do,TRUE,,,FALSE,Has existing newsletter - not searched for RSS yet
Kompas Blend B.V.,https://startpagina.nl/blog/feed,Discovered-pattern,N/A,,Netherlands,startpagina.nl,To Do,TRUE,,,FALSE,Has existing newsletter - not searched for RSS yet
Bucs Report,https://bucsreport.com/feed/,Discovered-autodiscovery,N/A,,United States,bucsreport.com,To Do,TRUE,,,FALSE,Has existing newsletter - not searched for RSS yet
Thinking Humanity,https://www.thinkinghumanity.com/feeds/posts/default,Discovered-autodiscovery,N/A,,Greece,thinkinghumanity.com,To Do,TRUE,,,FALSE,Has existing newsletter - not searched for RSS yet
Ajax1.nl,-,N/A,-,,Netherlands,ajax1.nl,,TRUE,,,FALSE,Has existing newsletter - not searched for RSS yet
Kashmir News Observer,-,N/A,-,,India,kashmirnewsobserver.com,,TRUE,,,FALSE,Has existing newsletter - not searched for RSS yet
Бургас,-,N/A,-,,Bulgaria,burgas.bg,,TRUE,,,FALSE,Has existing newsletter - not searched for RSS yet
Green Box Publishing,https://agronews.gr/rss,Discovered-pattern,N/A,,Greece,agronews.gr,To Do,TRUE,,,FALSE,Has existing newsletter - not searched for RSS yet
Simbis Inc,-,N/A,-,,Jamaica,jamaicans.com,,TRUE,,,FALSE,Has existing newsletter - not searched for RSS yet
Misyjne,https://misyjne.pl/feed,Discovered-pattern,N/A,,Poland,misyjne.pl,To Do,TRUE,,,FALSE,Has existing newsletter - not searched for RSS yet
Indiantelevision.com Group,-,N/A,-,,India,indiantelevision.com,,TRUE,,,FALSE,Has existing newsletter - not searched for RSS yet
Infowoman,-,N/A,-,,Greece,infowoman.gr,,TRUE,,,FALSE,Has existing newsletter - not searched for RSS yet
mh24.pl,-,N/A,-,,Poland,mh24.pl,,TRUE,,,FALSE,Has existing newsletter - not searched for RSS yet
Webgradnja,-,N/A,-,,Croatia,webgradnja.hr,,TRUE,,,FALSE,Has existing newsletter - not searched for RSS yet
KeralaHomeDesign,https://www.keralahousedesigns.com/feeds/posts/default,Discovered-autodiscovery,N/A,,India,keralahousedesigns.com,To Do,TRUE,,,FALSE,Has existing newsletter - not searched for RSS yet
Info IASI,https://infoiasionline.ro/feed/,Discovered-autodiscovery,N/A,,Romania,infoiasionline.ro,To Do,TRUE,,,FALSE,Has existing newsletter - not searched for RSS yet
KupiMe Doo,-,N/A,-,,Serbia,kupime.com,,TRUE,,,FALSE,Has existing newsletter - not searched for RSS yet
Happy Tv,https://www.happytv.gr/feed/,Discovered-autodiscovery,N/A,,Greece,happytv.gr,To Do,TRUE,,,FALSE,Has existing newsletter - not searched for RSS yet
Vkusi.me,https://www.sled5.bg/feed/,Discovered-autodiscovery,N/A,,Bulgaria,vkusi.me,To Do,TRUE,,,FALSE,Has existing newsletter - not searched for RSS yet
Ioulia Charistou Nutritionist,https://thessdiet.gr/articles/rss,Discovered-pattern,N/A,,Greece,thessdiet.gr,To Do,TRUE,,,FALSE,Has existing newsletter - not searched for RSS yet
Kent Medya Grubu,-,N/A,-,,Turkey,kenttv.net,,TRUE,,,FALSE,Has existing newsletter - not searched for RSS yet
Patrisnews.com,-,N/A,-,,Greece,patrisnews.com,,TRUE,,,FALSE,Has existing newsletter - not searched for RSS yet
Lesvos Post,-,N/A,-,,Greece,lesvospost.com,,TRUE,,,FALSE,Has existing newsletter - not searched for RSS yet
Logia Starata,https://www.logiastarata.gr/feed,Discovered-autodiscovery,N/A,,Greece,logiastarata.gr,To Do,TRUE,,,FALSE,Has existing newsletter - not searched for RSS yet
HelloLadies,https://helloladies.hu/rss.php,Discovered-pattern,N/A,,Hungary,helloladies.hu,To Do,TRUE,,,FALSE,Has existing newsletter - not searched for RSS yet
Andro,https://andro.gr/feed,Discovered-pattern,N/A,,Greece,andro.gr,To Do,TRUE,,,FALSE,Has existing newsletter - not searched for RSS yet
Novara Media,https://novaramedia.com/feed/,Discovered-autodiscovery,N/A,,United Kingdom,novaramedia.com,To Do,TRUE,,,FALSE,Has existing newsletter - not searched for RSS yet
Indamedia,-,N/A,-,,Hungary,indamediasales.hu,,TRUE,,,FALSE,Has existing newsletter - not searched for RSS yet
Desavanja u Bijeljini,https://desavanjaubijeljini.com/feed/,Discovered-autodiscovery,N/A,,Bosnia and Herzegovina,desavanjaubijeljini.com,To Do,TRUE,,,FALSE,Has existing newsletter - not searched for RSS yet
Utrop,https://www.utrop.no/feed/,Discovered-autodiscovery,N/A,,Norway,utrop.no,To Do,TRUE,,,FALSE,Has existing newsletter - not searched for RSS yet
Yıldırım Haber,https://yildirimgazetesi.com/rss,Discovered-pattern,N/A,,Turkey,yildirimgazetesi.com,To Do,TRUE,,,FALSE,Has existing newsletter - not searched for RSS yet
Aftodioikisi.gr,https://www.aftodioikisi.gr/category/dimosio/feed/,Discovered-autodiscovery,N/A,,Greece,aftodioikisi.gr,To Do,TRUE,,,FALSE,Has existing newsletter - not searched for RSS yet
AVGI SA,-,N/A,-,,Greece,avgi.gr,,TRUE,,,FALSE,Has existing newsletter - not searched for RSS yet
Europa FM,https://europafm.ro/feed,Discovered-pattern,N/A,,Romania,europafm.ro,To Do,TRUE,,,FALSE,Has existing newsletter - not searched for RSS yet
Užice Oglasna Tabla,https://oglasnatabla.info/feed/,Discovered-autodiscovery,N/A,,Serbia,uziceoglasnatabla.com,To Do,TRUE,,,FALSE,Has existing newsletter - not searched for RSS yet
Metroplex Social LLC,-,N/A,-,,United States,metroplexsocial.com,,TRUE,,,FALSE,Has existing newsletter - not searched for RSS yet
Yolo.gr,http://y-olo.gr/feeds/xml/latest.xml,Discovered-autodiscovery,N/A,,Greece,y-olo.gr,To Do,TRUE,,,FALSE,Has existing newsletter - not searched for RSS yet
Diakopes,-,N/A,-,,Greece,i-diakopes.gr,,TRUE,,,FALSE,Has existing newsletter - not searched for RSS yet
Pusula Gazetesi,-,N/A,-,,Turkey,pusulagazetesi.com.tr,,TRUE,,,FALSE,Has existing newsletter - not searched for RSS yet
Magazin Salajean,https://www.magazinsalajean.ro/feed,Discovered-autodiscovery,N/A,,Romania,magazinsalajean.ro,To Do,TRUE,,,FALSE,Has existing newsletter - not searched for RSS yet
CMC Media,-,N/A,-,,Poland,cmcmedia.pl,,TRUE,,,FALSE,Has existing newsletter - not searched for RSS yet
Samhällsnytt,https://samnytt.se/feed,Discovered-pattern,N/A,,Sweden,samnytt.se,To Do,TRUE,,,FALSE,Has existing newsletter - not searched for RSS yet
Liked,https://liked.hu/feed/,Discovered-autodiscovery,N/A,,Hungary,liked.hu,To Do,TRUE,,,FALSE,Has existing newsletter - not searched for RSS yet
Telegram.hr,https://www.telegram.hr/feed/,Discovered-autodiscovery,N/A,,Croatia,telegram.hr,To Do,TRUE,,,FALSE,Has existing newsletter - not searched for RSS yet
World Mobile News Network Pvt Ltd.,https://www.newsmobile.in/feed/,Discovered-autodiscovery,N/A,,India,newsmobile.in,To Do,TRUE,,,FALSE,Has existing newsletter - not searched for RSS yet
Agrárágazat,-,N/A,-,,Hungary,agraragazat.hu,,TRUE,,,FALSE,Has existing newsletter - not searched for RSS yet
Zarpa News,https://zarpanews.gr/feed/,Discovered-pattern,N/A,,Greece,zarpanews.gr,To Do,TRUE,,,FALSE,Has existing newsletter - not searched for RSS yet
Mototriti,-,N/A,-,,Greece,mototriti.gr,,TRUE,,,FALSE,Has existing newsletter - not searched for RSS yet
Dimokratiki.gr,https://www.dimokratiki.gr/feed/,Discovered-autodiscovery,N/A,,Greece,dimokratiki.gr,To Do,TRUE,,,FALSE,Has existing newsletter - not searched for RSS yet
Int'l Wheelchair & Amputee Sports Federation,-,N/A,-,,United Kingdom,iwasf.com,,TRUE,,,FALSE,Has existing newsletter - not searched for RSS yet
Mersin Portal,http://mersinportal.com/rss,Discovered-pattern,N/A,,Turkey,mersinportal.com,To Do,TRUE,,,FALSE,Has existing newsletter - not searched for RSS yet
Anemos Radio,-,N/A,-,,Greece,anemosradio.gr,,TRUE,,,FALSE,Has existing newsletter - not searched for RSS yet
Sakshi,https://sakshi.com/rss.xml,Discovered-pattern,N/A,,India,sakshi.com,To Do,TRUE,,,FALSE,Has existing newsletter - not searched for RSS yet
Men's Basketball Hoopscoop,https://www.mensbasketballhoopscoop.com/feed/,Discovered-autodiscovery,N/A,,United States,mensbasketballhoopscoop.com,To Do,TRUE,,,FALSE,Has existing newsletter - not searched for RSS yet
Genius Creative Media,https://najarbandi.in/feed,Discovered-pattern,N/A,,India,najarbandi.in,To Do,TRUE,,,FALSE,Has existing newsletter - not searched for RSS yet
Magic FM,-,N/A,-,,Romania,magicfm.ro,,TRUE,,,FALSE,Has existing newsletter - not searched for RSS yet
New Money Press,https://newmoney.ro/feed/,Discovered-autodiscovery,N/A,,Romania,newmoney.ro,To Do,TRUE,,,FALSE,Has existing newsletter - not searched for RSS yet
Agenţia Naţională de Presă AGERPRES,-,N/A,-,,Romania,agerpres.ro,,TRUE,,,FALSE,Has existing newsletter - not searched for RSS yet
Edge of Humanity Magazine,https://edgeofhumanity.com/feed/,Discovered-autodiscovery,N/A,,United States,edgeofhumanity.com,To Do,TRUE,,,FALSE,Has existing newsletter - not searched for RSS yet
Afyon Haber,https://afyonhaber.com/rss,Discovered-pattern,N/A,,Turkey,afyonhaber.com,To Do,TRUE,,,FALSE,Has existing newsletter - not searched for RSS yet
9to5toys,https://9to5toys.com/feed/,Discovered-autodiscovery,N/A,,United States,9to5toys.com,To Do,TRUE,,,FALSE,Has existing newsletter - not searched for RSS yet
Infowar,https://info-war.gr/feed/,Discovered-autodiscovery,N/A,,Greece,info-war.gr,To Do,TRUE,,,FALSE,Has existing newsletter - not searched for RSS yet
Urfanatik Gazetesi,-,N/A,-,,Turkey,urfanatik.com,,TRUE,,,FALSE,Has existing newsletter - not searched for RSS yet
Katerina Tsemperlidou,https://www.tsemperlidou.gr/feed/,Discovered-autodiscovery,N/A,,Greece,tsemperlidou.gr,To Do,TRUE,,,FALSE,Has existing newsletter - not searched for RSS yet
CDODev.Com,https://metrocdodev.com/feed/,Discovered-autodiscovery,N/A,,Philippines,cdodev.com,To Do,TRUE,,,FALSE,Has existing newsletter - not searched for RSS yet
Podmaniczky Művészeti Alapítvány,https://librarius.hu/feed/,Discovered-autodiscovery,N/A,,Hungary,librarius.hu,To Do,TRUE,,,FALSE,Has existing newsletter - not searched for RSS yet
Aek365.com,https://aek365.org/rss.php?type=RSS2,Discovered-autodiscovery,N/A,,Greece,aek365.org,To Do,TRUE,,,FALSE,Has existing newsletter - not searched for RSS yet
Autonomija,https://autonomija.info/feed/,Discovered-autodiscovery,N/A,,Serbia,autonomija.info,To Do,TRUE,,,FALSE,Has existing newsletter - not searched for RSS yet
Iranian UK,https://iranianuk.com/rss,Discovered-pattern,N/A,,United Kingdom,iranianuk.com,To Do,TRUE,,,FALSE,Has existing newsletter - not searched for RSS yet
Fagpressen,-,N/A,-,,Norway,fagpressen.no,,TRUE,,,FALSE,Has existing newsletter - not searched for RSS yet
Pollination Publishing AS,https://itavisen.no/feed/,Discovered-pattern,N/A,,Norway,itavisen.no,To Do,TRUE,,,FALSE,Has existing newsletter - not searched for RSS yet
NK Mediagroup,https://www.paraskhnio.gr/feed/,Discovered-autodiscovery,N/A,,Greece,paraskhnio.gr,To Do,TRUE,,,FALSE,Has existing newsletter - not searched for RSS yet
Cute Animal Planet,https://cuteanimalplanet.com/feed/,Discovered-autodiscovery,N/A,,Romania,cuteanimalplanet.com,To Do,TRUE,,,FALSE,Has existing newsletter - not searched for RSS yet
LegeStart,-,N/A,-,,Romania,legestart.ro,,TRUE,,,FALSE,Has existing newsletter - not searched for RSS yet
Nereye Dergisi,https://nereye.com.tr/feed/,Discovered-autodiscovery,N/A,,Turkey,nereye.com.tr,To Do,TRUE,,,FALSE,Has existing newsletter - not searched for RSS yet
Djole Dog,-,N/A,-,,Serbia,djole.dog,,TRUE,,,FALSE,Has existing newsletter - not searched for RSS yet
Wayne Dupree Show,https://waynedupree.com/index.rss,Discovered-pattern,N/A,,United States,waynedupree.com,To Do,TRUE,,,FALSE,Has existing newsletter - not searched for RSS yet
Cap Limpede,https://caplimpede.ro/feed/,Discovered-autodiscovery,N/A,,Romania,caplimpede.ro,To Do,TRUE,,,FALSE,Has existing newsletter - not searched for RSS yet
SwimSwam,https://swimswam.com/feed/,Discovered-autodiscovery,N/A,,United States,swimswam.com,To Do,TRUE,,,FALSE,Has existing newsletter - not searched for RSS yet
Biz Brasov,https://bizbrasov.ro/feed/,Discovered-autodiscovery,N/A,,Romania,bizbrasov.ro,To Do,TRUE,,,FALSE,Has existing newsletter - not searched for RSS yet
Olagiatingunaika.gr,https://olagiatingunaika.gr/feed/,Discovered-autodiscovery,N/A,,Greece,olagiatingunaika.gr,To Do,TRUE,,,FALSE,Has existing newsletter - not searched for RSS yet
Air News Times,-,N/A,-,,Turkey,airnewstimes.com,,TRUE,,,FALSE,Has existing newsletter - not searched for RSS yet
DRIVE Magazine,https://drive.gr/rss,Discovered-pattern,N/A,,Greece,drive.gr,To Do,TRUE,,,FALSE,Has existing newsletter - not searched for RSS yet
Money & Markets,https://moneyandmarkets.com/feed/,Discovered-autodiscovery,N/A,,United States,moneyandmarkets.com,To Do,TRUE,,,FALSE,Has existing newsletter - not searched for RSS yet
Besno Pile,https://besnopile.rs/feed/,Discovered-autodiscovery,N/A,,Serbia,besnopile.rs,To Do,TRUE,,,FALSE,Has existing newsletter - not searched for RSS yet
Slidety.com,-,N/A,-,,Poland,slidety.com,,TRUE,,,FALSE,Has existing newsletter - not searched for RSS yet
SfatulParintilor.ro,https://sfatulparintilor.ro/feed/,Discovered-autodiscovery,N/A,,Romania,sfatulparintilor.ro,To Do,TRUE,,,FALSE,Has existing newsletter - not searched for RSS yet
SofokleousIn.gr,https://www.sofokleousin.gr/feed/,Discovered-autodiscovery,N/A,,Greece,sofokleousin.gr,To Do,TRUE,,,FALSE,Has existing newsletter - not searched for RSS yet
JoyNewsBD,https://joynewsbd.com/feed/,Discovered-autodiscovery,N/A,,Bangladesh,joynewsbd.com,To Do,TRUE,,,FALSE,Has existing newsletter - not searched for RSS yet
ROmedic,-,N/A,-,,Romania,romedic.ro,,TRUE,,,FALSE,Has existing newsletter - not searched for RSS yet
ekefalonia.gr,https://ekefalonia.gr/feed/,Discovered-autodiscovery,N/A,,Greece,ekefalonia.gr,To Do,TRUE,,,FALSE,Has existing newsletter - not searched for RSS yet
Ultima Fază,https://www.ultimafaza.ro/feed/,Discovered-autodiscovery,N/A,,Romania,ultimafaza.ro,To Do,TRUE,,,FALSE,Has existing newsletter - not searched for RSS yet
Bandwagon,https://www.bandwagon.asia/feeds/articles.atom,Discovered-autodiscovery,N/A,,Singapore,bandwagon.asia,To Do,TRUE,,,FALSE,Has existing newsletter - not searched for RSS yet
JuniorsClub.gr,https://juniorsclub.gr/feed/,Discovered-autodiscovery,N/A,,Greece,juniorsclub.gr,To Do,TRUE,,,FALSE,Has existing newsletter - not searched for RSS yet
grambanglanews24.com,https://grambanglanews24.com/feed/,Discovered-autodiscovery,N/A,,Bangladesh,grambanglanews24.com,To Do,TRUE,,,FALSE,Has existing newsletter - not searched for RSS yet
Bucurestii Vechi si Noi,https://bucurestiivechisinoi.ro/feed/,Discovered-autodiscovery,N/A,,Romania,bucurestiivechisinoi.ro,To Do,TRUE,,,FALSE,Has existing newsletter - not searched for RSS yet
獨立媒體 inmediahk.net,-,N/A,-,,Hong Kong,inmediahk.net,,TRUE,,,FALSE,Has existing newsletter - not searched for RSS yet
National Herald,https://nationalheraldindia.com/feed,Discovered-pattern,N/A,,India,nationalheraldindia.com,To Do,TRUE,,,FALSE,Has existing newsletter - not searched for RSS yet
Compsmag,https://www.compsmag.com/feed/,Discovered-autodiscovery,N/A,,India,compsmag.com,To Do,TRUE,,,FALSE,Has existing newsletter - not searched for RSS yet
Flux24,https://flux24.ro/feed/,Discovered-autodiscovery,N/A,,Romania,flux24.ro,To Do,TRUE,,,FALSE,Has existing newsletter - not searched for RSS yet
Kentucky Sports Radio,-,N/A,-,,United States,kentuckysportsradio.com,,TRUE,,,FALSE,Has existing newsletter - not searched for RSS yet
Autotriti.gr,-,N/A,-,,Greece,autotriti.gr,,TRUE,,,FALSE,Has existing newsletter - not searched for RSS yet
TechGear,https://www.techgear.gr/feed,Discovered-autodiscovery,N/A,,Greece,techgear.gr,To Do,TRUE,,,FALSE,Has existing newsletter - not searched for RSS yet
Artful Living,-,N/A,-,,Turkey,artfulliving.com.tr,,TRUE,,,FALSE,Has existing newsletter - not searched for RSS yet
Motywacja non stop,https://www.motywacjanonstop.pl/feeds/posts/default,Discovered-autodiscovery,N/A,,Poland,motywacjanonstop.pl,To Do,TRUE,,,FALSE,Has existing newsletter - not searched for RSS yet
Cyclades24.gr,https://cyclades24.gr/feed/,Discovered-autodiscovery,N/A,,Greece,cyclades24.gr,To Do,TRUE,,,FALSE,Has existing newsletter - not searched for RSS yet
ANM News,https://www.anmnews.in/rss,Discovered-autodiscovery,N/A,,India,anmnews.in,To Do,TRUE,,,FALSE,Has existing newsletter - not searched for RSS yet
Diorismos.gr,http://feeds.feedburner.com/diorismos/newsroom,Discovered-autodiscovery,N/A,,Greece,diorismos.gr,To Do,TRUE,,,FALSE,Has existing newsletter - not searched for RSS yet
Baschet Media,-,N/A,-,,Romania,baschet.ro,,TRUE,,,FALSE,Has existing newsletter - not searched for RSS yet
North Country Now,-,N/A,-,,United States,northcountrynow.com,,TRUE,,,FALSE,Has existing newsletter - not searched for RSS yet
Lipjani News Medie SHPK,https://www.lipjaninews.com/feed/,Discovered-autodiscovery,N/A,,Serbia,lipjaninews.com,To Do,TRUE,,,FALSE,Has existing newsletter - not searched for RSS yet
DivaHair,-,N/A,-,,Romania,divahair.ro,,TRUE,,,FALSE,Has existing newsletter - not searched for RSS yet
Sanatatea Press Group,https://sanatateapress.ro/feed,Discovered-pattern,N/A,,Romania,sanatateapress.ro,To Do,TRUE,,,FALSE,Has existing newsletter - not searched for RSS yet
Psihologia de Azi,https://psihologiadeazi.ro/feed,Discovered-pattern,N/A,,Romania,psihologiadeazi.ro,To Do,TRUE,,,FALSE,Has existing newsletter - not searched for RSS yet
MAXMAG,https://maxmag.gr/feed/,Discovered-autodiscovery,N/A,,Greece,maxmag.gr,To Do,TRUE,,,FALSE,Has existing newsletter - not searched for RSS yet
Carson Now,https://www.carsonnow.org/feed,Discovered-autodiscovery,N/A,,United States,carsonnow.org,To Do,TRUE,,,FALSE,Has existing newsletter - not searched for RSS yet
PlayTech.ro,https://playtech.ro/feed/,Discovered-autodiscovery,N/A,,Romania,playtech.ro,To Do,TRUE,,,FALSE,Has existing newsletter - not searched for RSS yet
AlokitoBhola-আলোকিত ভোলা,-,N/A,-,,Bangladesh,alokitobhola.com,,TRUE,,,FALSE,Has existing newsletter - not searched for RSS yet
Stiri din Bucovina,-,N/A,-,,Romania,stiridinbucovina.ro,,TRUE,,,FALSE,Has existing newsletter - not searched for RSS yet
Cevabun.ro,https://www.cevabun.ro/feed/,Discovered-autodiscovery,N/A,,Romania,cevabun.ro,To Do,TRUE,,,FALSE,Has existing newsletter - not searched for RSS yet
Antikleidi,-,N/A,-,,Greece,antikleidi.com,,TRUE,,,FALSE,Has existing newsletter - not searched for RSS yet
BUZAU ONLINE,http://buzau.net/rss.php,Discovered-pattern,N/A,,Romania,buzau.net,To Do,TRUE,,,FALSE,Has existing newsletter - not searched for RSS yet
Ziare,-,N/A,-,,Romania,ziare.com,,TRUE,,,FALSE,Has existing newsletter - not searched for RSS yet
Suprabhaatham,https://suprabhaatham.com/feed,Discovered-pattern,N/A,,India,suprabhaatham.com,To Do,TRUE,,,FALSE,Has existing newsletter - not searched for RSS yet
Times New Roman Media,https://www.timesnewroman.ro/feed/,Discovered-autodiscovery,N/A,,Romania,timesnewroman.ro,To Do,TRUE,,,FALSE,Has existing newsletter - not searched for RSS yet
Ecosnippets,https://www.ecosnippets.com/feed/,Discovered-autodiscovery,N/A,,United Kingdom,ecosnippets.com,To Do,TRUE,,,FALSE,Has existing newsletter - not searched for RSS yet
My Lomza,-,N/A,-,,Poland,mylomza.pl,,TRUE,,,FALSE,Has existing newsletter - not searched for RSS yet
Fractal,https://www.fractalart.gr/feed/,Discovered-autodiscovery,N/A,,Greece,fractalart.gr,To Do,TRUE,,,FALSE,Has existing newsletter - not searched for RSS yet
News.gr,https://news.gr/rss.ashx,Discovered-autodiscovery,N/A,,Greece,news.gr,To Do,TRUE,,,FALSE,Has existing newsletter - not searched for RSS yet
STIRI de CLUJ,https://www.stiridecluj.ro/rss.xml,Discovered-autodiscovery,N/A,,Romania,stiridecluj.ro,To Do,TRUE,,,FALSE,Has existing newsletter - not searched for RSS yet
Prokal Multimedia,-,N/A,-,,Indonesia,prokal.co,,TRUE,,,FALSE,Has existing newsletter - not searched for RSS yet
Mesmerizing words,https://www.mesmerizingwords.com/feeds/posts/default,Discovered-autodiscovery,N/A,,India,mesmerizingwords.com,To Do,TRUE,,,FALSE,Has existing newsletter - not searched for RSS yet
Bollyy,https://bollyy.com/rss,Discovered-autodiscovery,N/A,,India,bollyy.com,To Do,TRUE,,,FALSE,Has existing newsletter - not searched for RSS yet
Baby Chakra,-,N/A,-,,India,babychakra.com,,TRUE,,,FALSE,Has existing newsletter - not searched for RSS yet
EpirusNow.gr,https://www.epirusnow.gr/feed/,Discovered-autodiscovery,N/A,,Greece,epirusnow.gr,To Do,TRUE,,,FALSE,Has existing newsletter - not searched for RSS yet
Lawnet,https://lawnet.gr/feed/,Discovered-autodiscovery,N/A,,Greece,lawnet.gr,To Do,TRUE,,,FALSE,Has existing newsletter - not searched for RSS yet
Főtér,https://foter.ro/rss/foter.xml,Discovered-autodiscovery,N/A,,Romania,foter.ro,To Do,TRUE,,,FALSE,Has existing newsletter - not searched for RSS yet
start-up.ro,https://start-up.ro/feed/,Discovered-autodiscovery,N/A,,Romania,start-up.ro,To Do,TRUE,,,FALSE,Has existing newsletter - not searched for RSS yet
Eλληνοφρενεια,-,N/A,-,,Greece,ellinofreneianet.gr,,TRUE,,,FALSE,Has existing newsletter - not searched for RSS yet
Couponing with Rachel,-,N/A,-,,United States,couponingwithrachel.com,,TRUE,,,FALSE,Has existing newsletter - not searched for RSS yet
Nassosblog,https://nassosblog.gr/feed/,Discovered-autodiscovery,N/A,,Greece,nassosblog.gr,To Do,TRUE,,,FALSE,Has existing newsletter - not searched for RSS yet
Csaladinet.hu,https://www.csaladinet.hu/rss/cikkek,Discovered-autodiscovery,N/A,,Hungary,csaladinet.hu,To Do,TRUE,,,FALSE,Has existing newsletter - not searched for RSS yet
FXStreet,https://fxstreet.com/rss,Discovered-pattern,N/A,,Greece,fxstreet.com,To Do,TRUE,,,FALSE,Has existing newsletter - not searched for RSS yet
ABC Media Ltd,-,N/A,-,,United States,zerohedge.com,,TRUE,,,FALSE,Has existing newsletter - not searched for RSS yet
Realitatea Media,-,N/A,-,,Romania,realitateamedia.ro,,TRUE,,,FALSE,Has existing newsletter - not searched for RSS yet
Awesome Gang,https://awesomegang.com/feed/,Discovered-autodiscovery,N/A,,United States,awesomegang.com,To Do,TRUE,,,FALSE,Has existing newsletter - not searched for RSS yet
Autónavigátor.hu,https://www.autonavigator.hu/feed/,Discovered-autodiscovery,N/A,,Hungary,autonavigator.hu,To Do,TRUE,,,FALSE,Has existing newsletter - not searched for RSS yet
Diastixo.gr,-,N/A,-,,Greece,diastixo.gr,,TRUE,,,FALSE,Has existing newsletter - not searched for RSS yet
Catchy.ro,https://www.catchy.ro/feed,Discovered-autodiscovery,N/A,,Romania,catchy.ro,To Do,TRUE,,,FALSE,Has existing newsletter - not searched for RSS yet
επιχειρώ,-,N/A,-,,Greece,epixeiro.gr,,TRUE,,,FALSE,Has existing newsletter - not searched for RSS yet
Kosova Sot Online,https://kosova-sot.info/rss,Discovered-pattern,N/A,,Serbia,kosova-sot.info,To Do,TRUE,,,FALSE,Has existing newsletter - not searched for RSS yet
ErgasiaTora.gr,https://ergasiatora.gr/feed,Discovered-autodiscovery,N/A,,Greece,ergasiatora.gr,To Do,TRUE,,,FALSE,Has existing newsletter - not searched for RSS yet
KamuAjans,https://www.kamuajans.com/service/rss.php,Discovered-autodiscovery,N/A,,Turkey,kamuajans.com,To Do,TRUE,,,FALSE,Has existing newsletter - not searched for RSS yet
Filantropikum.com,https://filantropikum.com/feed/,Discovered-autodiscovery,N/A,,Romania,filantropikum.com,To Do,TRUE,,,FALSE,Has existing newsletter - not searched for RSS yet
John Pavlovitz,https://johnpavlovitz.com/feed/,Discovered-autodiscovery,N/A,,United States,johnpavlovitz.com,To Do,TRUE,,,FALSE,Has existing newsletter - not searched for RSS yet
Bartın.info,https://bartin.info/rss.php,Discovered-pattern,N/A,,Turkey,bartin.info,To Do,TRUE,,,FALSE,Has existing newsletter - not searched for RSS yet
Progressive Christianity,https://progressivechristianity.org/feed/,Discovered-autodiscovery,N/A,,United States,progressivechristianity.org,To Do,TRUE,,,FALSE,Has existing newsletter - not searched for RSS yet
Katiousa.gr,https://www.katiousa.gr/feed/,Discovered-autodiscovery,N/A,,Greece,katiousa.gr,To Do,TRUE,,,FALSE,Has existing newsletter - not searched for RSS yet
e-dimosio.gr,https://www.e-dimosio.gr/feed/,Discovered-autodiscovery,N/A,,Greece,e-dimosio.gr,To Do,TRUE,,,FALSE,Has existing newsletter - not searched for RSS yet
Alfavita,https://alfavita.gr/rss.xml,Discovered-pattern,N/A,,Greece,alfavita.gr,To Do,TRUE,,,FALSE,Has existing newsletter - not searched for RSS yet
Ziarul Metropolis,-,N/A,-,,Romania,ziarulmetropolis.ro,,TRUE,,,FALSE,Has existing newsletter - not searched for RSS yet
GujjuRocks,https://gujjurocks.in/feed/,Discovered-autodiscovery,N/A,,India,gujjurocks.in,To Do,TRUE,,,FALSE,Has existing newsletter - not searched for RSS yet
T客邦,https://feeds.feedburner.com/techbang/daily,Discovered-autodiscovery,N/A,,Taiwan,techbang.com,To Do,TRUE,,,FALSE,Has existing newsletter - not searched for RSS yet
Sunt Sanatos,https://suntsanatos.ro/rss.php,Discovered-autodiscovery,N/A,,Romania,suntsanatos.ro,To Do,TRUE,,,FALSE,Has existing newsletter - not searched for RSS yet
Copilul.ro,https://copilul.ro/rss,Discovered-pattern,N/A,,Romania,copilul.ro,To Do,TRUE,,,FALSE,Has existing newsletter - not searched for RSS yet
Cariere,-,N/A,-,,Romania,revistacariere.ro,,TRUE,,,FALSE,Has existing newsletter - not searched for RSS yet
Runner Magazine,https://runnermagazine.gr/feed,Discovered-pattern,N/A,,Greece,runnermagazine.gr,To Do,TRUE,,,FALSE,Has existing newsletter - not searched for RSS yet
Bar and Bench,https://barandbench.com/feed,Discovered-pattern,N/A,,India,barandbench.com,To Do,TRUE,,,FALSE,Has existing newsletter - not searched for RSS yet
EProperty News,-,N/A,-,,South Africa,eprop.co.za,,TRUE,,,FALSE,Has existing newsletter - not searched for RSS yet
Homo Evolution,https://homoevolution.com/feed/,Discovered-autodiscovery,N/A,,Greece,homoevolution.com,To Do,TRUE,,,FALSE,Has existing newsletter - not searched for RSS yet
Beepdo,-,N/A,-,,Indonesia,beepdo.com,,TRUE,,,FALSE,Has existing newsletter - not searched for RSS yet
Naftika Chronika,https://naftikachronika.gr/feed,Discovered-pattern,N/A,,Greece,naftikachronika.gr,To Do,TRUE,,,FALSE,Has existing newsletter - not searched for RSS yet
CekAja.com,-,N/A,-,,Indonesia,cekaja.com,,TRUE,,,FALSE,Has existing newsletter - not searched for RSS yet
Pacific Daily News,-,N/A,-,,United States,guampdn.com,,TRUE,,,FALSE,Has existing newsletter - not searched for RSS yet
Spotted Lublin,https://spottedlublin.pl/feed/,Discovered-pattern,N/A,,Poland,spottedlublin.pl,To Do,TRUE,,,FALSE,Has existing newsletter - not searched for RSS yet
Indian Autos Blog,https://indianautosblog.com/feed,Discovered-autodiscovery,N/A,,India,indianautosblog.com,To Do,TRUE,,,FALSE,Has existing newsletter - not searched for RSS yet
Bulgarian News Agency,-,N/A,-,,Bulgaria,bta.bg,,TRUE,,,FALSE,Has existing newsletter - not searched for RSS yet
Youth Carnival,https://youthcarnival.org/feed/,Discovered-autodiscovery,N/A,,Bangladesh,youthcarnival.org,To Do,TRUE,,,FALSE,Has existing newsletter - not searched for RSS yet
Zee Business,https://zeebiz.com/rss.xml,Discovered-pattern,N/A,,India,zeebiz.com,To Do,TRUE,,,FALSE,Has existing newsletter - not searched for RSS yet
MCPR Montgomery County Police Reporter,https://montgomerycountypolicereporter.com/feed/,Discovered-autodiscovery,N/A,,United States,montgomerycountypolicereporter.com,To Do,TRUE,,,FALSE,Has existing newsletter - not searched for RSS yet
Sabrang,https://sabrangindia.in/feed/,Discovered-autodiscovery,N/A,,India,sabrangindia.in,To Do,TRUE,,,FALSE,Has existing newsletter - not searched for RSS yet
Digital Broker Ventures,https://dbventures.io/feed/,Discovered-autodiscovery,N/A,,Australia,dbventures.io,To Do,TRUE,,,FALSE,Has existing newsletter - not searched for RSS yet
Lider Media,https://lider.media/rss.xml,Discovered-pattern,N/A,,Croatia,lider.media,To Do,TRUE,,,FALSE,Has existing newsletter - not searched for RSS yet
Infobunda,-,N/A,-,,Indonesia,infobunda.com,,TRUE,,,FALSE,Has existing newsletter - not searched for RSS yet
TheaterMania,https://theatermania.com/rss.xml,Discovered-pattern,N/A,,United States,theatermania.com,To Do,TRUE,,,FALSE,Has existing newsletter - not searched for RSS yet
CGM,https://cgm.pl/feed,Discovered-pattern,N/A,,Poland,cgm.pl,To Do,TRUE,,,FALSE,Has existing newsletter - not searched for RSS yet
Filing,https://samequizy.pl/feed,Discovered-autodiscovery,N/A,,Poland,samequizy.pl,To Do,TRUE,,,FALSE,Has existing newsletter - not searched for RSS yet
World Traveler,https://vilagutazo.net/feed/,Discovered-autodiscovery,N/A,,Hungary,vilagutazo.net,To Do,TRUE,,,FALSE,Has existing newsletter - not searched for RSS yet
Feyenoordpings,-,N/A,-,,Netherlands,feyenoordpings.nl,,TRUE,,,FALSE,Has existing newsletter - not searched for RSS yet
StateCollege.com,https://www.statecollege.com/feed/,Discovered-autodiscovery,N/A,,United States,statecollege.com,To Do,TRUE,,,FALSE,Has existing newsletter - not searched for RSS yet
History of Royal Women,https://www.historyofroyalwomen.com/feed/,Discovered-autodiscovery,N/A,,Netherlands,historyofroyalwomen.com,To Do,TRUE,,,FALSE,Has existing newsletter - not searched for RSS yet
Maasranga News,-,N/A,-,,Bangladesh,maasranga24.com,,TRUE,,,FALSE,Has existing newsletter - not searched for RSS yet
Tax Scan,https://www.taxscan.in/google_feeds.xml,Discovered-autodiscovery,N/A,,India,taxscan.in,To Do,TRUE,,,FALSE,Has existing newsletter - not searched for RSS yet
Onno Diganta,-,N/A,-,,Bangladesh,onnoekdiganta.com,,TRUE,,,FALSE,Has existing newsletter - not searched for RSS yet
Topnovini.bg,-,N/A,-,,Bulgaria,topnovini.bg,,TRUE,,,FALSE,Has existing newsletter - not searched for RSS yet
Greater Jammu,-,N/A,-,,India,greaterjammu.com,,TRUE,,,FALSE,Has existing newsletter - not searched for RSS yet
South Indian Jewellery,https://southjewellery.com/feed,Discovered-autodiscovery,N/A,,India,southjewellery.com,To Do,TRUE,,,FALSE,Has existing newsletter - not searched for RSS yet
World Socialist Web Site,-,N/A,-,,United States,wsws.org,,TRUE,,,FALSE,Has existing newsletter - not searched for RSS yet
Speedcafe.com,https://speedcafe.com/feed/,Discovered-autodiscovery,N/A,,Australia,speedcafe.com,To Do,TRUE,,,FALSE,Has existing newsletter - not searched for RSS yet
SneakerFiles,https://sneakerfiles.com/feed,Discovered-pattern,N/A,,United States,sneakerfiles.com,To Do,TRUE,,,FALSE,Has existing newsletter - not searched for RSS yet
Globe Media Group,https://jakartaglobe.id/feed.rss,Discovered-pattern,N/A,,Indonesia,jakartaglobe.id,To Do,TRUE,,,FALSE,Has existing newsletter - not searched for RSS yet
Amerikalı Türkler,https://amerikaliturk.com/rss.xml,Discovered-pattern,N/A,,United States,amerikaliturk.com,To Do,TRUE,,,FALSE,Has existing newsletter - not searched for RSS yet
Final Score Media LTD,https://nb1.hu/feed/,Discovered-autodiscovery,N/A,,Hungary,nb1.hu,To Do,TRUE,,,FALSE,Has existing newsletter - not searched for RSS yet
Popdiaries,https://popdiaries.com/rss,Discovered-autodiscovery,N/A,,India,popdiaries.com,To Do,TRUE,,,FALSE,Has existing newsletter - not searched for RSS yet
Reporter Live,-,N/A,-,,India,reporterlive.com,,TRUE,,,FALSE,Has existing newsletter - not searched for RSS yet
ICC,-,N/A,-,,United Arab Emirates,icc-cricket.com,,TRUE,,,FALSE,Has existing newsletter - not searched for RSS yet
BeautyExchange.com,https://beautyexchange.com.hk/feed/,Discovered-autodiscovery,N/A,,Hong Kong,beautyexchange.com.hk,To Do,TRUE,,,FALSE,Has existing newsletter - not searched for RSS yet
Padma News,https://padmanews24.com/feed/,Discovered-autodiscovery,N/A,,Bangladesh,padmanews24.com,To Do,TRUE,,,FALSE,Has existing newsletter - not searched for RSS yet
Lupa.bg,-,N/A,-,,Bulgaria,lupa.bg,,TRUE,,,FALSE,Has existing newsletter - not searched for RSS yet
Deshbandhu,https://www.deshbandhu.co.in/google_feeds.xml,Discovered-autodiscovery,N/A,,India,deshbandhu.co.in,To Do,TRUE,,,FALSE,Has existing newsletter - not searched for RSS yet
Hindu Post,https://hindupost.in/feed/,Discovered-autodiscovery,N/A,,India,hindupost.in,To Do,TRUE,,,FALSE,Has existing newsletter - not searched for RSS yet
State Times,https://statetimes.in/feed/,Discovered-autodiscovery,N/A,,India,web.statetimes.in,To Do,TRUE,,,FALSE,Has existing newsletter - not searched for RSS yet
Innovative Media,https://zenit.org/feed/,Discovered-autodiscovery,N/A,,United States,zenit.org,To Do,TRUE,,,FALSE,Has existing newsletter - not searched for RSS yet
HotHardware,-,N/A,-,,Australia,hothardware.com,,TRUE,,,FALSE,Has existing newsletter - not searched for RSS yet
Sneaker Bar Detroit,https://sneakerbardetroit.com/feed,Discovered-pattern,N/A,,United States,sneakerbardetroit.com,To Do,TRUE,,,FALSE,Has existing newsletter - not searched for RSS yet
RadioDMS.com,https://radiodms.com/feed/,Discovered-autodiscovery,N/A,,Indonesia,radiodms.com,To Do,TRUE,,,FALSE,Has existing newsletter - not searched for RSS yet
Spiritualify,https://spiritualify.org/feed/,Discovered-pattern,N/A,,United States,spiritualify.org,To Do,TRUE,,,FALSE,Has existing newsletter - not searched for RSS yet
Beauty美人圈,https://beauty321.com/feed,Discovered-pattern,N/A,,Taiwan,beauty321.com,To Do,TRUE,,,FALSE,Has existing newsletter - not searched for RSS yet
St. George News,-,N/A,-,,United States,stgeorgeutah.com,,TRUE,,,FALSE,Has existing newsletter - not searched for RSS yet
Punto Central Luzo,-,N/A,-,,Philippines,punto.com.ph,,TRUE,,,FALSE,Has existing newsletter - not searched for RSS yet
FreeDomMedia,https://warszawskagazeta.pl/feed/,Discovered-autodiscovery,N/A,,Poland,warszawskagazeta.pl,To Do,TRUE,,,FALSE,Has existing newsletter - not searched for RSS yet
VOA Korea,https://voakorea.com/api/,Discovered-autodiscovery,N/A,,United States,voakorea.com,To Do,TRUE,,,FALSE,Has existing newsletter - not searched for RSS yet
Mitrovica SOT,https://mitrovicasot.net/feed/,Discovered-autodiscovery,N/A,,Serbia,mitrovicasot.net,To Do,TRUE,,,FALSE,Has existing newsletter - not searched for RSS yet
Florida Politics,https://floridapolitics.com/feed/,Discovered-autodiscovery,N/A,,United States,floridapolitics.com,To Do,TRUE,,,FALSE,Has existing newsletter - not searched for RSS yet
媽媽寶寶,https://www.mombaby.com.tw/articles/Feed-MSN,Discovered-autodiscovery,N/A,,Taiwan,mombaby.com.tw,To Do,TRUE,,,FALSE,Has existing newsletter - not searched for RSS yet
men's uno HK,-,N/A,-,,Hong Kong,mensuno.hk,,TRUE,,,FALSE,Has existing newsletter - not searched for RSS yet
Bluebonnet News,https://bluebonnetnews.com/feed/,Discovered-autodiscovery,N/A,,United States,bluebonnetnews.com,To Do,TRUE,,,FALSE,Has existing newsletter - not searched for RSS yet
OILMAN Magazine,https://energiesmedia.com/feed/,Discovered-autodiscovery,N/A,,Australia,oilmanmagazine.com,To Do,TRUE,,,FALSE,Has existing newsletter - not searched for RSS yet
KION News Channel 5 46,https://kioncentralcoast.com/feed/,Discovered-autodiscovery,N/A,,United States,kion546.com,To Do,TRUE,,,FALSE,Has existing newsletter - not searched for RSS yet
The Dartmouth,-,N/A,-,,Australia,thedartmouth.com,,TRUE,,,FALSE,Has existing newsletter - not searched for RSS yet
The Film Stage,https://thefilmstage.com/feed/,Discovered-autodiscovery,N/A,,United States,thefilmstage.com,To Do,TRUE,,,FALSE,Has existing newsletter - not searched for RSS yet
TNI Angkatan Darat,https://tniad.mil.id/feed,Discovered-pattern,N/A,,Indonesia,tniad.mil.id,To Do,TRUE,,,FALSE,Has existing newsletter - not searched for RSS yet
Novizivot.net,https://www.novizivot.net/feed/,Discovered-autodiscovery,N/A,,Croatia,novizivot.net,To Do,TRUE,,,FALSE,Has existing newsletter - not searched for RSS yet
Yalansavar,https://yalansavar.org/feed/,Discovered-autodiscovery,N/A,,Turkey,yalansavar.org,To Do,TRUE,,,FALSE,Has existing newsletter - not searched for RSS yet
Geology Page,-,N/A,-,,United Kingdom,geologypage.com,,TRUE,,,FALSE,Has existing newsletter - not searched for RSS yet
好房網News,-,N/A,-,,Taiwan,housefun.com.tw,,TRUE,,,FALSE,Has existing newsletter - not searched for RSS yet
Sakshi Education,-,N/A,-,,India,sakshieducation.com,,TRUE,,,FALSE,Has existing newsletter - not searched for RSS yet
Gboah.com,https://www.gboah.com/feeds/posts/default,Discovered-autodiscovery,N/A,,Nigeria,gboah.com,To Do,TRUE,,,FALSE,Has existing newsletter - not searched for RSS yet
West Bridgford Wire,https://westbridgfordwire.com/feed/,Discovered-autodiscovery,N/A,,United Kingdom,westbridgfordwire.com,To Do,TRUE,,,FALSE,Has existing newsletter - not searched for RSS yet
PaRrotlla,-,N/A,-,,Serbia,parrotlla.org,,TRUE,,,FALSE,Has existing newsletter - not searched for RSS yet
News Diary Online,-,N/A,-,,Nigeria,newsdiaryonline.com,,TRUE,,,FALSE,Has existing newsletter - not searched for RSS yet
Inextlive,-,N/A,-,,India,inextlive.com,,TRUE,,,FALSE,Has existing newsletter - not searched for RSS yet
Flicks Film Media Network,https://tofler.in/blog/feed,Discovered-pattern,N/A,,India,tofler.in,To Do,TRUE,,,FALSE,Has existing newsletter - not searched for RSS yet
Epodravina.hr,-,N/A,-,,Croatia,epodravina.hr,,TRUE,,,FALSE,Has existing newsletter - not searched for RSS yet
Dhaka Today,-,N/A,-,,Bangladesh,dhakatoday.com,,TRUE,,,FALSE,Has existing newsletter - not searched for RSS yet
WMN Média,https://wmn.hu/feed/,Discovered-autodiscovery,N/A,,Hungary,wmn.hu,To Do,TRUE,,,FALSE,Has existing newsletter - not searched for RSS yet
Jetso Club,https://www.jetsoclub.com/feeds/posts/default,Discovered-autodiscovery,N/A,,Hong Kong,jetsoclub.com,To Do,TRUE,,,FALSE,Has existing newsletter - not searched for RSS yet
Etbilarabi,-,N/A,-,,United Arab Emirates,etbilarabi.com,,TRUE,,,FALSE,Has existing newsletter - not searched for RSS yet
Inspiration FM 92.3,-,N/A,-,,Nigeria,ifm923.com,,TRUE,,,FALSE,Has existing newsletter - not searched for RSS yet
The Stranger,https://thestranger.com/seattle/Rss.xml,Discovered-autodiscovery,N/A,,United States,thestranger.com,To Do,TRUE,,,FALSE,Has existing newsletter - not searched for RSS yet
The Business Standard,-,N/A,-,,Bangladesh,tbsnews.net,,TRUE,,,FALSE,Has existing newsletter - not searched for RSS yet
Bella Taiwan 儂儂,-,N/A,-,,Taiwan,bella.tw,,TRUE,,,FALSE,Has existing newsletter - not searched for RSS yet
Special Coverage News,https://www.specialcoveragenews.in/google_feeds.xml,Discovered-autodiscovery,N/A,,India,specialcoveragenews.in,To Do,TRUE,,,FALSE,Has existing newsletter - not searched for RSS yet
The Mary Sue,https://themarysue.com/feed,Discovered-pattern,N/A,,United States,themarysue.com,To Do,TRUE,,,FALSE,Has existing newsletter - not searched for RSS yet
Game Media Asia,-,N/A,-,,Indonesia,gamemediaasia.com,,TRUE,,,FALSE,Has existing newsletter - not searched for RSS yet
HMTV Live,http://hmtvlive.com/feed/,Discovered-pattern,N/A,,India,hmtvlive.com,To Do,TRUE,,,FALSE,Has existing newsletter - not searched for RSS yet
Grupa Weszło,https://weszlo.com/feed,Discovered-autodiscovery,N/A,,Poland,weszlo.com,To Do,TRUE,,,FALSE,Has existing newsletter - not searched for RSS yet
New Age,-,N/A,-,,Bangladesh,newagebd.net,,TRUE,,,FALSE,Has existing newsletter - not searched for RSS yet
Femina Média,https://femina.hu/24ora/rss/,Discovered-autodiscovery,N/A,,Hungary,femina.hu,To Do,TRUE,,,FALSE,Has existing newsletter - not searched for RSS yet
Catholics Striving for Holiness,https://catholicsstrivingforholiness.org/feed/,Discovered-autodiscovery,N/A,,United States,catholicsstrivingforholiness.org,To Do,TRUE,,,FALSE,Has existing newsletter - not searched for RSS yet
Filipino Recipe Portal,-,N/A,-,,Philippines,pinoyrecipe.net,,TRUE,,,FALSE,Has existing newsletter - not searched for RSS yet
Todo-Mail.com,-,N/A,-,,Malta,todo-mail.com,,TRUE,,,FALSE,Has existing newsletter - not searched for RSS yet
Electrical Engineering Portal,https://electrical-engineering-portal.com/feed,Discovered-pattern,N/A,,Serbia,electrical-engineering-portal.com,To Do,TRUE,,,FALSE,Has existing newsletter - not searched for RSS yet
Royal Bulletin,https://royalbulletin.in/rss,Discovered-autodiscovery,N/A,,India,royalbulletin.in,To Do,TRUE,,,FALSE,Has existing newsletter - not searched for RSS yet
UK Defence Journal,https://ukdefencejournal.org.uk/feed/,Discovered-autodiscovery,N/A,,United Kingdom,ukdefencejournal.org.uk,To Do,TRUE,,,FALSE,Has existing newsletter - not searched for RSS yet
Fossbytes,https://fossbytes.com/feed/,Discovered-autodiscovery,N/A,,India,fossbytes.com,To Do,TRUE,,,FALSE,Has existing newsletter - not searched for RSS yet
City 42,-,N/A,-,,Pakistan,city42.tv,,TRUE,,,FALSE,Has existing newsletter - not searched for RSS yet
Whispers Media,-,N/A,-,,Ireland,waterfordwhispersnews.com,,TRUE,,,FALSE,Has existing newsletter - not searched for RSS yet
Nanowerk LLC,-,N/A,-,,United States,nanowerk.com,,TRUE,,,FALSE,Has existing newsletter - not searched for RSS yet
Mérce,https://merce.hu/feed,Discovered-pattern,N/A,,Hungary,merce.hu,To Do,TRUE,,,FALSE,Has existing newsletter - not searched for RSS yet
Saigon Broadcasting Television Network,https://sbtn.tv/feed/,Discovered-autodiscovery,N/A,,United States,sbtn.tv,To Do,TRUE,,,FALSE,Has existing newsletter - not searched for RSS yet
SAGMart,-,N/A,-,,India,sagmart.com,,TRUE,,,FALSE,Has existing newsletter - not searched for RSS yet
Narodowe Centrum Kultury,-,N/A,-,,Poland,nck.pl,,TRUE,,,FALSE,Has existing newsletter - not searched for RSS yet
Sinjali,https://sinjali.com/feed,Discovered-pattern,N/A,,Serbia,sinjali.com,To Do,TRUE,,,FALSE,Has existing newsletter - not searched for RSS yet
Stack3d,https://stack3d.com/feed,Discovered-pattern,N/A,,New Zealand,stack3d.com,To Do,TRUE,,,FALSE,Has existing newsletter - not searched for RSS yet
Radio Wnet,-,N/A,-,,Poland,wnet.fm,,TRUE,,,FALSE,Has existing newsletter - not searched for RSS yet
Neuroscience News,https://neurosciencenews.com/feed/,Discovered-autodiscovery,N/A,,United States,neurosciencenews.com,To Do,TRUE,,,FALSE,Has existing newsletter - not searched for RSS yet
MediaNama,-,N/A,-,,India,medianama.com,,TRUE,,,FALSE,Has existing newsletter - not searched for RSS yet
RTV Slon,https://www.rtvslon.ba/feed/,Discovered-autodiscovery,N/A,,Bosnia and Herzegovina,rtvslon.ba,To Do,TRUE,,,FALSE,Has existing newsletter - not searched for RSS yet
KNN,https://aab-edu.net/feed,Discovered-pattern,N/A,,Serbia,aab-edu.net,To Do,TRUE,,,FALSE,Has existing newsletter - not searched for RSS yet
Racingline.hu,https://racingline.hu/feed/,Discovered-autodiscovery,N/A,,Hungary,racingline.hu,To Do,TRUE,,,FALSE,Has existing newsletter - not searched for RSS yet
Aenaos,https://aenaos.org/?feed=rss2,Discovered-autodiscovery,N/A,,Greece,aenaos.org,To Do,TRUE,,,FALSE,Has existing newsletter - not searched for RSS yet
Portside,https://portside.org/rss.xml,Discovered-pattern,N/A,,United States,portside.org,To Do,TRUE,,,FALSE,Has existing newsletter - not searched for RSS yet
RizeninSesi,-,N/A,-,,Turkey,rizeninsesi.net,,TRUE,,,FALSE,Has existing newsletter - not searched for RSS yet
Radio-Television of Vojvodina,-,N/A,-,,Serbia,rtv.rs,,TRUE,,,FALSE,Has existing newsletter - not searched for RSS yet
Folks Networks & Communication Private,https://www.panchayattimes.com/feed/,Discovered-autodiscovery,N/A,,India,panchayattimes.com,To Do,TRUE,,,FALSE,Has existing newsletter - not searched for RSS yet
SamoProvjereno.com,-,N/A,-,,Croatia,samoprovjereno.com,,TRUE,,,FALSE,Has existing newsletter - not searched for RSS yet
Uddoktar khoje,-,N/A,-,,Bangladesh,uddoktarkhoje.com,,TRUE,,,FALSE,Has existing newsletter - not searched for RSS yet
Bolu Gündem Newspaper,-,N/A,-,,Turkey,bolugundem.com,,TRUE,,,FALSE,Has existing newsletter - not searched for RSS yet
Hukum Online,-,N/A,-,,Indonesia,hukumonline.com,,TRUE,,,FALSE,Has existing newsletter - not searched for RSS yet
Excite Global Media Ltd.,-,N/A,-,,United Kingdom,exciteglobalmedia.co.uk,,TRUE,,,FALSE,Has existing newsletter - not searched for RSS yet
TechSpot,https://www.techspot.com/backend.xml,Discovered-autodiscovery,N/A,,United States,techspot.com,To Do,TRUE,,,FALSE,Has existing newsletter - not searched for RSS yet
Maverick Multimedia,https://spacecoastdaily.com/feed/,Discovered-autodiscovery,N/A,,United States,spacecoastdaily.com,To Do,TRUE,,,FALSE,Has existing newsletter - not searched for RSS yet
Moj USK,https://mojusk.ba/feed/,Discovered-autodiscovery,N/A,,Bosnia and Herzegovina,mojusk.ba,To Do,TRUE,,,FALSE,Has existing newsletter - not searched for RSS yet
Netral Kontinental Media,-,N/A,-,,Indonesia,netralnews.com,,TRUE,,,FALSE,Has existing newsletter - not searched for RSS yet
Epilekta,https://www.epilekta.com/feeds/posts/default,Discovered-autodiscovery,N/A,,Greece,epilekta.com,To Do,TRUE,,,FALSE,Has existing newsletter - not searched for RSS yet
Tagar News,-,N/A,-,,Indonesia,tagar.id,,TRUE,,,FALSE,Has existing newsletter - not searched for RSS yet
Wake World,-,N/A,-,,United States,wakeworld.com,,TRUE,,,FALSE,Has existing newsletter - not searched for RSS yet
iNPAOK,https://inpaok.com/feed/,Discovered-autodiscovery,N/A,,Greece,inpaok.com,To Do,TRUE,,,FALSE,Has existing newsletter - not searched for RSS yet
Focus-Nunti,https://www.focus-news.net/rss.php,Discovered-autodiscovery,N/A,,Bulgaria,focus-news.net,To Do,TRUE,,,FALSE,Has existing newsletter - not searched for RSS yet
Journal.hr,https://journal.hr/feed,Discovered-pattern,N/A,,Croatia,journal.hr,To Do,TRUE,,,FALSE,Has existing newsletter - not searched for RSS yet
Bedlam Farm Journal,https://bedlamfarm.com/feed,Discovered-pattern,N/A,,United States,bedlamfarm.com,To Do,TRUE,,,FALSE,Has existing newsletter - not searched for RSS yet
Mosaic Media Ventures,-,N/A,-,,India,vccircle.com,,TRUE,,,FALSE,Has existing newsletter - not searched for RSS yet
News Hook,https://newzhook.com/feed/,Discovered-autodiscovery,N/A,,India,newzhook.com,To Do,TRUE,,,FALSE,Has existing newsletter - not searched for RSS yet
Gazete Manifesto,-,N/A,-,,Turkey,gazetemanifesto.com,,TRUE,,,FALSE,Has existing newsletter - not searched for RSS yet
Latino Review,https://lrmonline.com/feed,Discovered-pattern,N/A,,United States,lrmonline.com,To Do,TRUE,,,FALSE,Has existing newsletter - not searched for RSS yet
Trsondakika,https://trsondakika.com/rss.xml,Discovered-pattern,N/A,,Turkey,trsondakika.com,To Do,TRUE,,,FALSE,Has existing newsletter - not searched for RSS yet
Lowongan Kerja Jawa Tengah (Java Jobs),https://www.lokersoloraya.com/feeds/posts/default,Discovered-autodiscovery,N/A,,Indonesia,lokersoloraya.com,To Do,TRUE,,,FALSE,Has existing newsletter - not searched for RSS yet
Llap.info,https://www.llapi.info/feed/,Discovered-autodiscovery,N/A,,Serbia,llapi.info,To Do,TRUE,,,FALSE,Has existing newsletter - not searched for RSS yet
Dheivegam,-,N/A,-,,India,dheivegam.com,,TRUE,,,FALSE,Has existing newsletter - not searched for RSS yet
Yüzde Yüz Haber,https://haberyuzdeyuz.com/feed,Discovered-pattern,N/A,,Turkey,haberyuzdeyuz.com,To Do,TRUE,,,FALSE,Has existing newsletter - not searched for RSS yet
Moj Bečej,http://mojbecej.rs/feed,Discovered-pattern,N/A,,Serbia,mojbecej.rs,To Do,TRUE,,,FALSE,Has existing newsletter - not searched for RSS yet
Marta Potoczek - Leniwa niedziela,-,N/A,-,,Poland,leniwaniedziela.pl,,TRUE,,,FALSE,Has existing newsletter - not searched for RSS yet
Hoops Rumors,https://www.hoopsrumors.com/feed,Discovered-autodiscovery,N/A,,United States,hoopsrumors.com,To Do,TRUE,,,FALSE,Has existing newsletter - not searched for RSS yet
Clipboard Media & Content,-,N/A,-,,Netherlands,clipboardmedia.nl,,TRUE,,,FALSE,Has existing newsletter - not searched for RSS yet
App Spring Inc,-,N/A,-,,United States,listchallenges.com,,TRUE,,,FALSE,Has existing newsletter - not searched for RSS yet
Tarsus Haber,https://tarsushaber.com/rss.xml,Discovered-autodiscovery,N/A,,Turkey,tarsushaber.com,To Do,TRUE,,,FALSE,Has existing newsletter - not searched for RSS yet
Le Courrier Australien,-,N/A,-,,Australia,lecourrieraustralien.com,,TRUE,,,FALSE,Has existing newsletter - not searched for RSS yet
Your Therapy Source,https://www.yourtherapysource.com/feed/,Discovered-autodiscovery,N/A,,United States,yourtherapysource.com,To Do,TRUE,,,FALSE,Has existing newsletter - not searched for RSS yet
Kamenjar,https://kamenjar.com/feed/,Discovered-autodiscovery,N/A,,Croatia,kamenjar.com,To Do,TRUE,,,FALSE,Has existing newsletter - not searched for RSS yet
遊戲大亂鬥,-,N/A,-,,Taiwan,league-funny.com,,TRUE,,,FALSE,Has existing newsletter - not searched for RSS yet
Kidney Buzz,-,N/A,-,,United States,kidneybuzz.com,,TRUE,,,FALSE,Has existing newsletter - not searched for RSS yet
Grupa Farmacja,https://grupafarmacja.net/rss.xml,Discovered-pattern,N/A,,Poland,grupafarmacja.net,To Do,TRUE,,,FALSE,Has existing newsletter - not searched for RSS yet
Cosmopoliti,https://cosmopoliti.com/feed/,Discovered-autodiscovery,N/A,,Greece,cosmopoliti.com,To Do,TRUE,,,FALSE,Has existing newsletter - not searched for RSS yet
Din Înţelepciunea Marilor Maeştri,https://detoatepentrutotisimaimult.blog/feed/,Discovered-autodiscovery,N/A,,Romania,detoatepentrutotisimaimult.blog,To Do,TRUE,,,FALSE,Has existing newsletter - not searched for RSS yet
Труд медия,-,N/A,-,,Bulgaria,trud.bg,,TRUE,,,FALSE,Has existing newsletter - not searched for RSS yet
प्राइमरी का मास्टर (Primary Ka Master),https://www.primarykamaster.com/feeds/posts/default,Discovered-autodiscovery,N/A,,India,primarykamaster.com,To Do,TRUE,,,FALSE,Has existing newsletter - not searched for RSS yet
Corporate Magazine,-,N/A,-,,Bangladesh,corporatenews.com.bd,,TRUE,,,FALSE,Has existing newsletter - not searched for RSS yet
Demokrata,https://demokrata.hu/feed,Discovered-pattern,N/A,,Hungary,demokrata.hu,To Do,TRUE,,,FALSE,Has existing newsletter - not searched for RSS yet
Stowarzyszenie Dolnośląski Instytut Korfantego,https://wdolnymslasku.com/feed/,Discovered-autodiscovery,N/A,,Poland,wdolnymslasku.com,To Do,TRUE,,,FALSE,Has existing newsletter - not searched for RSS yet
Múlt-kor Kulturális Alapítvány,-,N/A,-,,Hungary,mult-kor.hu,,TRUE,,,FALSE,Has existing newsletter - not searched for RSS yet
Момичетата от града,-,N/A,-,,Bulgaria,momichetata.com,,TRUE,,,FALSE,Has existing newsletter - not searched for RSS yet
Narodni Lijek,https://www.narodnilijek.com/web/feed/,Discovered-autodiscovery,N/A,,Croatia,narodnilijek.com,To Do,TRUE,,,FALSE,Has existing newsletter - not searched for RSS yet
Koncomania.pl,-,N/A,-,,Poland,koncertomania.pl,,TRUE,,,FALSE,Has existing newsletter - not searched for RSS yet
Salina Post,-,N/A,-,,United States,salinapost.com,,TRUE,,,FALSE,Has existing newsletter - not searched for RSS yet
Larende Medya,https://www.larende.com/rss.xml,Discovered-autodiscovery,N/A,,Turkey,larende.com,To Do,TRUE,,,FALSE,Has existing newsletter - not searched for RSS yet
Today's Bitcoin News,https://www.newsbtc.com/feed/,Discovered-autodiscovery,N/A,,United States,newsbtc.com,To Do,TRUE,,,FALSE,Has existing newsletter - not searched for RSS yet
eTeknix,https://eteknix.com/feed/,Discovered-autodiscovery,N/A,,United Kingdom,eteknix.com,To Do,TRUE,,,FALSE,Has existing newsletter - not searched for RSS yet
Scuttlebutt Sailing News,https://www.sailingscuttlebutt.com/feed/,Discovered-autodiscovery,N/A,,United States,sailingscuttlebutt.com,To Do,TRUE,,,FALSE,Has existing newsletter - not searched for RSS yet
Grupa Wydawnicza Słowo,-,N/A,-,,Poland,supertydzien.pl,,TRUE,,,FALSE,Has existing newsletter - not searched for RSS yet
How we made it in Africa,-,N/A,-,,South Africa,howwemadeitinafrica.com,,TRUE,,,FALSE,Has existing newsletter - not searched for RSS yet
CEOtudent,https://ceotudent.com/feed,Discovered-autodiscovery,N/A,,Turkey,ceotudent.com,To Do,TRUE,,,FALSE,Has existing newsletter - not searched for RSS yet
The Tao of Dana,https://fengshuidana.com/feed/,Discovered-autodiscovery,N/A,,United States,fengshuidana.com,To Do,TRUE,,,FALSE,Has existing newsletter - not searched for RSS yet
Esmi TV,https://www.esmitv.com/feed/,Discovered-autodiscovery,N/A,,Indonesia,esmitv.com,To Do,TRUE,,,FALSE,Has existing newsletter - not searched for RSS yet
Buxar Khabar,https://www.buxarkhabar.com/feed/,Discovered-autodiscovery,N/A,,India,buxarkhabar.com,To Do,TRUE,,,FALSE,Has existing newsletter - not searched for RSS yet
Police News,https://www.policenews.gr/feed/,Discovered-autodiscovery,N/A,,Greece,policenews.eu,To Do,TRUE,,,FALSE,Has existing newsletter - not searched for RSS yet
السورية نت Alsouria Net,https://alsouria.net/feed,Discovered-pattern,N/A,,Turkey,alsouria.net,To Do,TRUE,,,FALSE,Has existing newsletter - not searched for RSS yet
The Chronicle Telegram,-,N/A,-,,United States,chroniclet.com,,TRUE,,,FALSE,Has existing newsletter - not searched for RSS yet
Maha MTB,-,N/A,-,,India,mahamtb.com,,TRUE,,,FALSE,Has existing newsletter - not searched for RSS yet
Soda LIVE,https://sodalive.ba/feed/,Discovered-autodiscovery,N/A,,Bosnia and Herzegovina,sodalive.ba,To Do,TRUE,,,FALSE,Has existing newsletter - not searched for RSS yet
Vxo media,https://www.smp.se/feeds/section/vaxjo/feed.xml,Discovered-autodiscovery,N/A,,Sweden,vxonews.se,To Do,TRUE,,,FALSE,Has existing newsletter - not searched for RSS yet
Mreža Mira (Peace Network),https://mreza-mira.net/feed,Discovered-pattern,N/A,,Bosnia and Herzegovina,mreza-mira.net,To Do,TRUE,,,FALSE,Has existing newsletter - not searched for RSS yet
WKDZ Radio,https://www.wkdzradio.com/feed/,Discovered-autodiscovery,N/A,,United States,wkdzradio.com,To Do,TRUE,,,FALSE,Has existing newsletter - not searched for RSS yet
Benchmark Serbia,-,N/A,-,,Serbia,benchmark.rs,,TRUE,,,FALSE,Has existing newsletter - not searched for RSS yet
Utuado Hoy,https://utuadohoy.com/feed/,Discovered-autodiscovery,N/A,,United States,utuadohoy.com,To Do,TRUE,,,FALSE,Has existing newsletter - not searched for RSS yet
On MSFT,https://onmsft.com/?feed=rss2,Discovered-autodiscovery,N/A,,United States,onmsft.com,To Do,TRUE,,,FALSE,Has existing newsletter - not searched for RSS yet
Moguldom,https://moguldom.com/feed/,Discovered-autodiscovery,N/A,,United States,moguldom.com,To Do,TRUE,,,FALSE,Has existing newsletter - not searched for RSS yet
Alhambra Press,https://hang.hu/rss/,Discovered-autodiscovery,N/A,,Hungary,hang.hu,To Do,TRUE,,,FALSE,Has existing newsletter - not searched for RSS yet
Race Pro Weekly,-,N/A,-,,United States,raceproweekly.com,,TRUE,,,FALSE,Has existing newsletter - not searched for RSS yet
Sve Osim Politike,https://sop.ba/feed/,Discovered-autodiscovery,N/A,,Bosnia and Herzegovina,sop.ba,To Do,TRUE,,,FALSE,Has existing newsletter - not searched for RSS yet
ND News & Reviews,https://ndnr.com/feed/,Discovered-autodiscovery,N/A,,United States,ndnr.com,To Do,TRUE,,,FALSE,Has existing newsletter - not searched for RSS yet
Technologue ID,https://technologue.id/rss.xml,Discovered-pattern,N/A,,Indonesia,technologue.id,To Do,TRUE,,,FALSE,Has existing newsletter - not searched for RSS yet
Magna Polonia,https://www.magnapolonia.org/feed/,Discovered-autodiscovery,N/A,,Poland,magnapolonia.org,To Do,TRUE,,,FALSE,Has existing newsletter - not searched for RSS yet
Hét Nap Lapkiadó,-,N/A,-,,Serbia,hetnap.rs,,TRUE,,,FALSE,Has existing newsletter - not searched for RSS yet
SAFETY4SEA,-,N/A,-,,Greece,safety4sea.com,,TRUE,,,FALSE,Has existing newsletter - not searched for RSS yet
Turizm Günlüğü,https://www.turizmgunlugu.com/feed/,Discovered-autodiscovery,N/A,,Turkey,turizmgunlugu.com,To Do,TRUE,,,FALSE,Has existing newsletter - not searched for RSS yet
Sandžačke,https://sandzacke.rs/feed/,Discovered-autodiscovery,N/A,,Serbia,sandzacke.rs,To Do,TRUE,,,FALSE,Has existing newsletter - not searched for RSS yet
Fundacja Polska Ziemia,https://polskaziemia.pl/feed/,Discovered-autodiscovery,N/A,,Poland,polskaziemia.pl,To Do,TRUE,,,FALSE,Has existing newsletter - not searched for RSS yet
EtikHaber,https://etikhaber.com/rss,Discovered-pattern,N/A,,Turkey,etikhaber.com,To Do,TRUE,,,FALSE,Has existing newsletter - not searched for RSS yet
Gefle Dagblad,https://www.gd.se/feeds/feed.xml,Discovered-autodiscovery,N/A,,Sweden,gd.se,To Do,TRUE,,,FALSE,Has existing newsletter - not searched for RSS yet
The Batavian,https://www.thebatavian.com/rss.xml,Discovered-autodiscovery,N/A,,United States,thebatavian.com,To Do,TRUE,,,FALSE,Has existing newsletter - not searched for RSS yet
Gazete Emek,https://gazeteemek.net/rss,Discovered-pattern,N/A,,Turkey,gazeteemek.net,To Do,TRUE,,,FALSE,Has existing newsletter - not searched for RSS yet
Tygodnik Poradnik Rolniczy,https://www.tygodnik-rolniczy.pl//feed,Discovered-autodiscovery,N/A,,Poland,tygodnik-rolniczy.pl,To Do,TRUE,,,FALSE,Has existing newsletter - not searched for RSS yet
TheBluez.gr,https://thebluez.gr/feed/,Discovered-autodiscovery,N/A,,Greece,thebluez.gr,To Do,TRUE,,,FALSE,Has existing newsletter - not searched for RSS yet
JTV,https://jtv.tv/feed,Discovered-pattern,N/A,,United States,jtv.tv,To Do,TRUE,,,FALSE,Has existing newsletter - not searched for RSS yet
Active News,https://activenews.ro/rss,Discovered-pattern,N/A,,Romania,activenews.ro,To Do,TRUE,,,FALSE,Has existing newsletter - not searched for RSS yet
Brakpan Herald,-,N/A,-,,South Africa,brakpanherald.co.za,,TRUE,,,FALSE,Has existing newsletter - not searched for RSS yet
Bostanistas.gr,http://bostanistas.gr/rss?i=bostanistas.el.article,Discovered-autodiscovery,N/A,,Greece,bostanistas.gr,To Do,TRUE,,,FALSE,Has existing newsletter - not searched for RSS yet
Tech Times,-,N/A,-,,United States,techtimes.com,,TRUE,,,FALSE,Has existing newsletter - not searched for RSS yet
Land Line Media,-,N/A,-,,United States,landlinemag.com,,TRUE,,,FALSE,Has existing newsletter - not searched for RSS yet
The Swindonian,https://theswindonian.co.uk/feed/,Discovered-autodiscovery,N/A,,United Kingdom,theswindonian.co.uk,To Do,TRUE,,,FALSE,Has existing newsletter - not searched for RSS yet
Diyanet Haber,https://diyanethaber.com.tr/rss,Discovered-pattern,N/A,,Turkey,diyanethaber.com.tr,To Do,TRUE,,,FALSE,Has existing newsletter - not searched for RSS yet
Zile si Nopti,https://zilesinopti.ro/feed/,Discovered-pattern,N/A,,Romania,zilesinopti.ro,To Do,TRUE,,,FALSE,Has existing newsletter - not searched for RSS yet
deadpress.co.uk,-,N/A,-,,United Kingdom,deadpress.co.uk,,TRUE,,,FALSE,Has existing newsletter - not searched for RSS yet
Soldier Systems Daily,https://soldiersystems.net/feed/,Discovered-autodiscovery,N/A,,United States,soldiersystems.net,To Do,TRUE,,,FALSE,Has existing newsletter - not searched for RSS yet
Mindanews,https://mindanews.com/feed/,Discovered-autodiscovery,N/A,,Philippines,mindanews.com,To Do,TRUE,,,FALSE,Has existing newsletter - not searched for RSS yet
Echo/Ridge Times Newspapers,-,N/A,-,,South Africa,ridgetimes.co.za,,TRUE,,,FALSE,Has existing newsletter - not searched for RSS yet
AkademiKadro.Net,-,N/A,-,,Turkey,akademikadro.net,,TRUE,,,FALSE,Has existing newsletter - not searched for RSS yet
RaceFans,https://www.racefans.net/feed/,Discovered-autodiscovery,N/A,,United Kingdom,racefans.net,To Do,TRUE,,,FALSE,Has existing newsletter - not searched for RSS yet
Poljoprivreda,-,N/A,-,,Bosnia and Herzegovina,poljoprivreda.ba,,TRUE,,,FALSE,Has existing newsletter - not searched for RSS yet
Geraldton Guardian,https://geraldtonguardian.com.au/feed,Discovered-pattern,N/A,,Australia,geraldtonguardian.com.au,To Do,TRUE,,,FALSE,Has existing newsletter - not searched for RSS yet
KK24.pl,https://www.kk24.pl/rss/articles/pl,Discovered-autodiscovery,N/A,,Poland,kk24.pl,To Do,TRUE,,,FALSE,Has existing newsletter - not searched for RSS yet
Oxygen Press,-,N/A,-,,Serbia,oxygenpress.info,,TRUE,,,FALSE,Has existing newsletter - not searched for RSS yet
SDCC Blog,-,N/A,-,,United States,sdccblog.com,,TRUE,,,FALSE,Has existing newsletter - not searched for RSS yet
Alpha News,https://alphanews.org/feed/,Discovered-autodiscovery,N/A,,United States,alphanews.org,To Do,TRUE,,,FALSE,Has existing newsletter - not searched for RSS yet
Hope Media Taiwan,https://www.hopemedia.tw/feed/,Discovered-autodiscovery,N/A,,Taiwan,hopemedia.tw,To Do,TRUE,,,FALSE,Has existing newsletter - not searched for RSS yet
Sambad English,https://sambadenglish.com/rss,Discovered-autodiscovery,N/A,,India,sambadenglish.com,To Do,TRUE,,,FALSE,Has existing newsletter - not searched for RSS yet
Universul.net,-,N/A,-,,Romania,universul.net,,TRUE,,,FALSE,Has existing newsletter - not searched for RSS yet
Miki's Hope,https://www.mikishope.com/feeds/posts/default,Discovered-autodiscovery,N/A,,United Kingdom,mikishope.com,To Do,TRUE,,,FALSE,Has existing newsletter - not searched for RSS yet
JAMnews,https://jam-news.net/feed/,Discovered-pattern,N/A,,Turkey,jam-news.net,To Do,TRUE,,,FALSE,Has existing newsletter - not searched for RSS yet
cinemagazine.gr,-,N/A,-,,Greece,cinemagazine.gr,,TRUE,,,FALSE,Has existing newsletter - not searched for RSS yet
Travronden,https://travronden.se/rss/nyheter/rss.xml,Discovered-autodiscovery,N/A,,Sweden,travronden.se,To Do,TRUE,,,FALSE,Has existing newsletter - not searched for RSS yet
Es Gündem 26,https://esgundem26.com/rss,Discovered-pattern,N/A,,Turkey,esgundem26.com,To Do,TRUE,,,FALSE,Has existing newsletter - not searched for RSS yet
HT Digital Streams Limited,https://www.healthshots.com/comments/feed/,Discovered-autodiscovery,N/A,,India,healthshots.com,To Do,TRUE,,,FALSE,Has existing newsletter - not searched for RSS yet
Nacional,-,N/A,-,,Croatia,nacional.hr,,TRUE,,,FALSE,Has existing newsletter - not searched for RSS yet
Shacara,-,N/A,-,,Nigeria,shacara.com,,TRUE,,,FALSE,Has existing newsletter - not searched for RSS yet
TenPoznan,-,N/A,-,,Poland,tenpoznan.pl,,TRUE,,,FALSE,Has existing newsletter - not searched for RSS yet
everymum.ie,https://everymum.ie/feed/,Discovered-autodiscovery,N/A,,Ireland,everymum.ie,To Do,TRUE,,,FALSE,Has existing newsletter - not searched for RSS yet
Οδηγός του Πολίτη,https://www.odigostoupoliti.eu/feed/,Discovered-autodiscovery,N/A,,Greece,odigostoupoliti.eu,To Do,TRUE,,,FALSE,Has existing newsletter - not searched for RSS yet
Ships & Ports,https://shipsandports.com.ng/feed/,Discovered-autodiscovery,N/A,,Nigeria,shipsandports.com.ng,To Do,TRUE,,,FALSE,Has existing newsletter - not searched for RSS yet
shajgoj.com - সাজগোজ,https://www.shajgoj.com/feed/,Discovered-autodiscovery,N/A,,Bangladesh,shajgoj.com,To Do,TRUE,,,FALSE,Has existing newsletter - not searched for RSS yet
District8,https://district8.net/feed,Discovered-autodiscovery,N/A,,Netherlands,district8.net,To Do,TRUE,,,FALSE,Has existing newsletter - not searched for RSS yet
Ekmek ve Gül,-,N/A,-,,Turkey,ekmekvegul.net,,TRUE,,,FALSE,Has existing newsletter - not searched for RSS yet
Eurovizyon,https://eurovizyon.co.uk/rss,Discovered-pattern,N/A,,Turkey,eurovizyon.co.uk,To Do,TRUE,,,FALSE,Has existing newsletter - not searched for RSS yet
WOW Japan,-,N/A,-,,Indonesia,wowjapan.asia,,TRUE,,,FALSE,Has existing newsletter - not searched for RSS yet
Trelleborgs Allehanda,https://www.trelleborgsallehanda.se/feeds/feed.xml,Discovered-autodiscovery,N/A,,Sweden,trelleborgsallehanda.se,To Do,TRUE,,,FALSE,Has existing newsletter - not searched for RSS yet
Devnetjobsindia.org,-,N/A,-,,India,devnetjobsindia.org,,TRUE,,,FALSE,Has existing newsletter - not searched for RSS yet
Botosaneanul,https://www.botosaneanul.ro/rss,Discovered-autodiscovery,N/A,,Romania,botosaneanul.ro,To Do,TRUE,,,FALSE,Has existing newsletter - not searched for RSS yet
Smålänningen,https://www.smalanningen.se/feeds/feed.xml,Discovered-autodiscovery,N/A,,Sweden,smalanningen.se,To Do,TRUE,,,FALSE,Has existing newsletter - not searched for RSS yet
Pollstar,-,N/A,-,,United States,pollstar.com,,TRUE,,,FALSE,Has existing newsletter - not searched for RSS yet
TEOL.hu,-,N/A,-,,Hungary,teol.hu,,TRUE,,,FALSE,Has existing newsletter - not searched for RSS yet
Digit,-,N/A,-,,India,digit.in,,TRUE,,,FALSE,Has existing newsletter - not searched for RSS yet
Cool Artisan,https://coolartisan.gr/feed/,Discovered-autodiscovery,N/A,,Greece,coolartisan.gr,To Do,TRUE,,,FALSE,Has existing newsletter - not searched for RSS yet
Sioux Falls.Business,https://siouxfalls.business/feed/,Discovered-autodiscovery,N/A,,United States,siouxfalls.business,To Do,TRUE,,,FALSE,Has existing newsletter - not searched for RSS yet
PnG FUN,https://pia-news.com/feed/,Discovered-autodiscovery,N/A,,Bulgaria,pia-news.com,To Do,TRUE,,,FALSE,Has existing newsletter - not searched for RSS yet
Nea Drasis,https://idrasis.blogspot.com/feeds/posts/default,Discovered-autodiscovery,N/A,,Greece,neadrasis.gr,To Do,TRUE,,,FALSE,Has existing newsletter - not searched for RSS yet
HospiBuz,https://hospibuz.com/rss,Discovered-autodiscovery,N/A,,India,hospibuz.com,To Do,TRUE,,,FALSE,Has existing newsletter - not searched for RSS yet
etransport.pl,-,N/A,-,,Poland,etransport.pl,,TRUE,,,FALSE,Has existing newsletter - not searched for RSS yet
Federalist Party,https://americafirstreport.com/feed/,Discovered-autodiscovery,N/A,,United States,noqreport.com,To Do,TRUE,,,FALSE,Has existing newsletter - not searched for RSS yet
Marie Claire Taiwan,-,N/A,-,,Taiwan,marieclaire.com.tw,,TRUE,,,FALSE,Has existing newsletter - not searched for RSS yet
SoHum Awareness,-,N/A,-,,United States,kymkemp.com,,TRUE,,,FALSE,Has existing newsletter - not searched for RSS yet
Ditori,https://ditori.com/index.php/feed/,Discovered-autodiscovery,N/A,,Croatia,ditori.com,To Do,TRUE,,,FALSE,Has existing newsletter - not searched for RSS yet
North Coast Courier,-,N/A,-,,South Africa,northcoastcourier.co.za,,TRUE,,,FALSE,Has existing newsletter - not searched for RSS yet
All About Music,https://allaboutmusic.pl/feed/,Discovered-autodiscovery,N/A,,Poland,allaboutmusic.pl,To Do,TRUE,,,FALSE,Has existing newsletter - not searched for RSS yet
Newsgarden24.com,https://newsgarden24.com/feed,Discovered-autodiscovery,N/A,,Bangladesh,newsgarden24.com,To Do,TRUE,,,FALSE,Has existing newsletter - not searched for RSS yet
Ergasianews,-,N/A,-,,Greece,ergasianews.gr,,TRUE,,,FALSE,Has existing newsletter - not searched for RSS yet
Gaon Connection,https://www.gaonconnection.com/feed/,Discovered-autodiscovery,N/A,,India,gaonconnection.com,To Do,TRUE,,,FALSE,Has existing newsletter - not searched for RSS yet
Agricultural Research Communication Centre,-,N/A,-,,India,arccjournals.com,,TRUE,,,FALSE,Has existing newsletter - not searched for RSS yet
Izumitelno,https://izumitelno.com/feed,Discovered-pattern,N/A,,Bulgaria,izumitelno.com,To Do,TRUE,,,FALSE,Has existing newsletter - not searched for RSS yet
Christmas Discount Offers,https://www.christmasdiscountoffers.co.uk/feed/,Discovered-autodiscovery,N/A,,United Kingdom,christmasdiscountoffers.co.uk,To Do,TRUE,,,FALSE,Has existing newsletter - not searched for RSS yet
Testbook.com,https://testbook.com/blog/feed,Discovered-pattern,N/A,,India,testbook.com,To Do,TRUE,,,FALSE,Has existing newsletter - not searched for RSS yet
eKorinthos.gr,https://ekorinthos.gr/feed/,Discovered-autodiscovery,N/A,,Greece,ekorinthos.gr,To Do,TRUE,,,FALSE,Has existing newsletter - not searched for RSS yet
Wheels.PH,https://wheels.ph/feed,Discovered-pattern,N/A,,Philippines,wheels.ph,To Do,TRUE,,,FALSE,Has existing newsletter - not searched for RSS yet
CiechanowInaczej Lokalny Portal Informacyjny,-,N/A,-,,Poland,ciechanowinaczej.pl,,TRUE,,,FALSE,Has existing newsletter - not searched for RSS yet
Cetățeanul.net,https://cetateanul.net/feed/,Discovered-autodiscovery,N/A,,Romania,cetateanul.net,To Do,TRUE,,,FALSE,Has existing newsletter - not searched for RSS yet
Digital Age,https://digitalage.com.tr/feed/,Discovered-autodiscovery,N/A,,Turkey,digitalage.com.tr,To Do,TRUE,,,FALSE,Has existing newsletter - not searched for RSS yet
Arkitera.com,-,N/A,-,,Turkey,arkitera.com,,TRUE,,,FALSE,Has existing newsletter - not searched for RSS yet
The Register-Mail,-,N/A,-,,United States,galesburg.com,,TRUE,,,FALSE,Has existing newsletter - not searched for RSS yet
Thailandblog.nl,https://www.thailandblog.nl/feed,Discovered-autodiscovery,N/A,,Netherlands,thailandblog.nl,To Do,TRUE,,,FALSE,Has existing newsletter - not searched for RSS yet
Polokwane Observer,http://observer.co.za/feed/,Discovered-pattern,N/A,,South Africa,observer.co.za,To Do,TRUE,,,FALSE,Has existing newsletter - not searched for RSS yet
ELLE Serbia,https://elle.rs/rss/1/Naslovna,Discovered-autodiscovery,N/A,,Serbia,elle.rs,To Do,TRUE,,,FALSE,Has existing newsletter - not searched for RSS yet
Agonas tis Kritis,https://agonaskritis.gr/feed/,Discovered-autodiscovery,N/A,,Greece,agonaskritis.gr,To Do,TRUE,,,FALSE,Has existing newsletter - not searched for RSS yet
Rijeka Danas,https://www.rijekadanas.com/feed/,Discovered-autodiscovery,N/A,,Croatia,rijekadanas.com,To Do,TRUE,,,FALSE,Has existing newsletter - not searched for RSS yet
Live For Films,https://www.liveforfilm.com/feed/,Discovered-autodiscovery,N/A,,United Kingdom,liveforfilm.com,To Do,TRUE,,,FALSE,Has existing newsletter - not searched for RSS yet
De Utrechtse Internet Courant (DUIC),https://www.duic.nl/feed/,Discovered-autodiscovery,N/A,,Netherlands,duic.nl,To Do,TRUE,,,FALSE,Has existing newsletter - not searched for RSS yet
دليلك في تركيا,https://daleelkinturkey.com/feed/,Discovered-autodiscovery,N/A,,Turkey,daleelkinturkey.com,To Do,TRUE,,,FALSE,Has existing newsletter - not searched for RSS yet
Rutherford Source,https://rutherfordsource.com/feed/,Discovered-autodiscovery,N/A,,United States,rutherfordsource.com,To Do,TRUE,,,FALSE,Has existing newsletter - not searched for RSS yet
Tarnowska.tv,-,N/A,-,,Poland,tarnowska.tv,,TRUE,,,FALSE,Has existing newsletter - not searched for RSS yet
80 Level,https://80.lv/feed,Discovered-pattern,N/A,,United States,80.lv,To Do,TRUE,,,FALSE,Has existing newsletter - not searched for RSS yet
B Gazete,-,N/A,-,,Turkey,bgazete.com.tr,,TRUE,,,FALSE,Has existing newsletter - not searched for RSS yet
Kraisthava Ezhuthupura,-,N/A,-,,India,kraisthavaezhuthupura.com,,TRUE,,,FALSE,Has existing newsletter - not searched for RSS yet
النجاح نت,-,N/A,-,,United Arab Emirates,annajah.net,,TRUE,,,FALSE,Has existing newsletter - not searched for RSS yet
明報財經 mpfinance,-,N/A,-,,Hong Kong,mpfinance.com,,TRUE,,,FALSE,Has existing newsletter - not searched for RSS yet
Színház,-,N/A,-,,Hungary,szinhaz.org,,TRUE,,,FALSE,Has existing newsletter - not searched for RSS yet
Caught In Southie,https://caughtinsouthie.com/feed/,Discovered-autodiscovery,N/A,,United States,caughtinsouthie.com,To Do,TRUE,,,FALSE,Has existing newsletter - not searched for RSS yet
Heviz.hu,-,N/A,-,,Hungary,heviz.hu,,TRUE,,,FALSE,Has existing newsletter - not searched for RSS yet
Άγιοι Θεόδωροι,https://agioitheodoroi.com/feed/,Discovered-autodiscovery,N/A,,Greece,agioitheodoroi.com,To Do,TRUE,,,FALSE,Has existing newsletter - not searched for RSS yet
За теб,-,N/A,-,,Bulgaria,zatebbg.net,,TRUE,,,FALSE,Has existing newsletter - not searched for RSS yet
tuWroclaw.com,-,N/A,-,,Poland,tuwroclaw.com,,TRUE,,,FALSE,Has existing newsletter - not searched for RSS yet
Nöjesguiden,https://ng.se/feedstart,Discovered-autodiscovery,N/A,,Sweden,ng.se,To Do,TRUE,,,FALSE,Has existing newsletter - not searched for RSS yet
Palo.gr,http://palo.gr/rss,Discovered-pattern,N/A,,Greece,palo.gr,To Do,TRUE,,,FALSE,Has existing newsletter - not searched for RSS yet
Új Szó,https://ujszo.com/rss.xml,Discovered-pattern,N/A,,Hungary,ujszo.com,To Do,TRUE,,,FALSE,Has existing newsletter - not searched for RSS yet
Agrotypos,-,N/A,-,,Greece,agrotypos.gr,,TRUE,,,FALSE,Has existing newsletter - not searched for RSS yet
العين الإخبارية,https://al-ain.com/feed,Discovered-autodiscovery,N/A,,United Arab Emirates,al-ain.com,To Do,TRUE,,,FALSE,Has existing newsletter - not searched for RSS yet
Pless,https://www.pless.pl/rss.xml,Discovered-autodiscovery,N/A,,Poland,pless.pl,To Do,TRUE,,,FALSE,Has existing newsletter - not searched for RSS yet
Clarksville Online,https://www.clarksvilleonline.com/feed/,Discovered-autodiscovery,N/A,,United States,clarksvilleonline.com,To Do,TRUE,,,FALSE,Has existing newsletter - not searched for RSS yet
Info Pult,https://infpult.info/feed/,Discovered-autodiscovery,N/A,,Croatia,infpult.info,To Do,TRUE,,,FALSE,Has existing newsletter - not searched for RSS yet
91mobiles.com,-,N/A,-,,India,91mobiles.com,,TRUE,,,FALSE,Has existing newsletter - not searched for RSS yet
Tuzlanski,https://tuzlanski.ba/rss,Discovered-pattern,N/A,,Bosnia and Herzegovina,tuzlanski.ba,To Do,TRUE,,,FALSE,Has existing newsletter - not searched for RSS yet
Epirus Tv News,https://www.epirus-tv-news.gr/feeds/posts/default,Discovered-autodiscovery,N/A,,Greece,epirus-tv-news.gr,To Do,TRUE,,,FALSE,Has existing newsletter - not searched for RSS yet
Sportsioannina,-,N/A,-,,Greece,sportsioannina.gr,,TRUE,,,FALSE,Has existing newsletter - not searched for RSS yet
eBrcko.net,-,N/A,-,,Bosnia and Herzegovina,ebrcko.net,,TRUE,,,FALSE,Has existing newsletter - not searched for RSS yet
Magyar Kurír,https://magyarkurir.hu/rss/,Discovered-autodiscovery,N/A,,Hungary,magyarkurir.hu,To Do,TRUE,,,FALSE,Has existing newsletter - not searched for RSS yet
Aktualno,-,N/A,-,,Croatia,aktualno.hr,,TRUE,,,FALSE,Has existing newsletter - not searched for RSS yet
The Facts,-,N/A,-,,United States,thefacts.com,,TRUE,,,FALSE,Has existing newsletter - not searched for RSS yet
MyTex,https://mytex.ro/feed,Discovered-pattern,N/A,,Romania,mytex.ro,To Do,TRUE,,,FALSE,Has existing newsletter - not searched for RSS yet
Stockton Record,-,N/A,-,,United States,recordnet.com,,TRUE,,,FALSE,Has existing newsletter - not searched for RSS yet
My Portal .gr,https://myportal.gr/feed/,Discovered-autodiscovery,N/A,,Greece,myportal.gr,To Do,TRUE,,,FALSE,Has existing newsletter - not searched for RSS yet
Indiaawaj,-,N/A,-,,India,indiaawaj.com,,TRUE,,,FALSE,Has existing newsletter - not searched for RSS yet
TVF Oltenia,https://tvfoltenia.ro/feed/,Discovered-autodiscovery,N/A,,Romania,tvfoltenia.ro,To Do,TRUE,,,FALSE,Has existing newsletter - not searched for RSS yet
Čapljinski portal,https://caportal.net/feed/,Discovered-autodiscovery,N/A,,Croatia,caportal.net,To Do,TRUE,,,FALSE,Has existing newsletter - not searched for RSS yet
Style Magazin,-,N/A,-,,Hungary,stylemagazin.hu,,TRUE,,,FALSE,Has existing newsletter - not searched for RSS yet
Medina Gazette,-,N/A,-,,United States,medina-gazette.com,,TRUE,,,FALSE,Has existing newsletter - not searched for RSS yet
ЖЕНАТА ДНЕС,https://jenatadnes.com/blog/feed,Discovered-pattern,N/A,,Serbia,jenatadnes.com,To Do,TRUE,,,FALSE,Has existing newsletter - not searched for RSS yet
Boro.gr,https://boro.gr/feed/,Discovered-autodiscovery,N/A,,Greece,boro.gr,To Do,TRUE,,,FALSE,Has existing newsletter - not searched for RSS yet
Times News Lehighton,-,N/A,-,,United States,tnonline.com,,TRUE,,,FALSE,Has existing newsletter - not searched for RSS yet
ASD Media,-,N/A,-,,Netherlands,asdnews.com,,TRUE,,,FALSE,Has existing newsletter - not searched for RSS yet
Technowize,https://www.technowize.com/feed/,Discovered-autodiscovery,N/A,,United States,technowize.com,To Do,TRUE,,,FALSE,Has existing newsletter - not searched for RSS yet
Noupe,https://noupe.com/blog/feed,Discovered-pattern,N/A,,United States,noupe.com,To Do,TRUE,,,FALSE,Has existing newsletter - not searched for RSS yet
Releases,-,N/A,-,,United Kingdom,releases.com,,TRUE,,,FALSE,Has existing newsletter - not searched for RSS yet
Eordaialive.com,https://eordaialive.com/feed/,Discovered-autodiscovery,N/A,,Greece,eordaialive.com,To Do,TRUE,,,FALSE,Has existing newsletter - not searched for RSS yet
Doctor's Cafe,-,N/A,-,,Bangladesh,medivoicebd.com,,TRUE,,,FALSE,Has existing newsletter - not searched for RSS yet
Lavart,https://www.lavart.gr/feed/,Discovered-autodiscovery,N/A,,Greece,lavart.gr,To Do,TRUE,,,FALSE,Has existing newsletter - not searched for RSS yet
Dziennik Wschodni,-,N/A,-,,Poland,dziennikwschodni.pl,,TRUE,,,FALSE,Has existing newsletter - not searched for RSS yet
Sheen Magazine,https://www.sheenmagazine.com/feed/,Discovered-autodiscovery,N/A,,United States,sheenmagazine.com,To Do,TRUE,,,FALSE,Has existing newsletter - not searched for RSS yet
Freegroup,https://free.com.tw/feed/,Discovered-autodiscovery,N/A,,Taiwan,free.com.tw,To Do,TRUE,,,FALSE,Has existing newsletter - not searched for RSS yet
The American Spectator,https://spectator.org/feed,Discovered-pattern,N/A,,United States,spectator.org,To Do,TRUE,,,FALSE,Has existing newsletter - not searched for RSS yet
Curly Tales,https://curlytales.com/comments/feed/,Discovered-autodiscovery,N/A,,India,curlytales.com,To Do,TRUE,,,FALSE,Has existing newsletter - not searched for RSS yet
World News Network,-,N/A,-,,United Kingdom,wn.com,,TRUE,,,FALSE,Has existing newsletter - not searched for RSS yet
IMPRI Impact and Policy Research Institute,https://www.impriindia.com/feed/,Discovered-autodiscovery,N/A,,India,impriindia.com,To Do,TRUE,,,FALSE,Has existing newsletter - not searched for RSS yet
Hauterrfly,https://hauterrfly.com/feed/,Discovered-autodiscovery,N/A,,India,hauterrfly.com,To Do,TRUE,,,FALSE,Has existing newsletter - not searched for RSS yet
That Grape Juice,https://thatgrapejuice.net/feed,Discovered-pattern,N/A,,United Kingdom,thatgrapejuice.net,To Do,TRUE,,,FALSE,Has existing newsletter - not searched for RSS yet
Auto Bild,https://auto-bild.ro/feed,Discovered-pattern,N/A,,Romania,auto-bild.ro,To Do,TRUE,,,FALSE,Has existing newsletter - not searched for RSS yet
Law Officer,-,N/A,-,,United States,lawofficer.com,,TRUE,,,FALSE,Has existing newsletter - not searched for RSS yet
Kimura.se,https://www.kimura.se/feed/,Discovered-autodiscovery,N/A,,Sweden,kimura.se,To Do,TRUE,,,FALSE,Has existing newsletter - not searched for RSS yet
Bochnianin.pl,https://bochnianin.pl/feed/,Discovered-autodiscovery,N/A,,Poland,bochnianin.pl,To Do,TRUE,,,FALSE,Has existing newsletter - not searched for RSS yet
RMN News,https://rmn.ph/feed/,Discovered-autodiscovery,N/A,,Philippines,rmn.ph,To Do,TRUE,,,FALSE,Has existing newsletter - not searched for RSS yet
Barendrechts Dagblad,https://barendrechtsdagblad.nl/feed,Discovered-pattern,N/A,,Netherlands,barendrechtsdagblad.nl,To Do,TRUE,,,FALSE,Has existing newsletter - not searched for RSS yet
ROSA,-,N/A,-,,Greece,rosa.gr,,TRUE,,,FALSE,Has existing newsletter - not searched for RSS yet
eduline.hu,https://eduline.hu/rss,Discovered-pattern,N/A,,Hungary,eduline.hu,To Do,TRUE,,,FALSE,Has existing newsletter - not searched for RSS yet
Metrosport,https://metrosport.gr/feed,Discovered-pattern,N/A,,Greece,metrosport.gr,To Do,TRUE,,,FALSE,Has existing newsletter - not searched for RSS yet
Peoples Dispatch,https://peoplesdispatch.org/feed,Discovered-pattern,N/A,,India,peoplesdispatch.org,To Do,TRUE,,,FALSE,Has existing newsletter - not searched for RSS yet
Yerel Güç,https://yerelguc.com/rss,Discovered-pattern,N/A,,Turkey,yerelguc.com,To Do,TRUE,,,FALSE,Has existing newsletter - not searched for RSS yet
Su Hakki!,https://suhakki.org/feed/,Discovered-autodiscovery,N/A,,Turkey,suhakki.org,To Do,TRUE,,,FALSE,Has existing newsletter - not searched for RSS yet
Biała24,-,N/A,-,,Poland,bp24.pl,,TRUE,,,FALSE,Has existing newsletter - not searched for RSS yet
Εφημερίδα Μακεδονία,https://www.emakedonia.gr/feed,Discovered-autodiscovery,N/A,,Greece,makthes.gr,To Do,TRUE,,,FALSE,Has existing newsletter - not searched for RSS yet
Autopro.hu,https://autopro.hu/feed/all.rss,Discovered-autodiscovery,N/A,,Hungary,autopro.hu,To Do,TRUE,,,FALSE,Has existing newsletter - not searched for RSS yet
Gaziantep27,https://gaziantep27.net/rss,Discovered-pattern,N/A,,Turkey,gaziantep27.net,To Do,TRUE,,,FALSE,Has existing newsletter - not searched for RSS yet
VårtOslo,-,N/A,-,,Norway,vartoslo.no,,TRUE,,,FALSE,Has existing newsletter - not searched for RSS yet
newsbucuresti.ro,https://newsbucuresti.ro/feed/,Discovered-autodiscovery,N/A,,Romania,newsbucuresti.ro,To Do,TRUE,,,FALSE,Has existing newsletter - not searched for RSS yet
VARINDIA IT Magazine,-,N/A,-,,India,varindia.com,,TRUE,,,FALSE,Has existing newsletter - not searched for RSS yet
Știrile Transilvaniei,https://stiriletransilvaniei.eu/feed/,Discovered-autodiscovery,N/A,,Romania,stiriletransilvaniei.ro,To Do,TRUE,,,FALSE,Has existing newsletter - not searched for RSS yet
Absolute India News,-,N/A,-,,India,absoluteindianews.com,,TRUE,,,FALSE,Has existing newsletter - not searched for RSS yet
Gazeta de Cluj,https://gazetadecluj.ro/feed/,Discovered-autodiscovery,N/A,,Romania,gazetadecluj.ro,To Do,TRUE,,,FALSE,Has existing newsletter - not searched for RSS yet
Ziua de Vest,https://www.ziuadevest.ro/feed/,Discovered-autodiscovery,N/A,,Romania,ziuadevest.ro,To Do,TRUE,,,FALSE,Has existing newsletter - not searched for RSS yet
Новите родители,https://www.noviteroditeli.bg/rss.xml,Discovered-autodiscovery,N/A,,Bulgaria,noviteroditeli.bg,To Do,TRUE,,,FALSE,Has existing newsletter - not searched for RSS yet
Body Armor News,https://www.bodyarmornews.com/feed/,Discovered-autodiscovery,N/A,,Netherlands,bodyarmornews.com,To Do,TRUE,,,FALSE,Has existing newsletter - not searched for RSS yet
Best-TV,https://best-tv.gr/feed/,Discovered-autodiscovery,N/A,,Greece,best-tv.gr,To Do,TRUE,,,FALSE,Has existing newsletter - not searched for RSS yet
Türkinfo,https://turkinfo.hu/language/hu/feed/,Discovered-autodiscovery,N/A,,Hungary,turkinfo.hu,To Do,TRUE,,,FALSE,Has existing newsletter - not searched for RSS yet
Kashmir Reader,-,N/A,-,,India,kashmirreader.com,,TRUE,,,FALSE,Has existing newsletter - not searched for RSS yet
NL Times,https://nltimes.nl/rssfeed2,Discovered-autodiscovery,N/A,,Netherlands,nltimes.nl,To Do,TRUE,,,FALSE,Has existing newsletter - not searched for RSS yet
Radio Banovina,-,N/A,-,,Croatia,radio-banovina.hr,,TRUE,,,FALSE,Has existing newsletter - not searched for RSS yet
7dnevno,-,N/A,-,,Croatia,7dnevno.hr,,TRUE,,,FALSE,Has existing newsletter - not searched for RSS yet
Money & Tourism,-,N/A,-,,Greece,money-tourism.gr,,TRUE,,,FALSE,Has existing newsletter - not searched for RSS yet
Oside News,-,N/A,-,,United States,osidenews.com,,TRUE,,,FALSE,Has existing newsletter - not searched for RSS yet
Giresun Gazete,https://giresungazete.com.tr/feed/,Discovered-autodiscovery,N/A,,Turkey,giresungazete.net,To Do,TRUE,,,FALSE,Has existing newsletter - not searched for RSS yet
Pallomeri,https://pallomeri.net/feed/,Discovered-autodiscovery,N/A,,Finland,pallomeri.net,To Do,TRUE,,,FALSE,Has existing newsletter - not searched for RSS yet
Best Media Info,https://bestmediainfo.com/rss,Discovered-autodiscovery,N/A,,India,bestmediainfo.com,To Do,TRUE,,,FALSE,Has existing newsletter - not searched for RSS yet
Transport-Publiczny,https://www.transport-publiczny.pl/rss/rss.xml,Discovered-autodiscovery,N/A,,Poland,transport-publiczny.pl,To Do,TRUE,,,FALSE,Has existing newsletter - not searched for RSS yet
Statecraft,-,N/A,-,,India,statecraft.co.in,,TRUE,,,FALSE,Has existing newsletter - not searched for RSS yet
Almuthaqaf,-,N/A,-,,Australia,almothaqaf.com,,TRUE,,,FALSE,Has existing newsletter - not searched for RSS yet
Yugopapir,http://www.yugopapir.com/feeds/posts/default,Discovered-autodiscovery,N/A,,Bosnia and Herzegovina,yugopapir.com,To Do,TRUE,,,FALSE,Has existing newsletter - not searched for RSS yet
Big News,https://www.kalakaumudi.com/rss,Discovered-autodiscovery,N/A,,India,kalakaumudi.com,To Do,TRUE,,,FALSE,Has existing newsletter - not searched for RSS yet
Toplumsal Haber,https://toplumsal.com.tr/rss,Discovered-pattern,N/A,,Turkey,toplumsal.com.tr,To Do,TRUE,,,FALSE,Has existing newsletter - not searched for RSS yet
Traction,https://traction.gr/feed/,Discovered-autodiscovery,N/A,,Greece,traction.gr,To Do,TRUE,,,FALSE,Has existing newsletter - not searched for RSS yet
The Sunday Guardian,https://sundayguardianlive.com/feed/,Discovered-autodiscovery,N/A,,India,sundayguardianlive.com,To Do,TRUE,,,FALSE,Has existing newsletter - not searched for RSS yet
Mobile Bulgaria,https://mobilebulgaria.com/rss,Discovered-pattern,N/A,,Bulgaria,mobilebulgaria.com,To Do,TRUE,,,FALSE,Has existing newsletter - not searched for RSS yet
BurgasNovinite,https://www.burgasnovinite.bg/feeds/posts/default,Discovered-autodiscovery,N/A,,Bulgaria,burgasnovinite.bg,To Do,TRUE,,,FALSE,Has existing newsletter - not searched for RSS yet
News Bharati,-,N/A,-,,India,newsbharati.com,,TRUE,,,FALSE,Has existing newsletter - not searched for RSS yet
Zöld Ujsag,-,N/A,-,,Hungary,zoldujsag.hu,,TRUE,,,FALSE,Has existing newsletter - not searched for RSS yet
Kalavryta News,https://www.kalavrytanews.com/feeds/posts/default,Discovered-autodiscovery,N/A,,Greece,kalavrytanews.com,To Do,TRUE,,,FALSE,Has existing newsletter - not searched for RSS yet
Legal Era - Legal Media Group,https://www.legaleraonline.com/google_feeds.xml,Discovered-autodiscovery,N/A,,India,legaleraonline.com,To Do,TRUE,,,FALSE,Has existing newsletter - not searched for RSS yet
Rijswijks Dagblad,https://rijswijksdagblad.nl/feed,Discovered-pattern,N/A,,Netherlands,rijswijksdagblad.nl,To Do,TRUE,,,FALSE,Has existing newsletter - not searched for RSS yet
UCA News,-,N/A,-,,Hong Kong,ucanews.com,,TRUE,,,FALSE,Has existing newsletter - not searched for RSS yet
Social Samosa,https://www.socialsamosa.com/rss,Discovered-autodiscovery,N/A,,India,socialsamosa.com,To Do,TRUE,,,FALSE,Has existing newsletter - not searched for RSS yet
Daily Dastak,-,N/A,-,,Netherlands,dailydastak.com,,TRUE,,,FALSE,Has existing newsletter - not searched for RSS yet
Infostart,-,N/A,-,,Hungary,infostart.hu,,TRUE,,,FALSE,Has existing newsletter - not searched for RSS yet
Zvornik Danas,https://www.zvornikdanas.com/feed/,Discovered-autodiscovery,N/A,,Bosnia and Herzegovina,zvornikdanas.com,To Do,TRUE,,,FALSE,Has existing newsletter - not searched for RSS yet
Jenite.bg,-,N/A,-,,Bulgaria,jenite.bg,,TRUE,,,FALSE,Has existing newsletter - not searched for RSS yet
Tabletowo,https://www.tabletowo.pl/feed/,Discovered-autodiscovery,N/A,,Poland,tabletowo.pl,To Do,TRUE,,,FALSE,Has existing newsletter - not searched for RSS yet
Best Classic Bands,https://bestclassicbands.com/feed/,Discovered-autodiscovery,N/A,,United States,bestclassicbands.com,To Do,TRUE,,,FALSE,Has existing newsletter - not searched for RSS yet
Ridderkerks Dagblad,https://ridderkerksdagblad.nl/feed,Discovered-pattern,N/A,,Netherlands,ridderkerksdagblad.nl,To Do,TRUE,,,FALSE,Has existing newsletter - not searched for RSS yet
Dinar Recaps,-,N/A,-,,United States,dinarrecaps.com,,TRUE,,,FALSE,Has existing newsletter - not searched for RSS yet
DrydenWire,https://drydenwire.com/news-feed/,Discovered-autodiscovery,N/A,,United States,drydenwire.com,To Do,TRUE,,,FALSE,Has existing newsletter - not searched for RSS yet
Alabama Political Reporter,https://www.alreporter.com/feed/,Discovered-autodiscovery,N/A,,United States,alreporter.com,To Do,TRUE,,,FALSE,Has existing newsletter - not searched for RSS yet
Ajker Bangladesh,-,N/A,-,,Bangladesh,ajkerbangladesh.com.bd,,TRUE,,,FALSE,Has existing newsletter - not searched for RSS yet
Fresno State,https://www.fresnostatenews.com/feed/,Discovered-autodiscovery,N/A,,United States,fresnostatenews.com,To Do,TRUE,,,FALSE,Has existing newsletter - not searched for RSS yet
Ameryka Po Polsku,https://amerykapopolsku.com/feed/,Discovered-autodiscovery,N/A,,United States,amerykapopolsku.com,To Do,TRUE,,,FALSE,Has existing newsletter - not searched for RSS yet
Aylogyros News,-,N/A,-,,Greece,aylogyrosnews.gr,,TRUE,,,FALSE,Has existing newsletter - not searched for RSS yet
ViaDiplomacy,https://viadiplomacy.gr/feed,Discovered-pattern,N/A,,Greece,viadiplomacy.gr,To Do,TRUE,,,FALSE,Has existing newsletter - not searched for RSS yet
Antic Shop,-,N/A,-,,Romania,antic-shop.ro,,TRUE,,,FALSE,Has existing newsletter - not searched for RSS yet
Brcko Danas,https://www.brckodanas.com/feed/,Discovered-autodiscovery,N/A,,Bosnia and Herzegovina,brckodanas.com,To Do,TRUE,,,FALSE,Has existing newsletter - not searched for RSS yet
Bonner County Daily Bee,-,N/A,-,,United States,bonnercountydailybee.com,,TRUE,,,FALSE,Has existing newsletter - not searched for RSS yet
Climate Action Network South Asia (CANSA),https://cansouthasia.net/feed,Discovered-pattern,N/A,,Bangladesh,cansouthasia.net,To Do,TRUE,,,FALSE,Has existing newsletter - not searched for RSS yet
Interview,https://interview.ba/feed/,Discovered-autodiscovery,N/A,,Bosnia and Herzegovina,interview.ba,To Do,TRUE,,,FALSE,Has existing newsletter - not searched for RSS yet
Iredell Free News,https://www.iredellfreenews.com/feed/,Discovered-autodiscovery,N/A,,United States,iredellfreenews.com,To Do,TRUE,,,FALSE,Has existing newsletter - not searched for RSS yet
Fast Philly Sports,https://fastphillysports.com/feed/,Discovered-autodiscovery,N/A,,United States,fastphillysports.com,To Do,TRUE,,,FALSE,Has existing newsletter - not searched for RSS yet
Eye on Annapolis,-,N/A,-,,United States,eyeonannapolis.net,,TRUE,,,FALSE,Has existing newsletter - not searched for RSS yet
3 Quarks Daily,https://3quarksdaily.com/feed,Discovered-autodiscovery,N/A,,United States,3quarksdaily.com,To Do,TRUE,,,FALSE,Has existing newsletter - not searched for RSS yet
Canberra City News,-,N/A,-,,Australia,citynews.com.au,,TRUE,,,FALSE,Has existing newsletter - not searched for RSS yet
Sonline,-,N/A,-,,Hungary,sonline.hu,,TRUE,,,FALSE,Has existing newsletter - not searched for RSS yet
Ms. Career Girl,https://www.mscareergirl.com/feed/,Discovered-autodiscovery,N/A,,United States,mscareergirl.com,To Do,TRUE,,,FALSE,Has existing newsletter - not searched for RSS yet
Bani si Afaceri,https://banisiafaceri.ro/rss,Discovered-pattern,N/A,,Romania,banisiafaceri.ro,To Do,TRUE,,,FALSE,Has existing newsletter - not searched for RSS yet
Business Goa,https://businessgoa.in/feed/,Discovered-autodiscovery,N/A,,India,businessgoa.in,To Do,TRUE,,,FALSE,Has existing newsletter - not searched for RSS yet
Voucher Ergasia,https://www.voucherergasia.gr/feed/,Discovered-autodiscovery,N/A,,Greece,voucherergasia.gr,To Do,TRUE,,,FALSE,Has existing newsletter - not searched for RSS yet
Akademik Personel,https://www.akademikpersonel.org/feed/,Discovered-autodiscovery,N/A,,Turkey,akademikpersonel.org,To Do,TRUE,,,FALSE,Has existing newsletter - not searched for RSS yet
Basilica Press Center,https://basilica.ro/feed/,Discovered-pattern,N/A,,Romania,basilica.ro,To Do,TRUE,,,FALSE,Has existing newsletter - not searched for RSS yet
The Greek Herald,https://greekherald.com.au/feed/,Discovered-autodiscovery,N/A,,Australia,greekherald.com.au,To Do,TRUE,,,FALSE,Has existing newsletter - not searched for RSS yet
KBUR,https://www.kbur.com/feed/,Discovered-autodiscovery,N/A,,United States,kbur.com,To Do,TRUE,,,FALSE,Has existing newsletter - not searched for RSS yet
Cover Style,https://coverstyle.hr/feed/,Discovered-autodiscovery,N/A,,Croatia,cover.style,To Do,TRUE,,,FALSE,Has existing newsletter - not searched for RSS yet
Properties 284 Media,-,N/A,-,,United Kingdom,284media.com,,TRUE,,,FALSE,Has existing newsletter - not searched for RSS yet
Magic Mile Media,https://magicmilemedia.com/blog/rss.xml,Discovered-pattern,N/A,,United States,magicmilemedia.com,To Do,TRUE,,,FALSE,Has existing newsletter - not searched for RSS yet
fmc.hu,-,N/A,-,,Hungary,fmc.hu,,TRUE,,,FALSE,Has existing newsletter - not searched for RSS yet
GrootSneek,-,N/A,-,,Netherlands,grootsneek.nl,,TRUE,,,FALSE,Has existing newsletter - not searched for RSS yet
Courthouse News,-,N/A,-,,United States,courthousenews.com,,TRUE,,,FALSE,Has existing newsletter - not searched for RSS yet
Emery County Progress,https://etvnews.com/rss,Discovered-pattern,N/A,,United States,etvnews.com,To Do,TRUE,,,FALSE,Has existing newsletter - not searched for RSS yet
Konkurent.bg,https://konkurent.bg/feed,Discovered-pattern,N/A,,Bulgaria,konkurent.bg,To Do,TRUE,,,FALSE,Has existing newsletter - not searched for RSS yet
Business Magazine BiH,https://business-magazine.ba/feed/,Discovered-autodiscovery,N/A,,Bosnia and Herzegovina,business-magazine.ba,To Do,TRUE,,,FALSE,Has existing newsletter - not searched for RSS yet
Crypto Daily,https://cryptodaily.co.uk/feed,Discovered-pattern,N/A,,United Kingdom,cryptodaily.co.uk,To Do,TRUE,,,FALSE,Has existing newsletter - not searched for RSS yet
Ramble Media,-,N/A,-,,Jamaica,buzz-caribbean.com,,TRUE,,,FALSE,Has existing newsletter - not searched for RSS yet
Har Gitanepe,https://hargitanepe.eu/feed/,Discovered-autodiscovery,N/A,,Hungary,hargitanepe.eu,To Do,TRUE,,,FALSE,Has existing newsletter - not searched for RSS yet
Teacher Toolkit,-,N/A,-,,United Kingdom,teachertoolkit.co.uk,,TRUE,,,FALSE,Has existing newsletter - not searched for RSS yet
Kisalföld,-,N/A,-,,Hungary,kisalfold.hu,,TRUE,,,FALSE,Has existing newsletter - not searched for RSS yet
Hypebot,https://www.hypebot.com/feed,Discovered-autodiscovery,N/A,,United States,hypebot.com,To Do,TRUE,,,FALSE,Has existing newsletter - not searched for RSS yet
DutchReview,-,N/A,-,,Netherlands,dutchreview.com,,TRUE,,,FALSE,Has existing newsletter - not searched for RSS yet
25YL,https://25yearslatersite.com/feed,Discovered-pattern,N/A,,United States,25yearslatersite.com,To Do,TRUE,,,FALSE,Has existing newsletter - not searched for RSS yet
Euractiv.gr,-,N/A,-,,Greece,euractiv.gr,,TRUE,,,FALSE,Has existing newsletter - not searched for RSS yet
ΑΕΛ,https://www.aelole.gr/feeds/posts/default,Discovered-autodiscovery,N/A,,Greece,aelole.gr,To Do,TRUE,,,FALSE,Has existing newsletter - not searched for RSS yet
Fairbanks Daily News-Miner,-,N/A,-,,United States,newsminer.com,,TRUE,,,FALSE,Has existing newsletter - not searched for RSS yet
Massive Science Inc.,https://massivesci.com/feed.xml,Discovered-autodiscovery,N/A,,United States,massivesci.com,To Do,TRUE,,,FALSE,Has existing newsletter - not searched for RSS yet
Celts Are Here,https://celtsarehere.com/feed/,Discovered-autodiscovery,N/A,,United Kingdom,celtsarehere.com,To Do,TRUE,,,FALSE,Has existing newsletter - not searched for RSS yet
InfoBistrița,-,N/A,-,,Romania,infobistrita.ro,,TRUE,,,FALSE,Has existing newsletter - not searched for RSS yet
Eviathema,https://eviathema.gr/feed/,Discovered-autodiscovery,N/A,,Greece,eviathema.gr,To Do,TRUE,,,FALSE,Has existing newsletter - not searched for RSS yet
Frequent Miler,https://frequentmiler.com/feed/,Discovered-autodiscovery,N/A,,United States,frequentmiler.com,To Do,TRUE,,,FALSE,Has existing newsletter - not searched for RSS yet
EMEA.gr,-,N/A,-,,Greece,emea.gr,,TRUE,,,FALSE,Has existing newsletter - not searched for RSS yet
Cricket World,-,N/A,-,,United Kingdom,cricketworld.com,,TRUE,,,FALSE,Has existing newsletter - not searched for RSS yet
AeginaPortal,-,N/A,-,,Greece,aeginaportal.gr,,TRUE,,,FALSE,Has existing newsletter - not searched for RSS yet
Energetyka24,https://energetyka24.com/feed,Discovered-pattern,N/A,,Poland,energetyka24.com,To Do,TRUE,,,FALSE,Has existing newsletter - not searched for RSS yet
BasketWorld.net,https://basketworld.net/feed/,Discovered-autodiscovery,N/A,,Greece,basketworld.net,To Do,TRUE,,,FALSE,Has existing newsletter - not searched for RSS yet
Kosnet,-,N/A,-,,Greece,kostoday.com,,TRUE,,,FALSE,Has existing newsletter - not searched for RSS yet
NaszTomaszow,-,N/A,-,,Poland,nasztomaszow.pl,,TRUE,,,FALSE,Has existing newsletter - not searched for RSS yet
Galveston Newspapers,-,N/A,-,,United States,galvnews.com,,TRUE,,,FALSE,Has existing newsletter - not searched for RSS yet
Americus Times-Recorder,https://americustimesrecorder.com/feed,Discovered-pattern,N/A,,United States,americustimesrecorder.com,To Do,TRUE,,,FALSE,Has existing newsletter - not searched for RSS yet
Boston Poetry Slam,https://bostonpoetryslam.com/feed,Discovered-autodiscovery,N/A,,United States,bostonpoetryslam.com,To Do,TRUE,,,FALSE,Has existing newsletter - not searched for RSS yet
Ojai Valley News,-,N/A,-,,United States,ojaivalleynews.com,,TRUE,,,FALSE,Has existing newsletter - not searched for RSS yet
ZGexpress,https://zgexpress.net/feed/,Discovered-autodiscovery,N/A,,Croatia,zgexpress.net,To Do,TRUE,,,FALSE,Has existing newsletter - not searched for RSS yet
Mindahome House and Pet Sitting,https://mindahome.com.au/blog/feed,Discovered-pattern,N/A,,Australia,mindahome.com.au,To Do,TRUE,,,FALSE,Has existing newsletter - not searched for RSS yet
Case Practice,https://casepractice.ro/feed/,Discovered-pattern,N/A,,Romania,casepractice.ro,To Do,TRUE,,,FALSE,Has existing newsletter - not searched for RSS yet
Autopress.hr,https://www.autopress.hr/feed/,Discovered-autodiscovery,N/A,,Croatia,autopress.hr,To Do,TRUE,,,FALSE,Has existing newsletter - not searched for RSS yet
Buro Serbia,https://buro247.rs/feed/,Discovered-autodiscovery,N/A,,Serbia,buro247.rs,To Do,TRUE,,,FALSE,Has existing newsletter - not searched for RSS yet
Advertising.gr,-,N/A,-,,Greece,advertising.gr,,TRUE,,,FALSE,Has existing newsletter - not searched for RSS yet
Genocide Watch,https://www.genocidewatch.com/blog-feed.xml,Discovered-autodiscovery,N/A,,United States,genocidewatch.com,To Do,TRUE,,,FALSE,Has existing newsletter - not searched for RSS yet
Margriet,-,N/A,-,,Netherlands,margriet.nl,,TRUE,,,FALSE,Has existing newsletter - not searched for RSS yet
Świat OZE,https://swiatoze.pl/feed,Discovered-pattern,N/A,,Poland,swiatoze.pl,To Do,TRUE,,,FALSE,Has existing newsletter - not searched for RSS yet
TravMagazine,https://www.travmagazine.nl/feed/,Discovered-autodiscovery,N/A,,Netherlands,travmagazine.nl,To Do,TRUE,,,FALSE,Has existing newsletter - not searched for RSS yet
PrijedorDanas,https://www.prijedordanas.com/?feed=rss2,Discovered-autodiscovery,N/A,,Bosnia and Herzegovina,prijedordanas.com,To Do,TRUE,,,FALSE,Has existing newsletter - not searched for RSS yet
Geek Native,https://feeds.feedburner.com/GeekNative,Discovered-autodiscovery,N/A,,United Kingdom,geeknative.com,To Do,TRUE,,,FALSE,Has existing newsletter - not searched for RSS yet
Atlantea,https://atlantea.news/feed/,Discovered-autodiscovery,N/A,,Greece,atlantea.news,To Do,TRUE,,,FALSE,Has existing newsletter - not searched for RSS yet
Akhil Bharatiya Vidyarthi Parishad (ABVP),https://abvp.org/rss.xml,Discovered-pattern,N/A,,India,abvp.org,To Do,TRUE,,,FALSE,Has existing newsletter - not searched for RSS yet
Digital Winners,https://www.digitalwinners.gr/feed/,Discovered-autodiscovery,N/A,,Greece,digitalwinners.gr,To Do,TRUE,,,FALSE,Has existing newsletter - not searched for RSS yet
Keep Talking Greece,-,N/A,-,,Greece,keeptalkinggreece.com,,TRUE,,,FALSE,Has existing newsletter - not searched for RSS yet
Zaol,-,N/A,-,,Hungary,zaol.hu,,TRUE,,,FALSE,Has existing newsletter - not searched for RSS yet
Farce the Music,-,N/A,-,,United States,farcethemusic.com,,TRUE,,,FALSE,Has existing newsletter - not searched for RSS yet
Mirage Magazin,https://miragemagazin.hu/feed/,Discovered-autodiscovery,N/A,,Hungary,miragemagazin.hu,To Do,TRUE,,,FALSE,Has existing newsletter - not searched for RSS yet
Adgully,-,N/A,-,,India,adgully.com,,TRUE,,,FALSE,Has existing newsletter - not searched for RSS yet
Downtown Alliance,https://downtownny.com/feed/,Discovered-autodiscovery,N/A,,United States,downtownny.com,To Do,TRUE,,,FALSE,Has existing newsletter - not searched for RSS yet
Farmer.pl,https://www.farmer.pl/fragments/rss/rss000.xml,Discovered-autodiscovery,N/A,,Poland,farmer.pl,To Do,TRUE,,,FALSE,Has existing newsletter - not searched for RSS yet
Gercek Haberci,https://www.gercekhaberci.com/rss,Discovered-autodiscovery,N/A,,Turkey,gercekhaberci.com,To Do,TRUE,,,FALSE,Has existing newsletter - not searched for RSS yet
Curiosmos,https://curiosmos.com/feed/,Discovered-autodiscovery,N/A,,Croatia,curiosmos.com,To Do,TRUE,,,FALSE,Has existing newsletter - not searched for RSS yet
GR TIMES,https://www.grtimes.gr/feed,Discovered-autodiscovery,N/A,,Greece,grtimes.gr,To Do,TRUE,,,FALSE,Has existing newsletter - not searched for RSS yet
Dublin Gazette Newspapers,-,N/A,-,,Ireland,dublingazette.com,,TRUE,,,FALSE,Has existing newsletter - not searched for RSS yet
Bihor News,https://bihornews.ro/feed/,Discovered-autodiscovery,N/A,,Romania,bihornews.ro,To Do,TRUE,,,FALSE,Has existing newsletter - not searched for RSS yet
DestinAsian Indonesia,-,N/A,-,,Indonesia,destinasian.co.id,,TRUE,,,FALSE,Has existing newsletter - not searched for RSS yet
Almopia 24,https://www.almopia24.gr/feeds/posts/default,Discovered-autodiscovery,N/A,,Greece,almopia24.gr,To Do,TRUE,,,FALSE,Has existing newsletter - not searched for RSS yet
BusinessDaily,https://businessdaily.gr/rss.xml,Discovered-pattern,N/A,,Greece,businessdaily.gr,To Do,TRUE,,,FALSE,Has existing newsletter - not searched for RSS yet
Autogreeknews,https://autogreeknews.gr/feed,Discovered-pattern,N/A,,Greece,autogreeknews.gr,To Do,TRUE,,,FALSE,Has existing newsletter - not searched for RSS yet
Endtime Ministries,-,N/A,-,,United States,endtime.com,,TRUE,,,FALSE,Has existing newsletter - not searched for RSS yet
City of Larnaka,-,N/A,-,,Greece,cityoflarnaka.com,,TRUE,,,FALSE,Has existing newsletter - not searched for RSS yet
Miumag,https://miumag.pl/feed,Discovered-pattern,N/A,,Poland,miumag.pl,To Do,TRUE,,,FALSE,Has existing newsletter - not searched for RSS yet
KMA Broadcasting,-,N/A,-,,United States,kmaland.com,,TRUE,,,FALSE,Has existing newsletter - not searched for RSS yet
Demokrat Kocaeli Gazetesi,-,N/A,-,,Turkey,demokratkocaeli.com,,TRUE,,,FALSE,Has existing newsletter - not searched for RSS yet
GearJunkie,https://gearjunkie.com/feed,Discovered-autodiscovery,N/A,,United States,gearjunkie.com,To Do,TRUE,,,FALSE,Has existing newsletter - not searched for RSS yet
TalkBasket.net,https://talkbasket.net/feed,Discovered-pattern,N/A,,United States,talkbasket.net,To Do,TRUE,,,FALSE,Has existing newsletter - not searched for RSS yet
The Christian Index,-,N/A,-,,United States,christianindex.org,,TRUE,,,FALSE,Has existing newsletter - not searched for RSS yet
ProSoundWeb,-,N/A,-,,United States,prosoundweb.com,,TRUE,,,FALSE,Has existing newsletter - not searched for RSS yet
Go Country 105,-,N/A,-,,United States,gocountry105.com,,TRUE,,,FALSE,Has existing newsletter - not searched for RSS yet
Patrida Chios,https://tvpatrida.gr/feed/,Discovered-autodiscovery,N/A,,Greece,tvpatrida.gr,To Do,TRUE,,,FALSE,Has existing newsletter - not searched for RSS yet
Međimurje Press,https://medjimurjepress.net/feed/,Discovered-autodiscovery,N/A,,Croatia,medjimurjepress.net,To Do,TRUE,,,FALSE,Has existing newsletter - not searched for RSS yet
Nederweert24,https://www.nederweert24.nl/feed/,Discovered-autodiscovery,N/A,,Netherlands,nederweert24.nl,To Do,TRUE,,,FALSE,Has existing newsletter - not searched for RSS yet
Kastoriani Estia,https://www.kastorianiestia.gr/feed/,Discovered-autodiscovery,N/A,,Greece,kastorianiestia.gr,To Do,TRUE,,,FALSE,Has existing newsletter - not searched for RSS yet
Havre Daily News,https://havredailynews.com/rss,Discovered-pattern,N/A,,United States,havredailynews.com,To Do,TRUE,,,FALSE,Has existing newsletter - not searched for RSS yet
ProBasket,https://probasket.pl/feed/,Discovered-autodiscovery,N/A,,Poland,probasket.pl,To Do,TRUE,,,FALSE,Has existing newsletter - not searched for RSS yet
Antinews,-,N/A,-,,Greece,antinews.gr,,TRUE,,,FALSE,Has existing newsletter - not searched for RSS yet
WHAV 97.9,-,N/A,-,,United States,whav.net,,TRUE,,,FALSE,Has existing newsletter - not searched for RSS yet
New Haven Independent,https://www.newhavenindependent.org/feed/,Discovered-autodiscovery,N/A,,United States,newhavenindependent.org,To Do,TRUE,,,FALSE,Has existing newsletter - not searched for RSS yet
Brotnjo,https://www.brotnjo.info/feed/,Discovered-autodiscovery,N/A,,Bosnia and Herzegovina,brotnjo.info,To Do,TRUE,,,FALSE,Has existing newsletter - not searched for RSS yet
Evangélikus,https://evangelikus.hu/?format=feed&type=rss,Discovered-autodiscovery,N/A,,Hungary,evangelikus.hu,To Do,TRUE,,,FALSE,Has existing newsletter - not searched for RSS yet
Health Data Management,-,N/A,-,,United States,healthdatamanagement.com,,TRUE,,,FALSE,Has existing newsletter - not searched for RSS yet
Kingsizemag.se,https://www.kingsizemag.se/feed/,Discovered-autodiscovery,N/A,,Sweden,kingsizemag.se,To Do,TRUE,,,FALSE,Has existing newsletter - not searched for RSS yet
Weekly World News,https://weeklyworldnews.com/feed/,Discovered-autodiscovery,N/A,,United States,weeklyworldnews.com,To Do,TRUE,,,FALSE,Has existing newsletter - not searched for RSS yet
North American Animal Liberation Press Office,https://animalliberationpressoffice.org/NAALPO/feed/,Discovered-autodiscovery,N/A,,United States,animalliberationpressoffice.org,To Do,TRUE,,,FALSE,Has existing newsletter - not searched for RSS yet
Morski HR,https://www.morski.hr/rss/,Discovered-autodiscovery,N/A,,Hungary,morski.hr,To Do,TRUE,,,FALSE,Has existing newsletter - not searched for RSS yet
Baptist news Global,-,N/A,-,,United States,baptistnews.com,,TRUE,,,FALSE,Has existing newsletter - not searched for RSS yet
African Technology Advisory,https://africantechnologyadvisory.com/feed/,Discovered-autodiscovery,N/A,,South Africa,africantechnologyadvisory.com,To Do,TRUE,,,FALSE,Has existing newsletter - not searched for RSS yet
LovechToday,https://lovechtoday.eu/feed/,Discovered-autodiscovery,N/A,,Bulgaria,lovechtoday.eu,To Do,TRUE,,,FALSE,Has existing newsletter - not searched for RSS yet
Telewizja Starachowice,-,N/A,-,,Poland,tv.starachowice.pl,,TRUE,,,FALSE,Has existing newsletter - not searched for RSS yet
Mesogeios TV,https://www.mesogeiostv.gr/feed/,Discovered-autodiscovery,N/A,,Greece,mesogeiostv.gr,To Do,TRUE,,,FALSE,Has existing newsletter - not searched for RSS yet
REDI,https://redi.fi/feed,Discovered-pattern,N/A,,Finland,redi.fi,To Do,TRUE,,,FALSE,Has existing newsletter - not searched for RSS yet
The Boston Pilot,-,N/A,-,,United States,thebostonpilot.com,,TRUE,,,FALSE,Has existing newsletter - not searched for RSS yet
Epsilon Net SA,-,N/A,-,,Greece,e-forologia.gr,,TRUE,,,FALSE,Has existing newsletter - not searched for RSS yet
Telewizja Sudecka,-,N/A,-,,Poland,tvsudecka.pl,,TRUE,,,FALSE,Has existing newsletter - not searched for RSS yet
Greenwood Commonwealth,-,N/A,-,,United States,gwcommonwealth.com,,TRUE,,,FALSE,Has existing newsletter - not searched for RSS yet
My Edmonds News,https://myedmondsnews.com/feed/,Discovered-autodiscovery,N/A,,United States,myedmondsnews.com,To Do,TRUE,,,FALSE,Has existing newsletter - not searched for RSS yet
Barrie Today,https://barrietoday.com/rss,Discovered-pattern,N/A,,United States,barrietoday.com,To Do,TRUE,,,FALSE,Has existing newsletter - not searched for RSS yet
DEON.pl,https://deon.pl/rss,Discovered-pattern,N/A,,Poland,deon.pl,To Do,TRUE,,,FALSE,Has existing newsletter - not searched for RSS yet
DLXVRSN Media Inc.,https://deluxeversionmagazine.com/feed/,Discovered-autodiscovery,N/A,,Sweden,deluxeversionmagazine.com,To Do,TRUE,,,FALSE,Has existing newsletter - not searched for RSS yet
Autoagora.gr,-,N/A,-,,Greece,autoagora.gr,,TRUE,,,FALSE,Has existing newsletter - not searched for RSS yet
Atitudinea,https://atitudinea.ro/feed/,Discovered-pattern,N/A,,Romania,atitudinea.ro,To Do,TRUE,,,FALSE,Has existing newsletter - not searched for RSS yet
The College Fix,https://www.thecollegefix.com/feed/,Discovered-autodiscovery,N/A,,United States,thecollegefix.com,To Do,TRUE,,,FALSE,Has existing newsletter - not searched for RSS yet
Клуб Z,https://clubz.bg/rss,Discovered-pattern,N/A,,Bulgaria,clubz.bg,To Do,TRUE,,,FALSE,Has existing newsletter - not searched for RSS yet
volleynews,https://volleynews.gr/feed/,Discovered-autodiscovery,N/A,,Greece,volleynews.gr,To Do,TRUE,,,FALSE,Has existing newsletter - not searched for RSS yet
Bašta Balkana - Web Magazin,https://www.bastabalkana.com/feed/,Discovered-autodiscovery,N/A,,Serbia,bastabalkana.com,To Do,TRUE,,,FALSE,Has existing newsletter - not searched for RSS yet
My Local News,https://mynewsmag.co.uk/feed,Discovered-pattern,N/A,,United Kingdom,mynewsmag.co.uk,To Do,TRUE,,,FALSE,Has existing newsletter - not searched for RSS yet
Hoeksch Nieuws,https://www.hoekschnieuws.nl/feed/,Discovered-autodiscovery,N/A,,Netherlands,hoekschnieuws.nl,To Do,TRUE,,,FALSE,Has existing newsletter - not searched for RSS yet
TheMayor.EU,https://www.themayor.eu/rss/rss_en.xml,Discovered-autodiscovery,N/A,,United Kingdom,themayor.eu,To Do,TRUE,,,FALSE,Has existing newsletter - not searched for RSS yet
Frontline Gaming,-,N/A,-,,United States,frontlinegaming.org,,TRUE,,,FALSE,Has existing newsletter - not searched for RSS yet
40Billion,-,N/A,-,,United States,40billion.com,,TRUE,,,FALSE,Has existing newsletter - not searched for RSS yet
Stacja7,https://www.spreaker.com/show/3315388/episodes/feed,Discovered-autodiscovery,N/A,,Poland,stacja7.pl,To Do,TRUE,,,FALSE,Has existing newsletter - not searched for RSS yet
Weblog Zwolle,https://1zwolle.nl/feed,Discovered-autodiscovery,N/A,,Netherlands,weblogzwolle.nl,To Do,TRUE,,,FALSE,Has existing newsletter - not searched for RSS yet
Sesvete Danas,https://sesvete-danas.hr/rss/,Discovered-pattern,N/A,,Hungary,sesvete-danas.hr,To Do,TRUE,,,FALSE,Has existing newsletter - not searched for RSS yet
Napi Boldogság,-,N/A,-,,Hungary,napiboldogsag.com,,TRUE,,,FALSE,Has existing newsletter - not searched for RSS yet
Agrofórum,-,N/A,-,,Hungary,agroforum.hu,,TRUE,,,FALSE,Has existing newsletter - not searched for RSS yet
Saffarazzi,-,N/A,-,,South Africa,saffarazzi.com,,TRUE,,,FALSE,Has existing newsletter - not searched for RSS yet
The Lifestyle Elite,-,N/A,-,,United States,thelifestyleelite.com,,TRUE,,,FALSE,Has existing newsletter - not searched for RSS yet
Autospecialist Magazine,https://autospecialist.gr/feed/,Discovered-autodiscovery,N/A,,Greece,autospecialist.gr,To Do,TRUE,,,FALSE,Has existing newsletter - not searched for RSS yet
Telgraf,-,N/A,-,,Turkey,telgraf.net,,TRUE,,,FALSE,Has existing newsletter - not searched for RSS yet
Zoetermeer Actief,https://zoetermeeractief.nl/?format=feed&type=rss,Discovered-autodiscovery,N/A,,Netherlands,zoetermeeractief.nl,To Do,TRUE,,,FALSE,Has existing newsletter - not searched for RSS yet
Tenby Observer,-,N/A,-,,United Kingdom,tenby-today.co.uk,,TRUE,,,FALSE,Has existing newsletter - not searched for RSS yet
The Fast Mode,-,N/A,-,,United States,thefastmode.com,,TRUE,,,FALSE,Has existing newsletter - not searched for RSS yet
Expediters Online,https://expeditersonline.com/rss,Discovered-pattern,N/A,,United States,expeditersonline.com,To Do,TRUE,,,FALSE,Has existing newsletter - not searched for RSS yet
Twinfinite,https://twinfinite.net/feed/,Discovered-autodiscovery,N/A,,United States,twinfinite.net,To Do,TRUE,,,FALSE,Has existing newsletter - not searched for RSS yet
Medemblik Actueel,https://www.medemblikactueel.nl/feed/,Discovered-autodiscovery,N/A,,Netherlands,medemblikactueel.nl,To Do,TRUE,,,FALSE,Has existing newsletter - not searched for RSS yet
Dorohoi News,-,N/A,-,,Romania,dorohoinews.ro,,TRUE,,,FALSE,Has existing newsletter - not searched for RSS yet
Ardin Rixi,https://ardin-rixi.gr/feed,Discovered-autodiscovery,N/A,,Greece,ardin-rixi.gr,To Do,TRUE,,,FALSE,Has existing newsletter - not searched for RSS yet
Sleutelstad,https://sleutelstad.nl/feed,Discovered-pattern,N/A,,Netherlands,sleutelstad.nl,To Do,TRUE,,,FALSE,Has existing newsletter - not searched for RSS yet
APRA,-,N/A,-,,Poland,agropolska.pl,,TRUE,,,FALSE,Has existing newsletter - not searched for RSS yet
Property News PL,https://www.propertynews.pl/rss/najwazniejsze-informacje.xml,Discovered-autodiscovery,N/A,,Poland,propertynews.pl,To Do,TRUE,,,FALSE,Has existing newsletter - not searched for RSS yet
Aridaia365.gr,https://www.aridaia365.gr/feeds/posts/default,Discovered-autodiscovery,N/A,,Greece,aridaia365.gr,To Do,TRUE,,,FALSE,Has existing newsletter - not searched for RSS yet
Hull What's On,https://hullwhatson.com/feed/,Discovered-autodiscovery,N/A,,United Kingdom,hullwhatson.com,To Do,TRUE,,,FALSE,Has existing newsletter - not searched for RSS yet
Petface,-,N/A,-,,Serbia,petface.net,,TRUE,,,FALSE,Has existing newsletter - not searched for RSS yet
U.Today,https://u.today/rss,Discovered-pattern,N/A,,United States,u.today,To Do,TRUE,,,FALSE,Has existing newsletter - not searched for RSS yet
Wiadomości Handlowe,https://wiadomoscihandlowe.pl/feed,Discovered-pattern,N/A,,Poland,wiadomoscihandlowe.pl,To Do,TRUE,,,FALSE,Has existing newsletter - not searched for RSS yet
Manolo.se,-,N/A,-,,Sweden,manolo.se,,TRUE,,,FALSE,Has existing newsletter - not searched for RSS yet
Εκδόσεις Ελκυστής,-,N/A,-,,Greece,elkistis.gr,,TRUE,,,FALSE,Has existing newsletter - not searched for RSS yet
The Sheridan Press,-,N/A,-,,United States,thesheridanpress.com,,TRUE,,,FALSE,Has existing newsletter - not searched for RSS yet
Park Record,https://www.parkrecord.com/feed/,Discovered-autodiscovery,N/A,,United States,parkrecord.com,To Do,TRUE,,,FALSE,Has existing newsletter - not searched for RSS yet
Columbia Basin Herald,-,N/A,-,,United States,columbiabasinherald.com,,TRUE,,,FALSE,Has existing newsletter - not searched for RSS yet
Metal Hangar 18,https://metalhangar18.com/feed,Discovered-autodiscovery,N/A,,Bulgaria,metalhangar18.com,To Do,TRUE,,,FALSE,Has existing newsletter - not searched for RSS yet
Media Marketing,https://www.media-marketing.com/feed/,Discovered-autodiscovery,N/A,,Bosnia and Herzegovina,media-marketing.com,To Do,TRUE,,,FALSE,Has existing newsletter - not searched for RSS yet
Iconic Media,-,N/A,-,,Ireland,waterfordlive.ie,,TRUE,,,FALSE,Has existing newsletter - not searched for RSS yet
Business Review,https://business-review.eu/feed,Discovered-autodiscovery,N/A,,Romania,business-review.eu,To Do,TRUE,,,FALSE,Has existing newsletter - not searched for RSS yet
Waatea News,https://waateanews.com/feed/,Discovered-autodiscovery,N/A,,New Zealand,waateanews.com,To Do,TRUE,,,FALSE,Has existing newsletter - not searched for RSS yet
Coal Valley News,-,N/A,-,,United States,coalvalleynews.com,,TRUE,,,FALSE,Has existing newsletter - not searched for RSS yet
Sync NI,-,N/A,-,,United Kingdom,syncni.com,,TRUE,,,FALSE,Has existing newsletter - not searched for RSS yet
Nowa Konfederacja,https://nowakonfederacja.pl/feed,Discovered-pattern,N/A,,Poland,nowakonfederacja.pl,To Do,TRUE,,,FALSE,Has existing newsletter - not searched for RSS yet
The Daily Blog,https://thedailyblog.co.nz/feed/,Discovered-autodiscovery,N/A,,New Zealand,thedailyblog.co.nz,To Do,TRUE,,,FALSE,Has existing newsletter - not searched for RSS yet
e-Nautilia.gr,https://e-nautilia.gr/feed,Discovered-pattern,N/A,,Greece,e-nautilia.gr,To Do,TRUE,,,FALSE,Has existing newsletter - not searched for RSS yet
The Tulane Hullabaloo,-,N/A,-,,United States,tulanehullabaloo.com,,TRUE,,,FALSE,Has existing newsletter - not searched for RSS yet
WPKY 103.3FM,https://www.wpkyonline.com/feed/,Discovered-autodiscovery,N/A,,United States,wpkyonline.com,To Do,TRUE,,,FALSE,Has existing newsletter - not searched for RSS yet
El Sol de la Florida,https://elsoldelaflorida.com/feed/,Discovered-autodiscovery,N/A,,United States,elsoldelaflorida.com,To Do,TRUE,,,FALSE,Has existing newsletter - not searched for RSS yet
Ptolemaida News.gr,-,N/A,-,,Greece,ptolemaidanews.gr,,TRUE,,,FALSE,Has existing newsletter - not searched for RSS yet
Stolica,https://stolica.bg/rss.xml,Discovered-pattern,N/A,,Bulgaria,stolica.bg,To Do,TRUE,,,FALSE,Has existing newsletter - not searched for RSS yet
e-ABOUT.gr,https://e-about.gr/feed/,Discovered-autodiscovery,N/A,,Greece,e-about.gr,To Do,TRUE,,,FALSE,Has existing newsletter - not searched for RSS yet
Kurier Ostrowski,https://kurierostrowski.pl/feed/,Discovered-autodiscovery,N/A,,Poland,kurierostrowski.pl,To Do,TRUE,,,FALSE,Has existing newsletter - not searched for RSS yet
EV Houston,-,N/A,-,,United States,elvenezolanohouston.com,,TRUE,,,FALSE,Has existing newsletter - not searched for RSS yet
Police Magazine,-,N/A,-,,United States,policemag.com,,TRUE,,,FALSE,Has existing newsletter - not searched for RSS yet
Więź,-,N/A,-,,Poland,wiez.pl,,TRUE,,,FALSE,Has existing newsletter - not searched for RSS yet
Newz Gazeta Warmińska,https://gwarminska.pl/feed/,Discovered-autodiscovery,N/A,,Poland,gwarminska.pl,To Do,TRUE,,,FALSE,Has existing newsletter - not searched for RSS yet
Udruga ATMA,https://atma.hr/feed/,Discovered-autodiscovery,N/A,,Croatia,atma.hr,To Do,TRUE,,,FALSE,Has existing newsletter - not searched for RSS yet
Rooster Magazine,https://therooster.com/feed/,Discovered-autodiscovery,N/A,,United States,therooster.com,To Do,TRUE,,,FALSE,Has existing newsletter - not searched for RSS yet
Martinsville Bulletin,http://martinsvillebulletin.com/search/?f=rss&t=article&l=50&s=start_time&sd=desc&k%5B%5D=%23topstory,Discovered-autodiscovery,N/A,,United States,martinsvillebulletin.com,To Do,TRUE,,,FALSE,Has existing newsletter - not searched for RSS yet
Sun Community News,-,N/A,-,,United States,suncommunitynews.com,,TRUE,,,FALSE,Has existing newsletter - not searched for RSS yet
NewsBiscuit.com,https://www.newsbiscuit.com/blog-feed.xml,Discovered-autodiscovery,N/A,,United Kingdom,newsbiscuit.com,To Do,TRUE,,,FALSE,Has existing newsletter - not searched for RSS yet
info.elblag.pl,https://info.elblag.pl/rss/,Discovered-pattern,N/A,,Poland,info.elblag.pl,To Do,TRUE,,,FALSE,Has existing newsletter - not searched for RSS yet
Novosti.hr,https://novosti.hr/feed/,Discovered-autodiscovery,N/A,,Hungary,novosti.hr,To Do,TRUE,,,FALSE,Has existing newsletter - not searched for RSS yet
Family First,https://familyfirst.net/feed,Discovered-pattern,N/A,,United States,familyfirst.net,To Do,TRUE,,,FALSE,Has existing newsletter - not searched for RSS yet
Showbiz.gr,-,N/A,-,,Greece,showbiz.gr,,TRUE,,,FALSE,Has existing newsletter - not searched for RSS yet
mykonosdaily.gr,https://mykonosdaily.gr/feed,Discovered-pattern,N/A,,Greece,mykonosdaily.gr,To Do,TRUE,,,FALSE,Has existing newsletter - not searched for RSS yet
Dlahandlu,https://www.dlahandlu.pl/rss/nowoczesny.xml,Discovered-autodiscovery,N/A,,Poland,dlahandlu.pl,To Do,TRUE,,,FALSE,Has existing newsletter - not searched for RSS yet
Radio1d.gr,https://www.radio1d.gr/feed/,Discovered-autodiscovery,N/A,,Greece,radio1d.gr,To Do,TRUE,,,FALSE,Has existing newsletter - not searched for RSS yet
4Media,-,N/A,-,,Poland,4media.com,,TRUE,,,FALSE,Has existing newsletter - not searched for RSS yet
Vreancea.24,https://www.vrancea24.ro/feed/,Discovered-autodiscovery,N/A,,Romania,vrancea24.ro,To Do,TRUE,,,FALSE,Has existing newsletter - not searched for RSS yet
7 Media,-,N/A,-,,Romania,7media.ro,,TRUE,,,FALSE,Has existing newsletter - not searched for RSS yet
Mobilissimo,https://feeds.feedburner.com/mobilissimo-stiri-telefoane,Discovered-autodiscovery,N/A,,Romania,mobilissimo.ro,To Do,TRUE,,,FALSE,Has existing newsletter - not searched for RSS yet
Radio Zenit,-,N/A,-,,Bosnia and Herzegovina,zenit.ba,,TRUE,,,FALSE,Has existing newsletter - not searched for RSS yet
Buzzbands.la,https://buzzbands.la/feed,Discovered-pattern,N/A,,United States,buzzbands.la,To Do,TRUE,,,FALSE,Has existing newsletter - not searched for RSS yet
NCZAS.com,-,N/A,-,,Poland,nczas.com,,TRUE,,,FALSE,Has existing newsletter - not searched for RSS yet
Radio Nova Gradiška (98.1Mhz),https://radiong.hr/feed/,Discovered-autodiscovery,N/A,,Croatia,radiong.hr,To Do,TRUE,,,FALSE,Has existing newsletter - not searched for RSS yet
Sheridan Media,https://sheridanmedia.com/feed/,Discovered-autodiscovery,N/A,,United States,sheridanmedia.com,To Do,TRUE,,,FALSE,Has existing newsletter - not searched for RSS yet
Yo Free Samples,https://yofreesamples.com/feed/,Discovered-autodiscovery,N/A,,United States,yofreesamples.com,To Do,TRUE,,,FALSE,Has existing newsletter - not searched for RSS yet
Cruise Industry News,-,N/A,-,,United States,cruiseindustrynews.com,,TRUE,,,FALSE,Has existing newsletter - not searched for RSS yet
Gadgetreport.ro,https://gadgetreport.ro/feed/,Discovered-autodiscovery,N/A,,Romania,gadgetreport.ro,To Do,TRUE,,,FALSE,Has existing newsletter - not searched for RSS yet
Eurasia Review,-,N/A,-,,United States,eurasiareview.com,,TRUE,,,FALSE,Has existing newsletter - not searched for RSS yet
Fox Chattanooga,https://foxchattanooga.com/.rss,Discovered-pattern,N/A,,United States,foxchattanooga.com,To Do,TRUE,,,FALSE,Has existing newsletter - not searched for RSS yet
Kutyabarát,-,N/A,-,,Hungary,kutyabarat.hu,,TRUE,,,FALSE,Has existing newsletter - not searched for RSS yet
Express Elblag,-,N/A,-,,Poland,expresselblag.pl,,TRUE,,,FALSE,Has existing newsletter - not searched for RSS yet
Naxos Press,https://naxospress.gr/feed/,Discovered-autodiscovery,N/A,,Greece,naxospress.gr,To Do,TRUE,,,FALSE,Has existing newsletter - not searched for RSS yet
It's Possible,https://www.itspossible.gr/feed/,Discovered-autodiscovery,N/A,,Greece,itspossible.gr,To Do,TRUE,,,FALSE,Has existing newsletter - not searched for RSS yet
iporta.gr,https://iporta.gr/feed/,Discovered-autodiscovery,N/A,,Greece,iporta.gr,To Do,TRUE,,,FALSE,Has existing newsletter - not searched for RSS yet
ZiarMM.ro,https://ziarmaramures.ro/feed/,Discovered-autodiscovery,N/A,,Romania,ziarmm.ro,To Do,TRUE,,,FALSE,Has existing newsletter - not searched for RSS yet
2Eylül Gazetesi,https://2eylul.com.tr/rss,Discovered-pattern,N/A,,Turkey,2eylul.com.tr,To Do,TRUE,,,FALSE,Has existing newsletter - not searched for RSS yet
abnews.ro,https://www.abnews.ro/feed/,Discovered-autodiscovery,N/A,,Romania,abnews.ro,To Do,TRUE,,,FALSE,Has existing newsletter - not searched for RSS yet
CyberDefence24,https://cyberdefence24.pl/feed,Discovered-pattern,N/A,,Poland,cyberdefence24.pl,To Do,TRUE,,,FALSE,Has existing newsletter - not searched for RSS yet
RTV Doboj,https://rtvdoboj.org/feed/,Discovered-autodiscovery,N/A,,Bosnia and Herzegovina,rtvdoboj.org,To Do,TRUE,,,FALSE,Has existing newsletter - not searched for RSS yet
Mondo,-,N/A,-,,Bosnia and Herzegovina,mondo.ba,,TRUE,,,FALSE,Has existing newsletter - not searched for RSS yet
Cloud Academy,-,N/A,-,,United States,cloudacademy.com,,TRUE,,,FALSE,Has existing newsletter - not searched for RSS yet
Fagersta-Posten,https://www.fagersta-posten.se/feeds/feed.xml,Discovered-autodiscovery,N/A,,Sweden,fagersta-posten.se,To Do,TRUE,,,FALSE,Has existing newsletter - not searched for RSS yet
Xanthinea,https://www.xanthinea.gr/feed,Discovered-autodiscovery,N/A,,Greece,xanthinea.gr,To Do,TRUE,,,FALSE,Has existing newsletter - not searched for RSS yet
Youthopia SG,-,N/A,-,,Singapore,youthopia.sg,,TRUE,,,FALSE,Has existing newsletter - not searched for RSS yet
Schooltime.gr,-,N/A,-,,Greece,schooltime.gr,,TRUE,,,FALSE,Has existing newsletter - not searched for RSS yet
Ocala-News.com,https://www.ocala-news.com/feed/,Discovered-autodiscovery,N/A,,United States,ocala-news.com,To Do,TRUE,,,FALSE,Has existing newsletter - not searched for RSS yet
Kurier Kolejowy,-,N/A,-,,Poland,kurier-kolejowy.pl,,TRUE,,,FALSE,Has existing newsletter - not searched for RSS yet
Rynek Lotniczy,https://www.rynek-lotniczy.pl/rss/rss.xml,Discovered-autodiscovery,N/A,,Poland,rynek-lotniczy.pl,To Do,TRUE,,,FALSE,Has existing newsletter - not searched for RSS yet
Valentina VNB,https://valentinavnb.ro/feed/,Discovered-autodiscovery,N/A,,Romania,valentinavnb.ro,To Do,TRUE,,,FALSE,Has existing newsletter - not searched for RSS yet
Green Agenda,https://greenagenda.gr/feed/,Discovered-autodiscovery,N/A,,Greece,greenagenda.gr,To Do,TRUE,,,FALSE,Has existing newsletter - not searched for RSS yet
New York Family,https://newyorkfamily.com/feed,Discovered-pattern,N/A,,United States,newyorkfamily.com,To Do,TRUE,,,FALSE,Has existing newsletter - not searched for RSS yet
Esküvő Classic Magazin,https://eskuvoclassic.hu/feed/,Discovered-autodiscovery,N/A,,Hungary,eskuvoclassic.hu,To Do,TRUE,,,FALSE,Has existing newsletter - not searched for RSS yet
Jacana Media,https://jacana.co.za/feed/,Discovered-autodiscovery,N/A,,South Africa,jacana.co.za,To Do,TRUE,,,FALSE,Has existing newsletter - not searched for RSS yet
Hit Channel,https://hit-channel.com/feed/,Discovered-autodiscovery,N/A,,Greece,hit-channel.com,To Do,TRUE,,,FALSE,Has existing newsletter - not searched for RSS yet
Philebrity,https://philebrity.com/blog/rss.xml,Discovered-pattern,N/A,,United States,philebrity.com,To Do,TRUE,,,FALSE,Has existing newsletter - not searched for RSS yet
Mesagerul Hunedorean,https://www.mesagerulhunedorean.ro/feed/,Discovered-autodiscovery,N/A,,Romania,mesagerulhunedorean.ro,To Do,TRUE,,,FALSE,Has existing newsletter - not searched for RSS yet
Springfield Business Journal,-,N/A,-,,United States,sbj.net,,TRUE,,,FALSE,Has existing newsletter - not searched for RSS yet
Sport Cyclades,https://www.sportcyclades.gr/feed/,Discovered-autodiscovery,N/A,,Greece,sportcyclades.gr,To Do,TRUE,,,FALSE,Has existing newsletter - not searched for RSS yet
Rochdale Online,-,N/A,-,,United Kingdom,rochdaleonline.co.uk,,TRUE,,,FALSE,Has existing newsletter - not searched for RSS yet
WIBX,https://wibx950.com/feed/,Discovered-autodiscovery,N/A,,United States,wibx950.com,To Do,TRUE,,,FALSE,Has existing newsletter - not searched for RSS yet
Muralist,https://muralist.hr/feed/,Discovered-autodiscovery,N/A,,Croatia,muralist.hr,To Do,TRUE,,,FALSE,Has existing newsletter - not searched for RSS yet
Megeia,https://megeia.gr/rss/,Discovered-pattern,N/A,,Greece,megeia.gr,To Do,TRUE,,,FALSE,Has existing newsletter - not searched for RSS yet
SEEcult,-,N/A,-,,Bosnia and Herzegovina,seecult.org,,TRUE,,,FALSE,Has existing newsletter - not searched for RSS yet
Curierul National,https://curierulnational.ro/feed/,Discovered-autodiscovery,N/A,,Romania,curierulnational.ro,To Do,TRUE,,,FALSE,Has existing newsletter - not searched for RSS yet
Moto Magazine Greece,https://www.motomag.gr/rss.xml,Discovered-autodiscovery,N/A,,Greece,motomag.gr,To Do,TRUE,,,FALSE,Has existing newsletter - not searched for RSS yet
TVMneamţ.ro,https://tvmneamt.ro/feed/,Discovered-autodiscovery,N/A,,Romania,tvmneamt.ro,To Do,TRUE,,,FALSE,Has existing newsletter - not searched for RSS yet
Suwalki24.pl,http://suwalki24.pl/rss,Discovered-sitemap,N/A,,Poland,suwalki24.pl,To Do,TRUE,,,FALSE,Has existing newsletter - not searched for RSS yet
Poslovne Novine,-,N/A,-,,Bosnia and Herzegovina,poslovnenovine.ba,,TRUE,,,FALSE,Has existing newsletter - not searched for RSS yet
TokyoHive,-,N/A,-,,United States,tokyohive.com,,TRUE,,,FALSE,Has existing newsletter - not searched for RSS yet
GIZGUIDE,https://www.gizguide.com/feeds/posts/default,Discovered-autodiscovery,N/A,,Philippines,gizguide.com,To Do,TRUE,,,FALSE,Has existing newsletter - not searched for RSS yet
Cronica Romana,https://cronicaromana.net/feed/,Discovered-autodiscovery,N/A,,Romania,cronicaromana.net,To Do,TRUE,,,FALSE,Has existing newsletter - not searched for RSS yet
Dagens Arena,https://www.dagensarena.se/feed/,Discovered-autodiscovery,N/A,,Sweden,dagensarena.se,To Do,TRUE,,,FALSE,Has existing newsletter - not searched for RSS yet
Utdanningsnytt,-,N/A,-,,Norway,utdanningsnytt.no,,TRUE,,,FALSE,Has existing newsletter - not searched for RSS yet
Intrigi,https://intrigi.bg/feed/,Discovered-autodiscovery,N/A,,Bulgaria,intrigi.bg,To Do,TRUE,,,FALSE,Has existing newsletter - not searched for RSS yet
Jobs Agent,https://jobsagents.com/rss.aspx?type=latestjobs,Discovered-autodiscovery,N/A,,Bulgaria,jobsagents.com,To Do,TRUE,,,FALSE,Has existing newsletter - not searched for RSS yet
The News of Lesvos,https://nealesvou.gr/feed/,Discovered-autodiscovery,N/A,,Greece,nealesvou.gr,To Do,TRUE,,,FALSE,Has existing newsletter - not searched for RSS yet
VimaOnline.gr,https://www.vimaonline.gr/feed/,Discovered-autodiscovery,N/A,,Greece,vimaonline.gr,To Do,TRUE,,,FALSE,Has existing newsletter - not searched for RSS yet
Kalohírek,-,N/A,-,,Hungary,kalohirek.hu,,TRUE,,,FALSE,Has existing newsletter - not searched for RSS yet
Medieval Archives,https://medievalarchives.com/feed,Discovered-pattern,N/A,,United Kingdom,medievalarchives.com,To Do,TRUE,,,FALSE,Has existing newsletter - not searched for RSS yet
Boswell Media,https://www.boswellmedia.net/feed/,Discovered-autodiscovery,N/A,,United States,boswellmedia.net,To Do,TRUE,,,FALSE,Has existing newsletter - not searched for RSS yet
Two Sisters Writing and Publishing,https://twosisterswriting.com/feed/,Discovered-autodiscovery,N/A,,United States,twosisterswriting.com,To Do,TRUE,,,FALSE,Has existing newsletter - not searched for RSS yet
Radio BK,https://radiobk.ba/feed/,Discovered-autodiscovery,N/A,,Bosnia and Herzegovina,radiobk.ba,To Do,TRUE,,,FALSE,Has existing newsletter - not searched for RSS yet
Koncert.hu,https://www.koncert.hu/rss/hirek,Discovered-autodiscovery,N/A,,Hungary,koncert.hu,To Do,TRUE,,,FALSE,Has existing newsletter - not searched for RSS yet
HamletHub,-,N/A,-,,United States,hamlethub.com,,TRUE,,,FALSE,Has existing newsletter - not searched for RSS yet
VelocityNews,https://www.velocitynews.co.nz/feed/,Discovered-autodiscovery,N/A,,New Zealand,velocitynews.co.nz,To Do,TRUE,,,FALSE,Has existing newsletter - not searched for RSS yet
Vimmerby Tidning,https://vimmerbytidning.se/rss,Discovered-pattern,N/A,,Sweden,vimmerbytidning.se,To Do,TRUE,,,FALSE,Has existing newsletter - not searched for RSS yet
iPress.hr,https://ipress.hr/?format=feed&type=rss,Discovered-autodiscovery,N/A,,Croatia,ipress.hr,To Do,TRUE,,,FALSE,Has existing newsletter - not searched for RSS yet
MAK Center for Art and Architecture,-,N/A,-,,United States,makcenter.org,,TRUE,,,FALSE,Has existing newsletter - not searched for RSS yet
Miles to Memories,https://milestomemories.com/feed/,Discovered-autodiscovery,N/A,,United States,milestomemories.com,To Do,TRUE,,,FALSE,Has existing newsletter - not searched for RSS yet
Jurnal De Craiova,https://jurnaldecraiova.ro/feed/,Discovered-autodiscovery,N/A,,Romania,jurnaldecraiova.ro,To Do,TRUE,,,FALSE,Has existing newsletter - not searched for RSS yet
Vaken.se,https://www.vaken.se/feed/,Discovered-autodiscovery,N/A,,Sweden,vaken.se,To Do,TRUE,,,FALSE,Has existing newsletter - not searched for RSS yet
Промоции без край,https://www.proomo.info/feeds/posts/default,Discovered-autodiscovery,N/A,,Bulgaria,proomo.info,To Do,TRUE,,,FALSE,Has existing newsletter - not searched for RSS yet
Financial Intelligence,https://financialintelligence.ro/feed/,Discovered-autodiscovery,N/A,,Romania,financialintelligence.ro,To Do,TRUE,,,FALSE,Has existing newsletter - not searched for RSS yet
Mojobreak,-,N/A,-,,United States,mojobreak.com,,TRUE,,,FALSE,Has existing newsletter - not searched for RSS yet
Louder Than War,-,N/A,-,,United Kingdom,louderthanwar.com,,TRUE,,,FALSE,Has existing newsletter - not searched for RSS yet
MyGoNews,-,N/A,-,,Taiwan,mygonews.com,,TRUE,,,FALSE,Has existing newsletter - not searched for RSS yet
Radio Fx Net,https://radiofxnet.ro/feed/,Discovered-autodiscovery,N/A,,Romania,radiofxnet.ro,To Do,TRUE,,,FALSE,Has existing newsletter - not searched for RSS yet
Grad Sarajevo,-,N/A,-,,Bosnia and Herzegovina,sarajevo.ba,,TRUE,,,FALSE,Has existing newsletter - not searched for RSS yet
FotbollDirekt,https://fotbolldirekt.se/feed/,Discovered-autodiscovery,N/A,,Sweden,fotbolldirekt.se,To Do,TRUE,,,FALSE,Has existing newsletter - not searched for RSS yet
Wccftech,-,N/A,-,,United States,wccftech.com,,TRUE,,,FALSE,Has existing newsletter - not searched for RSS yet
Gazeta de Bistrita,https://gazetadebistrita.ro/feed/,Discovered-autodiscovery,N/A,,Romania,gazetadebistrita.ro,To Do,TRUE,,,FALSE,Has existing newsletter - not searched for RSS yet
RadioInfo.com.au,-,N/A,-,,Australia,radioinfo.com.au,,TRUE,,,FALSE,Has existing newsletter - not searched for RSS yet
RynekInfrastruktury.pl,https://www.rynekinfrastruktury.pl/rss/rss.xml,Discovered-autodiscovery,N/A,,Poland,rynekinfrastruktury.pl,To Do,TRUE,,,FALSE,Has existing newsletter - not searched for RSS yet
The Ennis News,https://www.ennisdailynews.com/rss.xml,Discovered-autodiscovery,N/A,,United States,ennisdailynews.com,To Do,TRUE,,,FALSE,Has existing newsletter - not searched for RSS yet
Flag Polgári Magazin,https://flagmagazin.hu/rss,Discovered-pattern,N/A,,Hungary,flagmagazin.hu,To Do,TRUE,,,FALSE,Has existing newsletter - not searched for RSS yet
PORT.hu,-,N/A,-,,Hungary,port.hu,,TRUE,,,FALSE,Has existing newsletter - not searched for RSS yet
Now24,https://now24.gr/feed/,Discovered-autodiscovery,N/A,,Greece,now24.gr,To Do,TRUE,,,FALSE,Has existing newsletter - not searched for RSS yet
AutoStrada.MD,https://autoblog.md/feed/,Discovered-autodiscovery,N/A,,Romania,autoblog.md,To Do,TRUE,,,FALSE,Has existing newsletter - not searched for RSS yet
Transilvania Business,https://www.transilvaniabusiness.ro/feed/,Discovered-autodiscovery,N/A,,Romania,transilvaniabusiness.ro,To Do,TRUE,,,FALSE,Has existing newsletter - not searched for RSS yet
Oldhouses.com,-,N/A,-,,United States,oldhouses.com,,TRUE,,,FALSE,Has existing newsletter - not searched for RSS yet
Livnovine,-,N/A,-,,Bosnia and Herzegovina,livnovine.com,,TRUE,,,FALSE,Has existing newsletter - not searched for RSS yet
Rigzone,-,N/A,-,,United States,rigzone.com,,TRUE,,,FALSE,Has existing newsletter - not searched for RSS yet
e-stargard.pl,https://e-stargard.pl/rss/posts/index,Discovered-autodiscovery,N/A,,Poland,e-stargard.pl,To Do,TRUE,,,FALSE,Has existing newsletter - not searched for RSS yet
Gastronomy Tours,https://gastronomytours.com/feed/,Discovered-autodiscovery,N/A,,Greece,gastronomytours.com,To Do,TRUE,,,FALSE,Has existing newsletter - not searched for RSS yet
Tripawds,https://tripawds.com/feed/,Discovered-autodiscovery,N/A,,United States,tripawds.com,To Do,TRUE,,,FALSE,Has existing newsletter - not searched for RSS yet
Radio Targujiu,https://www.radiotargujiu.ro/feed/,Discovered-autodiscovery,N/A,,Romania,radiotargujiu.ro,To Do,TRUE,,,FALSE,Has existing newsletter - not searched for RSS yet
Elblag.net,-,N/A,-,,Poland,elblag.net,,TRUE,,,FALSE,Has existing newsletter - not searched for RSS yet
Work Enter,-,N/A,-,,Greece,workenter.gr,,TRUE,,,FALSE,Has existing newsletter - not searched for RSS yet
Top Shelf Productions,https://feeds.feedburner.com/topshelf/news,Discovered-autodiscovery,N/A,,United States,topshelfcomix.com,To Do,TRUE,,,FALSE,Has existing newsletter - not searched for RSS yet
Equnews.nl,-,N/A,-,,Netherlands,equnews.nl,,TRUE,,,FALSE,Has existing newsletter - not searched for RSS yet
The Federalist Papers,https://tfppwire.com/feed/,Discovered-autodiscovery,N/A,,United States,thefederalistpapers.org,To Do,TRUE,,,FALSE,Has existing newsletter - not searched for RSS yet
Het Kontakt,-,N/A,-,,Netherlands,hetkontakt.nl,,TRUE,,,FALSE,Has existing newsletter - not searched for RSS yet
Susanvillestuff.com,https://susanvillestuff.com/feed/,Discovered-autodiscovery,N/A,,United States,susanvillestuff.com,To Do,TRUE,,,FALSE,Has existing newsletter - not searched for RSS yet
Rethinking The Future,-,N/A,-,,India,re-thinkingthefuture.com,,TRUE,,,FALSE,Has existing newsletter - not searched for RSS yet
Sivil Sayfalar,-,N/A,-,,Turkey,sivilsayfalar.org,,TRUE,,,FALSE,Has existing newsletter - not searched for RSS yet
Mom Among Chaos,https://www.momamongchaos.com/feeds/posts/default,Discovered-autodiscovery,N/A,,United States,momamongchaos.com,To Do,TRUE,,,FALSE,Has existing newsletter - not searched for RSS yet
Germiston City News,-,N/A,-,,South Africa,germistoncitynews.co.za,,TRUE,,,FALSE,Has existing newsletter - not searched for RSS yet
October Gallery,https://octobergallery.com/feed/,Discovered-autodiscovery,N/A,,United States,octobergallery.com,To Do,TRUE,,,FALSE,Has existing newsletter - not searched for RSS yet
Sin Comillas,-,N/A,-,,United States,sincomillas.com,,TRUE,,,FALSE,Has existing newsletter - not searched for RSS yet
PolitikYol,-,N/A,-,,Turkey,politikyol.com,,TRUE,,,FALSE,Has existing newsletter - not searched for RSS yet
PTWP Group,-,N/A,-,,Poland,ptwp.pl,,TRUE,,,FALSE,Has existing newsletter - not searched for RSS yet
Insider NJ,-,N/A,-,,United States,insidernj.com,,TRUE,,,FALSE,Has existing newsletter - not searched for RSS yet
thespro.gr,https://www.thespro.gr/feeds/posts/default,Discovered-autodiscovery,N/A,,Greece,thespro.gr,To Do,TRUE,,,FALSE,Has existing newsletter - not searched for RSS yet
My Baba,https://www.mybaba.com/feed/,Discovered-autodiscovery,N/A,,United Kingdom,mybaba.com,To Do,TRUE,,,FALSE,Has existing newsletter - not searched for RSS yet
OilPrice.com,https://oilprice.com/rss.xml,Discovered-pattern,N/A,,United States,oilprice.com,To Do,TRUE,,,FALSE,Has existing newsletter - not searched for RSS yet
El Sol Latino Newspaper,https://elsolnewsmedia.com/feed/,Discovered-autodiscovery,N/A,,United States,elsolnewsmedia.com,To Do,TRUE,,,FALSE,Has existing newsletter - not searched for RSS yet
Car and Driver Greece,https://www.caranddriver.gr/rss8.asp?catid=41523&subid=20120,Discovered-autodiscovery,N/A,,Greece,caranddriver.gr,To Do,TRUE,,,FALSE,Has existing newsletter - not searched for RSS yet
FanGraphs,-,N/A,-,,United States,fangraphs.com,,TRUE,,,FALSE,Has existing newsletter - not searched for RSS yet
Verkkouutiset,https://www.verkkouutiset.fi/feed/,Discovered-autodiscovery,N/A,,Finland,verkkouutiset.fi,To Do,TRUE,,,FALSE,Has existing newsletter - not searched for RSS yet
Polityka Zdrowotna,-,N/A,-,,Poland,politykazdrowotna.com,,TRUE,,,FALSE,Has existing newsletter - not searched for RSS yet
EnergyPress.net,https://www.energypress.net/feed/,Discovered-autodiscovery,N/A,,Croatia,energypress.net,To Do,TRUE,,,FALSE,Has existing newsletter - not searched for RSS yet
Lynn Lyons,https://www.lynnlyons.com/feed/,Discovered-autodiscovery,N/A,,United States,lynnlyons.com,To Do,TRUE,,,FALSE,Has existing newsletter - not searched for RSS yet
Saur Energy News,https://www.saurenergy.com/rss,Discovered-autodiscovery,N/A,,Bangladesh,saurenergy.com,To Do,TRUE,,,FALSE,Has existing newsletter - not searched for RSS yet
Bursamuhalif,-,N/A,-,,Turkey,bursamuhalif.com,,TRUE,,,FALSE,Has existing newsletter - not searched for RSS yet
Voorne Putten,-,N/A,-,,Netherlands,voorne-putten.nl,,TRUE,,,FALSE,Has existing newsletter - not searched for RSS yet
Midrand Reporter,-,N/A,-,,South Africa,midrandreporter.co.za,,TRUE,,,FALSE,Has existing newsletter - not searched for RSS yet
Crisana,https://crisana.ro/rss,Discovered-pattern,N/A,,Romania,crisana.ro,To Do,TRUE,,,FALSE,Has existing newsletter - not searched for RSS yet
Urbanize Media,-,N/A,-,,United States,urbanize.la,,TRUE,,,FALSE,Has existing newsletter - not searched for RSS yet
League Publications,https://www.totalrl.com/feed/,Discovered-autodiscovery,N/A,,United Kingdom,totalrl.com,To Do,TRUE,,,FALSE,Has existing newsletter - not searched for RSS yet
Glitch N Dealz,https://yeswecoupon.com/feed/,Discovered-autodiscovery,N/A,,United States,glitchndealz.com,To Do,TRUE,,,FALSE,Has existing newsletter - not searched for RSS yet
Forza Italia,https://italians.gr/feed/,Discovered-autodiscovery,N/A,,Greece,italians.gr,To Do,TRUE,,,FALSE,Has existing newsletter - not searched for RSS yet
Glas Podravine i Prigorja,https://glaspodravine.hr/feed/,Discovered-autodiscovery,N/A,,Croatia,glaspodravine.hr,To Do,TRUE,,,FALSE,Has existing newsletter - not searched for RSS yet
GetRealPhilippines.COM,https://www.getrealphilippines.com/feed/,Discovered-autodiscovery,N/A,,Philippines,getrealphilippines.com,To Do,TRUE,,,FALSE,Has existing newsletter - not searched for RSS yet
InVeria.gr,https://www.inveria.gr/feeds/posts/default,Discovered-autodiscovery,N/A,,Greece,inveria.gr,To Do,TRUE,,,FALSE,Has existing newsletter - not searched for RSS yet
Big Country News,-,N/A,-,,United States,bigcountrynewsconnection.com,,TRUE,,,FALSE,Has existing newsletter - not searched for RSS yet
100%NL Magazine,https://100pmagazine.nl/feed,Discovered-pattern,N/A,,Netherlands,100pmagazine.nl,To Do,TRUE,,,FALSE,Has existing newsletter - not searched for RSS yet
ExtraMediaUK,-,N/A,-,,United Kingdom,extramedia1.com,,TRUE,,,FALSE,Has existing newsletter - not searched for RSS yet
Verianet.gr,https://verianet.gr/feed/,Discovered-autodiscovery,N/A,,Greece,verianet.gr,To Do,TRUE,,,FALSE,Has existing newsletter - not searched for RSS yet
Akhisar Gözde Haber,https://www.akhisargozde.com/rss.xml,Discovered-autodiscovery,N/A,,Turkey,akhisargozde.com,To Do,TRUE,,,FALSE,Has existing newsletter - not searched for RSS yet
KFDI News,https://www.kfdi.com/feed/,Discovered-autodiscovery,N/A,,United States,kfdi.com,To Do,TRUE,,,FALSE,Has existing newsletter - not searched for RSS yet
Hebban.nl,-,N/A,-,,Netherlands,hebban.nl,,TRUE,,,FALSE,Has existing newsletter - not searched for RSS yet
Listen Money Matters,-,N/A,-,,United States,listenmoneymatters.com,,TRUE,,,FALSE,Has existing newsletter - not searched for RSS yet
Meloman,https://www.sled5.bg/feed/,Discovered-autodiscovery,N/A,,Bulgaria,meloman.bg,To Do,TRUE,,,FALSE,Has existing newsletter - not searched for RSS yet
Discogs,-,N/A,-,,United States,discogs.com,,TRUE,,,FALSE,Has existing newsletter - not searched for RSS yet
Kanal Frederikshavn,-,N/A,-,,Denmark,kanalfrederikshavn.dk,,TRUE,,,FALSE,Has existing newsletter - not searched for RSS yet
Downtown Holiday Market,-,N/A,-,,United States,downtownholidaymarket.com,,TRUE,,,FALSE,Has existing newsletter - not searched for RSS yet
Luxe Wed,https://www.luxewed.asia/feed/,Discovered-autodiscovery,N/A,,Taiwan,luxewed.asia,To Do,TRUE,,,FALSE,Has existing newsletter - not searched for RSS yet
Equitours,-,N/A,-,,United States,equitours.com,,TRUE,,,FALSE,Has existing newsletter - not searched for RSS yet
ILaks,https://ilaks.no/feed/,Discovered-autodiscovery,N/A,,Norway,ilaks.no,To Do,TRUE,,,FALSE,Has existing newsletter - not searched for RSS yet
Dom Idealny,-,N/A,-,,Poland,livingroom24.pl,,TRUE,,,FALSE,Has existing newsletter - not searched for RSS yet
Art Haber,https://www.arthaber.net/rss,Discovered-autodiscovery,N/A,,Turkey,arthaber.net,To Do,TRUE,,,FALSE,Has existing newsletter - not searched for RSS yet
RideApart,-,N/A,-,,United States,rideapart.com,,TRUE,,,FALSE,Has existing newsletter - not searched for RSS yet
Breaking Travel News,-,N/A,-,,United States,breakingtravelnews.com,,TRUE,,,FALSE,Has existing newsletter - not searched for RSS yet
Up in the Sky,https://www.upinthesky.nl/feed/,Discovered-autodiscovery,N/A,,Netherlands,upinthesky.nl,To Do,TRUE,,,FALSE,Has existing newsletter - not searched for RSS yet
Sandzak Danas,-,N/A,-,,Serbia,sandzakdanas.rs,,TRUE,,,FALSE,Has existing newsletter - not searched for RSS yet
Poskok online,-,N/A,-,,Croatia,poskok.info,,TRUE,,,FALSE,Has existing newsletter - not searched for RSS yet
Freelance Bulgaria,https://freelance.bg/freelance-projects-bg.xml,Discovered-autodiscovery,N/A,,Bulgaria,freelance.bg,To Do,TRUE,,,FALSE,Has existing newsletter - not searched for RSS yet
Penniless Parenting,https://pennilessparenting.com/feed,Discovered-autodiscovery,N/A,,United States,pennilessparenting.com,To Do,TRUE,,,FALSE,Has existing newsletter - not searched for RSS yet
The Franklin News-Post,http://thefranklinnewspost.com/search/?f=rss&t=article&l=50&s=start_time&sd=desc&k%5B%5D=%23topstory,Discovered-autodiscovery,N/A,,United States,thefranklinnewspost.com,To Do,TRUE,,,FALSE,Has existing newsletter - not searched for RSS yet
IoanninaBars.gr,https://ioanninabars.gr/feed/,Discovered-autodiscovery,N/A,,Greece,ioanninabars.gr,To Do,TRUE,,,FALSE,Has existing newsletter - not searched for RSS yet
Tygodnik Idziemy,http://idziemy.pl/rss.php,Discovered-pattern,N/A,,Poland,idziemy.pl,To Do,TRUE,,,FALSE,Has existing newsletter - not searched for RSS yet
News Update Times,https://newsupdatetimes.com/feed/,Discovered-autodiscovery,N/A,,Pakistan,newsupdatetimes.com,To Do,TRUE,,,FALSE,Has existing newsletter - not searched for RSS yet
PowWows.com,https://powwowlife.libsyn.com/rss,Discovered-autodiscovery,N/A,,United States,powwows.com,To Do,TRUE,,,FALSE,Has existing newsletter - not searched for RSS yet
Fitness Motivation Hellas,-,N/A,-,,Greece,fmh.gr,,TRUE,,,FALSE,Has existing newsletter - not searched for RSS yet
Utrechtfans,-,N/A,-,,Netherlands,utrechtfans.nl,,TRUE,,,FALSE,Has existing newsletter - not searched for RSS yet
Your Next Shoes,https://www.yournextshoes.com/feed/,Discovered-autodiscovery,N/A,,United States,yournextshoes.com,To Do,TRUE,,,FALSE,Has existing newsletter - not searched for RSS yet
Gazeta de Dimineata,https://gddhd.ro/feed/,Discovered-autodiscovery,N/A,,Romania,gddhd.ro,To Do,TRUE,,,FALSE,Has existing newsletter - not searched for RSS yet
Lakeland PBS,https://lptv.org/feed/,Discovered-autodiscovery,N/A,,United States,lptv.org,To Do,TRUE,,,FALSE,Has existing newsletter - not searched for RSS yet
Epoli.gr,-,N/A,-,,Greece,epoli.gr,,TRUE,,,FALSE,Has existing newsletter - not searched for RSS yet
DailyTimes24,-,N/A,-,,India,dailytimes24.com,,TRUE,,,FALSE,Has existing newsletter - not searched for RSS yet
Black Rhino Music,https://blackrhinoradio.com/feed,Discovered-autodiscovery,N/A,,Romania,blackrhinoradio.com,To Do,TRUE,,,FALSE,Has existing newsletter - not searched for RSS yet
Enikonomia,https://www.enikonomia.gr/feed/,Discovered-autodiscovery,N/A,,Greece,enikonomia.gr,To Do,TRUE,,,FALSE,Has existing newsletter - not searched for RSS yet
Cybermed,-,N/A,-,,Croatia,cybermed.hr,,TRUE,,,FALSE,Has existing newsletter - not searched for RSS yet
Encomium,https://encomium.ng/feed/,Discovered-autodiscovery,N/A,,Nigeria,encomium.ng,To Do,TRUE,,,FALSE,Has existing newsletter - not searched for RSS yet
East Side Boxing,https://www.boxing247.com/feed,Discovered-autodiscovery,N/A,,United States,boxing247.com,To Do,TRUE,,,FALSE,Has existing newsletter - not searched for RSS yet
Lithgow Mercury,https://lithgowmercury.com.au/rss.xml,Discovered-pattern,N/A,,Australia,lithgowmercury.com.au,To Do,TRUE,,,FALSE,Has existing newsletter - not searched for RSS yet
Harborough FM,https://harboroughfm.co.uk/feed/,Discovered-autodiscovery,N/A,,United Kingdom,harboroughfm.co.uk,To Do,TRUE,,,FALSE,Has existing newsletter - not searched for RSS yet
Wiadomości,-,N/A,-,,Poland,wiadomosci.com,,TRUE,,,FALSE,Has existing newsletter - not searched for RSS yet
Gramofona.com,https://gramofona.com/rss,Discovered-pattern,N/A,,Bulgaria,gramofona.com,To Do,TRUE,,,FALSE,Has existing newsletter - not searched for RSS yet
Sveriges Släktforskarförbund,-,N/A,-,,Sweden,rotter.se,,TRUE,,,FALSE,Has existing newsletter - not searched for RSS yet
GreekNews24,https://www.greeknews24.gr/feed/,Discovered-autodiscovery,N/A,,Greece,greeknews24.gr,To Do,TRUE,,,FALSE,Has existing newsletter - not searched for RSS yet
Baptist Press,-,N/A,-,,United States,baptistpress.com,,TRUE,,,FALSE,Has existing newsletter - not searched for RSS yet
THERMISnews,https://www.thermisnews.gr/feeds/posts/default,Discovered-autodiscovery,N/A,,Greece,thermisnews.gr,To Do,TRUE,,,FALSE,Has existing newsletter - not searched for RSS yet
The Watchers,https://watchers.news/feed/,Discovered-autodiscovery,N/A,,United States,watchers.news,To Do,TRUE,,,FALSE,Has existing newsletter - not searched for RSS yet
INFE Greece,https://infegreece.com/feed/,Discovered-autodiscovery,N/A,,Greece,infegreece.gr,To Do,TRUE,,,FALSE,Has existing newsletter - not searched for RSS yet
TechNews.bg,https://technews.bg/feed,Discovered-autodiscovery,N/A,,Bulgaria,technews.bg,To Do,TRUE,,,FALSE,Has existing newsletter - not searched for RSS yet
Olesnica24.com,-,N/A,-,,Poland,olesnica24.com,,TRUE,,,FALSE,Has existing newsletter - not searched for RSS yet
Zadarski list,https://zadarskilist.hr/feed,Discovered-pattern,N/A,,Croatia,zadarskilist.hr,To Do,TRUE,,,FALSE,Has existing newsletter - not searched for RSS yet
Skijumping,https://skijumping.pl/rss.xml,Discovered-autodiscovery,N/A,,Poland,skijumping.pl,To Do,TRUE,,,FALSE,Has existing newsletter - not searched for RSS yet
Sim Racer Magazine,-,N/A,-,,United Kingdom,simracer-mag.com,,TRUE,,,FALSE,Has existing newsletter - not searched for RSS yet
Pen City Current,-,N/A,-,,United States,pencitycurrent.com,,TRUE,,,FALSE,Has existing newsletter - not searched for RSS yet
Radio Doxa,https://doxa.fm/feed/,Discovered-autodiscovery,N/A,,Poland,doxa.fm,To Do,TRUE,,,FALSE,Has existing newsletter - not searched for RSS yet
Pretty Hot,https://pretty-hot.com/feed/,Discovered-autodiscovery,N/A,,United States,pretty-hot.com,To Do,TRUE,,,FALSE,Has existing newsletter - not searched for RSS yet
CenyRolnicze.pl,-,N/A,-,,Poland,cenyrolnicze.pl,,TRUE,,,FALSE,Has existing newsletter - not searched for RSS yet
Szczecin Floating Garden,https://szczecin.eu/rss.xml,Discovered-pattern,N/A,,Poland,szczecin.eu,To Do,TRUE,,,FALSE,Has existing newsletter - not searched for RSS yet
Praise Charlotte,https://praisecharlotte.com/feed/,Discovered-autodiscovery,N/A,,United States,praisecharlotte.com,To Do,TRUE,,,FALSE,Has existing newsletter - not searched for RSS yet
TGN,https://tgn.no/atom.xml,Discovered-pattern,N/A,,Norway,tgn.no,To Do,TRUE,,,FALSE,Has existing newsletter - not searched for RSS yet
PWMania.com,https://www.pwmania.com/feed,Discovered-autodiscovery,N/A,,United States,pwmania.com,To Do,TRUE,,,FALSE,Has existing newsletter - not searched for RSS yet
SC Magazine,-,N/A,-,,United States,scmagazine.com,,TRUE,,,FALSE,Has existing newsletter - not searched for RSS yet
Garbo.ro,-,N/A,-,,Romania,garbo.ro,,TRUE,,,FALSE,Has existing newsletter - not searched for RSS yet
bolaskor.com,https://bolaskor.com/feed,Discovered-pattern,N/A,,Indonesia,bolaskor.com,To Do,TRUE,,,FALSE,Has existing newsletter - not searched for RSS yet
Universal Reporters,-,N/A,-,,Nigeria,universalreportersng.com,,TRUE,,,FALSE,Has existing newsletter - not searched for RSS yet
Triklopodia,-,N/A,-,,Greece,triklopodia.gr,,TRUE,,,FALSE,Has existing newsletter - not searched for RSS yet
TaxiPoint,https://www.taxi-point.co.uk/blog-feed.xml,Discovered-autodiscovery,N/A,,United Kingdom,taxi-point.co.uk,To Do,TRUE,,,FALSE,Has existing newsletter - not searched for RSS yet
Ujpest Media,https://ujpestmedia.hu/feed/,Discovered-autodiscovery,N/A,,Hungary,ujpestmedia.hu,To Do,TRUE,,,FALSE,Has existing newsletter - not searched for RSS yet
Merahputih,-,N/A,-,,Indonesia,merahputih.com,,TRUE,,,FALSE,Has existing newsletter - not searched for RSS yet
Stiri regionale,https://zch.ro/feed/,Discovered-autodiscovery,N/A,,Romania,zch.ro,To Do,TRUE,,,FALSE,Has existing newsletter - not searched for RSS yet
Morgan City Daily-Review,https://www.stmarynow.com/rss.xml,Discovered-autodiscovery,N/A,,United Kingdom,stmarynow.com,To Do,TRUE,,,FALSE,Has existing newsletter - not searched for RSS yet
Parapolitika Argolida,https://parapolitikaargolida.gr/feed/,Discovered-autodiscovery,N/A,,Greece,parapolitikaargolida.gr,To Do,TRUE,,,FALSE,Has existing newsletter - not searched for RSS yet
Lite 98.7 WLZW,https://lite987.com/feed/,Discovered-autodiscovery,N/A,,United States,lite987.com,To Do,TRUE,,,FALSE,Has existing newsletter - not searched for RSS yet
LitNet.co.za,https://litnet.co.za/feed,Discovered-pattern,N/A,,South Africa,litnet.co.za,To Do,TRUE,,,FALSE,Has existing newsletter - not searched for RSS yet
South Asia Journal,-,N/A,-,,United States,southasiajournal.net,,TRUE,,,FALSE,Has existing newsletter - not searched for RSS yet
Gradbanjaluka.com,https://gradbanjaluka.com/feed/,Discovered-autodiscovery,N/A,,Bosnia and Herzegovina,gradbanjaluka.com,To Do,TRUE,,,FALSE,Has existing newsletter - not searched for RSS yet
igryfino.pl,-,N/A,-,,Poland,igryfino.pl,,TRUE,,,FALSE,Has existing newsletter - not searched for RSS yet
Verken je Geest,http://verkenjegeest.com/feed,Discovered-pattern,N/A,,Netherlands,verkenjegeest.com,To Do,TRUE,,,FALSE,Has existing newsletter - not searched for RSS yet
Proshare,-,N/A,-,,Nigeria,proshareng.com,,TRUE,,,FALSE,Has existing newsletter - not searched for RSS yet
netakias.com,-,N/A,-,,Greece,netakias.com,,TRUE,,,FALSE,Has existing newsletter - not searched for RSS yet
PressHub,https://www.presshub.ro/feed/,Discovered-autodiscovery,N/A,,Romania,presshub.ro,To Do,TRUE,,,FALSE,Has existing newsletter - not searched for RSS yet
Receptkirály.hu,https://receptkiraly.hu/feed/,Discovered-autodiscovery,N/A,,Hungary,receptkiraly.hu,To Do,TRUE,,,FALSE,Has existing newsletter - not searched for RSS yet
Sportmarketing,https://sportmarketing.pl/feed,Discovered-pattern,N/A,,Poland,sportmarketing.pl,To Do,TRUE,,,FALSE,Has existing newsletter - not searched for RSS yet
Irablogging,-,N/A,-,,India,irablogging.com,,TRUE,,,FALSE,Has existing newsletter - not searched for RSS yet
Lika Club,https://likaclub.eu/feed/,Discovered-autodiscovery,N/A,,Croatia,likaclub.eu,To Do,TRUE,,,FALSE,Has existing newsletter - not searched for RSS yet
infoDENT24.pl,https://www.infodent24.pl/feed/,Discovered-autodiscovery,N/A,,Poland,infodent24.pl,To Do,TRUE,,,FALSE,Has existing newsletter - not searched for RSS yet
Trabzonum,http://www.trabzonum.tv/rss.php,Discovered-autodiscovery,N/A,,Turkey,trabzonum.tv,To Do,TRUE,,,FALSE,Has existing newsletter - not searched for RSS yet
MIXER.HR,https://mixer.hr/feed/,Discovered-autodiscovery,N/A,,Croatia,mixer.hr,To Do,TRUE,,,FALSE,Has existing newsletter - not searched for RSS yet
TV Confidential,https://televisionconfidential.com/feed/,Discovered-autodiscovery,N/A,,United States,televisionconfidential.com,To Do,TRUE,,,FALSE,Has existing newsletter - not searched for RSS yet
Rising Sun Overport,-,N/A,-,,South Africa,risingsunoverport.co.za,,TRUE,,,FALSE,Has existing newsletter - not searched for RSS yet
Ένωση Αγρινίου,-,N/A,-,,Greece,e-ea.gr,,TRUE,,,FALSE,Has existing newsletter - not searched for RSS yet
The Kimberley Echo,https://kimberleyecho.com.au/feed,Discovered-pattern,N/A,,Australia,kimberleyecho.com.au,To Do,TRUE,,,FALSE,Has existing newsletter - not searched for RSS yet
Έμβολος Emvolos,https://emvolos.gr/feed/,Discovered-autodiscovery,N/A,,Greece,emvolos.gr,To Do,TRUE,,,FALSE,Has existing newsletter - not searched for RSS yet
Ionian Channel,https://ioniantv.gr/feed/,Discovered-autodiscovery,N/A,,Greece,ioniantv.gr,To Do,TRUE,,,FALSE,Has existing newsletter - not searched for RSS yet
Cluj.com - Ghid Local,https://cluj.com/feed,Discovered-pattern,N/A,,Romania,cluj.com,To Do,TRUE,,,FALSE,Has existing newsletter - not searched for RSS yet
Povijest.hr,https://povijest.hr/feed/,Discovered-autodiscovery,N/A,,Croatia,povijest.hr,To Do,TRUE,,,FALSE,Has existing newsletter - not searched for RSS yet
LawLex,https://lawlex.org/feed,Discovered-autodiscovery,N/A,,United States,lawlex.org,To Do,TRUE,,,FALSE,Has existing newsletter - not searched for RSS yet
Rate It Green,-,N/A,-,,United States,rateitgreen.com,,TRUE,,,FALSE,Has existing newsletter - not searched for RSS yet
Los Alamos Daily Post,https://ladailypost.com/feed/,Discovered-autodiscovery,N/A,,United States,ladailypost.com,To Do,TRUE,,,FALSE,Has existing newsletter - not searched for RSS yet
WPFO FOX23,https://fox23maine.com/.rss,Discovered-pattern,N/A,,United States,fox23maine.com,To Do,TRUE,,,FALSE,Has existing newsletter - not searched for RSS yet
Proininews.gr,-,N/A,-,,Greece,proininews.gr,,TRUE,,,FALSE,Has existing newsletter - not searched for RSS yet
speedwaynews.pl,https://speedwaynews.pl/feed,Discovered-pattern,N/A,,Poland,speedwaynews.pl,To Do,TRUE,,,FALSE,Has existing newsletter - not searched for RSS yet
Metal Shock Finland,https://metalshockfinland.com/feed/,Discovered-autodiscovery,N/A,,Finland,metalshockfinland.com,To Do,TRUE,,,FALSE,Has existing newsletter - not searched for RSS yet
onebanglanews.com,https://onebanglanews.com/feed/,Discovered-pattern,N/A,,Bangladesh,onebanglanews.com,To Do,TRUE,,,FALSE,Has existing newsletter - not searched for RSS yet
NotiFight,-,N/A,-,,United States,notifight.com,,TRUE,,,FALSE,Has existing newsletter - not searched for RSS yet
Parakato.gr,http://www.parakato.gr/feeds/posts/default,Discovered-autodiscovery,N/A,,Greece,parakato.gr,To Do,TRUE,,,FALSE,Has existing newsletter - not searched for RSS yet
Via Cluj Tv,https://viacluj.tv/feed/,Discovered-autodiscovery,N/A,,Romania,viacluj.tv,To Do,TRUE,,,FALSE,Has existing newsletter - not searched for RSS yet
Sănătate INFO,-,N/A,-,,Romania,sanatateinfo.md,,TRUE,,,FALSE,Has existing newsletter - not searched for RSS yet
greekhandball.com,-,N/A,-,,Greece,greekhandball.com,,TRUE,,,FALSE,Has existing newsletter - not searched for RSS yet
Pliroforiodotis Imathias,https://pliroforiodotis.gr/index.php?format=feed&type=rss,Discovered-autodiscovery,N/A,,Greece,pliroforiodotis.gr,To Do,TRUE,,,FALSE,Has existing newsletter - not searched for RSS yet
Praise 106.1 Baltimore,https://praisebaltimore.com/feed/,Discovered-autodiscovery,N/A,,United States,praisebaltimore.com,To Do,TRUE,,,FALSE,Has existing newsletter - not searched for RSS yet
Lanzarote Information,https://lanzaroteinformation.co.uk/feed/,Discovered-autodiscovery,N/A,,United Kingdom,lanzaroteinformation.co.uk,To Do,TRUE,,,FALSE,Has existing newsletter - not searched for RSS yet
Halkidikifocus,-,N/A,-,,Greece,halkidikifocus.gr,,TRUE,,,FALSE,Has existing newsletter - not searched for RSS yet
Northwich Guardian,https://northwichguardian.co.uk/news/rss,Discovered-pattern,N/A,,United Kingdom,northwichguardian.co.uk,To Do,TRUE,,,FALSE,Has existing newsletter - not searched for RSS yet
Mid America Live,https://batescountynewswire.blogspot.com/feeds/posts/default,Discovered-autodiscovery,N/A,,United States,midamericalive.com,To Do,TRUE,,,FALSE,Has existing newsletter - not searched for RSS yet
Ανοικτή Βιβλιοθήκη,https://www.openbook.gr/feed/,Discovered-autodiscovery,N/A,,Greece,openbook.gr,To Do,TRUE,,,FALSE,Has existing newsletter - not searched for RSS yet
Forsvarets Forum,-,N/A,-,,Norway,forsvaretsforum.no,,TRUE,,,FALSE,Has existing newsletter - not searched for RSS yet
Tarnowskie Góry,https://tarnogorski.info/feed/,Discovered-autodiscovery,N/A,,Poland,tarnogorski.info,To Do,TRUE,,,FALSE,Has existing newsletter - not searched for RSS yet
North Devon Gazette,-,N/A,-,,United Kingdom,northdevongazette.co.uk,,TRUE,,,FALSE,Has existing newsletter - not searched for RSS yet
World of WP,https://www.worldofwp.com/feed/,Discovered-autodiscovery,N/A,,United States,worldofwp.com,To Do,TRUE,,,FALSE,Has existing newsletter - not searched for RSS yet
Northcliff Melville Times,-,N/A,-,,South Africa,northcliffmelvilletimes.co.za,,TRUE,,,FALSE,Has existing newsletter - not searched for RSS yet
La Voce del Popolo,https://lavoce.hr/feed,Discovered-autodiscovery,N/A,,Croatia,lavoce.hr,To Do,TRUE,,,FALSE,Has existing newsletter - not searched for RSS yet
Picks & Parlays,http://picksandparlays.net/news/feed,Discovered-pattern,N/A,,United States,picksandparlays.net,To Do,TRUE,,,FALSE,Has existing newsletter - not searched for RSS yet
ВРАЦА ДНЕС,-,N/A,-,,Bulgaria,vratzadnes.com,,TRUE,,,FALSE,Has existing newsletter - not searched for RSS yet
Telemundo 51 Fresno,https://www.telemundofresno.com/?rss=y,Discovered-autodiscovery,N/A,,United States,telemundofresno.com,To Do,TRUE,,,FALSE,Has existing newsletter - not searched for RSS yet
L'Observateur US,https://lobservateur.com/feed,Discovered-pattern,N/A,,United States,lobservateur.com,To Do,TRUE,,,FALSE,Has existing newsletter - not searched for RSS yet
MyNewsLA.com,https://mynewsla.com/feed/,Discovered-autodiscovery,N/A,,United States,mynewsla.com,To Do,TRUE,,,FALSE,Has existing newsletter - not searched for RSS yet
North.Wales,https://north.wales/feed,Discovered-pattern,N/A,,United Kingdom,north.wales,To Do,TRUE,,,FALSE,Has existing newsletter - not searched for RSS yet
Dnevni.ba,-,N/A,-,,Bosnia and Herzegovina,dnevni.ba,,TRUE,,,FALSE,Has existing newsletter - not searched for RSS yet
News Medical,https://www.news-medical.net/syndication.axd?format=rss,Discovered-autodiscovery,N/A,,United Kingdom,news-medical.net,To Do,TRUE,,,FALSE,Has existing newsletter - not searched for RSS yet
Asomiya Pratidin,https://www.asomiyapratidin.in/rss,Discovered-autodiscovery,N/A,,India,asomiyapratidin.in,To Do,TRUE,,,FALSE,Has existing newsletter - not searched for RSS yet
www.RunningNews.gr - Τα πάντα για το Τρέξιμο,-,N/A,-,,Greece,runningnews.gr,,TRUE,,,FALSE,Has existing newsletter - not searched for RSS yet
onetamilnews.com,https://onetamilnews.com/feed/,Discovered-autodiscovery,N/A,,India,onetamilnews.com,To Do,TRUE,,,FALSE,Has existing newsletter - not searched for RSS yet
Techmaniacs,https://techmaniacs.gr/feed/,Discovered-autodiscovery,N/A,,Greece,techmaniacs.gr,To Do,TRUE,,,FALSE,Has existing newsletter - not searched for RSS yet
NHL Trade Rumors,https://www.nhltraderumors.me/feeds/posts/default,Discovered-autodiscovery,N/A,,United States,nhltraderumors.me,To Do,TRUE,,,FALSE,Has existing newsletter - not searched for RSS yet
Guitar.com,https://guitar.com/feed/,Discovered-pattern,N/A,,United States,guitar.com,To Do,TRUE,,,FALSE,Has existing newsletter - not searched for RSS yet
Secrets of the Sambar,-,N/A,-,,United States,sambardeer.com,,TRUE,,,FALSE,Has existing newsletter - not searched for RSS yet
Myxalandri.gr,-,N/A,-,,Greece,myxalandri.gr,,TRUE,,,FALSE,Has existing newsletter - not searched for RSS yet
Cyclist Magazine,https://www.cyclist.co.uk/feed,Discovered-autodiscovery,N/A,,United Kingdom,cyclist.co.uk,To Do,TRUE,,,FALSE,Has existing newsletter - not searched for RSS yet
LiveRC,https://liverc.com/rss,Discovered-pattern,N/A,,United States,liverc.com,To Do,TRUE,,,FALSE,Has existing newsletter - not searched for RSS yet
Turizm Güncel,-,N/A,-,,Turkey,turizmguncel.com,,TRUE,,,FALSE,Has existing newsletter - not searched for RSS yet
Watermark,https://watermarkonline.com/feed,Discovered-pattern,N/A,,United States,watermarkonline.com,To Do,TRUE,,,FALSE,Has existing newsletter - not searched for RSS yet
Τύπος Ιωαννίνων typos-i.gr,https://typos-i.gr/rss,Discovered-pattern,N/A,,Greece,typos-i.gr,To Do,TRUE,,,FALSE,Has existing newsletter - not searched for RSS yet
efimeridakefalonia.gr,https://efimeridakefalonia.gr/feed/,Discovered-autodiscovery,N/A,,Greece,efimeridakefalonia.gr,To Do,TRUE,,,FALSE,Has existing newsletter - not searched for RSS yet
Zeek玩家誌,-,N/A,-,,Taiwan,zeekmagazine.com,,TRUE,,,FALSE,Has existing newsletter - not searched for RSS yet
Vozdovac,https://vozdovacinfo.rs/feed/,Discovered-autodiscovery,N/A,,Serbia,vozdovacinfo.rs,To Do,TRUE,,,FALSE,Has existing newsletter - not searched for RSS yet
Someseanul,https://someseanul.ro/feed/,Discovered-autodiscovery,N/A,,Romania,someseanul.ro,To Do,TRUE,,,FALSE,Has existing newsletter - not searched for RSS yet
Natural Health News UK,https://www.naturalhealthnews.uk/feed/,Discovered-autodiscovery,N/A,,United Kingdom,naturalhealthnews.uk,To Do,TRUE,,,FALSE,Has existing newsletter - not searched for RSS yet
Auto Motor & Sport Sverige,https://mestmotor.se/feed,Discovered-pattern,N/A,,Sweden,mestmotor.se,To Do,TRUE,,,FALSE,Has existing newsletter - not searched for RSS yet
NRMjobs.com.au,-,N/A,-,,Australia,nrmjobs.com.au,,TRUE,,,FALSE,Has existing newsletter - not searched for RSS yet
大大學院,https://smartm.com.tw/activity/Atom/max,Discovered-autodiscovery,N/A,,Taiwan,smartm.com.tw,To Do,TRUE,,,FALSE,Has existing newsletter - not searched for RSS yet
ÖT - Österbottens Tidning,-,N/A,-,,Finland,osterbottenstidning.fi,,TRUE,,,FALSE,Has existing newsletter - not searched for RSS yet
Ruby Lane,-,N/A,-,,United States,rubylane.com,,TRUE,,,FALSE,Has existing newsletter - not searched for RSS yet
Δημοτική Ραδιοφωνία Πειραιά,-,N/A,-,,Greece,kanaliena.gr,,TRUE,,,FALSE,Has existing newsletter - not searched for RSS yet
Launceston Examiner,https://examiner.com.au/rss.xml,Discovered-pattern,N/A,,Australia,examiner.com.au,To Do,TRUE,,,FALSE,Has existing newsletter - not searched for RSS yet
Roodepoort Record / Northsider,-,N/A,-,,South Africa,roodepoortrecord.co.za,,TRUE,,,FALSE,Has existing newsletter - not searched for RSS yet
Agrozona,-,N/A,-,,Bulgaria,agrozona.bg,,TRUE,,,FALSE,Has existing newsletter - not searched for RSS yet
Southern Highland News,https://southernhighlandnews.com.au/rss.xml,Discovered-pattern,N/A,,Australia,southernhighlandnews.com.au,To Do,TRUE,,,FALSE,Has existing newsletter - not searched for RSS yet
Touch Arcade,-,N/A,-,,United States,toucharcade.com,,TRUE,,,FALSE,Has existing newsletter - not searched for RSS yet
Vantagemag,https://vantagemag.com/?feed=rss2,Discovered-autodiscovery,N/A,,Greece,vantagemag.com,To Do,TRUE,,,FALSE,Has existing newsletter - not searched for RSS yet
Nevşehir-i Dilara,https://ndhaber.com.tr/rss,Discovered-pattern,N/A,,Turkey,ndhaber.com.tr,To Do,TRUE,,,FALSE,Has existing newsletter - not searched for RSS yet
San Mateo Daily Journal,-,N/A,-,,United States,smdailyjournal.com,,TRUE,,,FALSE,Has existing newsletter - not searched for RSS yet
Daily Liberal,https://dailyliberal.com.au/rss.xml,Discovered-pattern,N/A,,Australia,dailyliberal.com.au,To Do,TRUE,,,FALSE,Has existing newsletter - not searched for RSS yet
Vordingborg.in,https://vordingborg.in/feed/,Discovered-autodiscovery,N/A,,Denmark,vordingborg.in,To Do,TRUE,,,FALSE,Has existing newsletter - not searched for RSS yet
The Border Mail,https://bordermail.com.au/rss.xml,Discovered-pattern,N/A,,Australia,bordermail.com.au,To Do,TRUE,,,FALSE,Has existing newsletter - not searched for RSS yet
The Armidale Express,https://armidaleexpress.com.au/rss.xml,Discovered-pattern,N/A,,Australia,armidaleexpress.com.au,To Do,TRUE,,,FALSE,Has existing newsletter - not searched for RSS yet
eGryfice,-,N/A,-,,Poland,egryfice.pl,,TRUE,,,FALSE,Has existing newsletter - not searched for RSS yet
Farm Weekly,https://farmweekly.com.au/rss.xml,Discovered-pattern,N/A,,Australia,farmweekly.com.au,To Do,TRUE,,,FALSE,Has existing newsletter - not searched for RSS yet
Travel Weekly,https://travelweekly.com.au/feed/,Discovered-autodiscovery,N/A,,Australia,travelweekly.com.au,To Do,TRUE,,,FALSE,Has existing newsletter - not searched for RSS yet
Kansalainen,https://www.kansalainen.fi/feed/,Discovered-autodiscovery,N/A,,Finland,kansalainen.fi,To Do,TRUE,,,FALSE,Has existing newsletter - not searched for RSS yet
TELEPOLIS.PL,https://www.telepolis.pl/rss,Discovered-autodiscovery,N/A,,Poland,telepolis.pl,To Do,TRUE,,,FALSE,Has existing newsletter - not searched for RSS yet
Medyascope,https://medyascope.tv/feed/,Discovered-autodiscovery,N/A,,Turkey,medyascope.tv,To Do,TRUE,,,FALSE,Has existing newsletter - not searched for RSS yet
Auto Expert Magazine Romania,https://www.autoexpert.ro/feed/,Discovered-autodiscovery,N/A,,Romania,autoexpert.ro,To Do,TRUE,,,FALSE,Has existing newsletter - not searched for RSS yet
"ProMED-mail, the Program for Monitoring Emerging Diseases",-,N/A,-,,United States,promedmail.org,,TRUE,,,FALSE,Has existing newsletter - not searched for RSS yet
Οδηγός Εργατικής Νομοθεσίας,-,N/A,-,,Greece,oenet.gr,,TRUE,,,FALSE,Has existing newsletter - not searched for RSS yet
NoHo Arts District,https://nohoartsdistrict.com/feed/,Discovered-autodiscovery,N/A,,United States,nohoartsdistrict.com,To Do,TRUE,,,FALSE,Has existing newsletter - not searched for RSS yet
Griechenland Zeitung,https://griechenland.net/rss,Discovered-pattern,N/A,,Greece,griechenland.net,To Do,TRUE,,,FALSE,Has existing newsletter - not searched for RSS yet
E-Razgrad,https://e-razgrad.bg/feed,Discovered-pattern,N/A,,Bulgaria,e-razgrad.bg,To Do,TRUE,,,FALSE,Has existing newsletter - not searched for RSS yet
Raumnes,-,N/A,-,,Norway,raumnes.no,,TRUE,,,FALSE,Has existing newsletter - not searched for RSS yet
IL GLOBO,-,N/A,-,,Australia,ilglobo.com,,TRUE,,,FALSE,Has existing newsletter - not searched for RSS yet
Εφημερίδα Κοινωνική,-,N/A,-,,Greece,koinoniki.gr,,TRUE,,,FALSE,Has existing newsletter - not searched for RSS yet
Do It Yourself,-,N/A,-,,Romania,ideipentrucasa.ro,,TRUE,,,FALSE,Has existing newsletter - not searched for RSS yet
MÉDIAPIAC.COM,https://mediapiac.com/feed,Discovered-pattern,N/A,,Hungary,mediapiac.com,To Do,TRUE,,,FALSE,Has existing newsletter - not searched for RSS yet
Wrestling-Online,https://www.wrestling-online.com/feed/,Discovered-autodiscovery,N/A,,Malta,wrestling-online.com,To Do,TRUE,,,FALSE,Has existing newsletter - not searched for RSS yet
Stiri Prahova,https://www.zdp.ro/feed,Discovered-autodiscovery,N/A,,Romania,zdp.ro,To Do,TRUE,,,FALSE,Has existing newsletter - not searched for RSS yet
Јужна Србија,-,N/A,-,,Serbia,juznasrbija.info,,TRUE,,,FALSE,Has existing newsletter - not searched for RSS yet
Sport365.hu,https://sport365.hu/feed,Discovered-pattern,N/A,,Hungary,sport365.hu,To Do,TRUE,,,FALSE,Has existing newsletter - not searched for RSS yet
CursDeGuvernare.ro,https://cursdeguvernare.ro/feed,Discovered-autodiscovery,N/A,,Romania,cursdeguvernare.ro,To Do,TRUE,,,FALSE,Has existing newsletter - not searched for RSS yet
e-thessalia.gr,https://e-thessalia.gr/feed/,Discovered-autodiscovery,N/A,,Greece,e-thessalia.gr,To Do,TRUE,,,FALSE,Has existing newsletter - not searched for RSS yet
Polski Tenis Stołowy,https://www.pzts.pl/feed/,Discovered-autodiscovery,N/A,,Poland,pzts.pl,To Do,TRUE,,,FALSE,Has existing newsletter - not searched for RSS yet
Love Your Pub,-,N/A,-,,United Kingdom,loveyourpub.co.uk,,TRUE,,,FALSE,Has existing newsletter - not searched for RSS yet
FutbolNews.pl,https://futbolnews.pl/feed,Discovered-autodiscovery,N/A,,Poland,futbolnews.pl,To Do,TRUE,,,FALSE,Has existing newsletter - not searched for RSS yet
Great Golf Courses of Australia,-,N/A,-,,Australia,greatgolfaustralia.com.au,,TRUE,,,FALSE,Has existing newsletter - not searched for RSS yet
Aparajeo Bangla,-,N/A,-,,Bangladesh,aparajeobangla.com,,TRUE,,,FALSE,Has existing newsletter - not searched for RSS yet
Kansan Uutiset,https://www.ku.fi/feed,Discovered-autodiscovery,N/A,,Finland,kansanuutiset.fi,To Do,TRUE,,,FALSE,Has existing newsletter - not searched for RSS yet
GourdUp,https://www.groundup.org.za/sitenews/rss/,Discovered-autodiscovery,N/A,,South Africa,groundup.org.za,To Do,TRUE,,,FALSE,Has existing newsletter - not searched for RSS yet
Rousing The Kop,https://rousingthekop.com/feed,Discovered-pattern,N/A,,United Kingdom,rousingthekop.com,To Do,TRUE,,,FALSE,Has existing newsletter - not searched for RSS yet
Lifestyle.bg,-,N/A,-,,Bulgaria,lifestyle.bg,,TRUE,,,FALSE,Has existing newsletter - not searched for RSS yet
Zname,https://zname.info/feed,Discovered-pattern,N/A,,Bulgaria,zname.info,To Do,TRUE,,,FALSE,Has existing newsletter - not searched for RSS yet
Luso-Americano Newspaper,https://lusoamericano.com/feed/,Discovered-autodiscovery,N/A,,United States,lusoamericano.com,To Do,TRUE,,,FALSE,Has existing newsletter - not searched for RSS yet
Glusi.TV,-,N/A,-,,Poland,glusi.tv,,TRUE,,,FALSE,Has existing newsletter - not searched for RSS yet
PortalSpozywczy,https://www.portalspozywczy.pl/rss/portalspozywczy.xml,Discovered-autodiscovery,N/A,,Poland,portalspozywczy.pl,To Do,TRUE,,,FALSE,Has existing newsletter - not searched for RSS yet
Roadracing World,https://www.roadracingworld.com/feed/,Discovered-autodiscovery,N/A,,United States,roadracingworld.com,To Do,TRUE,,,FALSE,Has existing newsletter - not searched for RSS yet
Temat Szczecinecki,https://szczecinek.com/rss,Discovered-pattern,N/A,,Poland,szczecinek.com,To Do,TRUE,,,FALSE,Has existing newsletter - not searched for RSS yet
The Cartoon Cowboy,https://thecartooncowboy.com/feed/,Discovered-autodiscovery,N/A,,United States,thecartooncowboy.com,To Do,TRUE,,,FALSE,Has existing newsletter - not searched for RSS yet
steigan.no,https://steigan.no/feed/,Discovered-autodiscovery,N/A,,Norway,steigan.no,To Do,TRUE,,,FALSE,Has existing newsletter - not searched for RSS yet
Fakty Białystok,https://fakty.bialystok.pl/rss,Discovered-pattern,N/A,,Poland,fakty.bialystok.pl,To Do,TRUE,,,FALSE,Has existing newsletter - not searched for RSS yet
St George & Sutherland Shire Leader,https://theleader.com.au/rss.xml,Discovered-pattern,N/A,,Australia,theleader.com.au,To Do,TRUE,,,FALSE,Has existing newsletter - not searched for RSS yet
Avrupa Gazete,http://avrupagazete.co.uk/rss,Discovered-pattern,N/A,,United Kingdom,avrupagazete.co.uk,To Do,TRUE,,,FALSE,Has existing newsletter - not searched for RSS yet
Geelong Advertiser,-,N/A,-,,Australia,geelongadvertiser.com.au,,TRUE,,,FALSE,Has existing newsletter - not searched for RSS yet
V4Stream,https://v4news.com/feed/,Discovered-autodiscovery,N/A,,India,v4news.com,To Do,TRUE,,,FALSE,Has existing newsletter - not searched for RSS yet
Edessa News,https://edessanews.gr/feed/,Discovered-autodiscovery,N/A,,Greece,edessanews.gr,To Do,TRUE,,,FALSE,Has existing newsletter - not searched for RSS yet
The Daily Advertiser,https://dailyadvertiser.com.au/rss.xml,Discovered-pattern,N/A,,Australia,dailyadvertiser.com.au,To Do,TRUE,,,FALSE,Has existing newsletter - not searched for RSS yet
Midtjyllands Avis,-,N/A,-,,Denmark,midtjyllandsavis.dk,,TRUE,,,FALSE,Has existing newsletter - not searched for RSS yet
For Every Mom,https://foreverymom.com/feed/,Discovered-autodiscovery,N/A,,United States,foreverymom.com,To Do,TRUE,,,FALSE,Has existing newsletter - not searched for RSS yet
Manning River Times,https://manningrivertimes.com.au/rss.xml,Discovered-pattern,N/A,,Australia,manningrivertimes.com.au,To Do,TRUE,,,FALSE,Has existing newsletter - not searched for RSS yet
Radio Luna,https://www.radioluna.info/feed/,Discovered-autodiscovery,N/A,,Serbia,radioluna.info,To Do,TRUE,,,FALSE,Has existing newsletter - not searched for RSS yet
旧金山湾区华人资讯网,-,N/A,-,,United States,chineseinsfbay.com,,TRUE,,,FALSE,Has existing newsletter - not searched for RSS yet
WLR FM,-,N/A,-,,Ireland,wlrfm.com,,TRUE,,,FALSE,Has existing newsletter - not searched for RSS yet
Vantaan Sanomat,https://www.vantaansanomat.fi/feed/rss,Discovered-autodiscovery,N/A,,Finland,vantaansanomat.fi,To Do,TRUE,,,FALSE,Has existing newsletter - not searched for RSS yet
Yapi Dergisi,https://yapi.com.tr/Rss/Haberler.rss,Discovered-autodiscovery,N/A,,Turkey,yapi.com.tr,To Do,TRUE,,,FALSE,Has existing newsletter - not searched for RSS yet
HaberVakti,-,N/A,-,,Turkey,habervakti.com,,TRUE,,,FALSE,Has existing newsletter - not searched for RSS yet
Naija Live TV,http://naijalivetv.com/feed,Discovered-pattern,N/A,,Nigeria,naijalivetv.com,To Do,TRUE,,,FALSE,Has existing newsletter - not searched for RSS yet
Kayseri Haber Gazetesi,https://kayserihaber.com.tr/rss.xml,Discovered-pattern,N/A,,Turkey,kayserihaber.com.tr,To Do,TRUE,,,FALSE,Has existing newsletter - not searched for RSS yet
National Indian Gaming Association,https://indiangaming.org/feed/,Discovered-autodiscovery,N/A,,India,indiangaming.org,To Do,TRUE,,,FALSE,Has existing newsletter - not searched for RSS yet
eduadvisor.gr,-,N/A,-,,Greece,eduadvisor.gr,,TRUE,,,FALSE,Has existing newsletter - not searched for RSS yet
BWW Media Group,https://www.bwwmediagroup.com/feed/,Discovered-autodiscovery,N/A,,United States,bwwmediagroup.com,To Do,TRUE,,,FALSE,Has existing newsletter - not searched for RSS yet
Team-BHP.com,-,N/A,-,,India,team-bhp.com,,TRUE,,,FALSE,Has existing newsletter - not searched for RSS yet
World Red Eye,https://worldredeye.com/feed,Discovered-pattern,N/A,,United States,worldredeye.com,To Do,TRUE,,,FALSE,Has existing newsletter - not searched for RSS yet
Noise11,https://www.noise11.com/feed,Discovered-autodiscovery,N/A,,Australia,noise11.com,To Do,TRUE,,,FALSE,Has existing newsletter - not searched for RSS yet
Port Technology International,-,N/A,-,,United Kingdom,porttechnology.org,,TRUE,,,FALSE,Has existing newsletter - not searched for RSS yet
Εργασιακά Νέα,https://ergasiakanea.eu/feed/,Discovered-autodiscovery,N/A,,Greece,ergasiakanea.eu,To Do,TRUE,,,FALSE,Has existing newsletter - not searched for RSS yet
SXM Talks,https://www.sxm-talks.com/feed/,Discovered-autodiscovery,N/A,,Netherlands,sxm-talks.com,To Do,TRUE,,,FALSE,Has existing newsletter - not searched for RSS yet
Southern Maryland Online,-,N/A,-,,United States,somd.com,,TRUE,,,FALSE,Has existing newsletter - not searched for RSS yet
Smirking Chimp,http://smirkingchimp.com/rss.xml,Discovered-autodiscovery,N/A,,United States,smirkingchimp.com,To Do,TRUE,,,FALSE,Has existing newsletter - not searched for RSS yet
PécsMa.hu,https://www.pecsma.hu/feed/,Discovered-autodiscovery,N/A,,Hungary,pecsma.hu,To Do,TRUE,,,FALSE,Has existing newsletter - not searched for RSS yet
TalkGlitz Media,https://talkglitz.media/feed/,Discovered-autodiscovery,N/A,,Nigeria,talkglitz.media,To Do,TRUE,,,FALSE,Has existing newsletter - not searched for RSS yet
Koinignomi,https://www.koinignomi.gr/rss.xml,Discovered-autodiscovery,N/A,,Greece,koinignomi.gr,To Do,TRUE,,,FALSE,Has existing newsletter - not searched for RSS yet
Kocaeli Bizim Yaka Gazetesi,-,N/A,-,,Turkey,bizimyaka.com,,TRUE,,,FALSE,Has existing newsletter - not searched for RSS yet
Agenziaimpress,https://agenziaimpress.it/feed,Discovered-pattern,N/A,,United States,agenziaimpress.it,To Do,TRUE,,,FALSE,Has existing newsletter - not searched for RSS yet
Nova Vest,https://novavest.bg/feed/,Discovered-autodiscovery,N/A,,Bulgaria,novavest.bg,To Do,TRUE,,,FALSE,Has existing newsletter - not searched for RSS yet
Erettsegi.com,-,N/A,-,,Hungary,erettsegi.com,,TRUE,,,FALSE,Has existing newsletter - not searched for RSS yet
Muzyczne Radio INFO,-,N/A,-,,Poland,muzyczneradio.pl,,TRUE,,,FALSE,Has existing newsletter - not searched for RSS yet
Small Caps,https://smallcaps.com.au/feed,Discovered-autodiscovery,N/A,,Australia,smallcaps.com.au,To Do,TRUE,,,FALSE,Has existing newsletter - not searched for RSS yet
Vestnik Utro,https://feeds.feedburner.com/utroruse/news,Discovered-autodiscovery,N/A,,Bulgaria,utroruse.com,To Do,TRUE,,,FALSE,Has existing newsletter - not searched for RSS yet
Ploumistos,https://www.ploumistos.com/feeds/posts/default,Discovered-autodiscovery,N/A,,Greece,ploumistos.com,To Do,TRUE,,,FALSE,Has existing newsletter - not searched for RSS yet
Vestnik Borba,https://www.borbabg.com/feed/,Discovered-autodiscovery,N/A,,Bulgaria,borbabg.com,To Do,TRUE,,,FALSE,Has existing newsletter - not searched for RSS yet
Cotidianul Gorjeanul,https://www.gorjeanul.ro/feed/,Discovered-autodiscovery,N/A,,Romania,gorjeanul.ro,To Do,TRUE,,,FALSE,Has existing newsletter - not searched for RSS yet
Itech News,https://itechnews.gr/feed/,Discovered-autodiscovery,N/A,,Greece,itechnews.gr,To Do,TRUE,,,FALSE,Has existing newsletter - not searched for RSS yet
TASTY GUIDE,-,N/A,-,,Greece,tasty-guide.gr,,TRUE,,,FALSE,Has existing newsletter - not searched for RSS yet
WLS-tv,https://wlsam.com/feed,Discovered-pattern,N/A,,United States,wlsam.com,To Do,TRUE,,,FALSE,Has existing newsletter - not searched for RSS yet
The Educators Domain,https://www.educatorsdomain.com.au/blog-feed.xml,Discovered-autodiscovery,N/A,,Australia,educatorsdomain.com.au,To Do,TRUE,,,FALSE,Has existing newsletter - not searched for RSS yet
VYPE Texas,https://vype.com/feeds/feed.rss,Discovered-autodiscovery,N/A,,United States,vype.com,To Do,TRUE,,,FALSE,Has existing newsletter - not searched for RSS yet
Wtaj-Tv,https://wearecentralpa.com/rss,Discovered-pattern,N/A,,United States,wearecentralpa.com,To Do,TRUE,,,FALSE,Has existing newsletter - not searched for RSS yet
Greendex.hu,https://greendex.hu/feed,Discovered-pattern,N/A,,Hungary,greendex.hu,To Do,TRUE,,,FALSE,Has existing newsletter - not searched for RSS yet
HarlequinJunkie Romance Reviews,https://harlequinjunkie.com/feed,Discovered-pattern,N/A,,United States,harlequinjunkie.com,To Do,TRUE,,,FALSE,Has existing newsletter - not searched for RSS yet
The Eagle 100.9,-,N/A,-,,United States,okotoksonline.com,,TRUE,,,FALSE,Has existing newsletter - not searched for RSS yet
MyChesCo,https://www.mychesco.com/feed/,Discovered-autodiscovery,N/A,,United States,mychesco.com,To Do,TRUE,,,FALSE,Has existing newsletter - not searched for RSS yet
AlesdOnline,https://www.alesdonline.ro/feed/,Discovered-autodiscovery,N/A,,Romania,alesdonline.ro,To Do,TRUE,,,FALSE,Has existing newsletter - not searched for RSS yet
Daily Pahenji Akhbar,-,N/A,-,,Pakistan,thetimenews.tv,,TRUE,,,FALSE,Has existing newsletter - not searched for RSS yet
Healthpharma,https://healthpharma.gr/feed/,Discovered-autodiscovery,N/A,,Greece,healthpharma.gr,To Do,TRUE,,,FALSE,Has existing newsletter - not searched for RSS yet
Forin.gr,-,N/A,-,,Greece,forin.gr,,TRUE,,,FALSE,Has existing newsletter - not searched for RSS yet
İşte Çanakkale Gazetesi,https://istecanakkalegazetesi.com/rss,Discovered-pattern,N/A,,Turkey,istecanakkalegazetesi.com,To Do,TRUE,,,FALSE,Has existing newsletter - not searched for RSS yet
konecki24.pl,https://konecki24.pl/rss,Discovered-pattern,N/A,,Poland,konecki24.pl,To Do,TRUE,,,FALSE,Has existing newsletter - not searched for RSS yet
Rythymfm,-,N/A,-,,Netherlands,rythymfm.net,,TRUE,,,FALSE,Has existing newsletter - not searched for RSS yet
Tuairisc,https://tuairisc.ie/feed/,Discovered-autodiscovery,N/A,,Ireland,tuairisc.ie,To Do,TRUE,,,FALSE,Has existing newsletter - not searched for RSS yet
The Maritime Executive,-,N/A,-,,United States,maritime-executive.com,,TRUE,,,FALSE,Has existing newsletter - not searched for RSS yet
Winona Daily News,http://winonadailynews.com/search/?f=rss&t=article&l=50&s=start_time&sd=desc&k%5B%5D=%23topstory,Discovered-autodiscovery,N/A,,United States,winonadailynews.com,To Do,TRUE,,,FALSE,Has existing newsletter - not searched for RSS yet
Västgöta-Bladet,https://www.vastgotabladet.se/feeds/feed.xml,Discovered-autodiscovery,N/A,,Sweden,vastgotabladet.se,To Do,TRUE,,,FALSE,Has existing newsletter - not searched for RSS yet
Gold Derby,https://www.goldderby.com/feed/rss/,Discovered-autodiscovery,N/A,,United States,goldderby.com,To Do,TRUE,,,FALSE,Has existing newsletter - not searched for RSS yet
SportsCafe,-,N/A,-,,India,sportscafe.in,,TRUE,,,FALSE,Has existing newsletter - not searched for RSS yet
ABC7 News,https://abc7news.com/feed/,Discovered-autodiscovery,N/A,,United States,abc7news.com,To Do,TRUE,,,FALSE,Has existing newsletter - not searched for RSS yet
dneprnews,https://dneprnews.info/feed,Discovered-autodiscovery,N/A,,Greece,dneprnews.info,To Do,TRUE,,,FALSE,Has existing newsletter - not searched for RSS yet
Revive NL,-,N/A,-,,Netherlands,revive.nl,,TRUE,,,FALSE,Has existing newsletter - not searched for RSS yet
Pleasanton Weekly,https://www.pleasantonweekly.com/feed/,Discovered-autodiscovery,N/A,,United States,pleasantonweekly.com,To Do,TRUE,,,FALSE,Has existing newsletter - not searched for RSS yet
Torbalı Güncel,https://torbaliguncel.com/rss,Discovered-pattern,N/A,,Turkey,torbaliguncel.com,To Do,TRUE,,,FALSE,Has existing newsletter - not searched for RSS yet
The Assam Tribune,https://assamtribune.com/google_feeds.xml,Discovered-autodiscovery,N/A,,India,assamtribune.com,To Do,TRUE,,,FALSE,Has existing newsletter - not searched for RSS yet
To Vima,https://tovima.gr/feed,Discovered-pattern,N/A,,Greece,tovima.gr,To Do,TRUE,,,FALSE,Has existing newsletter - not searched for RSS yet
Detroit News,-,N/A,-,,United States,detroitnews.com,,TRUE,,,FALSE,Has existing newsletter - not searched for RSS yet
Juicing for Health,https://juicing-for-health.com/feed,Discovered-pattern,N/A,,United States,juicing-for-health.com,To Do,TRUE,,,FALSE,Has existing newsletter - not searched for RSS yet
MarketBeat.com,-,N/A,-,,United States,marketbeat.com,,TRUE,,,FALSE,Has existing newsletter - not searched for RSS yet
Servantsofgrace,https://servantsofgrace.org/feed,Discovered-pattern,N/A,,United States,servantsofgrace.org,To Do,TRUE,,,FALSE,Has existing newsletter - not searched for RSS yet
Technology Times Pakistan,-,N/A,-,,Pakistan,technologytimes.pk,,TRUE,,,FALSE,Has existing newsletter - not searched for RSS yet
Buzaumedia,https://buzaumedia.ro/feed/,Discovered-autodiscovery,N/A,,Romania,buzaumedia.ro,To Do,TRUE,,,FALSE,Has existing newsletter - not searched for RSS yet
Hizmet Gazetesi,https://hizmetgazetesi.com.tr/rss,Discovered-pattern,N/A,,Turkey,hizmetgazetesi.com.tr,To Do,TRUE,,,FALSE,Has existing newsletter - not searched for RSS yet
Tύπος Ηπείρου,https://typosepeirou.gr/?feed=rss2,Discovered-autodiscovery,N/A,,Greece,typosepeirou.gr,To Do,TRUE,,,FALSE,Has existing newsletter - not searched for RSS yet
U.S. Environmental Protection Agency,-,N/A,-,,United States,epa.gov,,TRUE,,,FALSE,Has existing newsletter - not searched for RSS yet
Powergame.gr,https://powergame.gr/feed,Discovered-pattern,N/A,,Greece,powergame.gr,To Do,TRUE,,,FALSE,Has existing newsletter - not searched for RSS yet
Ray Haber,https://rayhaber.com/feed/,Discovered-autodiscovery,N/A,,Turkey,rayhaber.com,To Do,TRUE,,,FALSE,Has existing newsletter - not searched for RSS yet
Evrytania Sport,https://www.evrytaniasport.gr/feeds/posts/default,Discovered-autodiscovery,N/A,,Greece,evrytaniasport.gr,To Do,TRUE,,,FALSE,Has existing newsletter - not searched for RSS yet
Ελεύθερος Κόσμος,https://elkosmos.gr/feed,Discovered-autodiscovery,N/A,,Greece,elkosmos.gr,To Do,TRUE,,,FALSE,Has existing newsletter - not searched for RSS yet
Jurnalul National,https://jurnalulnational.ro/feed/,Discovered-autodiscovery,N/A,,Romania,jurnalulnational.ro,To Do,TRUE,,,FALSE,Has existing newsletter - not searched for RSS yet
CT Haber,-,N/A,-,,Turkey,cthaber.com,,TRUE,,,FALSE,Has existing newsletter - not searched for RSS yet
Erzurum Haber,-,N/A,-,,Turkey,erzurumhaber.com.tr,,TRUE,,,FALSE,Has existing newsletter - not searched for RSS yet
Karma News,-,N/A,-,,India,thekarmanews.com,,TRUE,,,FALSE,Has existing newsletter - not searched for RSS yet
Wjactv,https://wjactv.com/.rss,Discovered-pattern,N/A,,United States,wjactv.com,To Do,TRUE,,,FALSE,Has existing newsletter - not searched for RSS yet
Frontstretch,https://frontstretch.com/feed,Discovered-pattern,N/A,,United States,frontstretch.com,To Do,TRUE,,,FALSE,Has existing newsletter - not searched for RSS yet
Γαστροτουρισμός Gastrotourismos,-,N/A,-,,Greece,gastrotourismos.gr,,TRUE,,,FALSE,Has existing newsletter - not searched for RSS yet
SigortaMedya,https://sigortamedya.com.tr/feed/,Discovered-autodiscovery,N/A,,Turkey,sigortamedya.com.tr,To Do,TRUE,,,FALSE,Has existing newsletter - not searched for RSS yet
Gazete Rize,https://gazeterize.com/rss,Discovered-pattern,N/A,,Turkey,gazeterize.com,To Do,TRUE,,,FALSE,Has existing newsletter - not searched for RSS yet
Sakarya'dan son dakika Haberi,-,N/A,-,,Turkey,sakaryadanhaber.com,,TRUE,,,FALSE,Has existing newsletter - not searched for RSS yet
AL.com,https://www.al.com/arc/outboundfeeds/rss/?outputType=xml,Discovered-autodiscovery,N/A,,United States,al.com,To Do,TRUE,,,FALSE,Has existing newsletter - not searched for RSS yet
The Upcoming,https://www.theupcoming.co.uk/feed/,Discovered-autodiscovery,N/A,,United Kingdom,theupcoming.co.uk,To Do,TRUE,,,FALSE,Has existing newsletter - not searched for RSS yet
Green.hr,https://green.hr/feed/,Discovered-autodiscovery,N/A,,Bosnia and Herzegovina,green.hr,To Do,TRUE,,,FALSE,Has existing newsletter - not searched for RSS yet
Televiziunea Intermedia,https://intermediatv.ro/feed/,Discovered-autodiscovery,N/A,,Romania,intermediatv.ro,To Do,TRUE,,,FALSE,Has existing newsletter - not searched for RSS yet
Haber Şanlıurfa,-,N/A,-,,Turkey,habersanliurfa.net,,TRUE,,,FALSE,Has existing newsletter - not searched for RSS yet
Prag News,-,N/A,-,,India,pragnews.com,,TRUE,,,FALSE,Has existing newsletter - not searched for RSS yet
Düzce Parantez Gazetesi,-,N/A,-,,Turkey,duzceparantez.com,,TRUE,,,FALSE,Has existing newsletter - not searched for RSS yet
Travel Europe,https://traveleurope.ro/feed,Discovered-autodiscovery,N/A,,Romania,traveleurope.ro,To Do,TRUE,,,FALSE,Has existing newsletter - not searched for RSS yet
Kolo TV,-,N/A,-,,United States,kolotv.com,,TRUE,,,FALSE,Has existing newsletter - not searched for RSS yet
Rapport,-,N/A,-,,Finland,rapport.fi,,TRUE,,,FALSE,Has existing newsletter - not searched for RSS yet
Åbo Underrättelser,-,N/A,-,,Finland,abounderrattelser.fi,,TRUE,,,FALSE,Has existing newsletter - not searched for RSS yet
Signals,https://signalsaz.com/feed,Discovered-pattern,N/A,,United States,signalsaz.com,To Do,TRUE,,,FALSE,Has existing newsletter - not searched for RSS yet
Caravan magazine,-,N/A,-,,India,caravanmagazine.in,,TRUE,,,FALSE,Has existing newsletter - not searched for RSS yet
Βεροιώτης,https://www.veriotis.gr/feeds/posts/default,Discovered-autodiscovery,N/A,,Greece,veriotis.gr,To Do,TRUE,,,FALSE,Has existing newsletter - not searched for RSS yet
Pokazivac,-,N/A,-,,Serbia,pokazivac.com,,TRUE,,,FALSE,Has existing newsletter - not searched for RSS yet
Hellenic Shipping News,-,N/A,-,,Greece,hellenicshippingnews.com,,TRUE,,,FALSE,Has existing newsletter - not searched for RSS yet
Ηλιούπολη για όλους,-,N/A,-,,Greece,ilioupoligiaolous.gr,,TRUE,,,FALSE,Has existing newsletter - not searched for RSS yet
Korinthostv Peloponnisos,https://korinthostv.gr/feed/,Discovered-autodiscovery,N/A,,Greece,korinthostv.gr,To Do,TRUE,,,FALSE,Has existing newsletter - not searched for RSS yet
The Wave,https://rockawave.com/feed/,Discovered-pattern,N/A,,United States,rockawave.com,To Do,TRUE,,,FALSE,Has existing newsletter - not searched for RSS yet
Ljubuški portal,https://www.ljportal.com/feed/,Discovered-autodiscovery,N/A,,Bosnia and Herzegovina,ljportal.com,To Do,TRUE,,,FALSE,Has existing newsletter - not searched for RSS yet
Przasnysz EPrzasnysz,https://eprzasnysz.pl/rss,Discovered-pattern,N/A,,Poland,eprzasnysz.pl,To Do,TRUE,,,FALSE,Has existing newsletter - not searched for RSS yet
KRCRtv,https://krcrtv.com/.rss,Discovered-pattern,N/A,,United States,krcrtv.com,To Do,TRUE,,,FALSE,Has existing newsletter - not searched for RSS yet
Mărturie Athonită,https://marturieathonita.ro/feed/,Discovered-autodiscovery,N/A,,Romania,marturieathonita.ro,To Do,TRUE,,,FALSE,Has existing newsletter - not searched for RSS yet
Travelling,https://www.travelling.gr/feed/,Discovered-autodiscovery,N/A,,Greece,travelling.gr,To Do,TRUE,,,FALSE,Has existing newsletter - not searched for RSS yet
Norrtelje Tidning,https://www.norrteljetidning.se/feeds/feed.xml,Discovered-autodiscovery,N/A,,Sweden,norrteljetidning.se,To Do,TRUE,,,FALSE,Has existing newsletter - not searched for RSS yet
Q13 Fox,https://www.fox13seattle.com/rss.xml,Discovered-autodiscovery,N/A,,United States,q13fox.com,To Do,TRUE,,,FALSE,Has existing newsletter - not searched for RSS yet
Sanj Samachar,-,N/A,-,,India,sanjsamachar.net,,TRUE,,,FALSE,Has existing newsletter - not searched for RSS yet
The Citizen,https://thecitizen.com/feed/,Discovered-autodiscovery,N/A,,United States,thecitizen.com,To Do,TRUE,,,FALSE,Has existing newsletter - not searched for RSS yet
Pécs Aktuál,-,N/A,-,,Hungary,pecsaktual.hu,,TRUE,,,FALSE,Has existing newsletter - not searched for RSS yet
Ravalli Republic,-,N/A,-,,United States,ravallirepublic.com,,TRUE,,,FALSE,Has existing newsletter - not searched for RSS yet
iwanbanaran.com,-,N/A,-,,Indonesia,iwanbanaran.com,,TRUE,,,FALSE,Has existing newsletter - not searched for RSS yet
UltimateTube.com,https://ultimatetube.com/rss.php,Discovered-pattern,N/A,,United States,ultimatetube.com,To Do,TRUE,,,FALSE,Has existing newsletter - not searched for RSS yet
Glasul Sucevei,http://glasulsucevei.ro/feed,Discovered-pattern,N/A,,Romania,glasulsucevei.ro,To Do,TRUE,,,FALSE,Has existing newsletter - not searched for RSS yet
Mak Lambe Turah,-,N/A,-,,Indonesia,beritaterheboh.com,,TRUE,,,FALSE,Has existing newsletter - not searched for RSS yet
HealthWeb.gr,https://www.healthweb.gr/feed/gn,Discovered-autodiscovery,N/A,,Greece,healthweb.gr,To Do,TRUE,,,FALSE,Has existing newsletter - not searched for RSS yet
Ziarul Bursa,-,N/A,-,,Romania,bursa.ro,,TRUE,,,FALSE,Has existing newsletter - not searched for RSS yet
Župan.hr,https://zupan.hr/feed/,Discovered-autodiscovery,N/A,,Hungary,zupan.hr,To Do,TRUE,,,FALSE,Has existing newsletter - not searched for RSS yet
Lethbridge News Now,https://lethbridgenewsnow.com/feed,Discovered-pattern,N/A,,United States,lethbridgenewsnow.com,To Do,TRUE,,,FALSE,Has existing newsletter - not searched for RSS yet
Tur-Info.pl,-,N/A,-,,Poland,tur-info.pl,,TRUE,,,FALSE,Has existing newsletter - not searched for RSS yet
"Интернет-газета ""Континент""",-,N/A,-,,United States,kontinentusa.com,,TRUE,,,FALSE,Has existing newsletter - not searched for RSS yet
Λαιμητόμος Ειδησεις,-,N/A,-,,Greece,laimitomos.com,,TRUE,,,FALSE,Has existing newsletter - not searched for RSS yet
Agro TV Srbija,https://www.agrotv.net/feed/,Discovered-autodiscovery,N/A,,Serbia,agrotv.net,To Do,TRUE,,,FALSE,Has existing newsletter - not searched for RSS yet
Explore Liverpool,-,N/A,-,,United Kingdom,explore-liverpool.com,,TRUE,,,FALSE,Has existing newsletter - not searched for RSS yet
WWL Media Jacek Kubiak,https://www.wwl24.pl/feed/,Discovered-autodiscovery,N/A,,Poland,wwl24.pl,To Do,TRUE,,,FALSE,Has existing newsletter - not searched for RSS yet
Öteki Sinema,https://www.otekisinema.com/feed/,Discovered-autodiscovery,N/A,,Turkey,otekisinema.com,To Do,TRUE,,,FALSE,Has existing newsletter - not searched for RSS yet
Δρόμος της Αριστεράς,-,N/A,-,,Greece,edromos.gr,,TRUE,,,FALSE,Has existing newsletter - not searched for RSS yet
Аюрведа център & БИО магазин,-,N/A,-,,Bulgaria,ayurvedabio.com,,TRUE,,,FALSE,Has existing newsletter - not searched for RSS yet
The Greek Lawyer,https://thegreeklawyer.gr/feed/,Discovered-autodiscovery,N/A,,Greece,thegreeklawyer.gr,To Do,TRUE,,,FALSE,Has existing newsletter - not searched for RSS yet
Gazete Memur,-,N/A,-,,Turkey,gazetememur.com,,TRUE,,,FALSE,Has existing newsletter - not searched for RSS yet
Wdef,https://www.wdef.com/feed/,Discovered-autodiscovery,N/A,,United States,wdef.com,To Do,TRUE,,,FALSE,Has existing newsletter - not searched for RSS yet
Kuzey Ekspres Gazetesi,-,N/A,-,,Turkey,kuzeyekspres.com.tr,,TRUE,,,FALSE,Has existing newsletter - not searched for RSS yet
VLT AB,-,N/A,-,,Sweden,vlt.se,,TRUE,,,FALSE,Has existing newsletter - not searched for RSS yet
Capenews.net,-,N/A,-,,United States,capenews.net,,TRUE,,,FALSE,Has existing newsletter - not searched for RSS yet
Shields Gazette,-,N/A,-,,United Kingdom,shieldsgazette.com,,TRUE,,,FALSE,Has existing newsletter - not searched for RSS yet
Gotlands Allehanda,-,N/A,-,,Sweden,helagotland.se,,TRUE,,,FALSE,Has existing newsletter - not searched for RSS yet
THE WEEK INDIA,-,N/A,-,,India,theweek.in,,TRUE,,,FALSE,Has existing newsletter - not searched for RSS yet
The Evening Sun,-,N/A,-,,United States,eveningsun.com,,TRUE,,,FALSE,Has existing newsletter - not searched for RSS yet
Thrylos24.gr,-,N/A,-,,Greece,thrylos24.gr,,TRUE,,,FALSE,Has existing newsletter - not searched for RSS yet
The Pueblo Chieftain,-,N/A,-,,United States,chieftain.com,,TRUE,,,FALSE,Has existing newsletter - not searched for RSS yet
Bu Sabah Malatya,-,N/A,-,,Turkey,busabahmalatya.com,,TRUE,,,FALSE,Has existing newsletter - not searched for RSS yet
WTVQ,-,N/A,-,,United States,wtvq.com,,TRUE,,,FALSE,Has existing newsletter - not searched for RSS yet
Luton Today,-,N/A,-,,United Kingdom,lutontoday.co.uk,,TRUE,,,FALSE,Has existing newsletter - not searched for RSS yet
Niğde Günaydın Gazetesi,-,N/A,-,,Turkey,nigdegunaydin.com,,TRUE,,,FALSE,Has existing newsletter - not searched for RSS yet
Daily The Nation,-,N/A,-,,Pakistan,nation.com.pk,,TRUE,,,FALSE,Has existing newsletter - not searched for RSS yet
Just the News,-,N/A,-,,United States,justthenews.com,,TRUE,,,FALSE,Has existing newsletter - not searched for RSS yet
BanglaVision TV,-,N/A,-,,Bangladesh,bvnews24.com,,TRUE,,,FALSE,Has existing newsletter - not searched for RSS yet
The AV Club,-,N/A,-,,United States,avclub.com,,TRUE,,,FALSE,Has existing newsletter - not searched for RSS yet
Polskie Radio PIK,-,N/A,-,,Poland,radiopik.pl,,TRUE,,,FALSE,Has existing newsletter - not searched for RSS yet
Ksnv-tv,-,N/A,-,,United States,news3lv.com,,TRUE,,,FALSE,Has existing newsletter - not searched for RSS yet
Channel 2,-,N/A,-,,United States,idahonews.com,,TRUE,,,FALSE,Has existing newsletter - not searched for RSS yet
Wvva,-,N/A,-,,United States,wvva.com,,TRUE,,,FALSE,Has existing newsletter - not searched for RSS yet
The Irish Field,-,N/A,-,,Ireland,theirishfield.ie,,TRUE,,,FALSE,Has existing newsletter - not searched for RSS yet
Sheboygan Press,-,N/A,-,,United States,sheboyganpress.com,,TRUE,,,FALSE,Has existing newsletter - not searched for RSS yet
Light Reading,-,N/A,-,,United States,lightreading.com,,TRUE,,,FALSE,Has existing newsletter - not searched for RSS yet
PoliticsHome,-,N/A,-,,United Kingdom,politicshome.com,,TRUE,,,FALSE,Has existing newsletter - not searched for RSS yet
Financial Planning,-,N/A,-,,United States,financial-planning.com,,TRUE,,,FALSE,Has existing newsletter - not searched for RSS yet
Wlox,-,N/A,-,,United States,wlox.com,,TRUE,,,FALSE,Has existing newsletter - not searched for RSS yet
Kent Ravenna Record-Courier,-,N/A,-,,United States,record-courier.com,,TRUE,,,FALSE,Has existing newsletter - not searched for RSS yet
Music News Ltd,-,N/A,-,,United Kingdom,music-news.com,,TRUE,,,FALSE,Has existing newsletter - not searched for RSS yet
The 6PR,-,N/A,-,,Australia,6pr.com.au,,TRUE,,,FALSE,Has existing newsletter - not searched for RSS yet
Siouxland News,-,N/A,-,,United States,siouxlandnews.com,,TRUE,,,FALSE,Has existing newsletter - not searched for RSS yet
Wsaw,-,N/A,-,,United States,wsaw.com,,TRUE,,,FALSE,Has existing newsletter - not searched for RSS yet
Techpoint,-,N/A,-,,Nigeria,techpoint.ng,,TRUE,,,FALSE,Has existing newsletter - not searched for RSS yet
Urfa Haber İnternet Gazetesi,-,N/A,-,,Turkey,urfahaber.com,,TRUE,,,FALSE,Has existing newsletter - not searched for RSS yet
Kocham Radzyń Podlaski,-,N/A,-,,Poland,kochamradzyn.pl,,TRUE,,,FALSE,Has existing newsletter - not searched for RSS yet
De Ondernemer,-,N/A,-,,Netherlands,deondernemer.nl,,TRUE,,,FALSE,Has existing newsletter - not searched for RSS yet
My Lefkada,-,N/A,-,,Greece,mylefkada.gr,,TRUE,,,FALSE,Has existing newsletter - not searched for RSS yet
Kiplinger,-,N/A,-,,United States,kiplinger.com,,TRUE,,,FALSE,Has existing newsletter - not searched for RSS yet
KATU Channel 2,-,N/A,-,,United States,katu.com,,TRUE,,,FALSE,Has existing newsletter - not searched for RSS yet
Fox 29,-,N/A,-,,United States,fox29.com,,TRUE,,,FALSE,Has existing newsletter - not searched for RSS yet
The KPAX,-,N/A,-,,United States,kpax.com,,TRUE,,,FALSE,Has existing newsletter - not searched for RSS yet
DothanFirst,-,N/A,-,,United States,dothanfirst.com,,TRUE,,,FALSE,Has existing newsletter - not searched for RSS yet
Kilkenny People,-,N/A,-,,Ireland,kilkennypeople.ie,,TRUE,,,FALSE,Has existing newsletter - not searched for RSS yet
Wbko,-,N/A,-,,United States,wbko.com,,TRUE,,,FALSE,Has existing newsletter - not searched for RSS yet
Η ΓΝΩΜΗ,-,N/A,-,,Greece,gnomionline.gr,,TRUE,,,FALSE,Has existing newsletter - not searched for RSS yet
Business Insider Bangladesh,-,N/A,-,,Bangladesh,businessinsiderbd.com,,TRUE,,,FALSE,Has existing newsletter - not searched for RSS yet
WICS,-,N/A,-,,United States,newschannel20.com,,TRUE,,,FALSE,Has existing newsletter - not searched for RSS yet
Ny1,-,N/A,-,,United States,ny1.com,,TRUE,,,FALSE,Has existing newsletter - not searched for RSS yet
Kısa Dalga Medya,-,N/A,-,,Turkey,kisadalga.net,,TRUE,,,FALSE,Has existing newsletter - not searched for RSS yet
Wndu,-,N/A,-,,United States,wndu.com,,TRUE,,,FALSE,Has existing newsletter - not searched for RSS yet
KECI-TV,-,N/A,-,,United States,nbcmontana.com,,TRUE,,,FALSE,Has existing newsletter - not searched for RSS yet
Wmfe,-,N/A,-,,United States,wmfe.org,,TRUE,,,FALSE,Has existing newsletter - not searched for RSS yet
WJFW Newswatch 12,-,N/A,-,,United States,wjfw.com,,TRUE,,,FALSE,Has existing newsletter - not searched for RSS yet
Asia Financial,-,N/A,-,,United Kingdom,asiafinancial.com,,TRUE,,,FALSE,Has existing newsletter - not searched for RSS yet
El Periódico Extremadura,-,N/A,-,,United States,elperiodicoextremadura.com,,TRUE,,,FALSE,Has existing newsletter - not searched for RSS yet
Droitwich Standard,-,N/A,-,,United Kingdom,droitwichstandard.co.uk,,TRUE,,,FALSE,Has existing newsletter - not searched for RSS yet
LeicestershireLive,-,N/A,-,,United Kingdom,leicestermercury.co.uk,,TRUE,,,FALSE,Has existing newsletter - not searched for RSS yet
Θέμα Υγείας,-,N/A,-,,Greece,themaygeias.gr,,TRUE,,,FALSE,Has existing newsletter - not searched for RSS yet
Limerick Leader,-,N/A,-,,Ireland,limerickleader.ie,,TRUE,,,FALSE,Has existing newsletter - not searched for RSS yet
UpNorthLive,-,N/A,-,,United States,upnorthlive.com,,TRUE,,,FALSE,Has existing newsletter - not searched for RSS yet
Tok FM,-,N/A,-,,Poland,tokfm.pl,,TRUE,,,FALSE,Has existing newsletter - not searched for RSS yet
WITN-7 News,-,N/A,-,,United States,witn.com,,TRUE,,,FALSE,Has existing newsletter - not searched for RSS yet
Wwmt,-,N/A,-,,United States,wwmt.com,,TRUE,,,FALSE,Has existing newsletter - not searched for RSS yet
Wtov,-,N/A,-,,United States,wtov9.com,,TRUE,,,FALSE,Has existing newsletter - not searched for RSS yet
Wear TV,-,N/A,-,,United States,weartv.com,,TRUE,,,FALSE,Has existing newsletter - not searched for RSS yet
Kjrh,-,N/A,-,,United States,kjrh.com,,TRUE,,,FALSE,Has existing newsletter - not searched for RSS yet
The WOWT,-,N/A,-,,United States,wowt.com,,TRUE,,,FALSE,Has existing newsletter - not searched for RSS yet
Woman & Home S.A,-,N/A,-,,South Africa,womanandhomemagazine.co.za,,TRUE,,,FALSE,Has existing newsletter - not searched for RSS yet
Wcyb,-,N/A,-,,United States,wcyb.com,,TRUE,,,FALSE,Has existing newsletter - not searched for RSS yet
News4SanAntonio,-,N/A,-,,United States,news4sanantonio.com,,TRUE,,,FALSE,Has existing newsletter - not searched for RSS yet
ZM Online,-,N/A,-,,United States,zmonline.com,,TRUE,,,FALSE,Has existing newsletter - not searched for RSS yet
The WLOS,-,N/A,-,,United States,wlos.com,,TRUE,,,FALSE,Has existing newsletter - not searched for RSS yet
Bet3.gr,-,N/A,-,,Greece,bet3.gr,,TRUE,,,FALSE,Has existing newsletter - not searched for RSS yet
Wifr,-,N/A,-,,United States,wifr.com,,TRUE,,,FALSE,Has existing newsletter - not searched for RSS yet
KTVH,-,N/A,-,,United States,ktvh.com,,TRUE,,,FALSE,Has existing newsletter - not searched for RSS yet
Komu,-,N/A,-,,United States,komu.com,,TRUE,,,FALSE,Has existing newsletter - not searched for RSS yet
Love Ballymena,-,N/A,-,,United Kingdom,loveballymena.online,,TRUE,,,FALSE,Has existing newsletter - not searched for RSS yet
WTVY Studios,-,N/A,-,,United States,wtvy.com,,TRUE,,,FALSE,Has existing newsletter - not searched for RSS yet
SEN Magazine,-,N/A,-,,United Kingdom,senmagazine.co.uk,,TRUE,,,FALSE,Has existing newsletter - not searched for RSS yet
Pulaski County - Patriot,-,N/A,-,,United States,pcpatriot.com,,TRUE,,,FALSE,Has existing newsletter - not searched for RSS yet
Kabb,-,N/A,-,,United States,foxsanantonio.com,,TRUE,,,FALSE,Has existing newsletter - not searched for RSS yet
N/A,-,N/A,-,,United States,fox17.com,,TRUE,,,FALSE,Has existing newsletter - not searched for RSS yet
Tribuna Ávila,-,N/A,-,,United States,tribunaavila.com,,TRUE,,,FALSE,Has existing newsletter - not searched for RSS yet
WYMT,-,N/A,-,,United States,wymt.com,,TRUE,,,FALSE,Has existing newsletter - not searched for RSS yet
FunX,-,N/A,-,,Netherlands,funx.nl,,TRUE,,,FALSE,Has existing newsletter - not searched for RSS yet
Daily Trojan,-,N/A,-,,United States,dailytrojan.com,,TRUE,,,FALSE,Has existing newsletter - not searched for RSS yet
KarditsaSport.gr,-,N/A,-,,Greece,karditsasport.gr,,TRUE,,,FALSE,Has existing newsletter - not searched for RSS yet
Kezj,-,N/A,-,,United States,kezj.com,,TRUE,,,FALSE,Has existing newsletter - not searched for RSS yet
Banbury Guardian,-,N/A,-,,United Kingdom,banburyguardian.co.uk,,TRUE,,,FALSE,Has existing newsletter - not searched for RSS yet
Dark Reading,-,N/A,-,,United States,darkreading.com,,TRUE,,,FALSE,Has existing newsletter - not searched for RSS yet
KSHB-TV,-,N/A,-,,United States,kshb.com,,TRUE,,,FALSE,Has existing newsletter - not searched for RSS yet
KGAN TV,-,N/A,-,,United States,cbs2iowa.com,,TRUE,,,FALSE,Has existing newsletter - not searched for RSS yet
South Coast Business Awards 2018,-,N/A,-,,United Kingdom,dailyecho.co.uk,,TRUE,,,FALSE,Has existing newsletter - not searched for RSS yet
Eco-Business,-,N/A,-,,Singapore,eco-business.com,,TRUE,,,FALSE,Has existing newsletter - not searched for RSS yet
Beatrice Daily Sun,-,N/A,-,,United States,beatricedailysun.com,,TRUE,,,FALSE,Has existing newsletter - not searched for RSS yet
čačanski glas,-,N/A,-,,Serbia,caglas.rs,,TRUE,,,FALSE,Has existing newsletter - not searched for RSS yet
Wrgb,-,N/A,-,,United States,cbs6albany.com,,TRUE,,,FALSE,Has existing newsletter - not searched for RSS yet
ব্যাংকিং নিউজ বাংলাদেশ,-,N/A,-,,Bangladesh,bankingnewsbd.com,,TRUE,,,FALSE,Has existing newsletter - not searched for RSS yet
Wcti-tv,-,N/A,-,,United States,wcti12.com,,TRUE,,,FALSE,Has existing newsletter - not searched for RSS yet
Global Business Press,-,N/A,-,,Singapore,gbp.com.sg,,TRUE,,,FALSE,Has existing newsletter - not searched for RSS yet
Courier Media Group,-,N/A,-,,United States,wcfcourier.com,,TRUE,,,FALSE,Has existing newsletter - not searched for RSS yet
DualShockers,-,N/A,-,,United States,dualshockers.com,,TRUE,,,FALSE,Has existing newsletter - not searched for RSS yet
KNAU Arizona Public Radio,-,N/A,-,,United States,knau.org,,TRUE,,,FALSE,Has existing newsletter - not searched for RSS yet
The Penny Hoarder,-,N/A,-,,United States,thepennyhoarder.com,,TRUE,,,FALSE,Has existing newsletter - not searched for RSS yet
HW News Network,-,N/A,-,,India,hwnews.in,,TRUE,,,FALSE,Has existing newsletter - not searched for RSS yet
The Lawrence Times,-,N/A,-,,United States,lawrencekstimes.com,,TRUE,,,FALSE,Has existing newsletter - not searched for RSS yet
TECHx,-,N/A,-,,United Arab Emirates,techxmedia.com,,TRUE,,,FALSE,Has existing newsletter - not searched for RSS yet
Deep Roots at Home,-,N/A,-,,United States,deeprootsathome.com,,TRUE,,,FALSE,Has existing newsletter - not searched for RSS yet
OpenGov Asia,-,N/A,-,,Singapore,opengovasia.com,,TRUE,,,FALSE,Has existing newsletter - not searched for RSS yet
NDT.org,-,N/A,-,,United States,ndt.org,,TRUE,,,FALSE,Has existing newsletter - not searched for RSS yet
Peoples Gazette,-,N/A,-,,Nigeria,gazettengr.com,,TRUE,,,FALSE,Has existing newsletter - not searched for RSS yet
Ładnebebe,-,N/A,-,,Poland,ladnebebe.pl,,TRUE,,,FALSE,Has existing newsletter - not searched for RSS yet
International Business Magazine,-,N/A,-,,United Arab Emirates,intlbm.com,,TRUE,,,FALSE,Has existing newsletter - not searched for RSS yet
Block Club Chicago,-,N/A,-,,United States,blockclubchicago.org,,TRUE,,,FALSE,Has existing newsletter - not searched for RSS yet
NaikMotor,-,N/A,-,,United States,naikmotor.com,,TRUE,,,FALSE,Has existing newsletter - not searched for RSS yet
James Spann,-,N/A,-,,United States,alabamawx.com,,TRUE,,,FALSE,Has existing newsletter - not searched for RSS yet
Richmond News,-,N/A,-,,United States,richmond-news.com,,TRUE,,,FALSE,Has existing newsletter - not searched for RSS yet
Politica la Iasi,-,N/A,-,,Romania,iasitvlife.ro,,TRUE,,,FALSE,Has existing newsletter - not searched for RSS yet
Rádió Antritt,-,N/A,-,,Hungary,radioantritt.hu,,TRUE,,,FALSE,Has existing newsletter - not searched for RSS yet
Play-Off Magazine,-,N/A,-,,United States,playoffmagazine.com,,TRUE,,,FALSE,Has existing newsletter - not searched for RSS yet
Nevada Appeal,-,N/A,-,,United States,nevadaappeal.com,,TRUE,,,FALSE,Has existing newsletter - not searched for RSS yet
Nottinghamshire Live,-,N/A,-,,United Kingdom,nottinghampost.com,,TRUE,,,FALSE,Has existing newsletter - not searched for RSS yet
Arrajol,-,N/A,-,,United Arab Emirates,arrajol.com,,TRUE,,,FALSE,Has existing newsletter - not searched for RSS yet
Empty,-,N/A,-,,Turkey,coinbilgi.net,,TRUE,,,FALSE,Has existing newsletter - not searched for RSS yet
AGENDA BEŞİKTAŞ,-,N/A,-,,Turkey,gundembesiktas.com,,TRUE,,,FALSE,Has existing newsletter - not searched for RSS yet
De Beste Social Media,-,N/A,-,,Netherlands,debestesocialmedia.nl,,TRUE,,,FALSE,Has existing newsletter - not searched for RSS yet
My Alternative Look,-,N/A,-,,United States,unfoldingroma.com,,TRUE,,,FALSE,Has existing newsletter - not searched for RSS yet
Reuters Breakingviews,-,N/A,-,,United States,breakingviews.com,,TRUE,,,FALSE,Has existing newsletter - not searched for RSS yet
Justia Mexico,-,N/A,-,,United States,justia.com,,TRUE,,,FALSE,Has existing newsletter - not searched for RSS yet
Infosecurity Magazine,-,N/A,-,,United Kingdom,infosecurity-magazine.com,,TRUE,,,FALSE,Has existing newsletter - not searched for RSS yet
Uttarbanga Sambad,-,N/A,-,,India,uttarbangasambad.com,,TRUE,,,FALSE,Has existing newsletter - not searched for RSS yet
Alföld Televízió,-,N/A,-,,Hungary,hajdupress.hu,,TRUE,,,FALSE,Has existing newsletter - not searched for RSS yet
GB News,-,N/A,-,,United Kingdom,gbnews.uk,,TRUE,,,FALSE,Has existing newsletter - not searched for RSS yet
Don't Panic Magazine,-,N/A,-,,United States,dnpmag.com,,TRUE,,,FALSE,Has existing newsletter - not searched for RSS yet
Happiness is here,-,N/A,-,,Australia,happinessishereblog.com,,TRUE,,,FALSE,Has existing newsletter - not searched for RSS yet
The Mazatlan Post,-,N/A,-,,United States,themazatlanpost.com,,TRUE,,,FALSE,Has existing newsletter - not searched for RSS yet
PGurus.com,-,N/A,-,,United States,pgurus.com,,TRUE,,,FALSE,Has existing newsletter - not searched for RSS yet
Selena Thinking Out Loud,-,N/A,-,,United States,selenathinkingoutloud.com,,TRUE,,,FALSE,Has existing newsletter - not searched for RSS yet
F for Free,-,N/A,-,,India,fforfree.net,,TRUE,,,FALSE,Has existing newsletter - not searched for RSS yet
Mediehuset Hallandsposten,-,N/A,-,,Sweden,hallandsposten.se,,TRUE,,,FALSE,Has existing newsletter - not searched for RSS yet
Unity TV,-,N/A,-,,Netherlands,unity.nu,,TRUE,,,FALSE,Has existing newsletter - not searched for RSS yet
The Yak Magazine,-,N/A,-,,Indonesia,theyakmag.com,,TRUE,,,FALSE,Has existing newsletter - not searched for RSS yet
Eastern Daily Press,-,N/A,-,,United Kingdom,edp24.co.uk,,TRUE,,,FALSE,Has existing newsletter - not searched for RSS yet
気になるバイクニュース。,-,N/A,-,,United States,kininarubikenews.com,,TRUE,,,FALSE,Has existing newsletter - not searched for RSS yet
TV6 & FOX UP,-,N/A,-,,United States,uppermichiganssource.com,,TRUE,,,FALSE,Has existing newsletter - not searched for RSS yet
Big Country Preps,-,N/A,-,,United States,bigcountrypreps.com,,TRUE,,,FALSE,Has existing newsletter - not searched for RSS yet
One Media,-,N/A,-,,Sweden,thelocal.se,,TRUE,,,FALSE,Has existing newsletter - not searched for RSS yet
Katrineholms-Kuriren,-,N/A,-,,Sweden,kkuriren.se,,TRUE,,,FALSE,Has existing newsletter - not searched for RSS yet
Awesome Mitten,-,N/A,-,,United States,awesomemitten.com,,TRUE,,,FALSE,Has existing newsletter - not searched for RSS yet
都筑区民ニュース,-,N/A,-,,United States,kumin.news,,TRUE,,,FALSE,Has existing newsletter - not searched for RSS yet
GhanaWeb,-,N/A,-,,Netherlands,ghanaweb.com,,TRUE,,,FALSE,Has existing newsletter - not searched for RSS yet
Home Adore,-,N/A,-,,United States,homeadore.com,,TRUE,,,FALSE,Has existing newsletter - not searched for RSS yet
รถมือสอง รถบ้านมือสอง รถบ้านเจ้าของขายเอง,-,N/A,-,,United States,xn--22caobb7fvah1fc9id1dce1ti4me.net,,TRUE,,,FALSE,Has existing newsletter - not searched for RSS yet
The NYC Daily Post,-,N/A,-,,United States,nycdailypost.com,,TRUE,,,FALSE,Has existing newsletter - not searched for RSS yet
Où Sortir Avignon,-,N/A,-,,United States,ou-sortir-avignon.com,,TRUE,,,FALSE,Has existing newsletter - not searched for RSS yet
Zena a toua,-,N/A,-,,United States,zenaatoua.com,,TRUE,,,FALSE,Has existing newsletter - not searched for RSS yet
Elittleworld,-,N/A,-,,Hong Kong,elittleworld.com,,TRUE,,,FALSE,Has existing newsletter - not searched for RSS yet
HRM Asia,-,N/A,-,,Singapore,hrmasia.com,,TRUE,,,FALSE,Has existing newsletter - not searched for RSS yet
VisionPlus,-,N/A,-,,United Arab Emirates,visionplusmag.com,,TRUE,,,FALSE,Has existing newsletter - not searched for RSS yet
OstrowMaz24.pl,-,N/A,-,,Poland,ostrowmaz24.pl,,TRUE,,,FALSE,Has existing newsletter - not searched for RSS yet
RE/MAX Québec inc.,-,N/A,-,,United States,remax-quebec.com,,TRUE,,,FALSE,Has existing newsletter - not searched for RSS yet
"Old Houses Under $50,000",-,N/A,-,,United States,oldhousesunder50k.com,,TRUE,,,FALSE,Has existing newsletter - not searched for RSS yet
wattsupwiththat,-,N/A,-,,United States,wattsupwiththat.com,,TRUE,,,FALSE,Has existing newsletter - not searched for RSS yet
Lessons From the End of a Marriage,-,N/A,-,,United States,lessonsfromtheendofamarriage.com,,TRUE,,,FALSE,Has existing newsletter - not searched for RSS yet
The China Study - Nutrizione Consapevole,-,N/A,-,,United States,nutrizioneconsapevole.info,,TRUE,,,FALSE,Has existing newsletter - not searched for RSS yet
幻冬舎ゴールドオンライン,-,N/A,-,,United States,gentosha-go.com,,TRUE,,,FALSE,Has existing newsletter - not searched for RSS yet
Computer tips & tricks,-,N/A,-,,India,sachinjindal.co.in,,TRUE,,,FALSE,Has existing newsletter - not searched for RSS yet
Write a letter to God,-,N/A,-,,United States,ilovepsalms.com,,TRUE,,,FALSE,Has existing newsletter - not searched for RSS yet
Kayıp Rıhtım,-,N/A,-,,Turkey,kayiprihtim.com,,TRUE,,,FALSE,Has existing newsletter - not searched for RSS yet
The Washington Standard,-,N/A,-,,United States,thewashingtonstandard.com,,TRUE,,,FALSE,Has existing newsletter - not searched for RSS yet
Adil Medya,-,N/A,-,,Turkey,adilmedya.com,,TRUE,,,FALSE,Has existing newsletter - not searched for RSS yet
LOLO Tour,-,N/A,-,,Romania,lolotour.ro,,TRUE,,,FALSE,Has existing newsletter - not searched for RSS yet
SSBCrackExams,-,N/A,-,,India,ssbcrackexams.com,,TRUE,,,FALSE,Has existing newsletter - not searched for RSS yet
디지털데일리,-,N/A,-,,United States,delighit.net,,TRUE,,,FALSE,Has existing newsletter - not searched for RSS yet
Ρωμαίικο Οδοιπορικό,-,N/A,-,,Greece,orthodoxia-ellhnismos.gr,,TRUE,,,FALSE,Has existing newsletter - not searched for RSS yet
1688 Media,-,N/A,-,,Australia,1688.com.au,,TRUE,,,FALSE,Has existing newsletter - not searched for RSS yet
epicure,-,N/A,-,,Singapore,epicureasia.com,,TRUE,,,FALSE,Has existing newsletter - not searched for RSS yet
全民學英文,-,N/A,-,,United States,englisher.info,,TRUE,,,FALSE,Has existing newsletter - not searched for RSS yet
Ashland Times Gazette,-,N/A,-,,United States,times-gazette.com,,TRUE,,,FALSE,Has existing newsletter - not searched for RSS yet
The Holiday NInja,-,N/A,-,,United States,theholidayninja.com,,TRUE,,,FALSE,Has existing newsletter - not searched for RSS yet
WANNABE MAGAZINE,-,N/A,-,,Serbia,wannabemagazine.com,,TRUE,,,FALSE,Has existing newsletter - not searched for RSS yet
Drug Store News,-,N/A,-,,United States,drugstorenews.com,,TRUE,,,FALSE,Has existing newsletter - not searched for RSS yet
Traffic-Chic,-,N/A,-,,United States,traffic-chic.com,,TRUE,,,FALSE,Has existing newsletter - not searched for RSS yet
The City Lane,-,N/A,-,,United States,thecitylane.com,,TRUE,,,FALSE,Has existing newsletter - not searched for RSS yet
El Librero de Gutenberg,-,N/A,-,,United States,gutenberg.rocks,,TRUE,,,FALSE,Has existing newsletter - not searched for RSS yet
Amaliadanews.gr,-,N/A,-,,Greece,ilia.news,,TRUE,,,FALSE,Has existing newsletter - not searched for RSS yet
Grace Filled Homemaking,-,N/A,-,,United States,gracefilledhomemaking.com,,TRUE,,,FALSE,Has existing newsletter - not searched for RSS yet
In Memory of Neda Agha-Soltan,-,N/A,-,,United States,iranians.global,,TRUE,,,FALSE,Has existing newsletter - not searched for RSS yet
Winston County Journal,-,N/A,-,,United States,redhillsmsnews.com,,TRUE,,,FALSE,Has existing newsletter - not searched for RSS yet
Enjoying Prayer,-,N/A,-,,United States,christconnection.cc,,TRUE,,,FALSE,Has existing newsletter - not searched for RSS yet
Franz Alt - SONNENSEITE.COM,-,N/A,-,,United States,sonnenseite.com,,TRUE,,,FALSE,Has existing newsletter - not searched for RSS yet
NewsBangla24.com,-,N/A,-,,Bangladesh,newsbangla24.com,,TRUE,,,FALSE,Has existing newsletter - not searched for RSS yet
TalkDisney,-,N/A,-,,United States,talkdisney.com,,TRUE,,,FALSE,Has existing newsletter - not searched for RSS yet
Basketaki.com,-,N/A,-,,Greece,basketaki.com,,TRUE,,,FALSE,Has existing newsletter - not searched for RSS yet
"NHS Discount Offers - Staff, Friends & Family",-,N/A,-,,United Kingdom,nhsdiscountoffers.co.uk,,TRUE,,,FALSE,Has existing newsletter - not searched for RSS yet
AskMen,-,N/A,-,,United States,askmen.com,,TRUE,,,FALSE,Has existing newsletter - not searched for RSS yet
Libertatea,-,N/A,-,,Romania,libertatea.ro,,TRUE,,,FALSE,Has existing newsletter - not searched for RSS yet
Kékfény,-,N/A,-,,Hungary,kekvillogo.hu,,TRUE,,,FALSE,Has existing newsletter - not searched for RSS yet
Know Your Meme,-,N/A,-,,United States,knowyourmeme.com,,TRUE,,,FALSE,Has existing newsletter - not searched for RSS yet
Freebies 2 Deals,-,N/A,-,,United States,freebies2deals.com,,TRUE,,,FALSE,Has existing newsletter - not searched for RSS yet
Sky At Night magazine,-,N/A,-,,United States,skyatnightmagazine.com,,TRUE,,,FALSE,Has existing newsletter - not searched for RSS yet
Budaörs Képekben,-,N/A,-,,Hungary,budaorsiinfo.hu,,TRUE,,,FALSE,Has existing newsletter - not searched for RSS yet
miastoNS.pl,-,N/A,-,,Poland,miastons.pl,,TRUE,,,FALSE,Has existing newsletter - not searched for RSS yet
ITutorial.ro - Noutăți și tutoriale pentru iPhone,-,N/A,-,,Romania,itutorial.ro,,TRUE,,,FALSE,Has existing newsletter - not searched for RSS yet
Health Beyond Belief,-,N/A,-,,United States,healthbeyondbelief.com,,TRUE,,,FALSE,Has existing newsletter - not searched for RSS yet
Mujer Medicina de la Tierra,-,N/A,-,,United States,mujermedicinadelatierra.com,,TRUE,,,FALSE,Has existing newsletter - not searched for RSS yet
Snow Tracks,-,N/A,-,,United States,snowtracks.com,,TRUE,,,FALSE,Has existing newsletter - not searched for RSS yet
Rustenburg.biz,-,N/A,-,,South Africa,rustenburg.biz,,TRUE,,,FALSE,Has existing newsletter - not searched for RSS yet
Dziennik Prawny,-,N/A,-,,Poland,dziennikprawny.pl,,TRUE,,,FALSE,Has existing newsletter - not searched for RSS yet
Visegrad Live,-,N/A,-,,Bosnia and Herzegovina,visegradlive.com,,TRUE,,,FALSE,Has existing newsletter - not searched for RSS yet
Times Today India,-,N/A,-,,India,timestodayindia.com,,TRUE,,,FALSE,Has existing newsletter - not searched for RSS yet
Vecsés Hírek,-,N/A,-,,Hungary,vecseshirek.hu,,TRUE,,,FALSE,Has existing newsletter - not searched for RSS yet
Информационна Агенция и Вестник Монитор,-,N/A,-,,Bulgaria,monitor.bg,,TRUE,,,FALSE,Has existing newsletter - not searched for RSS yet
UsabilityGeek - Usability & User Experience Blog,-,N/A,-,,United States,usabilitygeek.com,,TRUE,,,FALSE,Has existing newsletter - not searched for RSS yet
WriteJobs,-,N/A,-,,United States,writejobs.info,,TRUE,,,FALSE,Has existing newsletter - not searched for RSS yet
Kroger Krazy,-,N/A,-,,United States,krogerkrazy.com,,TRUE,,,FALSE,Has existing newsletter - not searched for RSS yet
Il Marghine,-,N/A,-,,United States,ilmarghine.net,,TRUE,,,FALSE,Has existing newsletter - not searched for RSS yet
Price Pony,-,N/A,-,,Philippines,pricepony.com.ph,,TRUE,,,FALSE,Has existing newsletter - not searched for RSS yet
–°—Ç–∞—ö–µ —Å—Ç–≤–∞—Ä–∏,-,N/A,-,,United States,stanjestvari.com,,TRUE,,,FALSE,Has existing newsletter - not searched for RSS yet
La Voce del Tigullio,-,N/A,-,,United States,vocetigullio.com,,TRUE,,,FALSE,Has existing newsletter - not searched for RSS yet
인도네시아 전문현지여행사 사삭투어,-,N/A,-,,Indonesia,sasaktour.co.kr,,TRUE,,,FALSE,Has existing newsletter - not searched for RSS yet
ΝΕΟΣ ΑΓΩΝ,-,N/A,-,,Greece,neosagon.gr,,TRUE,,,FALSE,Has existing newsletter - not searched for RSS yet
Senayanpost,-,N/A,-,,Indonesia,senayanpost.com,,TRUE,,,FALSE,Has existing newsletter - not searched for RSS yet
Western Armenia,-,N/A,-,,United States,westernarmeniatv.com,,TRUE,,,FALSE,Has existing newsletter - not searched for RSS yet
SHOPPING and INFO,-,N/A,-,,United States,shoppingandinfo.com,,TRUE,,,FALSE,Has existing newsletter - not searched for RSS yet
ljepotaizdravlje.ba,-,N/A,-,,Bosnia and Herzegovina,ljepotaizdravlje.ba,,TRUE,,,FALSE,Has existing newsletter - not searched for RSS yet
7giorni,-,N/A,-,,United States,7giorni.info,,TRUE,,,FALSE,Has existing newsletter - not searched for RSS yet
Transport Journal Newspaper,-,N/A,-,,United States,trjournalnews.com,,TRUE,,,FALSE,Has existing newsletter - not searched for RSS yet
Családdal vagyok,-,N/A,-,,Hungary,babafalva.hu,,TRUE,,,FALSE,Has existing newsletter - not searched for RSS yet
Vanilla Radio Smooth Flavors,-,N/A,-,,United States,vanillaradio.com,,TRUE,,,FALSE,Has existing newsletter - not searched for RSS yet
Conservative Firing Line,-,N/A,-,,United States,conservativefiringline.com,,TRUE,,,FALSE,Has existing newsletter - not searched for RSS yet
Careers In Government,-,N/A,-,,United States,careersingovernment.com,,TRUE,,,FALSE,Has existing newsletter - not searched for RSS yet
–ü—Ä–µ—Å—Å–∞ –£–∫—Ä–∞–∏–Ω—ã,-,N/A,-,,United States,uapress.info,,TRUE,,,FALSE,Has existing newsletter - not searched for RSS yet
VonBeau.com,-,N/A,-,,United States,vonbeau.com,,TRUE,,,FALSE,Has existing newsletter - not searched for RSS yet
woohoo.hu,-,N/A,-,,Hungary,woohoo.hu,,TRUE,,,FALSE,Has existing newsletter - not searched for RSS yet
Low Carb Mag,-,N/A,-,,United States,lowcarbmag.com,,TRUE,,,FALSE,Has existing newsletter - not searched for RSS yet
Gospodarka Wyborcza.pl,-,N/A,-,,United States,wyborcza.biz,,TRUE,,,FALSE,Has existing newsletter - not searched for RSS yet
Creative Healthy Family,-,N/A,-,,United States,creativehealthyfamily.com,,TRUE,,,FALSE,Has existing newsletter - not searched for RSS yet
Fibre2Fashion,-,N/A,-,,India,fibre2fashion.com,,TRUE,,,FALSE,Has existing newsletter - not searched for RSS yet
Nissaa,-,N/A,-,,United States,nissaa.net,,TRUE,,,FALSE,Has existing newsletter - not searched for RSS yet
Burgasnews.com,-,N/A,-,,Bulgaria,burgasnews.com,,TRUE,,,FALSE,Has existing newsletter - not searched for RSS yet
Boss Hunting,-,N/A,-,,Australia,bosshunting.com.au,,TRUE,,,FALSE,Has existing newsletter - not searched for RSS yet
Nikkis Freebie Jeebies,-,N/A,-,,United States,nikkisfreebiejeebies.com,,TRUE,,,FALSE,Has existing newsletter - not searched for RSS yet
Small Town Woman,-,N/A,-,,United States,smalltownwoman.com,,TRUE,,,FALSE,Has existing newsletter - not searched for RSS yet
MotoList - Motociclete Echipamente Moto,-,N/A,-,,Romania,motolist.ro,,TRUE,,,FALSE,Has existing newsletter - not searched for RSS yet
Jambalaya News Louisiana,-,N/A,-,,United States,jambalayanews.com,,TRUE,,,FALSE,Has existing newsletter - not searched for RSS yet
Political Economist,-,N/A,-,,Nigeria,politicaleconomistng.com,,TRUE,,,FALSE,Has existing newsletter - not searched for RSS yet
ΣΕΜΙΝΑΡΙΑ ΨΥΧΟΛΟΓΙΑΣ,-,N/A,-,,Greece,seminaria-psychologias.gr,,TRUE,,,FALSE,Has existing newsletter - not searched for RSS yet
Monitor de Oriente,-,N/A,-,,United States,monitordeoriente.com,,TRUE,,,FALSE,Has existing newsletter - not searched for RSS yet
CongoPlanete.com,-,N/A,-,,United States,congoplanete.com,,TRUE,,,FALSE,Has existing newsletter - not searched for RSS yet
WakacyjniPiraci,-,N/A,-,,Poland,wakacyjnipiraci.pl,,TRUE,,,FALSE,Has existing newsletter - not searched for RSS yet
Agri4all.com,-,N/A,-,,South Africa,agri4all.com,,TRUE,,,FALSE,Has existing newsletter - not searched for RSS yet
Mamme&Risparmio,-,N/A,-,,United States,wordpress.com,,TRUE,,,FALSE,Has existing newsletter - not searched for RSS yet
Micronus Prime,-,N/A,-,,United States,tfw2005.com,,TRUE,,,FALSE,Has existing newsletter - not searched for RSS yet
The Covai Mail,-,N/A,-,,India,covaimail.com,,TRUE,,,FALSE,Has existing newsletter - not searched for RSS yet
Persatuan Ibu Mengandung & Menyusu,-,N/A,-,,United States,mommyiskandar.com,,TRUE,,,FALSE,Has existing newsletter - not searched for RSS yet
Herault.news,-,N/A,-,,United States,herault.news,,TRUE,,,FALSE,Has existing newsletter - not searched for RSS yet
JK24x7News,-,N/A,-,,India,jk24x7news.tv,,TRUE,,,FALSE,Has existing newsletter - not searched for RSS yet
Golden Homes Midrand,-,N/A,-,,South Africa,goldenhomes.co.za,,TRUE,,,FALSE,Has existing newsletter - not searched for RSS yet
Beginning and End,-,N/A,-,,United States,beginningandend.com,,TRUE,,,FALSE,Has existing newsletter - not searched for RSS yet
9jafanz,-,N/A,-,,Nigeria,usa4records.com,,TRUE,,,FALSE,Has existing newsletter - not searched for RSS yet
Domodi.pl,-,N/A,-,,Poland,domodi.pl,,TRUE,,,FALSE,Has existing newsletter - not searched for RSS yet
divainbucatarie.ro,-,N/A,-,,Romania,divainbucatarie.ro,,TRUE,,,FALSE,Has existing newsletter - not searched for RSS yet
Migraine Savvy,-,N/A,-,,Australia,migrainesavvy.com,,TRUE,,,FALSE,Has existing newsletter - not searched for RSS yet
INSANE BLOG,-,N/A,-,,United States,insaneblog.net,,TRUE,,,FALSE,Has existing newsletter - not searched for RSS yet
Robo Stiri Vaslui,-,N/A,-,,Romania,robo-stiri.ro,,TRUE,,,FALSE,Has existing newsletter - not searched for RSS yet
The Motley Fool UK,-,N/A,-,,United Kingdom,fool.co.uk,,TRUE,,,FALSE,Has existing newsletter - not searched for RSS yet
Koenig Solutions Pvt. Ltd.,-,N/A,-,,India,koenig-solutions.com,,TRUE,,,FALSE,Has existing newsletter - not searched for RSS yet
BL!N,-,N/A,-,,United States,banjalukain.com,,TRUE,,,FALSE,Has existing newsletter - not searched for RSS yet
Manila Shopper,-,N/A,-,,Philippines,manilashopper.com,,TRUE,,,FALSE,Has existing newsletter - not searched for RSS yet
FanHammer,-,N/A,-,,United States,fanhammer.org,,TRUE,,,FALSE,Has existing newsletter - not searched for RSS yet
Todoele,-,N/A,-,,United States,todoele.net,,TRUE,,,FALSE,Has existing newsletter - not searched for RSS yet
Telewizja Olsztyn,-,N/A,-,,Poland,telewizjaolsztyn.pl,,TRUE,,,FALSE,Has existing newsletter - not searched for RSS yet
Emprego XL - Ofertas de Emprego,-,N/A,-,,United States,empregoxl.com,,TRUE,,,FALSE,Has existing newsletter - not searched for RSS yet
zinfo,-,N/A,-,,Poland,zinfo.pl,,TRUE,,,FALSE,Has existing newsletter - not searched for RSS yet
শিক্ষাবার্তা ডট কম,-,N/A,-,,Bangladesh,shikshabarta.com,,TRUE,,,FALSE,Has existing newsletter - not searched for RSS yet
O cão que fuma,-,N/A,-,,United States,caoquefuma.com,,TRUE,,,FALSE,Has existing newsletter - not searched for RSS yet
Irish Political Ephemera,-,N/A,-,,United States,irishelectionliterature.com,,TRUE,,,FALSE,Has existing newsletter - not searched for RSS yet
Find It in Kimberley,-,N/A,-,,South Africa,find-it.co.za,,TRUE,,,FALSE,Has existing newsletter - not searched for RSS yet
Deccoria.pl,-,N/A,-,,Poland,deccoria.pl,,TRUE,,,FALSE,Has existing newsletter - not searched for RSS yet
Maja VOLK - Zdravi Stilovi Života.,-,N/A,-,,United States,novapoetika.com,,TRUE,,,FALSE,Has existing newsletter - not searched for RSS yet
Kresy24.pl,-,N/A,-,,Poland,kresy24.pl,,TRUE,,,FALSE,Has existing newsletter - not searched for RSS yet
Списание Жилища,-,N/A,-,,Bulgaria,jilishta.com,,TRUE,,,FALSE,Has existing newsletter - not searched for RSS yet
Bookhub.ro,-,N/A,-,,Romania,bookhub.ro,,TRUE,,,FALSE,Has existing newsletter - not searched for RSS yet
AsiBiliou,-,N/A,-,,Greece,asibiliou.gr,,TRUE,,,FALSE,Has existing newsletter - not searched for RSS yet
Latest Jobs in Pakistan,-,N/A,-,,United States,vulearning.com,,TRUE,,,FALSE,Has existing newsletter - not searched for RSS yet
BundelkhandNEWS.Com,-,N/A,-,,India,bundelkhandnews.com,,TRUE,,,FALSE,Has existing newsletter - not searched for RSS yet
Curt Pate Stockmanship,-,N/A,-,,United States,curtpatestockmanship.com,,TRUE,,,FALSE,Has existing newsletter - not searched for RSS yet
Lebanon Gate,-,N/A,-,,United States,lebanongate.net,,TRUE,,,FALSE,Has existing newsletter - not searched for RSS yet
Wydawnictwo Zwierciadło,-,N/A,-,,Poland,zwierciadlo.pl,,TRUE,,,FALSE,Has existing newsletter - not searched for RSS yet
–î–æ–±—Ä–∏—á,-,N/A,-,,United States,dobrichonline.com,,TRUE,,,FALSE,Has existing newsletter - not searched for RSS yet
Wydawnictwo Fronda,-,N/A,-,,Poland,wydawnictwofronda.pl,,TRUE,,,FALSE,Has existing newsletter - not searched for RSS yet
Reusdigital,-,N/A,-,,United States,reusdigital.cat,,TRUE,,,FALSE,Has existing newsletter - not searched for RSS yet
PortalMorski.pl,-,N/A,-,,Poland,portalmorski.pl,,TRUE,,,FALSE,Has existing newsletter - not searched for RSS yet
HM4C News,-,N/A,-,,United States,hm4christ.com,,TRUE,,,FALSE,Has existing newsletter - not searched for RSS yet
Miglena Kirilova-Artist,-,N/A,-,,Bulgaria,studiokirilovi.com,,TRUE,,,FALSE,Has existing newsletter - not searched for RSS yet
ÿßŸÑÿÆÿ®ÿ± ÿßŸÑŸäŸÖŸÜŸä,-,N/A,-,,United States,alkhabaralyemeni.net,,TRUE,,,FALSE,Has existing newsletter - not searched for RSS yet
Journalist Aakarshan Uppal,-,N/A,-,,India,indiabreaking.com,,TRUE,,,FALSE,Has existing newsletter - not searched for RSS yet
Conservation Job Board,-,N/A,-,,United States,conservationjobboard.com,,TRUE,,,FALSE,Has existing newsletter - not searched for RSS yet
PrimeTime Media,-,N/A,-,,India,theprimetime.in,,TRUE,,,FALSE,Has existing newsletter - not searched for RSS yet
ManchesterWorld,-,N/A,-,,United Kingdom,manchesterworld.uk,,TRUE,,,FALSE,Has existing newsletter - not searched for RSS yet
YesilOdak,-,N/A,-,,Turkey,yesilodak.com,,TRUE,,,FALSE,Has existing newsletter - not searched for RSS yet
Swindon Link,-,N/A,-,,United Kingdom,swindonlink.com,,TRUE,,,FALSE,Has existing newsletter - not searched for RSS yet
KTTS,-,N/A,-,,United States,ktts.com,,TRUE,,,FALSE,Has existing newsletter - not searched for RSS yet
IQads News,-,N/A,-,,Romania,iqads.ro,,TRUE,,,FALSE,Has existing newsletter - not searched for RSS yet
Feol Sport,-,N/A,-,,Hungary,feol.hu,,TRUE,,,FALSE,Has existing newsletter - not searched for RSS yet
Nedeljnik Vreme,-,N/A,-,,Serbia,vreme.com,,TRUE,,,FALSE,Has existing newsletter - not searched for RSS yet
Marianas Variety News & Views,-,N/A,-,,United States,mvariety.com,,TRUE,,,FALSE,Has existing newsletter - not searched for RSS yet
B102.7,-,N/A,-,,United States,b1027.com,,TRUE,,,FALSE,Has existing newsletter - not searched for RSS yet
Marie Claire Australia,-,N/A,-,,Australia,marieclaire.com.au,,TRUE,,,FALSE,Has existing newsletter - not searched for RSS yet
Pelita Banten,-,N/A,-,,Indonesia,pelitabanten.com,,TRUE,,,FALSE,Has existing newsletter - not searched for RSS yet
The Guillotine,-,N/A,-,,United States,theguillotine.com,,TRUE,,,FALSE,Has existing newsletter - not searched for RSS yet
9AM.ro,-,N/A,-,,Romania,9am.ro,,TRUE,,,FALSE,Has existing newsletter - not searched for RSS yet
The National Law Review,-,N/A,-,,United States,natlawreview.com,,TRUE,,,FALSE,Has existing newsletter - not searched for RSS yet
Nursery World Magazine,-,N/A,-,,United Kingdom,nurseryworld.co.uk,,TRUE,,,FALSE,Has existing newsletter - not searched for RSS yet
Nyheder24,-,N/A,-,,Denmark,nyheder24.dk,,TRUE,,,FALSE,Has existing newsletter - not searched for RSS yet
Romanian Tribune Newspaper - Chicago,-,N/A,-,,United States,tribuna.us,,TRUE,,,FALSE,Has existing newsletter - not searched for RSS yet
Wangaratta Chronicle,-,N/A,-,,Australia,wangarattachronicle.com.au,,TRUE,,,FALSE,Has existing newsletter - not searched for RSS yet
Huge Rugby,-,N/A,-,,United Kingdom,hugerugby.news,,TRUE,,,FALSE,Has existing newsletter - not searched for RSS yet
Church POP Español,-,N/A,-,,United States,churchpop.com,,TRUE,,,FALSE,Has existing newsletter - not searched for RSS yet
North Wales Pioneer,-,N/A,-,,United Kingdom,northwalespioneer.co.uk,,TRUE,,,FALSE,Has existing newsletter - not searched for RSS yet
Vegetarian Times,-,N/A,-,,United States,vegetariantimes.com,,TRUE,,,FALSE,Has existing newsletter - not searched for RSS yet
Lastnewsbd.com,-,N/A,-,,Bangladesh,lastnewsbd.com,,TRUE,,,FALSE,Has existing newsletter - not searched for RSS yet
Cyclingnews,-,N/A,-,,United Kingdom,cyclingnews.com,,TRUE,,,FALSE,Has existing newsletter - not searched for RSS yet
Jackson Hole Buckrail,-,N/A,-,,United States,buckrail.com,,TRUE,,,FALSE,Has existing newsletter - not searched for RSS yet
Majalah InfoSAWIT,-,N/A,-,,Indonesia,infosawit.com,,TRUE,,,FALSE,Has existing newsletter - not searched for RSS yet
HeraldLIVE - Port Elizabeth,-,N/A,-,,South Africa,heraldlive.co.za,,TRUE,,,FALSE,Has existing newsletter - not searched for RSS yet
OG Portal,-,N/A,-,,Croatia,ogportal.com,,TRUE,,,FALSE,Has existing newsletter - not searched for RSS yet
Liberty Nation,-,N/A,-,,United States,libertynation.com,,TRUE,,,FALSE,Has existing newsletter - not searched for RSS yet
TRENDS Magazine,-,N/A,-,,United Arab Emirates,trendsmena.com,,TRUE,,,FALSE,Has existing newsletter - not searched for RSS yet
Yabangee,-,N/A,-,,Turkey,yabangee.com,,TRUE,,,FALSE,Has existing newsletter - not searched for RSS yet
HáziPatika.com,-,N/A,-,,Hungary,hazipatika.com,,TRUE,,,FALSE,Has existing newsletter - not searched for RSS yet
ICv2,-,N/A,-,,United States,icv2.com,,TRUE,,,FALSE,Has existing newsletter - not searched for RSS yet
MyIndMakers,-,N/A,-,,India,myind.net,,TRUE,,,FALSE,Has existing newsletter - not searched for RSS yet
Παρατηρητής της Θράκης,-,N/A,-,,Greece,paratiritis-news.gr,,TRUE,,,FALSE,Has existing newsletter - not searched for RSS yet
Cape Town Etc,-,N/A,-,,South Africa,capetownetc.com,,TRUE,,,FALSE,Has existing newsletter - not searched for RSS yet
Yalla Abu Dhabi,-,N/A,-,,United Arab Emirates,yallaabudhabi.ae,,TRUE,,,FALSE,Has existing newsletter - not searched for RSS yet
The Boca Raton Tribune,-,N/A,-,,United States,bocaratontribune.com,,TRUE,,,FALSE,Has existing newsletter - not searched for RSS yet
97.5 WOKQ,-,N/A,-,,United States,wokq.com,,TRUE,,,FALSE,Has existing newsletter - not searched for RSS yet
David Moody,-,N/A,-,,United States,davidmoody.net,,TRUE,,,FALSE,Has existing newsletter - not searched for RSS yet
Kirkintilloch Herald Series,-,N/A,-,,United Kingdom,glasgowworld.com,,TRUE,,,FALSE,Has existing newsletter - not searched for RSS yet
Sulkysport AB,-,N/A,-,,Sweden,sulkysport.se,,TRUE,,,FALSE,Has existing newsletter - not searched for RSS yet
TCW,-,N/A,-,,United Kingdom,conservativewoman.co.uk,,TRUE,,,FALSE,Has existing newsletter - not searched for RSS yet
EnviroForensics,-,N/A,-,,United States,enviroforensics.com,,TRUE,,,FALSE,Has existing newsletter - not searched for RSS yet
Gorcumse Courant,-,N/A,-,,Netherlands,destadgorinchem.nl,,TRUE,,,FALSE,Has existing newsletter - not searched for RSS yet
Times of San Diego,-,N/A,-,,United States,timesofsandiego.com,,TRUE,,,FALSE,Has existing newsletter - not searched for RSS yet
Benoni City Times,-,N/A,-,,South Africa,benonicitytimes.co.za,,TRUE,,,FALSE,Has existing newsletter - not searched for RSS yet
HuffPost Greece,-,N/A,-,,Greece,huffingtonpost.gr,,TRUE,,,FALSE,Has existing newsletter - not searched for RSS yet
Times of Wayne County,-,N/A,-,,United States,waynetimes.com,,TRUE,,,FALSE,Has existing newsletter - not searched for RSS yet
Money.bg,-,N/A,-,,Bulgaria,money.bg,,TRUE,,,FALSE,Has existing newsletter - not searched for RSS yet
Nownews.gr,-,N/A,-,,Greece,nownews.gr,,TRUE,,,FALSE,Has existing newsletter - not searched for RSS yet
Khabar Satta,-,N/A,-,,India,khabarsatta.com,,TRUE,,,FALSE,Has existing newsletter - not searched for RSS yet
Moviemeter,-,N/A,-,,Netherlands,moviemeter.nl,,TRUE,,,FALSE,Has existing newsletter - not searched for RSS yet
Boksburg Advertiser,-,N/A,-,,South Africa,boksburgadvertiser.co.za,,TRUE,,,FALSE,Has existing newsletter - not searched for RSS yet
Biznews,-,N/A,-,,Greece,biznews.gr,,TRUE,,,FALSE,Has existing newsletter - not searched for RSS yet
Women in Adria,-,N/A,-,,Croatia,womeninadria.com,,TRUE,,,FALSE,Has existing newsletter - not searched for RSS yet
Climate Change Dispatch,-,N/A,-,,United States,climatechangedispatch.com,,TRUE,,,FALSE,Has existing newsletter - not searched for RSS yet
Fenland Citizen,-,N/A,-,,United Kingdom,fenlandcitizen.co.uk,,TRUE,,,FALSE,Has existing newsletter - not searched for RSS yet
ARENA Constructiilor,-,N/A,-,,Romania,arenaconstruct.ro,,TRUE,,,FALSE,Has existing newsletter - not searched for RSS yet
Black History Month UK,-,N/A,-,,United Kingdom,blackhistorymonth.org.uk,,TRUE,,,FALSE,Has existing newsletter - not searched for RSS yet
Startup Magazine South Africa,-,N/A,-,,South Africa,startupmag.co.za,,TRUE,,,FALSE,Has existing newsletter - not searched for RSS yet
AutoMoto Magazine,-,N/A,-,,Greece,automoto.com.gr,,TRUE,,,FALSE,Has existing newsletter - not searched for RSS yet
Akilanews.com,-,N/A,-,,India,akilanews.com,,TRUE,,,FALSE,Has existing newsletter - not searched for RSS yet
Fox Wilmington,-,N/A,-,,United States,revrocket.us,,TRUE,,,FALSE,Has existing newsletter - not searched for RSS yet
Anziksz Nagyk√°rolyr√≥l,-,N/A,-,,Romania,anziksz.com,,TRUE,,,FALSE,Has existing newsletter - not searched for RSS yet
PályázatMenedzser.hu,-,N/A,-,,Hungary,palyazatmenedzser.hu,,TRUE,,,FALSE,Has existing newsletter - not searched for RSS yet
belihape.id,-,N/A,-,,Indonesia,belihape.id,,TRUE,,,FALSE,Has existing newsletter - not searched for RSS yet
ElderConsult Geriatric Medicine,-,N/A,-,,United States,elderconsult.com,,TRUE,,,FALSE,Has existing newsletter - not searched for RSS yet
First Verdict Media,-,N/A,-,,India,firstverdict.com,,TRUE,,,FALSE,Has existing newsletter - not searched for RSS yet
Espinof,-,N/A,-,,United States,espinof.com,,TRUE,,,FALSE,Has existing newsletter - not searched for RSS yet
Church Leaders,-,N/A,-,,United States,churchleaders.com,,TRUE,,,FALSE,Has existing newsletter - not searched for RSS yet
X101 Always Classic,-,N/A,-,,United States,wxhc.com,,TRUE,,,FALSE,Has existing newsletter - not searched for RSS yet
EVOKE.ie,-,N/A,-,,Ireland,evoke.ie,,TRUE,,,FALSE,Has existing newsletter - not searched for RSS yet
Sharjah24.ae,-,N/A,-,,United Arab Emirates,sharjah24.ae,,TRUE,,,FALSE,Has existing newsletter - not searched for RSS yet
Latest Daily,-,N/A,-,,India,latestonline.in,,TRUE,,,FALSE,Has existing newsletter - not searched for RSS yet
Lake & McHenry County Scanner,-,N/A,-,,United States,lakemchenryscanner.com,,TRUE,,,FALSE,Has existing newsletter - not searched for RSS yet
Banks.com.gr,-,N/A,-,,Greece,banks.com.gr,,TRUE,,,FALSE,Has existing newsletter - not searched for RSS yet
De Orkaan,-,N/A,-,,Netherlands,deorkaan.nl,,TRUE,,,FALSE,Has existing newsletter - not searched for RSS yet
Houston Herald,-,N/A,-,,United States,houstonherald.com,,TRUE,,,FALSE,Has existing newsletter - not searched for RSS yet
Ypodomes.com,-,N/A,-,,Greece,ypodomes.com,,TRUE,,,FALSE,Has existing newsletter - not searched for RSS yet
iRACE,-,N/A,-,,Singapore,irace.com.sg,,TRUE,,,FALSE,Has existing newsletter - not searched for RSS yet
KNIA KRLS,-,N/A,-,,United States,kniakrls.com,,TRUE,,,FALSE,Has existing newsletter - not searched for RSS yet
The Eagle Online,-,N/A,-,,Nigeria,theeagleonline.com.ng,,TRUE,,,FALSE,Has existing newsletter - not searched for RSS yet
Kungsbacka-Posten,-,N/A,-,,Sweden,kungsbackaposten.se,,TRUE,,,FALSE,Has existing newsletter - not searched for RSS yet
Starting Ingatlan Iroda,-,N/A,-,,Hungary,startingingatlan.hu,,TRUE,,,FALSE,Has existing newsletter - not searched for RSS yet
Impartial Reporter,-,N/A,-,,United Kingdom,impartialreporter.com,,TRUE,,,FALSE,Has existing newsletter - not searched for RSS yet
Buziness Bytes,-,N/A,-,,India,buzinessbytes.com,,TRUE,,,FALSE,Has existing newsletter - not searched for RSS yet
Pieszy Miejski Poznań,-,N/A,-,,Poland,epoznan.pl,,TRUE,,,FALSE,Has existing newsletter - not searched for RSS yet
Weekblad De Brug,-,N/A,-,,Netherlands,weekbladdebrug.nl,,TRUE,,,FALSE,Has existing newsletter - not searched for RSS yet
Read The Tarot,-,N/A,-,,United States,charissevanhorn.com,,TRUE,,,FALSE,Has existing newsletter - not searched for RSS yet
Wormser Zeitung,-,N/A,-,,United States,wormser-zeitung.de,,TRUE,,,FALSE,Has existing newsletter - not searched for RSS yet
HW News Marathi,-,N/A,-,,India,hwmarathi.in,,TRUE,,,FALSE,Has existing newsletter - not searched for RSS yet
Earth.com,-,N/A,-,,United States,earth.com,,TRUE,,,FALSE,Has existing newsletter - not searched for RSS yet
Bo Omroep Van de Bollenstreek,-,N/A,-,,Netherlands,bollenstreekomroep.nl,,TRUE,,,FALSE,Has existing newsletter - not searched for RSS yet
zabalaaldia.com,-,N/A,-,,United States,zabalaaldia.com,,TRUE,,,FALSE,Has existing newsletter - not searched for RSS yet
Deepal Trivedi,-,N/A,-,,India,vibesofindia.com,,TRUE,,,FALSE,Has existing newsletter - not searched for RSS yet
Nationale Onderwijsgids,-,N/A,-,,Netherlands,nationaleonderwijsgids.nl,,TRUE,,,FALSE,Has existing newsletter - not searched for RSS yet
Istologio Katihisis,-,N/A,-,,Greece,katanixi.gr,,TRUE,,,FALSE,Has existing newsletter - not searched for RSS yet
PropertyCasualty360,-,N/A,-,,United States,propertycasualty360.com,,TRUE,,,FALSE,Has existing newsletter - not searched for RSS yet
News Addaa,-,N/A,-,,India,newsaddaa.in,,TRUE,,,FALSE,Has existing newsletter - not searched for RSS yet
The Hindustan Times,-,N/A,-,,India,hindustantimes.com,,TRUE,,,FALSE,Has existing newsletter - not searched for RSS yet
3minute.net,-,N/A,-,,Romania,3minute.net,,TRUE,,,FALSE,Has existing newsletter - not searched for RSS yet
KHAMSA,-,N/A,-,,United Arab Emirates,khamsa5.com,,TRUE,,,FALSE,Has existing newsletter - not searched for RSS yet
CNN Greece,-,N/A,-,,Greece,cnn.gr,,TRUE,,,FALSE,Has existing newsletter - not searched for RSS yet
Leitrim Observer,-,N/A,-,,Ireland,leitrimobserver.ie,,TRUE,,,FALSE,Has existing newsletter - not searched for RSS yet
Tekniikan Maailma,-,N/A,-,,Finland,tekniikanmaailma.fi,,TRUE,,,FALSE,Has existing newsletter - not searched for RSS yet
TechCentral,-,N/A,-,,South Africa,techcentral.co.za,,TRUE,,,FALSE,Has existing newsletter - not searched for RSS yet
AstroTeam by Enallaktiki Paideia,-,N/A,-,,Greece,astroteam.gr,,TRUE,,,FALSE,Has existing newsletter - not searched for RSS yet
The Munsif Daily,-,N/A,-,,India,munsifdaily.com,,TRUE,,,FALSE,Has existing newsletter - not searched for RSS yet
The Augusta Press,-,N/A,-,,United States,theaugustapress.com,,TRUE,,,FALSE,Has existing newsletter - not searched for RSS yet
KNOP-TV News 2,-,N/A,-,,United States,knopnews2.com,,TRUE,,,FALSE,Has existing newsletter - not searched for RSS yet
Εν Κινήσει,-,N/A,-,,Greece,enkinisi.gr,,TRUE,,,FALSE,Has existing newsletter - not searched for RSS yet
Ancient Origins,-,N/A,-,,Ireland,ancient-origins.net,,TRUE,,,FALSE,Has existing newsletter - not searched for RSS yet
"BIKE NATION Magazine FZ,LLC",-,N/A,-,,United Arab Emirates,bikenationmag.com,,TRUE,,,FALSE,Has existing newsletter - not searched for RSS yet
1819News,-,N/A,-,,United States,1819news.com,,TRUE,,,FALSE,Has existing newsletter - not searched for RSS yet
Ndalo Media,-,N/A,-,,South Africa,destinyconnect.com,,TRUE,,,FALSE,Has existing newsletter - not searched for RSS yet
Women Blazing Trails,-,N/A,-,,United States,womenblazingtrails.com,,TRUE,,,FALSE,Has existing newsletter - not searched for RSS yet
Homegrown,-,N/A,-,,India,homegrown.co.in,,TRUE,,,FALSE,Has existing newsletter - not searched for RSS yet
مجلة سيدتي,-,N/A,-,,United Arab Emirates,sayidaty.net,,TRUE,,,FALSE,Has existing newsletter - not searched for RSS yet
Tatler Asia Group,-,N/A,-,,Singapore,tatlerasiagroup.com,,TRUE,,,FALSE,Has existing newsletter - not searched for RSS yet
Korinthia.net.gr,-,N/A,-,,Greece,korinthia.net.gr,,TRUE,,,FALSE,Has existing newsletter - not searched for RSS yet
Business Khabar,-,N/A,-,,India,businesskhabar.com,,TRUE,,,FALSE,Has existing newsletter - not searched for RSS yet
MOJEH,-,N/A,-,,United Arab Emirates,mojeh.com,,TRUE,,,FALSE,Has existing newsletter - not searched for RSS yet
DesignAlive,-,N/A,-,,Poland,designalive.pl,,TRUE,,,FALSE,Has existing newsletter - not searched for RSS yet
Innovazione Sociale,-,N/A,-,,United States,innovazionesociale.org,,TRUE,,,FALSE,Has existing newsletter - not searched for RSS yet
IBTimes,-,N/A,-,,Australia,ibtimes.com.au,,TRUE,,,FALSE,Has existing newsletter - not searched for RSS yet
West Onondaga County Journal,-,N/A,-,,United States,auburnpub.com,,TRUE,,,FALSE,Has existing newsletter - not searched for RSS yet
Cincai News group of companies,-,N/A,-,,United States,cincainews.com,,TRUE,,,FALSE,Has existing newsletter - not searched for RSS yet
Okay.ng,-,N/A,-,,Nigeria,okay.ng,,TRUE,,,FALSE,Has existing newsletter - not searched for RSS yet
Neuse News,-,N/A,-,,United States,neusenews.com,,TRUE,,,FALSE,Has existing newsletter - not searched for RSS yet
Etelä-Savon Viestintä Oy,-,N/A,-,,Finland,lansi-savo.fi,,TRUE,,,FALSE,Has existing newsletter - not searched for RSS yet
De Twentsche Courant Tubantia,-,N/A,-,,Netherlands,tubantia.nl,,TRUE,,,FALSE,Has existing newsletter - not searched for RSS yet
Thrifty Traveler,-,N/A,-,,United States,thriftytraveler.com,,TRUE,,,FALSE,Has existing newsletter - not searched for RSS yet
FooDiva,-,N/A,-,,United Arab Emirates,foodiva.net,,TRUE,,,FALSE,Has existing newsletter - not searched for RSS yet
Newsband,-,N/A,-,,India,newsband.in,,TRUE,,,FALSE,Has existing newsletter - not searched for RSS yet
World Travel Magazine,-,N/A,-,,Singapore,wtravelmagazine.com,,TRUE,,,FALSE,Has existing newsletter - not searched for RSS yet
Aller X,-,N/A,-,,Norway,allerx.no,,TRUE,,,FALSE,Has existing newsletter - not searched for RSS yet
MMAjunkie.com,-,N/A,-,,United States,mmajunkie.com,,TRUE,,,FALSE,Has existing newsletter - not searched for RSS yet
Топ Преса,-,N/A,-,,Bulgaria,toppresa.com,,TRUE,,,FALSE,Has existing newsletter - not searched for RSS yet
Sunshine Coast News,-,N/A,-,,Australia,sunshinecoastnews.com.au,,TRUE,,,FALSE,Has existing newsletter - not searched for RSS yet
HallyuSG,-,N/A,-,,Singapore,hallyusg.net,,TRUE,,,FALSE,Has existing newsletter - not searched for RSS yet
Crawford County Now studios,-,N/A,-,,United States,crawfordcountynow.com,,TRUE,,,FALSE,Has existing newsletter - not searched for RSS yet
Terrace Standard,-,N/A,-,,United States,terracestandard.com,,TRUE,,,FALSE,Has existing newsletter - not searched for RSS yet
Мениджър,-,N/A,-,,Bulgaria,manager.bg,,TRUE,,,FALSE,Has existing newsletter - not searched for RSS yet
NK News,-,N/A,-,,United States,nknews.org,,TRUE,,,FALSE,Has existing newsletter - not searched for RSS yet
NT Independent,-,N/A,-,,Australia,ntindependent.com.au,,TRUE,,,FALSE,Has existing newsletter - not searched for RSS yet
North Wales Chronicle,-,N/A,-,,United Kingdom,northwaleschronicle.co.uk,,TRUE,,,FALSE,Has existing newsletter - not searched for RSS yet
KA-Business.gr,-,N/A,-,,Greece,ka-business.gr,,TRUE,,,FALSE,Has existing newsletter - not searched for RSS yet
Katherine Times,-,N/A,-,,Australia,katherinetimes.com.au,,TRUE,,,FALSE,Has existing newsletter - not searched for RSS yet
Värnamo Nyheter,-,N/A,-,,Sweden,vn.se,,TRUE,,,FALSE,Has existing newsletter - not searched for RSS yet
Voice of America,-,N/A,-,,United States,voanews.com,,TRUE,,,FALSE,Has existing newsletter - not searched for RSS yet
The Current,-,N/A,-,,Pakistan,thecurrent.pk,,TRUE,,,FALSE,Has existing newsletter - not searched for RSS yet
24h au Bénin,-,N/A,-,,United States,24haubenin.bj,,TRUE,,,FALSE,Has existing newsletter - not searched for RSS yet
BrandSpur Ng,-,N/A,-,,Nigeria,brandspurng.com,,TRUE,,,FALSE,Has existing newsletter - not searched for RSS yet
Daily Urdu Columns,-,N/A,-,,United States,dailyurducolumns.com,,TRUE,,,FALSE,Has existing newsletter - not searched for RSS yet
Great Day St. Louis,-,N/A,-,,United States,kmov.com,,TRUE,,,FALSE,Has existing newsletter - not searched for RSS yet
Beat Magazine,-,N/A,-,,Australia,beat.com.au,,TRUE,,,FALSE,Has existing newsletter - not searched for RSS yet
BuzzFeed,-,N/A,-,,United States,buzzfeed.com,,TRUE,,,FALSE,Has existing newsletter - not searched for RSS yet
Enepalese,-,N/A,-,,United States,enepalese.com,,TRUE,,,FALSE,Has existing newsletter - not searched for RSS yet
WAMW,-,N/A,-,,United States,wamwamfm.com,,TRUE,,,FALSE,Has existing newsletter - not searched for RSS yet
Forte Magazine,-,N/A,-,,Australia,fortemag.com.au,,TRUE,,,FALSE,Has existing newsletter - not searched for RSS yet
KOLR10 & Ozarks Local News,-,N/A,-,,United States,ozarksfirst.com,,TRUE,,,FALSE,Has existing newsletter - not searched for RSS yet
Lesvosvoice.gr,-,N/A,-,,Greece,lesvosvoice.gr,,TRUE,,,FALSE,Has existing newsletter - not searched for RSS yet
iHeartDogs.com,-,N/A,-,,United States,iheartdogs.com,,TRUE,,,FALSE,Has existing newsletter - not searched for RSS yet
AnaedoOnline,-,N/A,-,,Nigeria,anaedoonline.ng,,TRUE,,,FALSE,Has existing newsletter - not searched for RSS yet
30Seconds,-,N/A,-,,United States,30seconds.com,,TRUE,,,FALSE,Has existing newsletter - not searched for RSS yet
FANGORIA,-,N/A,-,,United States,fangoria.com,,TRUE,,,FALSE,Has existing newsletter - not searched for RSS yet
Eastern Mirror,-,N/A,-,,India,easternmirrornagaland.com,,TRUE,,,FALSE,Has existing newsletter - not searched for RSS yet
Srednja.hr,-,N/A,-,,Croatia,srednja.hr,,TRUE,,,FALSE,Has existing newsletter - not searched for RSS yet
Commonwealth Union,-,N/A,-,,United States,commonwealthunion.com,,TRUE,,,FALSE,Has existing newsletter - not searched for RSS yet
HighEnd Media,-,N/A,-,,Singapore,highend.media,,TRUE,,,FALSE,Has existing newsletter - not searched for RSS yet
Middlesboro-Tazewell Newsmedia,-,N/A,-,,United States,claiborneprogress.net,,TRUE,,,FALSE,Has existing newsletter - not searched for RSS yet
Floppy Cats,-,N/A,-,,United States,floppycats.com,,TRUE,,,FALSE,Has existing newsletter - not searched for RSS yet
Coeur D Alene Press,-,N/A,-,,United States,cdapress.com,,TRUE,,,FALSE,Has existing newsletter - not searched for RSS yet
Raging Patriot News,-,N/A,-,,United States,ragingpatriotnews.org,,TRUE,,,FALSE,Has existing newsletter - not searched for RSS yet
El Culture,-,N/A,-,,Greece,elculture.gr,,TRUE,,,FALSE,Has existing newsletter - not searched for RSS yet
Daily Pakistan,-,N/A,-,,Pakistan,dailypakistan.com.pk,,TRUE,,,FALSE,Has existing newsletter - not searched for RSS yet
ilarissa.gr,-,N/A,-,,Greece,ilarissa.gr,,TRUE,,,FALSE,Has existing newsletter - not searched for RSS yet
Farmers Weekly NZ,-,N/A,-,,New Zealand,farmersweekly.co.nz,,TRUE,,,FALSE,Has existing newsletter - not searched for RSS yet
Clacton,-,N/A,-,,United Kingdom,clactonandfrintongazette.co.uk,,TRUE,,,FALSE,Has existing newsletter - not searched for RSS yet
AlimoshoToday,-,N/A,-,,Nigeria,alimoshotoday.com,,TRUE,,,FALSE,Has existing newsletter - not searched for RSS yet
24.com,-,N/A,-,,South Africa,news24.com,,TRUE,,,FALSE,Has existing newsletter - not searched for RSS yet
Ειδήσεις της Πελοποννήσου,-,N/A,-,,Greece,anagnostis.org,,TRUE,,,FALSE,Has existing newsletter - not searched for RSS yet
Static Media,-,N/A,-,,United States,static.com,,TRUE,,,FALSE,Has existing newsletter - not searched for RSS yet
The Irish Farmers Journal,-,N/A,-,,United Kingdom,farmersjournal.ie,,TRUE,,,FALSE,Has existing newsletter - not searched for RSS yet
Ipswich Press,-,N/A,-,,United Kingdom,ipswichstar.co.uk,,TRUE,,,FALSE,Has existing newsletter - not searched for RSS yet
Ślązag,-,N/A,-,,Poland,slazag.pl,,TRUE,,,FALSE,Has existing newsletter - not searched for RSS yet
Simply Recipes Inc.,-,N/A,-,,United States,simplyrecipes.com,,TRUE,,,FALSE,Has existing newsletter - not searched for RSS yet
Harvard University,-,N/A,-,,United States,harvard.edu,,TRUE,,,FALSE,Has existing newsletter - not searched for RSS yet
Observer Eccentric Newspapers,-,N/A,-,,United States,hometownlife.com,,TRUE,,,FALSE,Has existing newsletter - not searched for RSS yet
Kaupunkilehti Tamperelainen,-,N/A,-,,Finland,tamperelainen.fi,,TRUE,,,FALSE,Has existing newsletter - not searched for RSS yet
CsaHaber,-,N/A,-,,United States,csahaber.com,,TRUE,,,FALSE,Has existing newsletter - not searched for RSS yet
Lehigh Valley Latin Mass,-,N/A,-,,United States,lehighvalleylatinmass.org,,TRUE,,,FALSE,Has existing newsletter - not searched for RSS yet
Destinations of the World News,-,N/A,-,,United Arab Emirates,dotwnews.com,,TRUE,,,FALSE,Has existing newsletter - not searched for RSS yet
The Tradin' Post,-,N/A,-,,United States,chippewa.com,,TRUE,,,FALSE,Has existing newsletter - not searched for RSS yet
Offaly Express,-,N/A,-,,Ireland,offalyexpress.ie,,TRUE,,,FALSE,Has existing newsletter - not searched for RSS yet
