company_name,domain,rss_feed,status,country
100%NL Magazine,100pmagazine.nl,https://100pmagazine.nl/feed,To Do,Netherlands
112Twente,112twente.nl,https://112twente.nl/rss,To Do,Netherlands
1819News,1819news.com,https://1819news.com/feed.rss,To Do,United States
234Star,234star.com,https://234star.com/feed/,To Do,Nigeria
24h au Bénin,24haubenin.bj,http://24haubenin.bj/spip.php?page=backend,To Do,United States
25YL,25yearslatersite.com,https://25yearslatersite.com/feed,To Do,United States
2Eylül Gazetesi,2eylul.com.tr,https://2eylul.com.tr/rss,To Do,Turkey
3 Quarks Daily,3quarksdaily.com,https://3quarksdaily.com/feed,To Do,United States
30Seconds,30seconds.com,https://30seconds.com/feed/,To Do,United States
360°,360mag.bg,https://www.360mag.bg/feed,To Do,Bulgaria
3minute.net,3minute.net,https://3minute.net/feed/,To Do,Romania
5 Towns Jewish Times,5tjt.com,https://5tjt.com/feed/,To Do,United States
620 CKRM,620ckrm.com,https://620ckrm.com/feed,To Do,United States
80 Level,80.lv,https://80.lv/feed,To Do,United States
9 999 999 Views,9999999views.com,https://9999999views.com/feed/,To Do,Bulgaria
97.5 WOKQ,wokq.com,https://wokq.com/feed/,To Do,United States
9jafanz,usa4records.com,https://www.usa4records.com/feeds/posts/default,To Do,Nigeria
9to5 Mac,9to5mac.com,https://9to5mac.com/feed/,To Do,United States
9to5toys,9to5toys.com,https://9to5toys.com/feed/,To Do,United States
A Slob Comes Clean,aslobcomesclean.com,https://aslobcomesclean.com/feed,To Do,United States
AB-ilan.com,ab-ilan.com,https://ab-ilan.com/feed/,To Do,Turkey
ABA Journal,abajournal.com,https://abajournal.com/rss,To Do,United States
ABC7 News,abc7news.com,https://abc7news.com/feed/,To Do,United States
AEK Passion,aekpassion.gr,http://aekpassion.gr/feed/,To Do,Greece
AGDAILY,agdaily.com,https://agdaily.com/feed,To Do,United States
AL.com,al.com,https://www.al.com/arc/outboundfeeds/rss/?outputType=xml,To Do,United States
ANM News,anmnews.in,https://www.anmnews.in/rss,To Do,India
ARENA Constructiilor,arenaconstruct.ro,https://arenaconstruct.ro/feed/,To Do,Romania
ATL Lantbrukets Affärstidning,atl.nu,https://atl.nu/feed,To Do,Sweden
Active News,activenews.ro,https://activenews.ro/rss,To Do,Romania
Active NorCal,activenorcal.com,https://www.activenorcal.com/feed/,To Do,United States
Actualno,actualno.com,https://www.actualno.com/rss/novini-new,To Do,Bulgaria
Adil Medya,adilmedya.com,https://www.adilmedya.com/feed/,To Do,Turkey
Aek365.com,aek365.org,https://aek365.org/rss.php?type=RSS2,To Do,Greece
Aenaos,aenaos.org,https://aenaos.org/?feed=rss2,To Do,Greece
Affärsvärlden,affarsvarlden.se,https://affarsvarlden.se/blog/rss,To Do,Sweden
Africa.com,africa.com,https://africa.com/feed,To Do,South Africa
African Technology Advisory,africantechnologyadvisory.com,https://africantechnologyadvisory.com/feed/,To Do,South Africa
Aftodioikisi.gr,aftodioikisi.gr,https://www.aftodioikisi.gr/category/dimosio/feed/,To Do,Greece
Afyon Haber,afyonhaber.com,https://afyonhaber.com/rss,To Do,Turkey
Agenziaimpress,agenziaimpress.it,https://agenziaimpress.it/feed,To Do,United States
Agonas tis Kritis,agonaskritis.gr,https://agonaskritis.gr/feed/,To Do,Greece
AgriGate Media,agrigatemedia.com,https://agrigatemedia.com/feed/,To Do,Bulgaria
Agro BG,agro.bg,https://agro.bg/rss/,To Do,Bulgaria
Agro TV Srbija,agrotv.net,https://www.agrotv.net/feed/,To Do,Serbia
AgroRomania,manager.ro,https://manager.ro/rss.php,To Do,Romania
Agroinform.hu,agroinform.hu,https://agroinform.hu/rss.php,To Do,Hungary
Air News,airnews.gr,https://www.airnews.gr/feed/,To Do,Greece
Aitnews,aitnews.com,https://aitnews.com/feed/,To Do,United Arab Emirates
Ajans News,ajansnews.com.tr,https://ajansnews.com.tr/feed,To Do,Turkey
Ajax Life,ajaxlife.nl,https://ajaxlife.nl/feed,To Do,Netherlands
Akademik Personel,akademikpersonel.org,https://www.akademikpersonel.org/feed/,To Do,Turkey
Akhil Bharatiya Vidyarthi Parishad (ABVP),abvp.org,https://abvp.org/rss.xml,To Do,India
Akhisar Gözde Haber,akhisargozde.com,https://www.akhisargozde.com/rss.xml,To Do,Turkey
Al-Monitor,al-monitor.com,https://al-monitor.com/feed,To Do,United States
Alabama Political Reporter,alreporter.com,https://www.alreporter.com/feed/,To Do,United States
Alaturka Online,alaturkaonline.com,https://alaturkaonline.com/feed/,To Do,United States
AlesdOnline,alesdonline.ro,https://www.alesdonline.ro/feed/,To Do,Romania
Alfavita,alfavita.gr,https://alfavita.gr/rss.xml,To Do,Greece
Alföld Televízió,hajdupress.hu,https://hajdupress.hu/feed,To Do,Hungary
Alhambra Press,hang.hu,https://hang.hu/rss/,To Do,Hungary
All About Music,allaboutmusic.pl,https://allaboutmusic.pl/feed/,To Do,Poland
All That's Interesting,allthatsinteresting.com,https://allthatsinteresting.com/feed,To Do,United States
Almopia 24,almopia24.gr,https://www.almopia24.gr/feeds/posts/default,To Do,Greece
Alpha News,alphanews.org,https://alphanews.org/feed/,To Do,United States
Altinget,altinget.dk,https://altinget.dk/rss,To Do,Denmark
Amader Barisal,amaderbarisal.com,https://www.amaderbarisal.com/feed,To Do,Bangladesh
Amaliadanews.gr,ilia.news,https://ilia.news/feed/,To Do,Greece
American Greatness,amgreatness.com,https://amgreatness.com/feed,To Do,United States
Americus Times-Recorder,americustimesrecorder.com,https://americustimesrecorder.com/feed,To Do,United States
Amerikalı Türkler,amerikaliturk.com,https://amerikaliturk.com/rss.xml,To Do,United States
Ameryka Po Polsku,amerykapopolsku.com,https://amerykapopolsku.com/feed/,To Do,United States
Andreea Raicu,andreearaicu.ro,https://www.andreearaicu.ro/feed/,To Do,Romania
Andro,andro.gr,https://andro.gr/feed,To Do,Greece
Android Headlines,androidheadlines.com,https://www.androidheadlines.com/feed,To Do,United States
Anziksz Nagyk√°rolyr√≥l,anziksz.com,https://anziksz.com/feed/,To Do,Romania
Apuseni Info,apuseni.info,https://apuseni.info/feed/,To Do,Romania
ArabObserver,arabobserver.com,https://arabobserver.com/feed/,To Do,United Kingdom
Ardin Rixi,ardin-rixi.gr,https://ardin-rixi.gr/feed,To Do,Greece
Aridaia365.gr,aridaia365.gr,https://www.aridaia365.gr/feeds/posts/default,To Do,Greece
Armagh I,armaghi.com,https://armaghi.com/feed,To Do,United Kingdom
Arrajol,arrajol.com,https://arrajol.com/rss.xml,To Do,United Arab Emirates
Arseblog,arseblog.com,https://arseblog.com/feed/,To Do,United Kingdom
Art Haber,arthaber.net,https://www.arthaber.net/rss,To Do,Turkey
AsiBiliou,asibiliou.gr,https://asibiliou.gr/feed/,To Do,Greece
Asia Financial,asiafinancial.com,https://asiafinancial.com/feed,To Do,United Kingdom
AskMen,askmen.com,https://www.askmen.com/latest.rss,To Do,United States
Asociaţia Română de Nutriţie şi Dietetică (ARoND),nutritiedietetica.ro,https://nutritiedietetica.ro/feed/,To Do,Romania
Asomiya Pratidin,asomiyapratidin.in,https://www.asomiyapratidin.in/rss,To Do,India
AstroTeam by Enallaktiki Paideia,astroteam.gr,https://astroteam.gr/feed/,To Do,Greece
Atitudinea,atitudinea.ro,https://atitudinea.ro/feed/,To Do,Romania
Atlantea,atlantea.news,https://atlantea.news/feed/,To Do,Greece
Attractions Magazine,attractionsmagazine.com,https://attractionsmagazine.com/feed/,To Do,United States
Auto Bild,auto-bild.ro,https://auto-bild.ro/feed,To Do,Romania
Auto Expert Magazine Romania,autoexpert.ro,https://www.autoexpert.ro/feed/,To Do,Romania
Auto Motor & Sport Sverige,mestmotor.se,https://mestmotor.se/feed,To Do,Sweden
AutoDeal,autodeal.com.ph,https://www.autodeal.com.ph/rss/articles.xml,To Do,Philippines
AutoMoto Magazine,automoto.com.gr,https://www.automoto.com.gr/feed/,To Do,Greece
AutoStrada.MD,autoblog.md,https://autoblog.md/feed/,To Do,Romania
Autogreeknews,autogreeknews.gr,https://autogreeknews.gr/feed,To Do,Greece
Autonomija,autonomija.info,https://autonomija.info/feed/,To Do,Serbia
Autopress.hr,autopress.hr,https://www.autopress.hr/feed/,To Do,Croatia
Autopro.hu,autopro.hu,https://autopro.hu/feed/all.rss,To Do,Hungary
Autospecialist Magazine,autospecialist.gr,https://autospecialist.gr/feed/,To Do,Greece
Autónavigátor.hu,autonavigator.hu,https://www.autonavigator.hu/feed/,To Do,Hungary
Avrupa Gazete,avrupagazete.co.uk,http://avrupagazete.co.uk/rss,To Do,United Kingdom
Awesome Gang,awesomegang.com,https://awesomegang.com/feed/,To Do,United States
Awesome Mitten,awesomemitten.com,https://www.awesomemitten.com/feed/,To Do,United States
Azinlikca,azinlikca.net,https://azinlikca1.net/feed,To Do,Greece
B102.7,b1027.com,https://b1027.com/feed/,To Do,United States
BD24Live Media,bd24live.com,https://www.bd24live.com/feed/,To Do,Bangladesh
BHdijaspora,bhdijaspora.net,https://www.bhdijaspora.net/feed/,To Do,Croatia
"BIKE NATION Magazine FZ,LLC",bikenationmag.com,https://bikenationmag.com/feed/,To Do,United Arab Emirates
BIZLife,bizlife.rs,https://bizlife.rs/feed/,To Do,Serbia
BUZAU ONLINE,buzau.net,http://buzau.net/rss.php,To Do,Romania
BWW Media Group,bwwmediagroup.com,https://www.bwwmediagroup.com/feed/,To Do,United States
Banbury Guardian,banburyguardian.co.uk,https://banburyguardian.co.uk/rss,To Do,United Kingdom
Bandwagon,bandwagon.asia,https://www.bandwagon.asia/feeds/articles.atom,To Do,Singapore
Bangla Tribune,banglatribune.com,https://www.banglatribune.com/feed/,No feed generated,Bangladesh
BanglaNews24.com.bd,banglanews24.com,https://banglanews24.com/rss.xml,To Do,Bangladesh
Bangor Daily News,bangordailynews.com,https://www.bangordailynews.com/feed/,To Do,United States
Bani si Afaceri,banisiafaceri.ro,https://banisiafaceri.ro/rss,To Do,Romania
Banker Труд Trud,banker.bg,https://banker.bg/feed/,To Do,Bulgaria
Banks.com.gr,banks.com.gr,https://banks.com.gr/feed/,To Do,Greece
Bar and Bench,barandbench.com,https://barandbench.com/feed,To Do,India
Barendrechts Dagblad,barendrechtsdagblad.nl,https://barendrechtsdagblad.nl/feed,To Do,Netherlands
Barrie Today,barrietoday.com,https://barrietoday.com/rss,To Do,United States
Bartın.info,bartin.info,https://bartin.info/rss.php,To Do,Turkey
Basilica Press Center,basilica.ro,https://basilica.ro/feed/,To Do,Romania
BasketWorld.net,basketworld.net,https://basketworld.net/feed/,To Do,Greece
Bašta Balkana - Web Magazin,bastabalkana.com,https://www.bastabalkana.com/feed/,To Do,Serbia
Beat Magazine,beat.com.au,https://beat.com.au/feed,To Do,Australia
BeautyExchange.com,beautyexchange.com.hk,https://beautyexchange.com.hk/feed/,To Do,Hong Kong
Beauty美人圈,beauty321.com,https://beauty321.com/feed,To Do,Taiwan
Bedlam Farm Journal,bedlamfarm.com,https://bedlamfarm.com/feed,To Do,United States
Belfast Media Group Limited,belfastmediagroup.com,https://group.belfastmedia.com/feed/,To Do,United Kingdom
Bella Naija,bellanaija.com,https://www.bellanaija.com/feed/,To Do,Nigeria
Besno Pile,besnopile.rs,https://besnopile.rs/feed/,To Do,Serbia
Best Ads on TV,bestadsontv.com,https://bestadsontv.com/news/rss,To Do,United States
Best Classic Bands,bestclassicbands.com,https://bestclassicbands.com/feed/,To Do,United States
Best Media Info,bestmediainfo.com,https://bestmediainfo.com/rss,To Do,India
Best-TV,best-tv.gr,https://best-tv.gr/feed/,To Do,Greece
Bet3.gr,bet3.gr,https://www.bet3.gr/feed/,To Do,Greece
Bezzeganya,bezzeganya.hu,https://www.borsonline.hu/publicapi/hu/rss/bors/articles,To Do,Hungary
Big Cabal Media [Zikoko + TechCabal],zikoko.com,https://www.zikoko.com/feed/,To Do,Nigeria
Big Country Preps,bigcountrypreps.com,https://bigcountrypreps.com/feed/,To Do,United States
Big News,kalakaumudi.com,https://www.kalakaumudi.com/rss,To Do,India
Bigumigu,bigumigu.com,https://bigumigu.com/feed/,To Do,Turkey
Bihor News,bihornews.ro,https://bihornews.ro/feed/,To Do,Romania
Bikerumor,bikerumor.com,https://bikerumor.com/feed/,To Do,United States
Biotecnika,biotecnika.org,https://www.biotecnika.org/feed/,To Do,India
Biscotto,biscotto.gr,https://biscotto.gr/feed/,To Do,Greece
Biz Brasov,bizbrasov.ro,https://bizbrasov.ro/feed/,To Do,Romania
Biz News,biznews.com,https://biznews.com/feed,To Do,South Africa
Biznews,biznews.gr,https://www.biznews.gr/feeds/posts/default,To Do,Greece
Bklyner,bklyner.com,https://bklyner.com/rss/,To Do,United States
Black Girl Nerds,blackgirlnerds.com,https://blackgirlnerds.com/feed/,To Do,United States
Black History Month UK,blackhistorymonth.org.uk,https://blackhistorymonth.org.uk/feed,To Do,United Kingdom
Black Rhino Music,blackrhinoradio.com,https://blackrhinoradio.com/feed,To Do,Romania
BlackDoctor,blackdoctor.org,https://blackdoctor.org/feed/,To Do,United States
Blagoevgrad-NEWS,blagoevgrad-news.com,https://blagoevgrad-news.com/feed/,To Do,Bulgaria
Blitz.bg,blitz.bg,https://blitz.bg/rss,To Do,Bulgaria
Block Club Chicago,blockclubchicago.org,https://blockclubchicago.org/feed/,To Do,United States
Blog Preston,blogpreston.co.uk,https://blogpreston.co.uk/feed,To Do,United Kingdom
Bloody Disgusting,bloody-disgusting.com,https://bloody-disgusting.com/feed/,To Do,United States
Bluebonnet News,bluebonnetnews.com,https://bluebonnetnews.com/feed/,To Do,United States
Bo Omroep Van de Bollenstreek,bollenstreekomroep.nl,https://www.bollenstreekomroep.nl/feed/,To Do,Netherlands
BoardingArea,boardingarea.com,https://boardingarea.com/feed/,To Do,United States
Bochnianin.pl,bochnianin.pl,https://bochnianin.pl/feed/,To Do,Poland
Body Armor News,bodyarmornews.com,https://www.bodyarmornews.com/feed/,To Do,Netherlands
Bollyy,bollyy.com,https://bollyy.com/rss,To Do,India
Bona Magazine,bona.co.za,https://www.bona.co.za/feed/,To Do,South Africa
Bookhub.ro,bookhub.ro,https://bookhub.ro/feed/,To Do,Romania
Boro.gr,boro.gr,https://boro.gr/feed/,To Do,Greece
Borsatek,borsatek.com,https://www.borsatek.com/feed/,To Do,Turkey
Boss Hunting,bosshunting.com.au,https://www.bosshunting.com.au/feed/,To Do,Australia
Bostanistas.gr,bostanistas.gr,http://bostanistas.gr/rss?i=bostanistas.el.article,To Do,Greece
Boston Poetry Slam,bostonpoetryslam.com,https://bostonpoetryslam.com/feed,To Do,United States
Boswell Media,boswellmedia.net,https://www.boswellmedia.net/feed/,To Do,United States
Bota Sot,botasot.info,https://botasot.info/rss,To Do,Serbia
Botosaneanul,botosaneanul.ro,https://www.botosaneanul.ro/rss,To Do,Romania
Boxing News 24,boxingnews24.com,https://www.boxingnews24.com/feed/,To Do,United States
BrandSpur Ng,brandspurng.com,https://brandspurng.com/feed/,To Do,Nigeria
Brcko Danas,brckodanas.com,https://www.brckodanas.com/feed/,To Do,Bosnia and Herzegovina
Breaking Muscle,breakingmuscle.com,https://breakingmuscle.com/feed/,To Do,United States
Brides Magazine,bridesmagazine.co.uk,https://feeds-api.dotdashmeredith.com/v1/rss/google/2653c485-f9c1-4a89-9437-ba5010277b54,To Do,United Kingdom
Bring a Trailer,bringatrailer.com,https://bringatrailer.com/feed,To Do,United States
BroadwayWorld,broadwayworld.com,https://www.broadwayworld.com/feed_all_bway.cfm,To Do,United States
Brooklyn Institute for Social Research,thebrooklyninstitute.com,https://thebrooklyninstitute.com/feed,To Do,United States
Brotnjo,brotnjo.info,https://www.brotnjo.info/feed/,To Do,Bosnia and Herzegovina
Bucataria Romaneasca,bucataria-romaneasca.ro,https://bucataria-romaneasca.ro/feed/,To Do,Romania
Bucs Report,bucsreport.com,https://bucsreport.com/feed/,To Do,United States
Bucuresti TV,bucurestitv.net,https://www.bucurestitv.net/feed/,To Do,Romania
Bucurestii Vechi si Noi,bucurestiivechisinoi.ro,https://bucurestiivechisinoi.ro/feed/,To Do,Romania
Budaörs Képekben,budaorsiinfo.hu,https://budaorsiinfo.hu/feed/,To Do,Hungary
Bună Ziua Făgăraș,bunaziuafagaras.ro,https://www.bunaziuafagaras.ro/feed/,To Do,Romania
BurgasNovinite,burgasnovinite.bg,https://www.burgasnovinite.bg/feeds/posts/default,To Do,Bulgaria
Burgasinfo.com,burgasinfo.com,https://www.burgasinfo.com/news/rss,To Do,Bulgaria
Burgasnews.com,burgasnews.com,https://www.burgasnews.com/feed/,To Do,Bulgaria
Buro 24/7,buro247.hr,https://buro247.hr/feed/,To Do,Croatia
Buro Serbia,buro247.rs,https://buro247.rs/feed/,To Do,Serbia
Business Goa,businessgoa.in,https://businessgoa.in/feed/,To Do,India
Business Insider Nederland,businessinsider.nl,https://feeds.businessinsider.com/custom/all,To Do,Netherlands
Business Khabar,businesskhabar.com,https://businesskhabar.com/feed/,To Do,India
Business Magazine BiH,business-magazine.ba,https://business-magazine.ba/feed/,To Do,Bosnia and Herzegovina
Business Review,business-review.eu,https://business-review.eu/feed,To Do,Romania
BusinessDaily,businessdaily.gr,https://businessdaily.gr/rss.xml,To Do,Greece
Buxar Khabar,buxarkhabar.com,https://www.buxarkhabar.com/feed/,To Do,India
Buzaumedia,buzaumedia.ro,https://buzaumedia.ro/feed/,To Do,Romania
Buziness Bytes,buzinessbytes.com,https://www.buzinessbytes.com/feed/,To Do,India
BuzzFeed,buzzfeed.com,https://buzzfeed.com/feed.xml,To Do,United States
Buzzbands.la,buzzbands.la,https://buzzbands.la/feed,To Do,United States
CDODev.Com,cdodev.com,https://metrocdodev.com/feed/,To Do,Philippines
CEOtudent,ceotudent.com,https://ceotudent.com/feed,To Do,Turkey
CGM,cgm.pl,https://cgm.pl/feed,To Do,Poland
CLUJUST,clujust.ro,https://www.clujust.ro/feed/,To Do,Romania
CNN Greece,cnn.gr,https://www.cnn.gr/eidhseis?format=feed&type=rss,To Do,Greece
COOL 潮流生活網,cool-style.com.tw,https://www.cool-style.com.tw/wd2/feed,To Do,Taiwan
COWGIRL Magazine,cowgirlmagazine.com,https://cowgirlmagazine.com/feed,To Do,United States
CREȘTIN TOTAL,crestintotal.ro,https://crestintotal.ro/feed/,To Do,Romania
Cap Limpede,caplimpede.ro,https://caplimpede.ro/feed/,To Do,Romania
Cape Town Etc,capetownetc.com,https://www.capetownetc.com/feed/,To Do,South Africa
CapeCod.com,capecod.com,https://www.capecod.com/feed/,Sending,United States
Capenews.net,capenews.net,http://www.capenews.net/search/?f=rss&t=article&l=50&s=start_time&sd=desc&k%5B%5D=%23topstory,To Do,United States
Capital.ro,capital.ro,https://capital.ro/feed,To Do,Romania
Car Magazine (SA),carmag.co.za,https://www.carmag.co.za/feed/,To Do,South Africa
Car and Driver Greece,caranddriver.gr,https://www.caranddriver.gr/rss8.asp?catid=41523&subid=20120,To Do,Greece
Careers In Government,careersingovernment.com,https://careersingovernment.com/rss/,To Do,United States
Carson Now,carsonnow.org,https://www.carsonnow.org/feed,To Do,United States
Case Practice,casepractice.ro,https://casepractice.ro/feed/,To Do,Romania
Catchy.ro,catchy.ro,https://www.catchy.ro/feed,To Do,Romania
Catholics Striving for Holiness,catholicsstrivingforholiness.org,https://catholicsstrivingforholiness.org/feed/,To Do,United States
Caught In Southie,caughtinsouthie.com,https://caughtinsouthie.com/feed/,To Do,United States
Celtic News Now,celticnewsnow.com,https://celticnewsnow.com/feed/,To Do,United Kingdom
Celts Are Here,celtsarehere.com,https://celtsarehere.com/feed/,To Do,United Kingdom
Cetățeanul.net,cetateanul.net,https://cetateanul.net/feed/,To Do,Romania
Cevabun.ro,cevabun.ro,https://www.cevabun.ro/feed/,To Do,Romania
Channel 2,idahonews.com,https://idahonews.com/.rss,To Do,United States
Chicks On The Right,chicksonright.com,https://chicksonright.com/feed/,To Do,United States
Chip and Co,chipandco.com,https://chipandco.com/feed/,To Do,United States
Chorus FM,chorus.fm,https://chorus.fm/feed/,To Do,United States
Christian Today,christiantoday.com,https://www.christiantoday.com/rss.xml,To Do,United States
Christmas Discount Offers,christmasdiscountoffers.co.uk,https://www.christmasdiscountoffers.co.uk/feed/,To Do,United Kingdom
Church Leaders,churchleaders.com,https://churchleaders.com/feed,To Do,United States
Church POP Español,churchpop.com,https://www.churchpop.com/rss/,To Do,United States
Circle of Cricket India,circleofcricket.com,https://circleofcricket.com/feed/,To Do,India
Clacton,clactonandfrintongazette.co.uk,https://clactonandfrintongazette.co.uk/news/rss,To Do,United Kingdom
Clarksville Online,clarksvilleonline.com,https://www.clarksvilleonline.com/feed/,To Do,United States
Climate Action Network South Asia (CANSA),cansouthasia.net,https://cansouthasia.net/feed,To Do,Bangladesh
Cluj.com - Ghid Local,cluj.com,https://cluj.com/feed,To Do,Romania
Collective Hub,collectivehub.com,https://collectivehub.com/feed/,To Do,Australia
Colorado Springs Independent,csindy.com,https://csindy.com/feed/,To Do,United States
Commonwealth Union,commonwealthunion.com,https://www.commonwealthunion.com/feed/,To Do,United States
Compleat Golfer,compleatgolfer.com,https://www.compleatgolfer.com/feed/,To Do,South Africa
Compsmag,compsmag.com,https://www.compsmag.com/feed/,To Do,India
Confidence Meets Parenting,confidencemeetsparenting.com,https://confidencemeetsparenting.com/feed/,To Do,United States
CongoPlanete.com,congoplanete.com,https://congoplanete.com/feeds/rss_congo_africa_fr.xml,To Do,United States
Connacht Tribune Group,connachttribune.ie,https://connachttribune.ie/feed/,To Do,Ireland
Connect Gujarat,connectgujarat.com,https://connectgujarat.com/rss,To Do,India
Consequence,consequenceofsound.net,https://consequenceofsound.net/feed,To Do,United States
Conservation Job Board,conservationjobboard.com,https://conservationjobboard.com/rss,To Do,United States
Conservative Firing Line,conservativefiringline.com,https://conservativefiringline.com/feed/,To Do,United States
Cool Artisan,coolartisan.gr,https://coolartisan.gr/feed/,To Do,Greece
Copilul.ro,copilul.ro,https://copilul.ro/rss,To Do,Romania
Cosmopoliti,cosmopoliti.com,https://cosmopoliti.com/feed/,To Do,Greece
Cotidianul Gorjeanul,gorjeanul.ro,https://www.gorjeanul.ro/feed/,To Do,Romania
Country Rebel,countryrebel.com,https://countryrebel.com/feed/,To Do,United States
Cover Style,cover.style,https://coverstyle.hr/feed/,To Do,Croatia
Crawford County Now studios,crawfordcountynow.com,https://crawfordcountynow.com/feed,To Do,United States
Creative Healthy Family,creativehealthyfamily.com,https://www.creativehealthyfamily.com/feed/,To Do,United States
CretaDrive,cretadrive.gr,https://www.cretadrive.gr/feed,Error adding feed to EBX,Greece
CricketTimes.com,crickettimes.com,https://crickettimes.com/feed/,To Do,India
Cricketnmore,cricketnmore.com,https://cricketnmore.com/rss.xml,To Do,India
Crisana,crisana.ro,https://crisana.ro/rss,To Do,Romania
Cronica Romana,cronicaromana.net,https://cronicaromana.net/feed/,To Do,Romania
Crypto Daily,cryptodaily.co.uk,https://cryptodaily.co.uk/feed,To Do,United Kingdom
CsaHaber,csahaber.com,https://csahaber.com/feed/,To Do,United States
Csaladinet.hu,csaladinet.hu,https://www.csaladinet.hu/rss/cikkek,To Do,Hungary
Csepel.info,csepel.info,http://csepel.info/?feed=rss2,To Do,Hungary
Curierul National,curierulnational.ro,https://curierulnational.ro/feed/,To Do,Romania
Curiosmos,curiosmos.com,https://curiosmos.com/feed/,To Do,Croatia
Curly Tales,curlytales.com,https://curlytales.com/comments/feed/,To Do,India
CursDeGuvernare.ro,cursdeguvernare.ro,https://cursdeguvernare.ro/feed,To Do,Romania
Curt Pate Stockmanship,curtpatestockmanship.com,https://curtpatestockmanship.com/feed/,To Do,United States
Cute Animal Planet,cuteanimalplanet.com,https://cuteanimalplanet.com/feed/,To Do,Romania
CyberDefence24,cyberdefence24.pl,https://cyberdefence24.pl/feed,To Do,Poland
Cyclades24.gr,cyclades24.gr,https://cyclades24.gr/feed/,To Do,Greece
Cyclingnews,cyclingnews.com,https://www.cyclingnews.com/feeds.xml,To Do,United Kingdom
Cyclist Magazine,cyclist.co.uk,https://www.cyclist.co.uk/feed,To Do,United Kingdom
D Magazine,dmagazine.com,https://www.dmagazine.com/feed/google-discover-feed,To Do,United States
DC Comics News,dccomicsnews.com,https://dccomicsnews.com/feed/,To Do,United States
DEON.pl,deon.pl,https://deon.pl/rss,To Do,Poland
DLXVRSN Media Inc.,deluxeversionmagazine.com,https://deluxeversionmagazine.com/feed/,To Do,Sweden
DRIVE Magazine,drive.gr,https://drive.gr/rss,To Do,Greece
Dagbladet Information,information.dk,https://information.dk/feed,To Do,Denmark
Dagens Arena,dagensarena.se,https://www.dagensarena.se/feed/,To Do,Sweden
Daily Liberal,dailyliberal.com.au,https://dailyliberal.com.au/rss.xml,To Do,Australia
Daily News Hungary,dailynewshungary.com,https://dailynewshungary.com/feed/,To Do,Hungary
Daily Trojan,dailytrojan.com,https://dailytrojan.com/feed/,To Do,United States
Dalal Street Investment Journal - DSIJ,dsij.in,https://www.dsij.in/blog/market-blogs-4/feed,To Do,India
Dama.bg,dama.bg,https://dama.bg/feed,To Do,Bulgaria
Dandavats.com,dandavats.com,https://www.dandavats.com/?feed=rss2,To Do,India
DapurPacu,dapurpacu.id,https://dapurpacu.id/feed/,To Do,Indonesia
Dark Reading,darkreading.com,https://darkreading.com/rss.xml,To Do,United States
Dartfreakz.nl,dartfreakz.nl,https://www.dartfreakz.nl/sitemap/news.xml,Sending,Netherlands
Darts News,dartsnews.com,https://dartsnews.com/sitemap/news.xml,To Do,United States
Dartsnieuws.com,dartsnieuws.com,https://dartsnieuws.com/sitemap/news.xml,To Do,Netherlands
Data Science Central,datasciencecentral.com,https://www.datasciencecentral.com/feed/,To Do,Romania
David Moody,davidmoody.net,https://www.davidmoody.net/feed/,To Do,United States
De Beste Social Media,debestesocialmedia.nl,http://debestesocialmedia.nl/feed,To Do,Netherlands
De Orkaan,deorkaan.nl,https://www.deorkaan.nl/feed/,To Do,Netherlands
De Speld,speld.nl,https://speld.nl/feed/,To Do,Netherlands
De Utrechtse Internet Courant (DUIC),duic.nl,https://www.duic.nl/feed/,To Do,Netherlands
Deal Mama,dealmama.com,https://dealmama.com/feed/,To Do,United States
Debati,debati.bg,https://debati.bg/feed/,To Do,Bulgaria
Deccan Herald,deccanherald.com,https://deccanherald.com/feed,To Do,India
Decoded Magazine,decodedmagazine.com,https://www.decodedmagazine.com/feed/,To Do,United Kingdom
Defence24,defence24.pl,https://defence24.pl/rss,To Do,Poland
Delicious Obsessions,deliciousobsessions.com,https://deliciousobsessions.com/feed,To Do,United States
Demokrata,demokrata.hu,https://demokrata.hu/feed,To Do,Hungary
Denizli 24 Haber,denizli24haber.com,https://denizli24haber.com/rss,To Do,Turkey
Desavanja u Bijeljini,desavanjaubijeljini.com,https://desavanjaubijeljini.com/feed/,To Do,Bosnia and Herzegovina
Deshbandhu,deshbandhu.co.in,https://www.deshbandhu.co.in/google_feeds.xml,To Do,India
DesignAlive,designalive.pl,https://www.designalive.pl/feed/,To Do,Poland
Devdiscourse,devdiscourse.com,http://www.devdiscourse.com/rss/website,To Do,India
Dharitri,dharitri.com,https://www.dharitri.com/feed/,To Do,India
Diaforetiko,diaforetiko.gr,https://diaforetiko.gr/feed,To Do,Greece
Did You Know,didyouknowfacts.com,https://didyouknowfacts.com/feed,To Do,United States
Digit,digit.in,http://digit.in/feed,To Do,India
Digital Age,digitalage.com.tr,https://digitalage.com.tr/feed/,To Do,Turkey
Digital Broker Ventures,dbventures.io,https://dbventures.io/feed/,To Do,Australia
Digital Winners,digitalwinners.gr,https://www.digitalwinners.gr/feed/,To Do,Greece
Dimokratiki.gr,dimokratiki.gr,https://www.dimokratiki.gr/feed/,To Do,Greece
Din Înţelepciunea Marilor Maeştri,detoatepentrutotisimaimult.blog,https://detoatepentrutotisimaimult.blog/feed/,To Do,Romania
Diorismos.gr,diorismos.gr,http://feeds.feedburner.com/diorismos/newsroom,To Do,Greece
Direkno.hr,direktno.hr,https://direktno.hr/rss.xml,To Do,Croatia
District8,district8.net,https://district8.net/feed,To Do,Netherlands
Ditori,ditori.com,https://ditori.com/index.php/feed/,To Do,Croatia
Diyanet Haber,diyanethaber.com.tr,https://diyanethaber.com.tr/rss,To Do,Turkey
Dlahandlu,dlahandlu.pl,https://www.dlahandlu.pl/rss/nowoczesny.xml,To Do,Poland
Dnevni avaz,avaz.ba,https://avaz.ba/rss,To Do,Bosnia and Herzegovina
Dodger Blue,dodgerblue.com,https://dodgerblue.com/feed/,To Do,United States
Domashni Hitrini,hitrinibg.com,https://hitrinibg.com/feed/,To Do,Bulgaria
Don't Panic Magazine,dnpmag.com,https://dnpmag.com/feed,To Do,United States
Donald,donald.pl,https://donald.pl/api/rss/,To Do,Poland
DothanFirst,dothanfirst.com,https://dothanfirst.com/feed,To Do,United States
Downtown Alliance,downtownny.com,https://downtownny.com/feed/,To Do,United States
Dread Central,dreadcentral.com,https://www.dreadcentral.com/feed/,To Do,United States
Droitwich Standard,droitwichstandard.co.uk,https://droitwichstandard.co.uk/feed,To Do,United Kingdom
DrydenWire,drydenwire.com,https://drydenwire.com/news-feed/,To Do,United States
E-Razgrad,e-razgrad.bg,https://e-razgrad.bg/feed,To Do,Bulgaria
EBulgaria.bg,ebulgaria.bg,https://ebulgaria.bg/feed,To Do,Bulgaria
ELLE (Bulgaria),elle.bg,https://www.elle.bg/rss/articles.xml,To Do,Bulgaria
ELLE Serbia,elle.rs,https://elle.rs/rss/1/Naslovna,To Do,Serbia
EURweb,eurweb.com,https://eurweb.com/feed/,To Do,United States
EVOKE.ie,evoke.ie,https://evoke.ie/feed,To Do,Ireland
Earki,earki.co,https://www.earki.co/feed/,To Do,Bangladesh
East County Today,eastcountytoday.net,https://eastcountytoday.net/feed/,To Do,United States
East Side Boxing,boxing247.com,https://www.boxing247.com/feed,To Do,United States
Eastern Daily Press,edp24.co.uk,https://edp24.co.uk/news/rss,To Do,United Kingdom
Eco-Business,eco-business.com,https://eco-business.com/feeds/all/,To Do,Singapore
Economic and Political Weekly,epw.in,https://epw.in/blog/feed,To Do,India
Ecosnippets,ecosnippets.com,https://www.ecosnippets.com/feed/,To Do,United Kingdom
Edebiyat Haber,edebiyathaber.net,https://www.edebiyathaber.net/feed/,To Do,Turkey
Edessa News,edessanews.gr,https://edessanews.gr/feed/,To Do,Greece
Edge of Humanity Magazine,edgeofhumanity.com,https://edgeofhumanity.com/feed/,To Do,United States
Ekattor,ekattor.tv,https://ekattor.tv/feed/,No feed generated,Bangladesh
El Correo del Golfo,elcorreo.ae,https://www.elcorreo.ae/rss/,To Do,United Arab Emirates
El Culture,elculture.gr,https://elculture.gr/feed,To Do,Greece
El Periódico Extremadura,elperiodicoextremadura.com,http://elperiodicoextremadura.com/rss,To Do,United States
El Sol Latino Newspaper,elsolnewsmedia.com,https://elsolnewsmedia.com/feed/,To Do,United States
El Sol de la Florida,elsoldelaflorida.com,https://elsoldelaflorida.com/feed/,To Do,United States
ElderConsult Geriatric Medicine,elderconsult.com,https://drlizgeriatrics.com/feed/,To Do,United States
Electrical Engineering Portal,electrical-engineering-portal.com,https://electrical-engineering-portal.com/feed,To Do,Serbia
Eleftheria,eleftheria.gr,https://eleftheria.gr/feed/,To Do,Greece
Eleftheros Typos,eleftherostypos.gr,https://eleftherostypos.gr/feed,To Do,Greece
Emery County Progress,etvnews.com,https://etvnews.com/rss,To Do,United States
Emlak 365,emlak365.com,https://www.emlak365.com.tr/service/rss.php,To Do,Turkey
Empire Of The Kop,empireofthekop.com,https://www.empireofthekop.com/feed/,To Do,United Kingdom
Emprego XL - Ofertas de Emprego,empregoxl.com,https://empregoxl.com/rss.php,To Do,United States
Enallaktikos,enallaktikos.gr,https://enallaktikos.gr/feed/,To Do,Greece
Encomium,encomium.ng,https://encomium.ng/feed/,To Do,Nigeria
Energetyka24,energetyka24.com,https://energetyka24.com/feed,To Do,Poland
EnergyPress.net,energypress.net,https://www.energypress.net/feed/,To Do,Croatia
Energypress.gr,energypress.gr,https://energypress.gr/rss,Error adding feed to EBX,Greece
Enikonomia,enikonomia.gr,https://www.enikonomia.gr/feed/,To Do,Greece
Enikos.gr,enikos.gr,https://www.enikos.gr/feed/,To Do,Greece
Enternity.gr,enternity.gr,https://enternity.gr/Rssfeeds/News.html,To Do,Greece
Entertainmentcareers.net,entertainmentcareers.net,https://www.entertainmentcareers.net/rss/featured.xml,To Do,United States
EnviroForensics,enviroforensics.com,https://www.enviroforensics.com/feed/,To Do,United States
Eordaialive.com,eordaialive.com,https://eordaialive.com/feed/,To Do,Greece
Epilekta,epilekta.com,https://www.epilekta.com/feeds/posts/default,To Do,Greece
Epirus Tv News,epirus-tv-news.gr,https://www.epirus-tv-news.gr/feeds/posts/default,To Do,Greece
EpirusNow.gr,epirusnow.gr,https://www.epirusnow.gr/feed/,To Do,Greece
Erciş Haber,haberercis.com.tr,https://haberercis.com.tr/rss,To Do,Turkey
ErgasiaTora.gr,ergasiatora.gr,https://ergasiatora.gr/feed,To Do,Greece
Es Gündem 26,esgundem26.com,https://esgundem26.com/rss,To Do,Turkey
Esküvő Classic Magazin,eskuvoclassic.hu,https://eskuvoclassic.hu/feed/,To Do,Hungary
Esmi TV,esmitv.com,https://www.esmitv.com/feed/,To Do,Indonesia
Espinof,espinof.com,https://espinof.com/atom.xml,To Do,United States
EssentiallySports,essentiallysports.com,https://www.essentiallysports.com/feed/,To Do,India
Etelä-Savon Viestintä Oy,lansi-savo.fi,https://www.lansi-savo.fi/feed/rss,To Do,Finland
EtikHaber,etikhaber.com,https://etikhaber.com/rss,To Do,Turkey
Eurogamer,eurogamer.net,https://www.eurogamer.net/feed,To Do,United Kingdom
Europa FM,europafm.ro,https://europafm.ro/feed,To Do,Romania
Eurovizyon,eurovizyon.co.uk,https://eurovizyon.co.uk/rss,To Do,Turkey
Evangélikus,evangelikus.hu,https://evangelikus.hu/?format=feed&type=rss,To Do,Hungary
Eviathema,eviathema.gr,https://eviathema.gr/feed/,To Do,Greece
Evie,eviemagazine.com,https://eviemagazine.com/rss.xml,To Do,United States
Evrytania Sport,evrytaniasport.gr,https://www.evrytaniasport.gr/feeds/posts/default,To Do,Greece
Expat Media,expatmedia.net,https://www.expatmedia.net/feed/,To Do,United Arab Emirates
Expediters Online,expeditersonline.com,https://expeditersonline.com/rss,To Do,United States
Express Tribune,tribune.com.pk,https://tribune.com.pk/blog/feed,To Do,Pakistan
F1Maximaal.nl,f1maximaal.nl,https://www.f1maximaal.nl/sitemap/news.xml,Error adding feed to EBX,Netherlands
FANGORIA,fangoria.com,https://www.fangoria.com/feed/,To Do,United States
FASHION.HR,fashion.hr,https://fashion.hr/feed/,To Do,Croatia
FHM Nederland,fhm.nl,https://fhm.nl/sitemap/news.xml,Sending,Netherlands
FWS.GR Fueled With Sports,fws.gr,https://athlosnews.gr/feed/,To Do,Greece
FXStreet,fxstreet.com,https://fxstreet.com/rss,To Do,Greece
Fagarasul Tau,fagarasultau.ro,https://fagarasultau.ro/feed/,To Do,Romania
Fagersta-Posten,fagersta-posten.se,https://www.fagersta-posten.se/feeds/feed.xml,To Do,Sweden
Fakty Białystok,fakty.bialystok.pl,https://fakty.bialystok.pl/rss,To Do,Poland
Family First,familyfirst.net,https://familyfirst.net/feed,To Do,United States
FanHammer,fanhammer.org,https://fanhammer.org/feed/,To Do,United States
Farm Weekly,farmweekly.com.au,https://farmweekly.com.au/rss.xml,To Do,Australia
Farmer.pl,farmer.pl,https://www.farmer.pl/fragments/rss/rss000.xml,To Do,Poland
Farrelly Atkinson Limited,road.cc,https://road.cc/rss,To Do,United Kingdom
Fashion Post,fashionpost.pl,https://fashionpost.pl/feed,To Do,Poland
Fast Philly Sports,fastphillysports.com,https://fastphillysports.com/feed/,To Do,United States
Federalist Party,noqreport.com,https://americafirstreport.com/feed/,To Do,United States
Femcafe.hu,femcafe.hu,https://femcafe.hu/rss.xml,To Do,Hungary
Femina Média,femina.hu,https://femina.hu/24ora/rss/,To Do,Hungary
Feminism In India,feminisminindia.com,https://feminisminindia.com/feed,To Do,India
FerizajPress,ferizajpress.com,http://ferizajpress.com/feed,To Do,Serbia
Filantropikum.com,filantropikum.com,https://filantropikum.com/feed/,To Do,Romania
Filing,samequizy.pl,https://samequizy.pl/feed,To Do,Poland
Filmy Focus,filmyfocus.com,https://filmyfocus.com/feed,To Do,India
Final Score Media LTD,nb1.hu,https://nb1.hu/feed/,To Do,Hungary
Financial Intelligence,financialintelligence.ro,https://financialintelligence.ro/feed/,To Do,Romania
Financial Planning,financial-planning.com,https://financial-planning.com/feed.rss,To Do,United States
Find It in Kimberley,find-it.co.za,https://nuusflits.com/feed/,To Do,South Africa
Flag Polgári Magazin,flagmagazin.hu,https://flagmagazin.hu/rss,To Do,Hungary
Flicks Film Media Network,tofler.in,https://tofler.in/blog/feed,To Do,India
Flood Communications,floodcomm.com,https://floodcomm.com/feed,Parent org,United States
Floppy Cats,floppycats.com,https://www.floppycats.com/web-stories/feed/,To Do,United States
Florida Politics,floridapolitics.com,https://floridapolitics.com/feed/,To Do,United States
Flux24,flux24.ro,https://flux24.ro/feed/,To Do,Romania
Focus-Nunti,focus-news.net,https://www.focus-news.net/rss.php,To Do,Bulgaria
Folks Networks & Communication Private,panchayattimes.com,https://www.panchayattimes.com/feed/,To Do,India
FooDiva,foodiva.net,https://www.foodiva.net/feed/,To Do,United Arab Emirates
Football24.bg,football24.bg,https://football24.bg/feed/,To Do,Bulgaria
For Every Mom,foreverymom.com,https://foreverymom.com/feed/,To Do,United States
ForbesLife Romania,forbes.ro,https://forbes.ro/feed,To Do,Romania
Formula.hu,formula.hu,https://formula.hu/rss/?cat=all,To Do,Hungary
Forza Italia,italians.gr,https://italians.gr/feed/,To Do,Greece
Fossbytes,fossbytes.com,https://fossbytes.com/feed/,To Do,India
FotbollDirekt,fotbolldirekt.se,https://fotbolldirekt.se/feed/,To Do,Sweden
Fox 29,fox29.com,https://www.fox29.com/rss.xml,To Do,United States
Fox Chattanooga,foxchattanooga.com,https://foxchattanooga.com/.rss,To Do,United States
Fractal,fractalart.gr,https://www.fractalart.gr/feed/,To Do,Greece
Franz Alt - SONNENSEITE.COM,sonnenseite.com,https://www.sonnenseite.com/de/feed/,To Do,United States
FreeDomMedia,warszawskagazeta.pl,https://warszawskagazeta.pl/feed/,To Do,Poland
Freebies 2 Deals,freebies2deals.com,https://freebies2deals.com/feed,To Do,United States
Freegroup,free.com.tw,https://free.com.tw/feed/,To Do,Taiwan
Freelance Bulgaria,freelance.bg,https://freelance.bg/freelance-projects-bg.xml,To Do,Bulgaria
FreightWaves,freightwaves.com,https://freightwaves.com/feed,To Do,United States
Frequent Miler,frequentmiler.com,https://frequentmiler.com/feed/,To Do,United States
Fresno State,fresnostatenews.com,https://www.fresnostatenews.com/feed/,To Do,United States
Frontstretch,frontstretch.com,https://frontstretch.com/feed,To Do,United States
FunX,funx.nl,https://www.funx.nl/news/rss,To Do,Netherlands
Fundacja Polska Ziemia,polskaziemia.pl,https://polskaziemia.pl/feed/,To Do,Poland
Further Africa,furtherafrica.com,https://furtherafrica.com/feed/,To Do,United Kingdom
FutbolNews.pl,futbolnews.pl,https://futbolnews.pl/feed,To Do,Poland
Főtér,foter.ro,https://foter.ro/rss/foter.xml,To Do,Romania
G Plus,guwahatiplus.com,https://guwahatiplus.com/feed,To Do,India
GB News,gbnews.uk,https://gbnews.uk/feeds/feed.rss,To Do,United Kingdom
GIZGUIDE,gizguide.com,https://www.gizguide.com/feeds/posts/default,To Do,Philippines
GLOW,glow.gr,https://glow.gr/feed,To Do,Greece
GQ UK,gq-magazine.co.uk,https://www.gq-magazine.co.uk/feed/rss,To Do,United Kingdom
GR TIMES,grtimes.gr,https://www.grtimes.gr/feed,To Do,Greece
Gadgetreport.ro,gadgetreport.ro,https://gadgetreport.ro/feed/,To Do,Romania
GameReactor EU,gamereactor.eu,https://www.gamereactor.eu/rss/rss.php,Sending,Denmark
Gaon Connection,gaonconnection.com,https://www.gaonconnection.com/feed/,To Do,India
Gastronomy Tours,gastronomytours.com,https://gastronomytours.com/feed/,To Do,Greece
Gazeta de Bistrita,gazetadebistrita.ro,https://gazetadebistrita.ro/feed/,To Do,Romania
Gazeta de Cluj,gazetadecluj.ro,https://gazetadecluj.ro/feed/,To Do,Romania
Gazeta de Dimineata,gddhd.ro,https://gddhd.ro/feed/,To Do,Romania
Gazete Damga,gazetedamga.com.tr,https://www.gazetebirlik.com/rss/news,To Do,Turkey
Gazete Emek,gazeteemek.net,https://gazeteemek.net/rss,To Do,Turkey
Gazete Kritik,gazetekritik.com,https://www.gazetekritik.com/rss/news,To Do,Turkey
Gazete Rize,gazeterize.com,https://gazeterize.com/rss,To Do,Turkey
Gazetecilik Danışmanlık Hizmetleri Ltd. Şti,haberaydin.com,https://haberaydin.com/rss,To Do,Turkey
Gaziantep27,gaziantep27.net,https://gaziantep27.net/rss,To Do,Turkey
Gboah.com,gboah.com,https://www.gboah.com/feeds/posts/default,To Do,Nigeria
GearJunkie,gearjunkie.com,https://gearjunkie.com/feed,To Do,United States
Geek Native,geeknative.com,https://feeds.feedburner.com/GeekNative,To Do,United Kingdom
GeekDad,geekdad.com,https://geekdad.com/feed/,To Do,United States
GeekTyrant,geektyrant.com,https://geektyrant.com/news?format=rss,To Do,United States
Gefle Dagblad,gd.se,https://www.gd.se/feeds/feed.xml,To Do,Sweden
Geller Report,gellerreport.com,https://gellerreport.com/feed/,To Do,United States
Genius Creative Media,najarbandi.in,https://najarbandi.in/feed,To Do,India
Genocide Watch,genocidewatch.com,https://www.genocidewatch.com/blog-feed.xml,To Do,United States
Geraldton Guardian,geraldtonguardian.com.au,https://geraldtonguardian.com.au/feed,To Do,Australia
Gercek Haberci,gercekhaberci.com,https://www.gercekhaberci.com/rss,To Do,Turkey
Gerçek Fethiye,gercekfethiye.com,https://www.gercekfethiye.com/rss/,To Do,Turkey
GetRealPhilippines.COM,getrealphilippines.com,https://www.getrealphilippines.com/feed/,To Do,Philippines
Giresun Gazete,giresungazete.net,https://giresungazete.com.tr/feed/,To Do,Turkey
Glas Podravine i Prigorja,glaspodravine.hr,https://glaspodravine.hr/feed/,To Do,Croatia
Glas Srpske,glassrpske.com,https://www.glassrpske.com/lat/rss/najnovije,To Do,Bosnia and Herzegovina
Glasul Sucevei,glasulsucevei.ro,http://glasulsucevei.ro/feed,To Do,Romania
Glitch N Dealz,glitchndealz.com,https://yeswecoupon.com/feed/,To Do,United States
Global Business Press,gbp.com.sg,https://gbp.com.sg/feed/,To Do,Singapore
Global Citizen Impact,globalcitizen.org,https://globalcitizen.org/content/feed/,To Do,United States
Global Health,lekuva.net,https://lekuva.net/feed,To Do,Bulgaria
Global Voices,globalvoices.org,https://globalvoices.org/feed/,To Do,Netherlands
Globe Media Group,jakartaglobe.id,https://jakartaglobe.id/feed.rss,To Do,Indonesia
Go Fug Yourself,gofugyourself.com,https://www.gofugyourself.com/feed,To Do,United States
Go News Group,gonews.co,https://www.gonews.co/rss/berita/,To Do,Indonesia
Go guide,goguide.bg,https://goguide.bg/feed,To Do,Bulgaria
Gold Derby,goldderby.com,https://www.goldderby.com/feed/rss/,To Do,United States
Gonewsindia,gonewsindia.com,https://www.gonewsindia.com/feed,To Do,India
Good Karma Brands,goodkarmabrands.com,https://goodkarmabrands.com/feed/,To Do,United States
Gospodarka Wyborcza.pl,wyborcza.biz,https://wyborcza.biz/pub/rss/wyborcza_biz_wiadomosci.xml,To Do,United States
GospodarkaMorska.pl,gospodarkamorska.pl,https://gospodarkamorska.pl/articles/rss,To Do,Poland
Gosu Gamers,gosugamers.net,https://gosugamers.net/articles/rss,Sending,Singapore
Gotlands Allehanda,helagotland.se,https://helagotland.se/rss,To Do,Sweden
GourdUp,groundup.org.za,https://www.groundup.org.za/sitenews/rss/,To Do,South Africa
Gość Niedzielny,gosc.pl,https://www.gosc.pl/rss/rtr/c7a21.Aktualnosci-z-Gosciem-Niedzielnym,To Do,Poland
Grace Filled Homemaking,gracefilledhomemaking.com,https://gracefilledhomemaking.com/feed/,To Do,United States
Gradbanjaluka.com,gradbanjaluka.com,https://gradbanjaluka.com/feed/,To Do,Bosnia and Herzegovina
Gradonačelnik,gradonacelnik.hr,https://gradonacelnik.hr/feed/,To Do,Croatia
Gramofona.com,gramofona.com,https://gramofona.com/rss,To Do,Bulgaria
Greek City Times,greekcitytimes.com,https://greekcitytimes.com/feed/,Error adding feed to EBX,Australia
GreekNews24,greeknews24.gr,https://www.greeknews24.gr/feed/,To Do,Greece
Greekmusictothemax,greekmusictothemax.gr,https://www.greekmusictothemax.gr/feed/,To Do,Greece
Green Agenda,greenagenda.gr,https://greenagenda.gr/feed/,To Do,Greece
Green Box Publishing,agronews.gr,https://agronews.gr/rss,To Do,Greece
Green.hr,green.hr,https://green.hr/feed/,To Do,Bosnia and Herzegovina
Greendex.hu,greendex.hu,https://greendex.hu/feed,To Do,Hungary
Gregory D. Evans,gregorydevans.com,http://gregorydevans.com/blog/feed,To Do,United States
Griechenland Zeitung,griechenland.net,https://griechenland.net/rss,To Do,Greece
Gript News,gript.ie,https://gript.ie/feed/,To Do,Ireland
Grown and Flown,grownandflown.com,https://grownandflown.com/feed/,To Do,United States
Grupa Farmacja,grupafarmacja.net,https://grupafarmacja.net/rss.xml,To Do,Poland
Grupa Weszło,weszlo.com,https://weszlo.com/feed,To Do,Poland
Guitar.com,guitar.com,https://guitar.com/feed/,To Do,United States
GujjuRocks,gujjurocks.in,https://gujjurocks.in/feed/,To Do,India
Gulf News,gulfnews.com,https://gulfnews.com/feed,To Do,United Arab Emirates
HMTV Live,hmtvlive.com,http://hmtvlive.com/feed/,To Do,India
HRM Asia,hrmasia.com,https://hrmasia.com/feed/,To Do,Singapore
HT Digital Streams Limited,healthshots.com,https://www.healthshots.com/comments/feed/,To Do,India
HUNT4FREEBIES,hunt4freebies.com,http://feeds.feedburner.com/Hunt4freebies,To Do,United States
HW News Network,hwnews.in,https://hwnews.in/feed/,To Do,India
Haber7,haber7.com,https://i12.haber7.net/sondakika/newsstand/latest.xml,To Do,Turkey
Haberiniz Olsun,haberiniz.com.tr,https://haberiniz.com.tr/feed/,To Do,Turkey
Haberler.com,haberler.com,https://rss.haberler.com/rss.asp,To Do,Turkey
Hagadone Media Group,hagadonemediagroup.com,https://hagadonemediagroup.com/feed/,To Do,United States
HallyuSG,hallyusg.net,https://www.hallyusg.net/feed/,To Do,Singapore
Hand in Hand Parenting,handinhandparenting.org,https://www.handinhandparenting.org/feed/,To Do,United States
Happiness is here,happinessishereblog.com,https://happinessishereblog.com/feed/,To Do,Australia
Happy Mag,happymag.tv,https://happymag.tv/feed/,To Do,Australia
Happy Tv,happytv.gr,https://www.happytv.gr/feed/,To Do,Greece
Har Gitanepe,hargitanepe.eu,https://hargitanepe.eu/feed/,To Do,Hungary
Harborough FM,harboroughfm.co.uk,https://harboroughfm.co.uk/feed/,To Do,United Kingdom
HarlequinJunkie Romance Reviews,harlequinjunkie.com,https://harlequinjunkie.com/feed,To Do,United States
Harris Teeter Deals,theharristeeterdeals.com,https://theharristeeterdeals.com/feed/,Irrelevant prospect,United States
Harvard University,harvard.edu,https://harvard.edu/index.rss,To Do,United States
Hauterrfly,hauterrfly.com,https://hauterrfly.com/feed/,To Do,India
Havre Daily News,havredailynews.com,https://havredailynews.com/rss,To Do,United States
Healing Tomato,healingtomato.com,https://www.healingtomato.com/feed/,To Do,United States
Health Beauty Wellness Tips,myupchar.com,https://www.myupchar.com/feed.rss,To Do,India
HealthWeb.gr,healthweb.gr,https://www.healthweb.gr/feed/gn,To Do,Greece
Healthpharma,healthpharma.gr,https://healthpharma.gr/feed/,To Do,Greece
Hellenic Shipping News,hellenicshippingnews.com,https://hellenicshippingnews.com/feed,To Do,Greece
HelloLadies,helloladies.hu,https://helloladies.hu/rss.php,To Do,Hungary
Her View From Home,herviewfromhome.com,https://herviewfromhome.com/feed/,To Do,United States
Hewad,khybernews.tv,https://khybernews.tv/feed/,To Do,Pakistan
HiComm Magazine,hicomm.bg,https://hicomm.bg/rss,To Do,Bulgaria
Hia Magazine,hiamag.com,https://hiamag.com/rss.xml,To Do,United Arab Emirates
Himachal Dastak Media Group,himachaldastak.com,https://himachaldastak.com/feed/,To Do,India
Hindi Tracks,hinditracks.in,https://www.hinditracks.in/feed,To Do,India
Hindu Post,hindupost.in,https://hindupost.in/feed/,To Do,India
Hip2Save,hip2save.com,https://hip2save.com/feed/,To Do,United States
Hiros.hu,hiros.hu,https://hiros.hu/feed,To Do,Hungary
Histmag.org,histmag.org,https://histmag.org/rss,To Do,Poland
History of Royal Women,historyofroyalwomen.com,https://www.historyofroyalwomen.com/feed/,To Do,Netherlands
Hit Channel,hit-channel.com,https://hit-channel.com/feed/,To Do,Greece
Hizmet Gazetesi,hizmetgazetesi.com.tr,https://hizmetgazetesi.com.tr/rss,To Do,Turkey
Hoeksch Nieuws,hoekschnieuws.nl,https://www.hoekschnieuws.nl/feed/,To Do,Netherlands
Hokej.Net,hokej.net,https://hokej.net/rss,To Do,Poland
Holy City Sinner,holycitysinner.com,https://holycitysinner.com/api/rss/content.rss,To Do,United States
Home Adore,homeadore.com,http://feeds.feedburner.com/homeadore,To Do,United States
Homegrown,homegrown.co.in,https://homegrown.co.in/feed,To Do,India
Homo Evolution,homoevolution.com,https://homoevolution.com/feed/,To Do,Greece
Hong Kong Free Press,hongkongfp.com,https://hongkongfp.com/feed/,To Do,Hong Kong
Hoops Rumors,hoopsrumors.com,https://www.hoopsrumors.com/feed,To Do,United States
Hope Faith Love,faithhub.net,https://faithhub.net/feed,Irrelevant prospect,United States
Hope Media Taiwan,hopemedia.tw,https://www.hopemedia.tw/feed/,To Do,Taiwan
Horror Fuel,horrorfuel.com,https://horrorfuel.com/feed/,Sending,United States
HospiBuz,hospibuz.com,https://hospibuz.com/rss,To Do,India
HotHardware,hothardware.com,https://hothardware.com/rss/news.aspx,To Do,Australia
House & Garden,houseandgarden.co.uk,https://www.houseandgarden.co.uk/feed/rss,To Do,United Kingdom
HousingWire,housingwire.com,https://www.housingwire.com/feed/,To Do,United States
Houston Herald,houstonherald.com,https://houstonherald.com/feed/,To Do,United States
HowStuffWorks,howstuffworks.com,https://syndication.howstuffworks.com/rss/HSW,To Do,United States
Hrvatski Telekom,tportal.hr,https://tportal.hr/rss,To Do,Croatia
Huge Rugby,hugerugby.news,https://www.hugerugby.news/feed/,To Do,United Kingdom
Hull What's On,hullwhatson.com,https://hullwhatson.com/feed/,To Do,United Kingdom
Hum Network,hum.tv,https://hum.tv/feed/,To Do,Pakistan
Hypebot,hypebot.com,https://www.hypebot.com/feed,To Do,United States
Hyperallergic,hyperallergic.com,https://hyperallergic.com/rss/,To Do,United States
Hürriyet Daily News,hurriyetdailynews.com,https://hurriyetdailynews.com/rss.php,To Do,Turkey
IBTimes,ibtimes.com.au,https://ibtimes.com.au/rss,To Do,Australia
ICIR [International Centre for Investigative Reporting],icirnigeria.org,https://www.icirnigeria.org/feed/,To Do,Nigeria
ICv2,icv2.com,https://icv2.com/rss,To Do,United States
ILaks,ilaks.no,https://ilaks.no/feed/,To Do,Norway
IMPRI Impact and Policy Research Institute,impriindia.com,https://www.impriindia.com/feed/,To Do,India
INFE Greece,infegreece.gr,https://infegreece.com/feed/,To Do,Greece
IOL,iol.co.za,https://iol.co.za/rss/,To Do,South Africa
ITutorial.ro - Noutăți și tutoriale pentru iPhone,itutorial.ro,https://itutorial.ro/feed/,To Do,Romania
IZGAZETE,izgazete.net,https://izgazete.net/rss,To Do,Turkey
Igényesférfi.hu,igenyesferfi.hu,https://igenyesferfi.hu/feed,To Do,Hungary
Ilkka-Yhtymä Oyj,ilkkapohjalainen.fi,https://ilkkapohjalainen.fi/feed,To Do,Finland
Impartial Reporter,impartialreporter.com,https://impartialreporter.com/news/rss,To Do,United Kingdom
InVeria.gr,inveria.gr,https://www.inveria.gr/feeds/posts/default,To Do,Greece
Independent Journal review,ijr.com,https://ijr.com/feed/,To Do,United States
Index.hu Zrt.,index.hu,https://index.hu/24ora/rss/,To Do,Hungary
India Forums,indiaforums.com,https://indiaforums.com/feeds/0/index?type=rss20,To Do,India
India TV,indiatvnews.com,https://api.indiatvnews.com/v3/en/gp7naGtJSQrs9oi/rss/topstory,To Do,India
India West,indiawest.com,https://indiawest.com/feed/,To Do,United States
IndiaFacts,indiafacts.org.in,https://www.indiafacts.org.in/feed/,To Do,India
Indian Autos Blog,indianautosblog.com,https://indianautosblog.com/feed,To Do,India
Info Brcko,infobrcko.com,https://infobrcko.com/?format=feed&type=rss,To Do,Bosnia and Herzegovina
Info IASI,infoiasionline.ro,https://infoiasionline.ro/feed/,To Do,Romania
Info Iława,infoilawa.pl,https://infoilawa.pl/rss.xml,To Do,Poland
Info Pult,infpult.info,https://infpult.info/feed/,To Do,Croatia
InfoKids,infokids.gr,https://infokids.gr/feed,To Do,Greece
InfoOradea,infooradea.ro,https://infooradea.ro/feed/,To Do,Romania
Informo Media EOOD,informo.bg,https://www.informo.bg/feed/,To Do,Bulgaria
Infowar,info-war.gr,https://info-war.gr/feed/,To Do,Greece
Innebandymagazinet,innebandymagazinet.se,https://innebandymagazinet.se/feed/,To Do,Sweden
Innovative Media,zenit.org,https://zenit.org/feed/,To Do,United States
Innovazione Sociale,innovazionesociale.org,https://innovazionesociale.org/index.php?format=feed&type=rss,To Do,United States
Inside Higher Ed,insidehighered.com,https://www.insidehighered.com/rss.xml,To Do,United States
Inside The Games,insidethegames.biz,https://insidethegames.biz/feed,To Do,United Kingdom
International Business Magazine,intlbm.com,https://intlbm.com/feed/,To Do,United Arab Emirates
Internews Kosova,internewskosova.org,https://internewskosova.org/feed/,To Do,Serbia
Interview,interview.ba,https://interview.ba/feed/,To Do,Bosnia and Herzegovina
Intrigi,intrigi.bg,https://intrigi.bg/feed/,To Do,Bulgaria
IoanninaBars.gr,ioanninabars.gr,https://ioanninabars.gr/feed/,To Do,Greece
Ionian Channel,ioniantv.gr,https://ioniantv.gr/feed/,To Do,Greece
Ioulia Charistou Nutritionist,thessdiet.gr,https://thessdiet.gr/articles/rss,To Do,Greece
Ipswich Press,ipswichstar.co.uk,https://ipswichstar.co.uk/news/rss,To Do,United Kingdom
Iranian UK,iranianuk.com,https://iranianuk.com/rss,To Do,United Kingdom
Iredell Free News,iredellfreenews.com,https://www.iredellfreenews.com/feed/,To Do,United States
Irish Political Ephemera,irishelectionliterature.com,https://irishelectionliterature.com/feed,To Do,United States
Istologio Katihisis,katanixi.gr,https://katanixi.gr/feed/,To Do,Greece
It's Free at Last,itsfreeatlast.com,https://itsfreeatlast.com/feed/,To Do,United States
It's Possible,itspossible.gr,https://www.itspossible.gr/feed/,To Do,Greece
Itech News,itechnews.gr,https://itechnews.gr/feed/,To Do,Greece
Ittefaq Group,ittefaq.com.bd,https://www.ittefaq.com.bd/feed/,No feed generated,Bangladesh
Izumitelno,izumitelno.com,https://izumitelno.com/feed,To Do,Bulgaria
JAMnews,jam-news.net,https://jam-news.net/feed/,To Do,Turkey
JK MEDIA,jkmedia.net,https://jkmedia.net/?feed=rss2,To Do,India
JTV,jtv.tv,https://jtv.tv/feed,To Do,United States
Jacana Media,jacana.co.za,https://jacana.co.za/feed/,To Do,South Africa
Jackson Hole Buckrail,buckrail.com,https://buckrail.com/feed/,To Do,United States
Jaihind TV,jaihindtv.in,https://jaihindtv.in/feed/,To Do,India
Japanese Station,japanesestation.com,https://japanesestation.com/feed,To Do,Indonesia
Jatkoaika.com,jatkoaika.com,https://www.jatkoaika.com/rss/index.rss,Sending,Finland
Jenata V Chas,jenata-vchas.net,https://jenata-vchas.net/feed/,To Do,Bulgaria
Jetso Club,jetsoclub.com,https://www.jetsoclub.com/feeds/posts/default,To Do,Hong Kong
Jobs Agent,jobsagents.com,https://jobsagents.com/rss.aspx?type=latestjobs,To Do,Bulgaria
JoeMyGod,joemygod.com,https://www.joemygod.com/feed/,To Do,United States
Joemonster.org,joemonster.org,https://joemonster.org/backend.php,To Do,Poland
John Pavlovitz,johnpavlovitz.com,https://johnpavlovitz.com/feed/,To Do,United States
Journal.hr,journal.hr,https://journal.hr/feed,To Do,Croatia
Journalist Aakarshan Uppal,indiabreaking.com,https://indiabreaking.com/feed/,To Do,India
JoyNewsBD,joynewsbd.com,https://joynewsbd.com/feed/,To Do,Bangladesh
Juicing for Health,juicing-for-health.com,https://juicing-for-health.com/feed,To Do,United States
JuniorsClub.gr,juniorsclub.gr,https://juniorsclub.gr/feed/,To Do,Greece
Juridice,juridice.ro,https://juridice.ro/feed,To Do,Romania
Jurnal De Craiova,jurnaldecraiova.ro,https://jurnaldecraiova.ro/feed/,To Do,Romania
Jurnalul National,jurnalulnational.ro,https://jurnalulnational.ro/feed/,To Do,Romania
Jurnalul Olteniei,jurnalulolteniei.ro,https://jurnalulolteniei.ro/feed,To Do,Romania
Just A Pinch Recipes,justapinch.com,https://feeds.feedburner.com/RecipeOfTheDayFromJustAPinchRecipes,Sending,United States
Just the News,justthenews.com,https://justthenews.com/rss.xml,To Do,United States
KA-Business.gr,ka-business.gr,https://ka-business.gr/feed,To Do,Greece
KATU Channel 2,katu.com,https://katu.com/.rss,To Do,United States
KBUR,kbur.com,https://www.kbur.com/feed/,To Do,United States
KECI-TV,nbcmontana.com,https://nbcmontana.com/.rss,To Do,United States
KFDI News,kfdi.com,https://www.kfdi.com/feed/,To Do,United States
KGAN TV,cbs2iowa.com,https://cbs2iowa.com/.rss,To Do,United States
KHAMSA,khamsa5.com,https://khamsa5.com/feed/,To Do,United Arab Emirates
KION News Channel 5 46,kion546.com,https://kioncentralcoast.com/feed/,To Do,United States
KK24.pl,kk24.pl,https://www.kk24.pl/rss/articles/pl,To Do,Poland
KNIA KRLS,kniakrls.com,https://kniakrls.com/feed,To Do,United States
KNN,aab-edu.net,https://aab-edu.net/feed,To Do,Serbia
KNSI News,knsiradio.com,https://knsiradio.com/feed,To Do,United States
KOLR10 & Ozarks Local News,ozarksfirst.com,https://ozarksfirst.com/feed,To Do,United States
KORENI - List Srba iz rasejanja,koreni.rs,https://ovdeitamo.com/?feed=rss2,To Do,Serbia
KPBS,kpbs.org,https://www.kpbs.org/index.rss,To Do,United States
KRCRtv,krcrtv.com,https://krcrtv.com/.rss,To Do,United States
KSHB-TV,kshb.com,https://www.kshb.com/index.rss,To Do,United States
KTTS,ktts.com,https://www.ktts.com/feed/,To Do,United States
KTVH,ktvh.com,https://www.ktvh.com/index.rss,To Do,United States
Kabb,foxsanantonio.com,https://foxsanantonio.com/.rss,To Do,United States
Kalavryta News,kalavrytanews.com,https://www.kalavrytanews.com/feeds/posts/default,To Do,Greece
Kaldata,kaldata.com,https://www.kaldata.com/feed,To Do,Bulgaria
Kaler Kantho,kalerkantho.com,https://kalerkantho.com/rss.xml,To Do,Bangladesh
Kalkulatory Budowlane,kb.pl,https://kb.pl/feeds/,To Do,Poland
Kamenjar,kamenjar.com,https://kamenjar.com/feed/,To Do,Croatia
KamuAjans,kamuajans.com,https://www.kamuajans.com/service/rss.php,To Do,Turkey
Kansalainen,kansalainen.fi,https://www.kansalainen.fi/feed/,To Do,Finland
Kansan Uutiset,kansanuutiset.fi,https://www.ku.fi/feed,To Do,Finland
Karaman Gündem,karamangundem.com,https://www.karamangundem.com/rss,To Do,Turkey
Karryon,karryon.com.au,https://karryon.com.au/feed/,To Do,Australia
Kashmir Observer,kashmirobserver.net,https://kashmirobserver.net/feed/,No feed generated,India
Kastoriani Estia,kastorianiestia.gr,https://www.kastorianiestia.gr/feed/,To Do,Greece
Katadata,katadata.co.id,https://katadata.co.id/rss,To Do,Indonesia
Katerina Tsemperlidou,tsemperlidou.gr,https://www.tsemperlidou.gr/feed/,To Do,Greece
Katherine Times,katherinetimes.com.au,https://katherinetimes.com.au/rss.xml,To Do,Australia
Katiousa.gr,katiousa.gr,https://www.katiousa.gr/feed/,To Do,Greece
Katrineholms-Kuriren,kkuriren.se,https://kkuriren.se/rss,To Do,Sweden
Kaumudi Cyber Studio (P) Ltd,keralakaumudi.com,https://keralakaumudi.com/rss/topstories,To Do,India
Kaupunkilehti Tamperelainen,tamperelainen.fi,https://www.tamperelainen.fi/feed/rss,To Do,Finland
Kayseri Haber Gazetesi,kayserihaber.com.tr,https://kayserihaber.com.tr/rss.xml,To Do,Turkey
Kayıp Rıhtım,kayiprihtim.com,https://kayiprihtim.com/feed/,To Do,Turkey
Keep on Trucking,keepontrucking.uk,https://keepontrucking.uk/feed/,To Do,United Kingdom
Kerala Homes Collections,homepictures.in,https://www.homepictures.in/feed/,To Do,India
KeralaHomeDesign,keralahousedesigns.com,https://www.keralahousedesigns.com/feeds/posts/default,To Do,India
Kezj,kezj.com,https://kezj.com/feed/,To Do,United States
Khabar Satta,khabarsatta.com,https://khabarsatta.com/feed/,To Do,India
Kim Komando,komando.com,https://www.komando.com/feed/,To Do,United States
Kimura.se,kimura.se,https://www.kimura.se/feed/,To Do,Sweden
Kingsizemag.se,kingsizemag.se,https://www.kingsizemag.se/feed/,To Do,Sweden
Kiplinger,kiplinger.com,https://www.kiplinger.com/feeds.xml,To Do,United States
Kirkintilloch Herald Series,glasgowworld.com,https://glasgowworld.com/rss,To Do,United Kingdom
Kjrh,kjrh.com,https://www.kjrh.com/index.rss,To Do,United States
Klix,klix.ba,https://klix.ba/rss,To Do,Bosnia and Herzegovina
Know Your Meme,knowyourmeme.com,https://knowyourmeme.com/newsfeed.rss,To Do,United States
Kobieta XL,kobietaxl.pl,https://www.kobietaxl.pl/atom,To Do,Poland
Kocaeli Fikir Gazetesi,kocaelifikir.com,https://www.kocaelifikir.com/feed/,To Do,Turkey
Kocham Radzyń Podlaski,kochamradzyn.pl,https://kochamradzyn.pl/?format=feed&type=rss,To Do,Poland
Koinignomi,koinignomi.gr,https://www.koinignomi.gr/rss.xml,To Do,Greece
Kompas Blend B.V.,startpagina.nl,https://startpagina.nl/blog/feed,To Do,Netherlands
Koncert.hu,koncert.hu,https://www.koncert.hu/rss/hirek,To Do,Hungary
Konkurent.bg,konkurent.bg,https://konkurent.bg/feed,To Do,Bulgaria
Korinthia.net.gr,korinthia.net.gr,https://www.korinthia.net.gr/feed/,To Do,Greece
Korinthostv Peloponnisos,korinthostv.gr,https://korinthostv.gr/feed/,To Do,Greece
Kosova Sot Online,kosova-sot.info,https://kosova-sot.info/rss,To Do,Serbia
Kresy24.pl,kresy24.pl,https://kresy24.pl/feed/,To Do,Poland
Kroger Krazy,krogerkrazy.com,https://www.krogerkrazy.com/feed/,To Do,United States
KrushiNama,krushinama.com,https://krushinama.com/news/rss,To Do,India
Krytyka Polityczna,krytykapolityczna.pl,https://krytykapolityczna.pl/feed/,To Do,Poland
Ksnv-tv,news3lv.com,https://news3lv.com/.rss,To Do,United States
Kungsbacka-Posten,kungsbackaposten.se,https://kungsbackaposten.se/rss,To Do,Sweden
Kurier Ostrowski,kurierostrowski.pl,https://kurierostrowski.pl/feed/,To Do,Poland
Kékfény,kekvillogo.hu,https://kekvillogo.hu/feed/,To Do,Hungary
Kısa Dalga Medya,kisadalga.net,https://kisadalga.net/service/rss.php,To Do,Turkey
L'Observateur US,lobservateur.com,https://lobservateur.com/feed,To Do,United States
LOLO Tour,lolotour.ro,https://lolotour.ro/feed/,To Do,Romania
La Voce del Popolo,lavoce.hr,https://lavoce.hr/feed,To Do,Croatia
La Voce del Tigullio,vocetigullio.com,https://vocetigullio.com/feed,To Do,United States
La Voce di New York,lavocedinewyork.com,https://lavocedinewyork.com/feed/,To Do,United States
La Voz de América (VOA),voanoticias.com,https://voanoticias.com/api/,To Do,United States
Lajmi,lajmi.net,https://lajmi.net/feed/,To Do,Serbia
Lake & McHenry County Scanner,lakemchenryscanner.com,https://www.lakemchenryscanner.com/feed/,To Do,United States
Lakeland PBS,lptv.org,https://lptv.org/feed/,To Do,United States
Lakers Nation,lakersnation.com,https://lakersnation.com/feed/,To Do,United States
Lanzarote Information,lanzaroteinformation.co.uk,https://lanzaroteinformation.co.uk/feed/,To Do,United Kingdom
Larende Medya,larende.com,https://www.larende.com/rss.xml,To Do,Turkey
Latest Daily,latestonline.in,https://latestonline.in/feed,To Do,India
Latest Jobs in Pakistan,vulearning.com,https://vulearning.com/feed.xml,To Do,United States
Latino Review,lrmonline.com,https://lrmonline.com/feed,To Do,United States
Launceston Examiner,examiner.com.au,https://examiner.com.au/rss.xml,To Do,Australia
Lavart,lavart.gr,https://www.lavart.gr/feed/,To Do,Greece
LawLex,lawlex.org,https://lawlex.org/feed,To Do,United States
Lawnet,lawnet.gr,https://lawnet.gr/feed/,To Do,Greece
League Publications,totalrl.com,https://www.totalrl.com/feed/,To Do,United Kingdom
Legal Era - Legal Media Group,legaleraonline.com,https://www.legaleraonline.com/google_feeds.xml,To Do,India
Lehigh Valley Latin Mass,lehighvalleylatinmass.org,https://www.lehighvalleylatinmass.org/feeds/posts/default,To Do,United States
LeicestershireLive,leicestermercury.co.uk,https://leicestermercury.co.uk/rss.xml,To Do,United Kingdom
LepotaiZdravlje.rs,lepotaizdravlje.rs,https://lepotaizdravlje.rs/feed/,To Do,Serbia
Lessons From the End of a Marriage,lessonsfromtheendofamarriage.com,https://lessonsfromtheendofamarriage.com/feed/,To Do,United States
Lesvosvoice.gr,lesvosvoice.gr,https://lesvosvoice.gr/feed/,To Do,Greece
Lethbridge News Now,lethbridgenewsnow.com,https://lethbridgenewsnow.com/feed,To Do,United States
Libero Portal,liberoportal.hr,https://liberoportal.hr/rss/,To Do,Croatia
Liberty Nation,libertynation.com,http://libertynation.com/feed,To Do,United States
Lider Media,lider.media,https://lider.media/rss.xml,To Do,Croatia
Life.ba,life.ba,https://life.ba/feed,To Do,Bosnia and Herzegovina
Life.ro,life.ro,https://life.ro/feed,To Do,Romania
Light Reading,lightreading.com,https://lightreading.com/rss.xml,To Do,United States
Lika Club,likaclub.eu,https://likaclub.eu/feed/,To Do,Croatia
Liked,liked.hu,https://liked.hu/feed/,To Do,Hungary
Lipjani News Medie SHPK,lipjaninews.com,https://www.lipjaninews.com/feed/,To Do,Serbia
LitNet.co.za,litnet.co.za,https://litnet.co.za/feed,To Do,South Africa
Lite 98.7 WLZW,lite987.com,https://lite987.com/feed/,To Do,United States
Literary Hub,lithub.com,https://lithub.com/home-page-rigel-two-up-2/feed/,To Do,United States
Lithgow Mercury,lithgowmercury.com.au,https://lithgowmercury.com.au/rss.xml,To Do,Australia
Live For Films,liveforfilm.com,https://www.liveforfilm.com/feed/,To Do,United Kingdom
LiveRC,liverc.com,https://liverc.com/rss,To Do,United States
Ljubuški portal,ljportal.com,https://www.ljportal.com/feed/,To Do,Bosnia and Herzegovina
Llap.info,llapi.info,https://www.llapi.info/feed/,To Do,Serbia
Locuri de Munca,locurimunca.net,https://locurimunca.net/feed/,To Do,Romania
Logia Starata,logiastarata.gr,https://www.logiastarata.gr/feed,To Do,Greece
Londonist Ltd,londonist.com,http://londonist.com/feed,To Do,United Kingdom
Los Alamos Daily Post,ladailypost.com,https://ladailypost.com/feed/,To Do,United States
Louisiana Television Broadcasting,wbrz.com,https://feeds.feedburner.com/wbrz/news,To Do,United States
Love Ballymena,loveballymena.online,https://www.loveballymena.online/blog-feed.xml,To Do,United Kingdom
Love What Matters,lovewhatmatters.com,https://www.lovewhatmatters.com/feed/,To Do,United States
LoveBScott,lovebscott.com,https://www.lovebscott.com/feed,To Do,United States
LovechToday,lovechtoday.eu,https://lovechtoday.eu/feed/,To Do,Bulgaria
Lowongan Kerja Jawa Tengah (Java Jobs),lokersoloraya.com,https://www.lokersoloraya.com/feeds/posts/default,To Do,Indonesia
Luchtvaartnieuws,luchtvaartnieuws.nl,https://luchtvaartnieuws.nl/rss,To Do,Netherlands
Luso-Americano Newspaper,lusoamericano.com,https://lusoamericano.com/feed/,To Do,United States
Luton Today,lutontoday.co.uk,https://lutontoday.co.uk/rss,To Do,United Kingdom
Luxe Wed,luxewed.asia,https://www.luxewed.asia/feed/,To Do,Taiwan
Lynn Lyons,lynnlyons.com,https://www.lynnlyons.com/feed/,To Do,United States
MAXMAG,maxmag.gr,https://maxmag.gr/feed/,To Do,Greece
MCPR Montgomery County Police Reporter,montgomerycountypolicereporter.com,https://montgomerycountypolicereporter.com/feed/,To Do,United States
MIXER.HR,mixer.hr,https://mixer.hr/feed/,To Do,Croatia
MacRumors,macrumors.com,https://feeds.macrumors.com/MacRumors-All,To Do,United States
Maculatura Professors Ltd,magyarorszagom.hu,https://www.magyarorszagom.hu/rss,To Do,Hungary
Madhyamam,madhyamam.com,https://www.madhyamam.com/feeds.xml,To Do,India
Madridista,madridista.dk,https://madridista.dk/index.php/news-feed?format=feed&type=rss,Sending,Denmark
Mafab,mafab.hu,http://mafab.hu/rss,To Do,Hungary
Magazin Salajean,magazinsalajean.ro,https://www.magazinsalajean.ro/feed,To Do,Romania
Magic Mile Media,magicmilemedia.com,https://magicmilemedia.com/blog/rss.xml,To Do,United States
Magna Polonia,magnapolonia.org,https://www.magnapolonia.org/feed/,To Do,Poland
Magyar Kurír,magyarkurir.hu,https://magyarkurir.hu/rss/,To Do,Hungary
Mail & Guardian [SA],mg.co.za,https://mg.co.za/feed/,To Do,South Africa
Maja VOLK - Zdravi Stilovi Života.,novapoetika.com,https://novapoetika.com/feed/,To Do,United States
Mamadu,mamadu.pl,https://mamadu.pl/rss/wszystkie,To Do,Poland
Mamme&Risparmio,wordpress.com,https://wordpress.com/blog/feed/,To Do,United States
ManUtd.pl,manutd.pl,https://www.manutd.pl/feed/,To Do,Poland
ManchesterWorld,manchesterworld.uk,https://manchesterworld.uk/rss,To Do,United Kingdom
Mangalorean,mangalorean.com,https://www.mangalorean.com/feed/,To Do,India
Manhattan Broadcasting Company,manhattanbroadcasting.com,https://manhattanbroadcasting.com/feed/,Parent org,United States
Manila Shopper,manilashopper.com,https://www.manilashopper.com/feeds/posts/default,To Do,Philippines
Manning River Times,manningrivertimes.com.au,https://manningrivertimes.com.au/rss.xml,To Do,Australia
Manteca Bulletin,mantecabulletin.com,https://mantecabulletin.com/rss/,To Do,United States
Marianas Variety News & Views,mvariety.com,https://www.mvariety.com/feed/,To Do,United States
Marie Claire Australia,marieclaire.com.au,https://www.marieclaire.com.au/feed/,To Do,Australia
Marine Insight,marineinsight.com,https://www.marineinsight.com/feed/,To Do,India
Maritime Reporter & Engineering News,marinelink.com,https://www.marinelink.com/news/rss,To Do,United States
Marketing Mind,marketingmind.in,https://marketingmind.in/feed/,To Do,India
Marmara Gazetesi,marmaragazetesi.com,https://marmaragazetesi.com/rss.xml,To Do,Turkey
Marokko,nieuws.marokko.nl,https://feeds.marokko.nl/nieuws.xml,To Do,Netherlands
Marquard Media Polska,kozaczek.pl,https://www.kozaczek.pl/feed/,To Do,Poland
Martinsville Bulletin,martinsvillebulletin.com,http://martinsvillebulletin.com/search/?f=rss&t=article&l=50&s=start_time&sd=desc&k%5B%5D=%23topstory,To Do,United States
Massive Science Inc.,massivesci.com,https://massivesci.com/feed.xml,To Do,United States
Maverick Multimedia,spacecoastdaily.com,https://spacecoastdaily.com/feed/,To Do,United States
Medemblik Actueel,medemblikactueel.nl,https://www.medemblikactueel.nl/feed/,To Do,Netherlands
Media 247 UK,bizasialive.com,https://bizasialive.com/feed,To Do,United Kingdom
Media Indonesia,mediaindonesia.com,https://mediaindonesia.com/feed,To Do,Indonesia
Media Marketing,media-marketing.com,https://www.media-marketing.com/feed/,To Do,Bosnia and Herzegovina
MediaNarodowe.com,medianarodowe.com,https://medianarodowe.com/feed,To Do,Poland
MediaToday Co Ltd,maltatoday.com.mt,https://maltatoday.com.mt/rss/,To Do,Malta
Medicalworld Nigeria,medicalworldnigeria.com,https://medicalworldnigeria.com/feed,To Do,Nigeria
Mediehuset Hallandsposten,hallandsposten.se,https://hallandsposten.se/rss,To Do,Sweden
Medieval Archives,medievalarchives.com,https://medievalarchives.com/feed,To Do,United Kingdom
Medyascope,medyascope.tv,https://medyascope.tv/feed/,To Do,Turkey
Megeia,megeia.gr,https://megeia.gr/rss/,To Do,Greece
Meloman,meloman.bg,https://www.sled5.bg/feed/,To Do,Bulgaria
Men's Basketball Hoopscoop,mensbasketballhoopscoop.com,https://www.mensbasketballhoopscoop.com/feed/,To Do,United States
Mersin Portal,mersinportal.com,http://mersinportal.com/rss,To Do,Turkey
Mesagerul Hunedorean,mesagerulhunedorean.ro,https://www.mesagerulhunedorean.ro/feed/,To Do,Romania
Mesagerul lui Hristos,stiriincurajari.ro,https://stiriincurajari.ro/feed/,To Do,Romania
Mesmerizing words,mesmerizingwords.com,https://www.mesmerizingwords.com/feeds/posts/default,To Do,India
Mesogeios TV,mesogeiostv.gr,https://www.mesogeiostv.gr/feed/,To Do,Greece
Metal Hangar 18,metalhangar18.com,https://metalhangar18.com/feed,To Do,Bulgaria
Metal Shock Finland,metalshockfinland.com,https://metalshockfinland.com/feed/,To Do,Finland
MetalSucks.net,metalsucks.net,https://metalsucks.net/feed,To Do,United States
Metromode.se,metromode.se,https://metromode.se/feed,To Do,Sweden
Metrosport,metrosport.gr,https://metrosport.gr/feed,To Do,Greece
Međimurje Press,medjimurjepress.net,https://medjimurjepress.net/feed/,To Do,Croatia
MickeyBlog,mickeyblog.com,https://mickeyblog.com/feed/,To Do,United States
Mid America Live,midamericalive.com,https://batescountynewswire.blogspot.com/feeds/posts/default,To Do,United States
Middlesboro-Tazewell Newsmedia,claiborneprogress.net,https://claiborneprogress.net/feed,To Do,United States
Midrand Reporter,midrandreporter.co.za,https://midrandreporter.co.za/feed/,To Do,South Africa
Miglena Kirilova-Artist,studiokirilovi.com,https://studiokirilovi.com/feed,To Do,Bulgaria
Migraine Savvy,migrainesavvy.com,https://www.migrainesavvy.com/migraine.xml,To Do,Australia
Miki's Hope,mikishope.com,https://www.mikishope.com/feeds/posts/default,To Do,United Kingdom
Mila,mila.bg,https://mila.bg/rss,To Do,Bulgaria
Milat Gazetesi,milatgazetesi.com,https://milatgazetesi.com/feed,To Do,Turkey
Miles to Memories,milestomemories.com,https://milestomemories.com/feed/,To Do,United States
MilitaryLeak,militaryleak.com,https://militaryleak.com/feed/,To Do,Singapore
Milli Gazete,milligazete.com.tr,https://milligazete.com.tr/feed,To Do,Turkey
Mindahome House and Pet Sitting,mindahome.com.au,https://mindahome.com.au/blog/feed,To Do,Australia
Mindanao Daily News,mindanaodailynews.com,https://mindanaodailynews.com/feed/,To Do,Philippines
Mindanews,mindanews.com,https://mindanews.com/feed/,To Do,Philippines
Mirage Magazin,miragemagazin.hu,https://miragemagazin.hu/feed/,To Do,Hungary
Misyjne,misyjne.pl,https://misyjne.pl/feed,To Do,Poland
Mitrovica SOT,mitrovicasot.net,https://mitrovicasot.net/feed/,To Do,Serbia
Miumag,miumag.pl,https://miumag.pl/feed,To Do,Poland
Mobile Bulgaria,mobilebulgaria.com,https://mobilebulgaria.com/rss,To Do,Bulgaria
Mobilissimo,mobilissimo.ro,https://feeds.feedburner.com/mobilissimo-stiri-telefoane,To Do,Romania
Moguldom,moguldom.com,https://moguldom.com/feed/,To Do,United States
Moj Bečej,mojbecej.rs,http://mojbecej.rs/feed,To Do,Serbia
Moj USK,mojusk.ba,https://mojusk.ba/feed/,To Do,Bosnia and Herzegovina
Mom Among Chaos,momamongchaos.com,https://www.momamongchaos.com/feeds/posts/default,To Do,United States
Mommypotamus,mommypotamus.com,https://mommypotamus.com/feed/,To Do,United States
Mondo,mondo.rs,https://mondo.rs/rss/629/Naslovna,To Do,Serbia
Money & Markets,moneyandmarkets.com,https://moneyandmarkets.com/feed/,To Do,United States
Monitorul De Botosani,monitorulbt.ro,https://www.monitorulbt.ro/feed/,To Do,Romania
Monitorul de Cluj,monitorulcj.ro,https://monitorulcj.ro/rss/,To Do,Romania
Monitorul de Vrancea,monitoruldevrancea.ro,https://www.monitoruldevrancea.ro/feed/,No feed generated,Romania
Moola Saving Mom,moolasavingmom.com,https://moolasavingmom.com/feed/,To Do,United States
Morgan City Daily-Review,stmarynow.com,https://www.stmarynow.com/rss.xml,To Do,United Kingdom
Morski HR,morski.hr,https://www.morski.hr/rss/,To Do,Hungary
Moto Magazine Greece,motomag.gr,https://www.motomag.gr/rss.xml,To Do,Greece
MotoList - Motociclete Echipamente Moto,motolist.ro,https://motolist.ro/rss.xml,To Do,Romania
Motywacja non stop,motywacjanonstop.pl,https://www.motywacjanonstop.pl/feeds/posts/default,To Do,Poland
Moviemeter,moviemeter.nl,https://moviemeter.nl/rss.xml,To Do,Netherlands
Mreža Mira (Peace Network),mreza-mira.net,https://mreza-mira.net/feed,To Do,Bosnia and Herzegovina
Ms. Career Girl,mscareergirl.com,https://www.mscareergirl.com/feed/,To Do,United States
Mujer Medicina de la Tierra,mujermedicinadelatierra.com,https://mujermedicinadelatierra.com/feed/,To Do,United States
Muralist,muralist.hr,https://muralist.hr/feed/,To Do,Croatia
Music News Ltd,music-news.com,https://music-news.com/rss/c5RAS2tkYoRTvbRq/competitions,To Do,United Kingdom
Music in Africa,musicinafrica.net,https://musicinafrica.net/rss,To Do,South Africa
Mutluluğun Şifresi,mutlulugunsifresi.com,http://mutlulugunsifresi.com/feed,To Do,Turkey
My Baba,mybaba.com,https://www.mybaba.com/feed/,To Do,United Kingdom
My Edmonds News,myedmondsnews.com,https://myedmondsnews.com/feed/,To Do,United States
My Lefkada,mylefkada.gr,https://www.mylefkada.gr/feed/,To Do,Greece
My Local News,mynewsmag.co.uk,https://mynewsmag.co.uk/feed,To Do,United Kingdom
My Portal .gr,myportal.gr,https://myportal.gr/feed/,To Do,Greece
MyChesCo,mychesco.com,https://www.mychesco.com/feed/,To Do,United States
MyNewsLA.com,mynewsla.com,https://mynewsla.com/feed/,To Do,United States
MyTex,mytex.ro,https://mytex.ro/feed,To Do,Romania
MÉDIAPIAC.COM,mediapiac.com,https://mediapiac.com/feed,To Do,Hungary
Mérce,merce.hu,https://merce.hu/feed,To Do,Hungary
Mărturie Athonită,marturieathonita.ro,https://marturieathonita.ro/feed/,To Do,Romania
N/A,fox17.com,https://fox17.com/.rss,To Do,United States
ND News & Reviews,ndnr.com,https://ndnr.com/feed/,To Do,United States
NESN,nesn.com,https://nesn.com/feed/,To Do,United States
NHL Trade Rumors,nhltraderumors.me,https://www.nhltraderumors.me/feeds/posts/default,To Do,United States
NK Mediagroup,paraskhnio.gr,https://www.paraskhnio.gr/feed/,To Do,Greece
NK News,nknews.org,https://nknews.org/feed,To Do,United States
NL Times,nltimes.nl,https://nltimes.nl/rssfeed2,To Do,Netherlands
NT Independent,ntindependent.com.au,https://ntindependent.com.au/feed/,To Do,Australia
NU Online,nu.or.id,https://nu.or.id/rss.xml,To Do,Indonesia
Naftemporiki,naftemporiki.gr,https://www.naftemporiki.gr/feed/,To Do,Greece
Naftika Chronika,naftikachronika.gr,https://naftikachronika.gr/feed,To Do,Greece
Naija Live TV,naijalivetv.com,http://naijalivetv.com/feed,To Do,Nigeria
Napi,napi.hu,https://www.economx.hu/feed/mindencikk.xml,To Do,Hungary
Narodni Lijek,narodnilijek.com,https://www.narodnilijek.com/web/feed/,To Do,Croatia
Nassosblog,nassosblog.gr,https://nassosblog.gr/feed/,To Do,Greece
Nation of Change,nationofchange.org,https://www.nationofchange.org/feed/,To Do,United States
National Herald,nationalheraldindia.com,https://nationalheraldindia.com/feed,To Do,India
National Indian Gaming Association,indiangaming.org,https://indiangaming.org/feed/,To Do,India
Nationale Onderwijsgids,nationaleonderwijsgids.nl,https://nationaleonderwijsgids.nl/feed,To Do,Netherlands
Natun Gati - নতুন গতি,natungati.in,https://www.natungati.in/feed/,To Do,India
Natural Health News UK,naturalhealthnews.uk,https://www.naturalhealthnews.uk/feed/,To Do,United Kingdom
NaturalPath,thenatpath.com,https://naturalpath.net/feed/,To Do,United States
Naxos Press,naxospress.gr,https://naxospress.gr/feed/,To Do,Greece
Ndalo Media,destinyconnect.com,https://www.destinyconnect.com/feed/,To Do,South Africa
Ne Oldu,neoldu.com,https://www.neoldu.com.tr/service/rss.php,No feed generated,Turkey
Nea Drasis,neadrasis.gr,https://idrasis.blogspot.com/feeds/posts/default,To Do,Greece
Nedeljnik,nedeljnik.rs,https://www.nedeljnik.rs/feed/,To Do,Serbia
Nedeljnik Vreme,vreme.com,https://vreme.com/feed/,To Do,Serbia
Nederweert24,nederweert24.nl,https://www.nederweert24.nl/feed/,To Do,Netherlands
"Nerdist Industries, LLC",nerdist.com,https://nerdist.com/feed/,To Do,United States
Nereye Dergisi,nereye.com.tr,https://nereye.com.tr/feed/,To Do,Turkey
Neuroscience News,neurosciencenews.com,https://neurosciencenews.com/feed/,To Do,United States
Neusroom,neusroom.com,https://neusroom.com/feed/,To Do,Nigeria
Nevşehir-i Dilara,ndhaber.com.tr,https://ndhaber.com.tr/rss,To Do,Turkey
New Haven Independent,newhavenindependent.org,https://www.newhavenindependent.org/feed/,To Do,United States
New Money Press,newmoney.ro,https://newmoney.ro/feed/,To Do,Romania
New York Family,newyorkfamily.com,https://newyorkfamily.com/feed,To Do,United States
Newcastle Live,newcastlelive.com.au,https://newcastlelive.com.au/feed/,To Do,Australia
News Hook,newzhook.com,https://newzhook.com/feed/,To Do,India
News Medical,news-medical.net,https://www.news-medical.net/syndication.axd?format=rss,To Do,United Kingdom
News Update Times,newsupdatetimes.com,https://newsupdatetimes.com/feed/,To Do,Pakistan
News.gr,news.gr,https://news.gr/rss.ashx,To Do,Greece
News4SanAntonio,news4sanantonio.com,https://news4sanantonio.com/.rss,To Do,United States
NewsBiscuit.com,newsbiscuit.com,https://www.newsbiscuit.com/blog-feed.xml,To Do,United Kingdom
NewsTeam,newsteam.ro,https://newsteam.ro/feed,No feed generated,Romania
Newsbomb,newsbomb.gr,https://www.newsbomb.gr/oles-oi-eidhseis?format=feed&type=rss,To Do,Greece
Newser,newser.com,http://rss.newser.com/rss/section/1.rss,To Do,United States
Newsgarden24.com,newsgarden24.com,https://newsgarden24.com/feed,To Do,Bangladesh
Newsroom PK,newsroompk.com,https://newsroompk.com/feed,To Do,Pakistan
Newz Gazeta Warmińska,gwarminska.pl,https://gwarminska.pl/feed/,To Do,Poland
NextDeal,nextdeal.gr,https://nextdeal.gr/rss.xml,To Do,Greece
Niche Gamer,nichegamer.com,https://nichegamer.com/feed/,To Do,United States
Nigeria Technology Guide,naijatechguide.com,https://www.naijatechguide.com/feed,To Do,Nigeria
NigerianEye,nigerianeye.com,https://www.nigerianeye.com/feeds/posts/default,To Do,Nigeria
Nintendo Life,nintendolife.com,https://nintendolife.com/feed,To Do,United Kingdom
Nissaa,nissaa.net,https://nissaa.ma/feed,To Do,United States
NiusNews,niusnews.com,https://feeds.feedburner.com/Niusnews,To Do,Taiwan
Niğde Günaydın Gazetesi,nigdegunaydin.com,https://nigdegunaydin.com/rss.xml,To Do,Turkey
No Depression,nodepression.com,https://nodepression.org/rss/,To Do,United States
No Treble,notreble.com,https://www.notreble.com/feed,To Do,United States
NoHo Arts District,nohoartsdistrict.com,https://nohoartsdistrict.com/feed/,To Do,United States
NoVa Caps,novacapsfans.com,https://novacapsfans.com/comments/feed/,To Do,United States
Noise11,noise11.com,https://www.noise11.com/feed,To Do,Australia
Norrtelje Tidning,norrteljetidning.se,https://www.norrteljetidning.se/feeds/feed.xml,To Do,Sweden
North American Animal Liberation Press Office,animalliberationpressoffice.org,https://animalliberationpressoffice.org/NAALPO/feed/,To Do,United States
North Wales Chronicle,northwaleschronicle.co.uk,https://northwaleschronicle.co.uk/news/rss,To Do,United Kingdom
North Wales Pioneer,northwalespioneer.co.uk,https://northwalespioneer.co.uk/news/rss,To Do,United Kingdom
North.Wales,north.wales,https://north.wales/feed,To Do,United Kingdom
Northern Sound,northernsound.ie,https://northernsound.ie/feed,To Do,Ireland
Northwich Guardian,northwichguardian.co.uk,https://northwichguardian.co.uk/news/rss,To Do,United Kingdom
Not An Expert,notanexpert.gr,https://notanexpert.gr/feed/,To Do,Greece
Nottinghamshire Live,nottinghampost.com,https://nottinghampost.com/rss.xml,To Do,United Kingdom
NouPou,nou-pou.gr,https://nou-pou.gr/feed,To Do,Greece
Noupe,noupe.com,https://noupe.com/blog/feed,To Do,United States
Nova Vest,novavest.bg,https://novavest.bg/feed/,To Do,Bulgaria
Nova ekonomija,novaekonomija.rs,https://novaekonomija.rs/feed,To Do,Serbia
Novara Media,novaramedia.com,https://novaramedia.com/feed/,To Do,United Kingdom
Novasports.gr,novasports.gr,https://www.novasports.gr/feed/,To Do,Greece
Novi Magazin,novimagazin.rs,https://novimagazin.rs/api/1.0/feed,To Do,Serbia
Novizivot.net,novizivot.net,https://www.novizivot.net/feed/,To Do,Croatia
Novosti.hr,novosti.hr,https://novosti.hr/feed/,To Do,Hungary
Now24,now24.gr,https://now24.gr/feed/,To Do,Greece
Nowa Konfederacja,nowakonfederacja.pl,https://nowakonfederacja.pl/feed,To Do,Poland
Nownews.gr,nownews.gr,https://nownews.gr/feed/,To Do,Greece
Nyheder24,nyheder24.dk,https://nyheder24.dk/feeds/rss/articles/latest-news/,To Do,Denmark
Nyugat.hu,nyugat.hu,https://nyugat.hu/rss,To Do,Hungary
Nöjesguiden,ng.se,https://ng.se/feedstart,To Do,Sweden
O cão que fuma,caoquefuma.com,https://www.caoquefuma.com/feeds/posts/default,To Do,United States
OFF Magazine,offmagazine.gr,https://offmagazine.gr/feed,To Do,Greece
OG Portal,ogportal.com,https://ogportal.com/feed/,To Do,Croatia
OILMAN Magazine,oilmanmagazine.com,https://energiesmedia.com/feed/,To Do,Australia
OK Portal,okradio.rs,https://okradio.rs/rss,To Do,Serbia
OPINIONPOST,dikaiologitika.gr,https://feeds.feedburner.com/dikaiologitika/ZteV,Sending,Greece
OZON magazine,ozonweb.com,https://en.ozonweb.com/feed,Irrelevant prospect,Greece
Ocala-News.com,ocala-news.com,https://www.ocala-news.com/feed/,To Do,United States
October Gallery,octobergallery.com,https://octobergallery.com/feed/,To Do,United States
Ogdoo Music Group,ogdoo.gr,https://ogdoo.gr/component/fpss/module/94?format=feed&type=rss,To Do,Greece
OilPrice.com,oilprice.com,https://oilprice.com/rss.xml,To Do,United States
Okay.ng,okay.ng,https://okay.ng/feed/,To Do,Nigeria
Olagiatingunaika.gr,olagiatingunaika.gr,https://olagiatingunaika.gr/feed/,To Do,Greece
Olorisupergal,olorisupergal.com,https://olorisupergal.com/feed/,To Do,Nigeria
On MSFT,onmsft.com,https://onmsft.com/?feed=rss2,To Do,United States
One Green Planet,onegreenplanet.org,https://www.onegreenplanet.org/feed/,To Do,United States
One Media,thelocal.se,https://feeds.thelocal.com/rss/builder/se,To Do,Sweden
One Million by One Million,sramanamitra.com,https://sramanamitra.com/feed,To Do,United States
Onedio,onedio.com,https://onedio.com/Publisher/publisher-daily.rss,To Do,Turkey
OpenGov Asia,opengovasia.com,https://opengovasia.com/feed/,To Do,Singapore
OstrowMaz24.pl,ostrowmaz24.pl,https://ostrowmaz24.pl/rss.xml,To Do,Poland
OtakuKart,otakukart.com,https://otakukart.com/feed/,To Do,India
Oto Media Filip Sobczak,ototorun.pl,https://ototorun.pl/rss,To Do,Poland
OutThere Colorado,outtherecolorado.com,https://www.denvergazette.com/feed/,To Do,United States
Outreach Media Group,outreachmediagroup.com,https://outreachmediagroup.com/feed/,To Do,United States
OzBargain,ozbargain.com.au,https://ozbargain.com.au/feed,To Do,Australia
Ozon Media,ozon.rs,https://www.ozon.rs/feed/,To Do,Serbia
PBN24,pbn24.com,https://pbn24.com/feed/,To Do,Bangladesh
PGurus.com,pgurus.com,https://www.pgurus.com/feed/,To Do,United States
PINK INTERNATIONAL COMPANY D.O.O.,rtvpink.com,http://rtvpink.com/rss/vesti.php,Content not retrieved (retry later),Serbia
PMPG Polskie Media,pmpg.pl,https://pmpg.pl/rss,To Do,Poland
PRESSALERT,pressalert.ro,https://www.pressalert.ro/feed/,To Do,Romania
PWMania.com,pwmania.com,https://www.pwmania.com/feed,To Do,United States
PaRrotlla,parrotlla.org,https://parrotlla.org/feed/,To Do,Serbia
Padded Tush Stats,paddedtushstats.com,http://feeds.feedburner.com/paddedtushstats/eozo,To Do,United States
Padma News,padmanews24.com,https://padmanews24.com/feed/,To Do,Bangladesh
PakWheels,pakwheels.com,https://pakwheels.com/blog/feed,To Do,Pakistan
Paladin Studios,paladinstudios.com,https://paladinstudios.com/feed/,To Do,Netherlands
Palawan News,palawan-news.com,https://palawan-news.com/feed/,To Do,Philippines
Pallomeri,pallomeri.net,https://pallomeri.net/feed/,To Do,Finland
Palo.gr,palo.gr,http://palo.gr/rss,To Do,Greece
Panathinaikos24,panathinaikos24.gr,https://panathinaikos24.gr/feed,To Do,Greece
Pandurul,pandurul.ro,https://www.pandurul.ro/rss.php,To Do,Romania
Pannon RTV,pannonrtv.com,https://pannonrtv.com/feed,To Do,Serbia
Papageno Consulting,papageno.hu,https://papageno.hu/news/feed,To Do,Hungary
Parakato.gr,parakato.gr,http://www.parakato.gr/feeds/posts/default,To Do,Greece
Parallaximag,parallaximag.gr,https://parallaximag.gr/feed,To Do,Greece
Parapolitika Argolida,parapolitikaargolida.gr,https://parapolitikaargolida.gr/feed/,To Do,Greece
Parapolitika Editions Societe Anonyme,parapolitika.gr,https://parapolitika.gr/rss,To Do,Greece
Park Record,parkrecord.com,https://www.parkrecord.com/feed/,To Do,United States
Parovi - Reality Show,happytv.rs,https://happytv.rs/feed/,To Do,Serbia
Patrida Chios,tvpatrida.gr,https://tvpatrida.gr/feed/,To Do,Greece
Peace Love and Low Carb,peaceloveandlowcarb.com,https://peaceloveandlowcarb.com/feed,To Do,United States
Pelita Banten,pelitabanten.com,https://www.pelitabanten.com/feed/,To Do,Indonesia
Penniless Parenting,pennilessparenting.com,https://pennilessparenting.com/feed,To Do,United States
Peoples Dispatch,peoplesdispatch.org,https://peoplesdispatch.org/feed,To Do,India
Peoples Gazette,gazettengr.com,https://gazettengr.com/feed/,To Do,Nigeria
Pesti Srácok,pestisracok.hu,https://pestisracok.hu/publicapi/hu/rss/pesti_sracok/articles,To Do,Hungary
Pet Rescue Report,petrescuereport.com,https://petrescuereport.com/feed/,To Do,United States
Philebrity,philebrity.com,https://philebrity.com/blog/rss.xml,To Do,United States
PhoneWorld,phoneworld.com.pk,https://www.phoneworld.com.pk/feed/,To Do,Pakistan
Picks & Parlays,picksandparlays.net,http://picksandparlays.net/news/feed,To Do,United States
Pieszy Miejski Poznań,epoznan.pl,https://epoznan.pl/rss,To Do,Poland
Pink.rs,pink.rs,https://pink.rs/rss-feed,Content not retrieved (retry later),Serbia
Pistols Firing,pistolsfiringblog.com,https://pistolsfiringblog.com/feed,To Do,United States
Plant-Based on a Budget,plantbasedonabudget.com,https://plantbasedonabudget.com/feed/,To Do,United States
PlayTech.ro,playtech.ro,https://playtech.ro/feed/,To Do,Romania
Player Media Kft.,player.hu,https://player.hu/feed,To Do,Hungary
Pleasanton Weekly,pleasantonweekly.com,https://www.pleasantonweekly.com/feed/,To Do,United States
Pless,pless.pl,https://www.pless.pl/rss.xml,To Do,Poland
Pliroforiodotis Imathias,pliroforiodotis.gr,https://pliroforiodotis.gr/index.php?format=feed&type=rss,To Do,Greece
Ploumistos,ploumistos.com,https://www.ploumistos.com/feeds/posts/default,To Do,Greece
PnG FUN,pia-news.com,https://pia-news.com/feed/,To Do,Bulgaria
PoPville,popville.com,https://popville.com/feed,To Do,United States
Podmaniczky Művészeti Alapítvány,librarius.hu,https://librarius.hu/feed/,To Do,Hungary
Police News,policenews.eu,https://www.policenews.gr/feed/,To Do,Greece
Politica la Iasi,iasitvlife.ro,https://iasitvlife.ro/feed/,To Do,Romania
Political Economist,politicaleconomistng.com,https://www.politicaleconomistng.com/feed/,To Do,Nigeria
Politika Online,politika.rs,https://politika.rs/rss,Error adding feed to EBX,Serbia
Polityka,polityka.pl,https://www.polityka.pl/rss/articles.xml?list=517,To Do,Poland
Pollination Publishing AS,itavisen.no,https://itavisen.no/feed/,To Do,Norway
Polokwane Observer,observer.co.za,http://observer.co.za/feed/,To Do,South Africa
Polski Tenis Stołowy,pzts.pl,https://www.pzts.pl/feed/,To Do,Poland
Polskie Radio PIK,radiopik.pl,https://radiopik.pl/rss.php,To Do,Poland
Popdiaries,popdiaries.com,https://popdiaries.com/rss,To Do,India
PortalSpozywczy,portalspozywczy.pl,https://www.portalspozywczy.pl/rss/portalspozywczy.xml,To Do,Poland
Portland Mercury,portlandmercury.com,https://portlandmercury.com/portland/Rss.xml,To Do,United States
Portside,portside.org,https://portside.org/rss.xml,To Do,United States
Povijest.hr,povijest.hr,https://povijest.hr/feed/,To Do,Croatia
PowWows.com,powwows.com,https://powwowlife.libsyn.com/rss,To Do,United States
Power of Positivity,powerofpositivity.com,https://www.powerofpositivity.com/feed/,To Do,United States
Powergame.gr,powergame.gr,https://powergame.gr/feed,To Do,Greece
Praise 106.1 Baltimore,praisebaltimore.com,https://praisebaltimore.com/feed/,To Do,United States
Praise Charlotte,praisecharlotte.com,https://praisecharlotte.com/feed/,To Do,United States
Pratidin Time,pratidintime.com,https://www.pratidintime.com/rss,To Do,India
Premier,premier.org.uk,https://premier.org.uk/feed,To Do,United Kingdom
Presencia PR,presenciapr.com,https://presenciapr.com/rss,To Do,United States
PressHub,presshub.ro,https://www.presshub.ro/feed/,To Do,Romania
Pretty Hot,pretty-hot.com,https://pretty-hot.com/feed/,To Do,United States
PrijedorDanas,prijedordanas.com,https://www.prijedordanas.com/?feed=rss2,To Do,Bosnia and Herzegovina
PrimeTime Media,theprimetime.in,https://theprimetime.in/feed/,To Do,India
Primer Media,primer.com.ph,https://primer.com.ph/feed/,To Do,Philippines
Privátbankár.hu,privatbankar.hu,https://privatbankar.hu/rss/,To Do,Hungary
ProAlba,proalba.ro,https://proalba.ro/feed,To Do,Romania
ProBasket,probasket.pl,https://probasket.pl/feed/,To Do,Poland
Probashir Diganta,probashirdiganta.com,https://www.probashirdiganta.com/articles/rssfeed,No feed generated,Bangladesh
Product Hunt,producthunt.com,https://producthunt.com/feed,To Do,United States
Profit.ro,profit.ro,https://profit.ro/rss,To Do,Romania
Progressive Christianity,progressivechristianity.org,https://progressivechristianity.org/feed/,To Do,United States
Promotions.hu,promotions.hu,https://promotions.hu/rss/rss.xml,Content not retrieved (retry later),Hungary
Property News PL,propertynews.pl,https://www.propertynews.pl/rss/najwazniejsze-informacje.xml,To Do,Poland
Protagon,protagon.gr,https://www.protagon.gr/feed,To Do,Greece
Przasnysz EPrzasnysz,eprzasnysz.pl,https://eprzasnysz.pl/rss,To Do,Poland
Psihologia de Azi,psihologiadeazi.ro,https://psihologiadeazi.ro/feed,To Do,Romania
Psychology Now,psychologynow.gr,https://www.psychologynow.gr/feed/,To Do,Greece
Pulaski County - Patriot,pcpatriot.com,https://pcpatriot.com/feed/,To Do,United States
Punablog,puna.nl,https://www.puna.nl/sitemap/news.xml,No feed generated,Netherlands
Punto Central Luzo,punto.com.ph,https://punto.com.ph/feed/,To Do,Philippines
PályázatMenedzser.hu,palyazatmenedzser.hu,https://palyazatmenedzser.hu/feed/,To Do,Hungary
PécsMa.hu,pecsma.hu,https://www.pecsma.hu/feed/,To Do,Hungary
Pénzcentrum,penzcentrum.hu,https://www.penzcentrum.hu/rss/all.xml,To Do,Hungary
Q13 Fox,q13fox.com,https://www.fox13seattle.com/rss.xml,To Do,United States
Quirky Momma,kidsactivitiesblog.com,https://kidsactivitiesblog.com/feed/,To Do,United States
QuirkyByte,quirkybyte.com,https://www.quirkybyte.com/feed/,Content not retrieved (retry later),India
Qué Pasa Media,quepasamedia.com,https://quepasamedia.com/feed/,To Do,United States
REDI,redi.fi,https://redi.fi/feed,To Do,Finland
RMN News,rmn.ph,https://rmn.ph/feed/,To Do,Philippines
ROSUPERTOP.ro,rosupertop.ro,https://rosupertop.ro/feed/,To Do,Romania
RTV Doboj,rtvdoboj.org,https://rtvdoboj.org/feed/,To Do,Bosnia and Herzegovina
RTV Slon,rtvslon.ba,https://www.rtvslon.ba/feed/,To Do,Bosnia and Herzegovina
RaceFans,racefans.net,https://www.racefans.net/feed/,To Do,United Kingdom
RacingNews365,racingnews365.nl,https://racingnews365.nl/feed/news.xml,To Do,Netherlands
Racingline.hu,racingline.hu,https://racingline.hu/feed/,To Do,Hungary
Radio BK,radiobk.ba,https://radiobk.ba/feed/,To Do,Bosnia and Herzegovina
Radio Doxa,doxa.fm,https://doxa.fm/feed/,To Do,Poland
Radio Evropa e Lirë,evropaelire.org,https://evropaelire.org/api/,To Do,Serbia
Radio Fx Net,radiofxnet.ro,https://radiofxnet.ro/feed/,To Do,Romania
Radio Kerry,radiokerry.ie,https://radiokerry.ie/feed,To Do,Ireland
Radio Kraków,radiokrakow.pl,https://radiokrakow.pl/rss.xml,To Do,Poland
Radio Luna,radioluna.info,https://www.radioluna.info/feed/,To Do,Serbia
Radio Nova Gradiška (98.1Mhz),radiong.hr,https://radiong.hr/feed/,To Do,Croatia
Radio Targujiu,radiotargujiu.ro,https://www.radiotargujiu.ro/feed/,To Do,Romania
Radio Zenit,zenit.ba,https://www.zenit.ba/feed/,To Do,Bosnia and Herzegovina
Radio1d.gr,radio1d.gr,https://www.radio1d.gr/feed/,To Do,Greece
RadioDMS.com,radiodms.com,https://radiodms.com/feed/,To Do,Indonesia
Raging Patriot News,ragingpatriotnews.org,https://ragingpatriotnews.org/feed/,To Do,United States
Rapid Broadcasting Company,newscenter1.tv,https://www.newscenter1.tv/index.rss,To Do,United States
Ravalli Republic,ravallirepublic.com,http://ravallirepublic.com/search/?f=rss&t=article&l=50&s=start_time&sd=desc&k%5B%5D=%23topstory,To Do,United States
Ray Haber,rayhaber.com,https://rayhaber.com/feed/,To Do,Turkey
Read The Tarot,charissevanhorn.com,https://www.charissevanhorn.com/feeds/posts/default,To Do,United States
Real Media,real.gr,https://www.real.gr/feed/,To Do,Greece
Realitatea.net,realitatea.net,https://rss.realitatea.net/homepage.xml,Content not retrieved (retry later),Romania
Reason Magazine,reason.com,https://reason.com/feed/,To Do,United States
Receptkirály.hu,receptkiraly.hu,https://receptkiraly.hu/feed/,To Do,Hungary
Receptneked,receptneked.hu,https://receptneked.hu/feed,To Do,Hungary
Redpen.gr,redpen.gr,http://redpen.gr/feed/,To Do,Greece
Regionalni tjednik doo,regionalni.com,https://regionalni.com/feed/,No feed generated,Croatia
Renopedia,renopedia.sg,https://renopedia.sg/feed/,To Do,Singapore
Retete Prajituri si Mancaruri,top24news.ro,https://top24news.ro/feed/,To Do,Romania
Reusdigital,reusdigital.cat,https://reusdigital.cat/rss,To Do,United States
Richmond News,richmond-news.com,https://richmond-news.com/rss,To Do,United States
Ridderkerks Dagblad,ridderkerksdagblad.nl,https://ridderkerksdagblad.nl/feed,To Do,Netherlands
Rijeka Danas,rijekadanas.com,https://www.rijekadanas.com/feed/,To Do,Croatia
Rijswijks Dagblad,rijswijksdagblad.nl,https://rijswijksdagblad.nl/feed,To Do,Netherlands
Road to VR,roadtovr.com,https://www.roadtovr.com/feed/,To Do,United States
Roadracing World,roadracingworld.com,https://www.roadracingworld.com/feed/,To Do,United States
Rodiaki,rodiaki.gr,https://rodiaki.gr/feed,No feed generated,Greece
Romania TV,rtv.net,https://www.romaniatv.net/feed,Sending,Romania
Romanian Tribune Newspaper - Chicago,tribuna.us,https://tribuna.us/feed/,To Do,United States
Rooster Magazine,therooster.com,https://therooster.com/feed/,To Do,United States
Rotherham Advertiser,rotherhamadvertiser.co.uk,https://rotherhamadvertiser.co.uk/rss,To Do,United Kingdom
Rousing The Kop,rousingthekop.com,https://rousingthekop.com/feed,To Do,United Kingdom
Royal Bulletin,royalbulletin.in,https://royalbulletin.in/rss,To Do,India
Runner Magazine,runnermagazine.gr,https://runnermagazine.gr/feed,To Do,Greece
Rustenburg.biz,rustenburg.biz,https://www.rustenburg.biz/feed/,To Do,South Africa
Rutherford Source,rutherfordsource.com,https://rutherfordsource.com/feed/,To Do,United States
Rynek Kolejowy,rynek-kolejowy.pl,https://www.rynek-kolejowy.pl/rss/rss.xml,To Do,Poland
Rynek Lotniczy,rynek-lotniczy.pl,https://www.rynek-lotniczy.pl/rss/rss.xml,To Do,Poland
RynekInfrastruktury.pl,rynekinfrastruktury.pl,https://www.rynekinfrastruktury.pl/rss/rss.xml,To Do,Poland
Rádió Antritt,radioantritt.hu,https://www.antritt.hu/feed/,To Do,Hungary
SCC Online Web Edition,scconline.com,http://scconline.com/blog/feed,To Do,India
SHOPPING and INFO,shoppingandinfo.com,https://shoppingandinfo.com/feed/,To Do,United States
SILKCITYNEWS,silkcitynews.com,https://silkcitynews.com/feed/,To Do,Bangladesh
SSBCrackExams,ssbcrackexams.com,https://ssbcrackexams.com/feed/,To Do,India
STIRI de CLUJ,stiridecluj.ro,https://www.stiridecluj.ro/rss.xml,To Do,Romania
SXM Talks,sxm-talks.com,https://www.sxm-talks.com/feed/,To Do,Netherlands
Sabrang,sabrangindia.in,https://sabrangindia.in/feed/,To Do,India
Saigon Broadcasting Television Network,sbtn.tv,https://sbtn.tv/feed/,To Do,United States
Sakshi,sakshi.com,https://sakshi.com/rss.xml,To Do,India
Salon Media Group,salon.com,https://salon.com/feed,To Do,United States
Sambad,sambad.in,https://sambad.in/rss,To Do,India
Sambad English,sambadenglish.com,https://sambadenglish.com/rss,To Do,India
Samhällsnytt,samnytt.se,https://samnytt.se/feed,To Do,Sweden
Sanatatea Press Group,sanatateapress.ro,https://sanatateapress.ro/feed,To Do,Romania
Sandžak PRESS,sandzakpress.net,https://sandzakpress.net/feed/,To Do,Serbia
Sandžačke,sandzacke.rs,https://sandzacke.rs/feed/,To Do,Serbia
Santa Maria Times,santamariatimes.com,http://santamariatimes.com/search/?f=rss&t=article&l=50&s=start_time&sd=desc&k%5B%5D=%23topstory,To Do,United States
Saur Energy News,saurenergy.com,https://www.saurenergy.com/rss,To Do,Bangladesh
Scienmag,scienmag.com,https://scienmag.com/feed/,To Do,United Kingdom
Scuttlebutt Sailing News,sailingscuttlebutt.com,https://www.sailingscuttlebutt.com/feed/,To Do,United States
Search Engine Journal,searchenginejournal.com,https://www.searchenginejournal.com/feed/atom/,To Do,United States
SecNews,secnews.gr,https://www.secnews.gr/feed/,To Do,Greece
Selena Thinking Out Loud,selenathinkingoutloud.com,https://www.selenathinkingoutloud.com/feeds/posts/default,To Do,United States
Servantsofgrace,servantsofgrace.org,https://servantsofgrace.org/feed,To Do,United States
Sesvete Danas,sesvete-danas.hr,https://sesvete-danas.hr/rss/,To Do,Hungary
SfatulParintilor.ro,sfatulparintilor.ro,https://sfatulparintilor.ro/feed/,To Do,Romania
Shannonside,shannonside.ie,https://shannonside.ie/feed/,To Do,Ireland
Sheen Magazine,sheenmagazine.com,https://www.sheenmagazine.com/feed/,To Do,United States
Sheridan Media,sheridanmedia.com,https://sheridanmedia.com/feed/,To Do,United States
Shields Gazette,shieldsgazette.com,https://shieldsgazette.com/rss,To Do,United Kingdom
Ships & Ports,shipsandports.com.ng,https://shipsandports.com.ng/feed/,To Do,Nigeria
Shumen Television,tvshumen.bg,https://tvshumen.bg/feed/,To Do,Bulgaria
Sibiu100%,sibiu100.ro,https://sibiu100.ro/feed/,To Do,Romania
SibiuNews,sibiunews.net,https://sibiunews.net/feed/,To Do,Romania
Signals,signalsaz.com,https://signalsaz.com/feed,To Do,United States
SigortaMedya,sigortamedya.com.tr,https://sigortamedya.com.tr/feed/,To Do,Turkey
Sikh Siyasat,sikhsiyasat.info,https://sikhsiyasat.info/feed/,To Do,India
Simply Recipes Inc.,simplyrecipes.com,https://feeds-api.dotdashmeredith.com/v1/rss/google/239d0eb0-7325-4400-8d4b-edad471df6c3,To Do,United States
Sinjali,sinjali.com,https://sinjali.com/feed,To Do,Serbia
Sioux Falls.Business,siouxfalls.business,https://siouxfalls.business/feed/,To Do,United States
Siouxland News,siouxlandnews.com,https://siouxlandnews.com/.rss,To Do,United States
Situation Publishing,situationpublishing.com,https://situationpublishing.com/feed/,Parent org,United Kingdom
Skift,skift.com,https://skift.com/feed,To Do,United States
Skijumping,skijumping.pl,https://skijumping.pl/rss.xml,To Do,Poland
Sleutelstad,sleutelstad.nl,https://sleutelstad.nl/feed,To Do,Netherlands
Slikour On Life,slikouronlife.co.za,https://slikouronlife.co.za/feed/,To Do,South Africa
Small Caps,smallcaps.com.au,https://smallcaps.com.au/feed,To Do,Australia
Small Town Woman,smalltownwoman.com,https://www.smalltownwoman.com/feed/,To Do,United States
Smart-Money.co,smart-money.co,https://smart-money.co/feed/,To Do,Indonesia
Smirking Chimp,smirkingchimp.com,http://smirkingchimp.com/rss.xml,To Do,United States
Smålänningen,smalanningen.se,https://www.smalanningen.se/feeds/feed.xml,To Do,Sweden
Sneaker Bar Detroit,sneakerbardetroit.com,https://sneakerbardetroit.com/feed,To Do,United States
SneakerFiles,sneakerfiles.com,https://sneakerfiles.com/feed,To Do,United States
Snow Tracks,snowtracks.com,https://snowtracks.com/feed/,To Do,United States
SnowBrains,snowbrains.com,https://snowbrains.com/feed/,To Do,United States
Soap Hub,soaphub.com,https://soaphub.com/feed/,To Do,United States
Soccerlive.gr,soccerlive.gr,https://soccerlive.gr/component/fpss/module/166?format=feed&type=rss,To Do,Greece
Social Samosa,socialsamosa.com,https://www.socialsamosa.com/rss,To Do,India
Soda LIVE,sodalive.ba,https://sodalive.ba/feed/,To Do,Bosnia and Herzegovina
SofokleousIn.gr,sofokleousin.gr,https://www.sofokleousin.gr/feed/,To Do,Greece
Sojourners,sojo.net,https://sojo.net/rss.xml,To Do,United States
Sokolac sport - МОСИ Соколац,opstinasokolac.net,http://www.opstinasokolac.net/feed/,To Do,Bosnia and Herzegovina
Soldier Systems Daily,soldiersystems.net,https://soldiersystems.net/feed/,To Do,United States
Someecards,someecards.com,https://www.someecards.com/rss/homepage.xml,Sending,United States
Someseanul,someseanul.ro,https://someseanul.ro/feed/,To Do,Romania
South Coast Business Awards 2018,dailyecho.co.uk,https://dailyecho.co.uk/news/rss,To Do,United Kingdom
South Indian Jewellery,southjewellery.com,https://southjewellery.com/feed,To Do,India
Southern Highland News,southernhighlandnews.com.au,https://southernhighlandnews.com.au/rss.xml,To Do,Australia
Southern Savers,southernsavers.com,https://www.southernsavers.com/feed/,To Do,United States
Sparkles to Sprinkles,sparklestosprinkles.com,https://www.sparklestosprinkles.com/feed/,To Do,United States
Special Coverage News,specialcoveragenews.in,https://www.specialcoveragenews.in/google_feeds.xml,To Do,India
Speedcafe.com,speedcafe.com,https://speedcafe.com/feed/,To Do,Australia
Spider's Web,spidersweb.pl,https://spidersweb.pl/api/post/feed/feed-gn,To Do,Poland
Spiritualify,spiritualify.org,https://spiritualify.org/feed/,To Do,United States
Splash,splash247.com,https://splash247.com/feed/,To Do,Singapore
SpoilerTV,spoilertv.com,https://www.spoilertv.com/feeds/posts/default,To Do,United Kingdom
Spokesman,rozanaspokesman.com,https://rozanaspokesman.com/rss_feed/,Sending,India
Sport Cyclades,sportcyclades.gr,https://www.sportcyclades.gr/feed/,To Do,Greece
Sport365.hu,sport365.hu,https://sport365.hu/feed,To Do,Hungary
Sportmarketing,sportmarketing.pl,https://sportmarketing.pl/feed,To Do,Poland
SportskaCentrala.com,sportskacentrala.com,https://www.sportskacentrala.com/feed/,To Do,Serbia
Sportski žurnal (zvanična stranica),zurnal.rs,https://zurnal.rs/rss,Error adding feed to EBX,Serbia
Spotted Lublin,spottedlublin.pl,https://spottedlublin.pl/feed/,To Do,Poland
Srednja.hr,srednja.hr,https://srednja.hr/feed,To Do,Croatia
St George & Sutherland Shire Leader,theleader.com.au,https://theleader.com.au/rss.xml,To Do,Australia
Stacja7,stacja7.pl,https://www.spreaker.com/show/3315388/episodes/feed,To Do,Poland
Stack3d,stack3d.com,https://stack3d.com/feed,To Do,New Zealand
Star Kentrikis Elladas,tvstar.gr,https://tvstar.gr/feed/,Sending,Greece
Starts at 60,startsat60.com,https://startsat60.com/feed,To Do,Australia
Startup Magazine South Africa,startupmag.co.za,https://startupmag.co.za/feed/,To Do,South Africa
State Times,web.statetimes.in,https://statetimes.in/feed/,To Do,India
StateCollege.com,statecollege.com,https://www.statecollege.com/feed/,To Do,United States
Stay at Home Mum,stayathomemum.com.au,https://stayathomemum.com.au/feed/,To Do,Australia
Steelers Depot,steelersdepot.com,https://steelersdepot.com/feed/,Sending,United States
Sterea Economy,stereaeconomy.gr,https://www.stereaeconomy.gr/feed/,Sending,Greece
Stereogum,stereogum.com,https://stereogum.com/feed,To Do,United States
Steven Aitchison,stevenaitchison.co.uk,https://www.stevenaitchison.co.uk/feed/,To Do,United Kingdom
Stiri Crestine,stiricrestine.ro,https://www.stiricrestine.ro/feed/,To Do,Romania
Stiri Prahova,zdp.ro,https://www.zdp.ro/feed,To Do,Romania
Stiri regionale,zch.ro,https://zch.ro/feed/,To Do,Romania
StiriMeteo.com,stirimeteo.com,https://www.stirimeteo.com/feed/,To Do,Romania
Stiripesurse.ro,stiripesurse.ro,https://www.stiripesurse.ro/rss/stiri.xml,Error adding feed to EBX,Romania
Stolica,stolica.bg,https://stolica.bg/rss.xml,To Do,Bulgaria
Stoppa Pressarna,stoppapressarna.se,https://stoppapressarna.se/feed/,To Do,Sweden
Stowarzyszenie Dolnośląski Instytut Korfantego,wdolnymslasku.com,https://wdolnymslasku.com/feed/,To Do,Poland
Su Hakki!,suhakki.org,https://suhakki.org/feed/,To Do,Turkey
Sulkysport AB,sulkysport.se,https://sulkysport.se/feed/,To Do,Sweden
SunStar Publishing,sunstar.com.ph,https://sunstar.com.ph/feed,To Do,Philippines
Sunt Sanatos,suntsanatos.ro,https://suntsanatos.ro/rss.php,To Do,Romania
SuntMamica.ro,suntmamica.ro,http://suntmamica.ro/rss,To Do,Romania
Suprabhaatham,suprabhaatham.com,https://suprabhaatham.com/feed,To Do,India
Susanvillestuff.com,susanvillestuff.com,https://susanvillestuff.com/feed/,To Do,United States
Suwalki24.pl,suwalki24.pl,http://suwalki24.pl/rss,To Do,Poland
Sve Osim Politike,sop.ba,https://sop.ba/feed/,To Do,Bosnia and Herzegovina
Sweetcrude Reports,sweetcrudereports.com,https://sweetcrudereports.com/feed/,To Do,Nigeria
SwimSwam,swimswam.com,https://swimswam.com/feed/,To Do,United States
Szczecin Floating Garden,szczecin.eu,https://szczecin.eu/rss.xml,To Do,Poland
Székely Hírmondó,hirmondo.ro,https://szekelyhon.ro/rss/szekelyhon_hirek.xml,To Do,Romania
Sătmăreanul,satmareanul.net,https://www.satmareanul.net/feed/,To Do,Romania
TCW,conservativewoman.co.uk,https://www.conservativewoman.co.uk/feed/,To Do,United Kingdom
TECHx,techxmedia.com,https://techxmedia.com/en/feed/,To Do,United Arab Emirates
TELEPOLIS.PL,telepolis.pl,https://www.telepolis.pl/rss,To Do,Poland
TESLARATI,teslarati.com,https://www.teslarati.com/feed/,To Do,United States
TGN,tgn.no,https://tgn.no/atom.xml,To Do,Norway
THERMISnews,thermisnews.gr,https://www.thermisnews.gr/feeds/posts/default,To Do,Greece
TNI Angkatan Darat,tniad.mil.id,https://tniad.mil.id/feed,To Do,Indonesia
TRENDS Magazine,trendsmena.com,https://trendsmena.com/feed/,To Do,United Arab Emirates
TV Confidential,televisionconfidential.com,https://televisionconfidential.com/feed/,To Do,United States
TVF Oltenia,tvfoltenia.ro,https://tvfoltenia.ro/feed/,To Do,Romania
TVMneamţ.ro,tvmneamt.ro,https://tvmneamt.ro/feed/,To Do,Romania
TVXS,tvxs.gr,https://tvxs.gr/feed/,To Do,Greece
Tabletowo,tabletowo.pl,https://www.tabletowo.pl/feed/,To Do,Poland
Taka Gazete,takagazete.com.tr,https://takagazete.com.tr/rss,To Do,Turkey
TalkBasket.net,talkbasket.net,https://talkbasket.net/feed,To Do,United States
TalkGlitz Media,talkglitz.media,https://talkglitz.media/feed/,To Do,Nigeria
Tarnowskie Góry,tarnogorski.info,https://tarnogorski.info/feed/,To Do,Poland
Tarsus Akdeniz,tarsusakdeniz.com,https://www.tarsusakdeniz.com/SiteMap/Rss,Sending,Turkey
Tarsus Haber,tarsushaber.com,https://tarsushaber.com/rss.xml,To Do,Turkey
Tatler,tatler.com,https://www.tatler.com/feed/rss,To Do,United Kingdom
Tax Scan,taxscan.in,https://www.taxscan.in/google_feeds.xml,To Do,India
Taxheaven,taxheaven.gr,https://www.taxheaven.gr/bibliothiki/soft/xml/soft_new.xml,To Do,Greece
TaxiPoint,taxi-point.co.uk,https://www.taxi-point.co.uk/blog-feed.xml,To Do,United Kingdom
TechCabal,techcabal.com,https://techcabal.com/feed/,To Do,Nigeria
TechCentral,techcentral.co.za,https://techcentral.co.za/feed/,To Do,South Africa
TechGear,techgear.gr,https://www.techgear.gr/feed,To Do,Greece
TechNews.bg,technews.bg,https://technews.bg/feed,To Do,Bulgaria
TechSpot,techspot.com,https://www.techspot.com/backend.xml,To Do,United States
Techmaniacs,techmaniacs.gr,https://techmaniacs.gr/feed/,To Do,Greece
Technologue ID,technologue.id,https://technologue.id/rss.xml,To Do,Indonesia
Technopat,technopat.net,https://www.technopat.net/feed/,Sending,Turkey
Technowize,technowize.com,https://www.technowize.com/feed/,To Do,United States
Techpoint,techpoint.ng,https://techpoint.africa/feed/,To Do,Nigeria
Tekniikan Maailma,tekniikanmaailma.fi,https://tekniikanmaailma.fi/feed/,To Do,Finland
Telegrafi,telegrafi.com,https://telegrafi.com/feeds/feed.rss,Sending,Serbia
Telegram.hr,telegram.hr,https://www.telegram.hr/feed/,To Do,Croatia
Telemundo 51 Fresno,telemundofresno.com,https://www.telemundofresno.com/?rss=y,To Do,United States
Televiziunea Intermedia,intermediatv.ro,https://intermediatv.ro/feed/,To Do,Romania
Temat Szczecinecki,szczecinek.com,https://szczecinek.com/rss,To Do,Poland
Tennishead,tennishead.net,https://tennishead.net/feed/,To Do,United Kingdom
Tenniskafe,tenniskafe.com,https://tenniskafe.com/feed,No feed generated,Bulgaria
Terrace Standard,terracestandard.com,https://terracestandard.com/feed,To Do,United States
Testbook.com,testbook.com,https://testbook.com/blog/feed,To Do,India
Thailandblog.nl,thailandblog.nl,https://www.thailandblog.nl/feed,To Do,Netherlands
That Grape Juice,thatgrapejuice.net,https://thatgrapejuice.net/feed,To Do,United Kingdom
The AV Club,avclub.com,https://avclub.com/feed,To Do,United States
The American Spectator,spectator.org,https://spectator.org/feed,To Do,United States
The Armidale Express,armidaleexpress.com.au,https://armidaleexpress.com.au/rss.xml,To Do,Australia
The Assam Tribune,assamtribune.com,https://assamtribune.com/google_feeds.xml,To Do,India
The Augusta Press,theaugustapress.com,https://theaugustapress.com/feed,To Do,United States
The Babylon Bee,babylonbee.com,https://babylonbee.com/feed,To Do,United States
The Batavian,thebatavian.com,https://www.thebatavian.com/rss.xml,To Do,United States
The Betoota Advocate,betootaadvocate.com,https://www.betootaadvocate.com/latest/rss/,To Do,Australia
The Border Mail,bordermail.com.au,https://bordermail.com.au/rss.xml,To Do,Australia
The Business Standard,tbsnews.net,http://tbsnews.net/rss.xml,To Do,Bangladesh
The Cartoon Cowboy,thecartooncowboy.com,https://thecartooncowboy.com/feed/,To Do,United States
The China Study - Nutrizione Consapevole,nutrizioneconsapevole.info,https://nutrizioneconsapevole.info/feed/,To Do,United States
The Christian Post,christianpost.com,https://christianpost.com/rss,To Do,United States
The Citizen,thecitizen.com,https://thecitizen.com/feed/,To Do,United States
The City Lane,thecitylane.com,https://thecitylane.com/feed/,To Do,United States
The College Fix,thecollegefix.com,https://www.thecollegefix.com/feed/,To Do,United States
The Commercial Dispatch,cdispatch.com,https://cdispatch.com/feed/,To Do,United States
The Covai Mail,covaimail.com,https://covaimail.com/feed/,To Do,India
The Daily Advertiser,dailyadvertiser.com.au,https://dailyadvertiser.com.au/rss.xml,To Do,Australia
The Daily Amader Kantha,amaderkantha.com,https://www.amaderkantha.com/feed/,To Do,Bangladesh
The Daily Blog,thedailyblog.co.nz,https://thedailyblog.co.nz/feed/,To Do,New Zealand
The Daily Signal / The Heritage Foundation (Heritage.org),dailysignal.com,https://www.dailysignal.com/feed/,To Do,United States
The Daily Star,thedailystar.net,https://thedailystar.net/rss.xml,To Do,Bangladesh
The Denizen,thedenizen.co.nz,https://www.thedenizen.co.nz/feed/,To Do,New Zealand
The Dhaka Times,thedhakatimes.com,https://thedhakatimes.com/feed/,To Do,Bangladesh
The Diplomat,thediplomat.com,https://thediplomat.com/feed,To Do,United States
The Educators Domain,educatorsdomain.com.au,https://www.educatorsdomain.com.au/blog-feed.xml,To Do,Australia
The Ennis News,ennisdailynews.com,https://www.ennisdailynews.com/rss.xml,To Do,United States
The Federalist Papers,thefederalistpapers.org,https://tfppwire.com/feed/,To Do,United States
The Filipino Times,filipinotimes.net,https://filipinotimes.net/feed/,To Do,United Arab Emirates
The Film Stage,thefilmstage.com,https://thefilmstage.com/feed/,To Do,United States
The Financial Diet,thefinancialdiet.com,https://thefinancialdiet.com/feed/,To Do,United States
The Franklin News-Post,thefranklinnewspost.com,http://thefranklinnewspost.com/search/?f=rss&t=article&l=50&s=start_time&sd=desc&k%5B%5D=%23topstory,To Do,United States
The Greek Herald,greekherald.com.au,https://greekherald.com.au/feed/,To Do,Australia
The Greek Lawyer,thegreeklawyer.gr,https://thegreeklawyer.gr/feed/,To Do,Greece
The Guillotine,theguillotine.com,https://theguillotine.com/feed/,To Do,United States
The Holiday NInja,theholidayninja.com,https://theholidayninja.com/feed,To Do,United States
The Inertia,theinertia.com,https://theinertia.com/feed,To Do,United States
The Inquisitr,inquisitr.com,https://www.inquisitr.com/feed,To Do,United States
The KPAX,kpax.com,https://www.kpax.com/index.rss,To Do,United States
The Kimberley Echo,kimberleyecho.com.au,https://kimberleyecho.com.au/feed,To Do,Australia
The Krazy Coupon Lady,thekrazycouponlady.com,https://thekrazycouponlady.com/rss,To Do,United States
The Ladies Finger,theladiesfinger.com,http://theladiesfinger.com/feed/,Insufficient/Old Content,India
The Lawrence Times,lawrencekstimes.com,https://lawrencekstimes.com/feed/,To Do,United States
The Lifestyle Elite,thelifestyleelite.com,https://thelifestyleelite.com/feed/,To Do,United States
The Line Of Best Fit,thelineofbestfit.com,https://thelineofbestfit.com/feed,To Do,United Kingdom
The Logical Indian,thelogicalindian.com,https://thelogicalindian.com/feed/,To Do,India
The London Economic,thelondoneconomic.com,https://www.thelondoneconomic.com/feed/,To Do,United Kingdom
The Manc,themanc.com,https://themanc.com/feed/,To Do,United Kingdom
The Mary Sue,themarysue.com,https://themarysue.com/feed,To Do,United States
The Mazatlan Post,themazatlanpost.com,https://themazatlanpost.com/feed,To Do,United States
The Minds Journal,themindsjournal.com,https://themindsjournal.com/feed/,To Do,India
The Minnesota Star Tribune,startribune.com,https://startribune.com/rss,To Do,United States
The Motley Fool UK,fool.co.uk,https://www.fool.co.uk/feed/,To Do,United Kingdom
The Munsif Daily,munsifdaily.com,https://munsifdaily.com/feed/,To Do,India
The NYC Daily Post,nycdailypost.com,https://nycdailypost.com/feed/,To Do,United States
The National Interest,nationalinterest.org,https://nationalinterest.org/feed,To Do,United States
The National Law Review,natlawreview.com,https://natlawreview.com/feed,To Do,United States
The News Lens 關鍵評論網,thenewslens.com,https://feeds.feedburner.com/TheNewsLens,Error adding feed to EBX,Taiwan
The News of Lesvos,nealesvou.gr,https://nealesvou.gr/feed/,To Do,Greece
The Old House Life,theoldhouselife.com,https://theoldhouselife.com/feed/,To Do,United States
The Patriot Post,patriotpost.us,https://patriotpost.us/rss,To Do,United States
The Penny Hoarder,thepennyhoarder.com,https://thepennyhoarder.com/rss/,To Do,United States
The Phoblographer,thephoblographer.com,https://www.thephoblographer.com/feed/,To Do,United States
The Playlist,theplaylist.net,https://theplaylist.net/feed/,To Do,United States
The Political Insider,thepoliticalinsider.com,https://thepoliticalinsider.com/feed,To Do,United States
The Press Project,thepressproject.gr,https://thepressproject.gr/feed/,To Do,Greece
The Pressroom,thepressroom.gr,https://thepressroom.gr/rss.xml,To Do,Greece
The Shade Room,theshaderoom.com,https://theshaderoom.com/feed/,To Do,United States
The Spinoff,thespinoff.co.nz,https://thespinoff.co.nz/feed,To Do,New Zealand
The Stranger,thestranger.com,https://thestranger.com/seattle/Rss.xml,To Do,United States
The Sunday Guardian,sundayguardianlive.com,https://sundayguardianlive.com/feed/,To Do,India
The Swindonian,theswindonian.co.uk,https://theswindonian.co.uk/feed/,To Do,United Kingdom
The Tao of Dana,fengshuidana.com,https://fengshuidana.com/feed/,To Do,United States
The Trent,thetrentonline.com,https://www.thetrentonline.com/feed/,To Do,Nigeria
The Upcoming,theupcoming.co.uk,https://www.theupcoming.co.uk/feed/,To Do,United Kingdom
The Village Reporter,thevillagereporter.com,https://thevillagereporter.com/feed/,To Do,United States
The Villages-News.com,villages-news.com,https://www.villages-news.com/feed/,To Do,United States
The Vinyl District,thevinyldistrict.com,https://www.thevinyldistrict.com/feed/,To Do,United States
The WLOS,wlos.com,https://wlos.com/.rss,To Do,United States
The Washington Standard,thewashingtonstandard.com,https://thewashingtonstandard.com/feed/,To Do,United States
The Watchers,watchers.news,https://watchers.news/feed/,To Do,United States
The Wave,rockawave.com,https://rockawave.com/feed/,To Do,United States
The Western Journal,westernjournal.com,https://westernjournal.com/category/news/feed,To Do,United States
The Wilson Times,wilsontimes.com,https://wilsontimes.com/rss.xml,To Do,United States
The Yak Magazine,theyakmag.com,https://theyakmag.com/feed/,To Do,Indonesia
TheBluez.gr,thebluez.gr,https://thebluez.gr/feed/,To Do,Greece
TheLiberal.ie,theliberal.ie,https://theliberal.ie/feed/,No feed generated,Ireland
TheMayor.EU,themayor.eu,https://www.themayor.eu/rss/rss_en.xml,To Do,United Kingdom
TheNewsMinute,thenewsminute.com,https://thenewsminute.com/feed,To Do,India
TheTaste.ie,thetaste.ie,https://www.thetaste.ie/feed,To Do,Ireland
TheVegLife.com,theveglife.com,https://theveglife.com/feed/,To Do,United States
TheaterMania,theatermania.com,https://theatermania.com/rss.xml,To Do,United States
Theaterkrant,theaterkrant.nl,https://www.theaterkrant.nl/feed/,To Do,Netherlands
Thinking Humanity,thinkinghumanity.com,https://www.thinkinghumanity.com/feeds/posts/default,To Do,Greece
Thoroughbred Daily News,thoroughbreddailynews.com,https://www.thoroughbreddailynews.com/feed/podcast,To Do,United States
Thrakinea,thrakinea.gr,https://www.thrakinea.gr/feed,To Do,Greece
Thrifty Traveler,thriftytraveler.com,https://thriftytraveler.com/feed,To Do,United States
Thrylos24.gr,thrylos24.gr,https://thrylos24.gr/feed,To Do,Greece
Tidningen Ridsport,tidningenridsport.se,https://www.tidningenridsport.se/feed/,To Do,Sweden
Tigernet,tigernet.com,https://feeds.feedburner.com/tigernet,To Do,United States
Tigris Haber,tigrishaber.com,https://www.tigrishaber.com/service/rss.php,Sending,Turkey
Times New Roman Media,timesnewroman.ro,https://www.timesnewroman.ro/feed/,To Do,Romania
Times of San Diego,timesofsandiego.com,https://timesofsandiego.com/feed/,To Do,United States
Times of Wayne County,waynetimes.com,https://waynetimes.com/feed/,To Do,United States
Timeturk,timeturk.com,https://www.timeturk.com/rss/,Sending,Turkey
Tinos Today,tinostoday.gr,https://tinostoday.gr/feed/,To Do,Greece
To Vima,tovima.gr,https://tovima.gr/feed,To Do,Greece
Today's Bitcoin News,newsbtc.com,https://www.newsbtc.com/feed/,To Do,United States
Todoele,todoele.net,https://todoele.net/rss.xml,To Do,United States
Tomislav City,tomislavcity.com,https://tomislavcity.com/feed,To Do,Bosnia and Herzegovina
Top Shelf Productions,topshelfcomix.com,https://feeds.feedburner.com/topshelf/news,To Do,United States
Toplumsal Haber,toplumsal.com.tr,https://toplumsal.com.tr/rss,To Do,Turkey
Torbalı Güncel,torbaliguncel.com,https://torbaliguncel.com/rss,To Do,Turkey
Tornos News,tornosnews.gr,https://tornosnews.gr/feed,To Do,Greece
Total Croatia,total-croatia-news.com,https://total-croatia-news.com/feed/,To Do,Croatia
Totally Vegan Buzz,totallyveganbuzz.com,https://totallyveganbuzz.com/news/feed,To Do,United Kingdom
Totul despre mame,totuldespremame.ro,https://totuldespremame.ro/feed,To Do,Romania
Touchdown Alabama Magazine,tdalabamamag.com,https://tdalabamamag.com/feed/,To Do,United States
TouringCarTimes,touringcartimes.com,https://touringcartimes.com/feed,To Do,Sweden
Trabzonum,trabzonum.tv,http://www.trabzonum.tv/rss.php,To Do,Turkey
Traction,traction.gr,https://traction.gr/feed/,To Do,Greece
Traffic News,trafficnews.bg,https://trafficnews.bg/rss/index/,No feed generated,Bulgaria
Traffic-Chic,traffic-chic.com,https://traffic-chic.com/feed/,To Do,United States
Transilvania 365,transilvania365.ro,https://transilvania365.ro/feed/,To Do,Romania
Transilvania Business,transilvaniabusiness.ro,https://www.transilvaniabusiness.ro/feed/,To Do,Romania
Transport Journal Newspaper,trjournalnews.com,https://www.trjournalnews.com/feed,To Do,United States
Transport-Publiczny,transport-publiczny.pl,https://www.transport-publiczny.pl/rss/rss.xml,To Do,Poland
TravMagazine,travmagazine.nl,https://www.travmagazine.nl/feed/,To Do,Netherlands
Travel Europe,traveleurope.ro,https://traveleurope.ro/feed,To Do,Romania
Travel Weekly,travelweekly.com.au,https://travelweekly.com.au/feed/,To Do,Australia
Travelling,travelling.gr,https://www.travelling.gr/feed/,To Do,Greece
Travelo,travelo.hu,https://www.borsonline.hu/publicapi/hu/rss/bors/articles,To Do,Hungary
Travronden,travronden.se,https://travronden.se/rss/nyheter/rss.xml,To Do,Sweden
Trelleborgs Allehanda,trelleborgsallehanda.se,https://www.trelleborgsallehanda.se/feeds/feed.xml,To Do,Sweden
Tribuna Ávila,tribunaavila.com,https://tribunaavila.com/rss.xml,To Do,United States
Tribune.bg,tribune.bg,https://tribune.bg/bg/rss/,To Do,Bulgaria
Trikala Newsgroup,trikalanews.gr,https://www.trikalanews.gr/feed/,To Do,Greece
Tripawds,tripawds.com,https://tripawds.com/feed/,To Do,United States
Trsondakika,trsondakika.com,https://trsondakika.com/rss.xml,To Do,Turkey
Truthdig,truthdig.com,https://www.truthdig.com/feed/,To Do,United States
Tuairisc,tuairisc.ie,https://tuairisc.ie/feed/,To Do,Ireland
Tubefilter,tubefilter.com,https://www.tubefilter.com/feed/,To Do,United States
Turizm Günlüğü,turizmgunlugu.com,https://www.turizmgunlugu.com/feed/,To Do,Turkey
Tuzlanski,tuzlanski.ba,https://tuzlanski.ba/rss,To Do,Bosnia and Herzegovina
Twice.hu,twice.hu,https://twice.hu/feed,To Do,Hungary
Twinfinite,twinfinite.net,https://twinfinite.net/feed/,To Do,United States
Two Sisters Writing and Publishing,twosisterswriting.com,https://twosisterswriting.com/feed/,To Do,United States
Twoje Zagłębie,twojezaglebie.pl,https://twojezaglebie.pl/feed/,To Do,Poland
Tygodnik Idziemy,idziemy.pl,http://idziemy.pl/rss.php,To Do,Poland
Tygodnik Poradnik Rolniczy,tygodnik-rolniczy.pl,https://www.tygodnik-rolniczy.pl//feed,To Do,Poland
Türkinfo,turkinfo.hu,https://turkinfo.hu/language/hu/feed/,To Do,Hungary
Tύπος Ηπείρου,typosepeirou.gr,https://typosepeirou.gr/?feed=rss2,To Do,Greece
T客邦,techbang.com,https://feeds.feedburner.com/techbang/daily,To Do,Taiwan
U.Today,u.today,https://u.today/rss,To Do,United States
UK Defence Journal,ukdefencejournal.org.uk,https://ukdefencejournal.org.uk/feed/,To Do,United Kingdom
Udruga ATMA,atma.hr,https://atma.hr/feed/,To Do,Croatia
Ujpest Media,ujpestmedia.hu,https://ujpestmedia.hu/feed/,To Do,Hungary
Ultima Fază,ultimafaza.ro,https://www.ultimafaza.ro/feed/,To Do,Romania
UltimateTube.com,ultimatetube.com,https://ultimatetube.com/rss.php,To Do,United States
Undertheradar.co.nz,undertheradar.co.nz,http://feeds.feedburner.com/UndertheradarconzNews,To Do,New Zealand
Unity TV,unity.nu,https://unity.nu/feed,To Do,Netherlands
Universul argesean,universulargesean.ro,https://www.universulargesean.ro/feed/,Sending,Romania
Unofficial Networks,unofficialnetworks.com,https://unofficialnetworks.com/feed/,To Do,United States
Unwire.hk,unwire.hk,https://unwire.hk/feed,To Do,Hong Kong
Up in the Sky,upinthesky.nl,https://www.upinthesky.nl/feed/,To Do,Netherlands
UpNorthLive,upnorthlive.com,https://upnorthlive.com/.rss,To Do,United States
Urban List,theurbanlist.com,https://theurbanlist.com/feed.xml,To Do,Australia
Urban Milwaukee,urbanmilwaukee.com,http://feeds.feedburner.com/UrbanMilwaukee,To Do,United States
UsabilityGeek - Usability & User Experience Blog,usabilitygeek.com,https://usabilitygeek.com/feed/,To Do,United States
Utrop,utrop.no,https://www.utrop.no/feed/,To Do,Norway
Uttarbanga Sambad,uttarbangasambad.com,https://uttarbangasambad.com/feed/,To Do,India
Utuado Hoy,utuadohoy.com,https://utuadohoy.com/feed/,To Do,United States
Užice Oglasna Tabla,uziceoglasnatabla.com,https://oglasnatabla.info/feed/,To Do,Serbia
V4Stream,v4news.com,https://v4news.com/feed/,To Do,India
VG247,vg247.com,https://www.vg247.com/feed,To Do,United States
VIVA.co.id,viva.co.id,https://www.viva.co.id/get/all,Error adding feed to EBX,Indonesia
VLT AB,vlt.se,https://www.vlt.se/feeds/feed.xml,To Do,Sweden
VOA Afghanistan,darivoa.com,https://darivoa.com/api/,To Do,United States
VOA Indonesia,voaindonesia.com,https://voaindonesia.com/api/,To Do,United States
VOA Korea,voakorea.com,https://voakorea.com/api/,To Do,United States
VOA Pakistan,voadeewanews.com,https://voadeewanews.com/api/,To Do,United States
VYPE Texas,vype.com,https://vype.com/feeds/feed.rss,To Do,United States
Vaken.se,vaken.se,https://www.vaken.se/feed/,To Do,Sweden
Valentina VNB,valentinavnb.ro,https://valentinavnb.ro/feed/,To Do,Romania
Vanilla Radio Smooth Flavors,vanillaradio.com,https://www.vanillaradio.com/feed/,To Do,United States
Vantaan Sanomat,vantaansanomat.fi,https://www.vantaansanomat.fi/feed/rss,To Do,Finland
Vantagemag,vantagemag.com,https://vantagemag.com/?feed=rss2,To Do,Greece
Varaždinske vijesti,varazdinske-vijesti.hr,https://www.varazdinske-vijesti.hr/feed/rss,Error adding feed to EBX,Croatia
Vecernji.ba,vecernji.ba,https://vecernji.ba/feeds/latest,To Do,Bosnia and Herzegovina
Vecsés Hírek,vecseshirek.hu,https://www.eci2018.org/feed/,To Do,Hungary
Vegetarian Times,vegetariantimes.com,https://vegetariantimes.com/feed,To Do,United States
VelocityNews,velocitynews.co.nz,https://www.velocitynews.co.nz/feed/,To Do,New Zealand
Vera Files,verafiles.org,http://verafiles.org/section/news/feed,To Do,Philippines
Verianet.gr,verianet.gr,https://verianet.gr/feed/,To Do,Greece
Verken je Geest,verkenjegeest.com,http://verkenjegeest.com/feed,To Do,Netherlands
Verkkouutiset,verkkouutiset.fi,https://www.verkkouutiset.fi/feed/,To Do,Finland
Vestnik Borba,borbabg.com,https://www.borbabg.com/feed/,To Do,Bulgaria
Vestnik Utro,utroruse.com,https://feeds.feedburner.com/utroruse/news,To Do,Bulgaria
Vezess,vezess.hu,https://www.vezess.hu/feed/,To Do,Hungary
Via Cluj Tv,viacluj.tv,https://viacluj.tv/feed/,To Do,Romania
ViaDiplomacy,viadiplomacy.gr,https://viadiplomacy.gr/feed,To Do,Greece
Videomaker,videomaker.com,https://www.videomaker.com/feed/,To Do,United States
Village Pipol Magazine,villagepipol.com,https://villagepipol.com/feed/,To Do,Philippines
VimaOnline.gr,vimaonline.gr,https://www.vimaonline.gr/feed/,To Do,Greece
Vimmerby Tidning,vimmerbytidning.se,https://vimmerbytidning.se/rss,To Do,Sweden
Visegrad Live,visegradlive.com,https://www.visegradlive.com/feed/,To Do,Bosnia and Herzegovina
VisionPlus,visionplusmag.com,https://visionplusmag.com/feed/,To Do,United Arab Emirates
Visoko.co.ba,visoko.co.ba,https://visoko.ba/feed/,Sending,Bosnia and Herzegovina
Vkusi.me,vkusi.me,https://www.sled5.bg/feed/,To Do,Bulgaria
Voetbalflitsen,voetbalflitsen.nl,https://voetbalflitsen.nl/feed/rss,Sending,Netherlands
Vogue Taiwan,vogue.com.tw,https://www.vogue.com.tw/feed/rss,To Do,Taiwan
Vogue UK,vogue.co.uk,https://www.vogue.co.uk/feed/rss,To Do,United Kingdom
Voice of America,voanews.com,https://voanews.com/api/,To Do,United States
Vojvodina Info,vojvodinainfo.rs,https://vojvodinainfo.rs/feed/,To Do,Serbia
VonBeau.com,vonbeau.com,https://vonbeau.com/feed/,To Do,United States
Vordingborg.in,vordingborg.in,https://vordingborg.in/feed/,To Do,Denmark
Voucher Ergasia,voucherergasia.gr,https://www.voucherergasia.gr/feed/,To Do,Greece
Vozdovac,vozdovacinfo.rs,https://vozdovacinfo.rs/feed/,To Do,Serbia
Vreancea.24,vrancea24.ro,https://www.vrancea24.ro/feed/,To Do,Romania
Vxo media,vxonews.se,https://www.smp.se/feeds/section/vaxjo/feed.xml,To Do,Sweden
Värnamo Nyheter,vn.se,https://www.vn.se/feeds/feed.xml,To Do,Sweden
Västgöta-Bladet,vastgotabladet.se,https://www.vastgotabladet.se/feeds/feed.xml,To Do,Sweden
WAMW,wamwamfm.com,https://www.wamwamfm.com/feed/,To Do,United States
WANNABE MAGAZINE,wannabemagazine.com,https://wannabemagazine.com/feed/,To Do,Serbia
WBLS,wbls.com,https://www.wbls.com/feed/,To Do,United States
WIBX,wibx950.com,https://wibx950.com/feed/,To Do,United States
WICS,newschannel20.com,https://newschannel20.com/.rss,To Do,United States
WKDZ Radio,wkdzradio.com,https://www.wkdzradio.com/feed/,To Do,United States
WLS-tv,wlsam.com,https://wlsam.com/feed,To Do,United States
WMN Média,wmn.hu,https://wmn.hu/feed/,To Do,Hungary
WOAY NewsWatch,woay.com,https://woay.com/feed/,To Do,United States
WPFO FOX23,fox23maine.com,https://fox23maine.com/.rss,To Do,United States
WPKY 103.3FM,wpkyonline.com,https://www.wpkyonline.com/feed/,To Do,United States
WPROST,wprost.pl,https://www.wprost.pl/rss,To Do,Poland
WTVQ,wtvq.com,https://www.wtvq.com/feed/,To Do,United States
WWAY-TV,wwaytv3.com,https://www.wwaytv3.com/feed/,To Do,United States
WWL Media Jacek Kubiak,wwl24.pl,https://www.wwl24.pl/feed/,To Do,Poland
Waatea News,waateanews.com,https://waateanews.com/feed/,To Do,New Zealand
Wangaratta Chronicle,wangarattachronicle.com.au,https://www.wangarattachronicle.com.au/sitemaps/wangaratta/rss,To Do,Australia
Warfare History Network,warfarehistorynetwork.com,https://warfarehistorynetwork.com/feed/,To Do,United States
Watermark,watermarkonline.com,https://watermarkonline.com/feed,To Do,United States
Wayne Dupree Show,waynedupree.com,https://waynedupree.com/index.rss,To Do,United States
Wcti-tv,wcti12.com,https://wcti12.com/.rss,To Do,United States
Wcyb,wcyb.com,https://wcyb.com/.rss,To Do,United States
Wdef,wdef.com,https://www.wdef.com/feed/,To Do,United States
We Media (India),youandi.com,https://www.youandi.com/feed/,Content not retrieved (retry later),India
Wear TV,weartv.com,https://weartv.com/.rss,To Do,United States
Web Cukrászda,webcukraszda.hu,http://feeds.feedburner.com/webcukraszda,To Do,Hungary
Weblog Zwolle,weblogzwolle.nl,https://1zwolle.nl/feed,To Do,Netherlands
Wedding Digest Naija,weddingdigestnaija.com,https://www.weddingdigestnaija.com/feed/,To Do,Nigeria
Weekly World News,weeklyworldnews.com,https://weeklyworldnews.com/feed/,To Do,United States
Weert de Gekste,weertdegekste.nl,https://www.weertdegekste.nl/feed/,To Do,Netherlands
West Bridgford Wire,westbridgfordwire.com,https://westbridgfordwire.com/feed/,To Do,United Kingdom
Western Armenia,westernarmeniatv.com,https://westernarmeniatv.com/feed,To Do,United States
Wheel 'n Deal Mama,wheelndealmama.com,https://wheelndealmama.com/feed/,To Do,United States
Wheels.PH,wheels.ph,https://wheels.ph/feed,To Do,Philippines
Wiadomości Handlowe,wiadomoscihandlowe.pl,https://wiadomoscihandlowe.pl/feed,To Do,Poland
Wiara.pl,wiara.pl,https://www.wiara.pl/rss/rtr/6a2bc.Najciekawsze-wiara-pl,Sending,Poland
Williamson Source,williamsonsource.com,https://williamsonsource.com/feed/,To Do,United States
Winona Daily News,winonadailynews.com,http://winonadailynews.com/search/?f=rss&t=article&l=50&s=start_time&sd=desc&k%5B%5D=%23topstory,To Do,United States
Więź,wiez.pl,https://wiez.pl/feed/,To Do,Poland
Wjactv,wjactv.com,https://wjactv.com/.rss,To Do,United States
Womany,womany.net,https://feeds.feedburner.com/womany,Insufficient/Old Content,Taiwan
Women Blazing Trails,womenblazingtrails.com,https://womenblazingtrails.com/feed/,To Do,United States
Women On Wheels,womenonwheels.co.za,https://www.carmag.co.za/feed/,To Do,South Africa
Women in Adria,womeninadria.com,https://www.womeninadria.com/feed/,To Do,Croatia
Wonkette,wonkette.com,http://wonkette.com/feed,To Do,United States
Words of Wisdom,daveswordsofwisdom.com,https://www.daveswordsofwisdom.com/feeds/posts/default,To Do,United States
World Boxing News,worldboxingnews.net,https://www.worldboxingnews.com/feed/,To Do,United States
World Mobile News Network Pvt Ltd.,newsmobile.in,https://www.newsmobile.in/feed/,To Do,India
World Red Eye,worldredeye.com,https://worldredeye.com/feed,To Do,United States
World Travel Magazine,wtravelmagazine.com,https://www.wtravelmagazine.com/feed/,To Do,Singapore
World Traveler,vilagutazo.net,https://vilagutazo.net/feed/,To Do,Hungary
World of WP,worldofwp.com,https://www.worldofwp.com/feed/,To Do,United States
Wrestling-Online,wrestling-online.com,https://www.wrestling-online.com/feed/,To Do,Malta
Wrgb,cbs6albany.com,https://cbs6albany.com/.rss,To Do,United States
Write a letter to God,ilovepsalms.com,https://www.ilovepsalms.com/feeds/posts/default,To Do,United States
WriteJobs,writejobs.info,http://www.writejobs.info/feeds/posts/default,To Do,United States
Wtaj-Tv,wearecentralpa.com,https://wearecentralpa.com/rss,To Do,United States
Wtov,wtov9.com,https://wtov9.com/.rss,To Do,United States
Wwmt,wwmt.com,https://wwmt.com/.rss,To Do,United States
Wydawnictwo Zwierciadło,zwierciadlo.pl,https://zwierciadlo.pl/rss/articles.xml?list=254,To Do,Poland
X101 Always Classic,wxhc.com,https://www.wxhc.com/feed/,To Do,United States
Xanthinea,xanthinea.gr,https://www.xanthinea.gr/feed,To Do,Greece
Yalansavar,yalansavar.org,https://yalansavar.org/feed/,To Do,Turkey
Yapi Dergisi,yapi.com.tr,https://yapi.com.tr/Rss/Haberler.rss,To Do,Turkey
Yerel Güç,yerelguc.com,https://yerelguc.com/rss,To Do,Turkey
Yeşil Gazete,yesilgazete.org,https://yesilgazete.org/feed/,No feed generated,Turkey
Yo Free Samples,yofreesamples.com,https://yofreesamples.com/feed/,To Do,United States
Yolo.gr,y-olo.gr,http://y-olo.gr/feeds/xml/latest.xml,To Do,Greece
Your Next Shoes,yournextshoes.com,https://www.yournextshoes.com/feed/,To Do,United States
Your Therapy Source,yourtherapysource.com,https://www.yourtherapysource.com/feed/,To Do,United States
YourTango,yourtango.com,https://yourtango.com/rss.xml,To Do,United States
Youth Carnival,youthcarnival.org,https://youthcarnival.org/feed/,To Do,Bangladesh
Ypodomes.com,ypodomes.com,https://ypodomes.com/feed/,To Do,Greece
Yugopapir,yugopapir.com,http://www.yugopapir.com/feeds/posts/default,To Do,Bosnia and Herzegovina
Yüzde Yüz Haber,haberyuzdeyuz.com,https://haberyuzdeyuz.com/feed,To Do,Turkey
Yıldırım Haber,yildirimgazetesi.com,https://yildirimgazetesi.com/rss,To Do,Turkey
ZGexpress,zgexpress.net,https://zgexpress.net/feed/,To Do,Croatia
ZM Online,zmonline.com,https://zmonline.com/rss,To Do,United States
Zadarski list,zadarskilist.hr,https://zadarskilist.hr/feed,To Do,Croatia
Zaman Al Wasl,zamanalwsl.net,https://zamanalwsl.net/rss,To Do,United Arab Emirates
Zarpa News,zarpanews.gr,https://zarpanews.gr/feed/,To Do,Greece
Zee Business,zeebiz.com,https://zeebiz.com/rss.xml,To Do,India
Zena a toua,zenaatoua.com,https://www.zenaatoua.com/feed/,To Do,United States
ZenicaInfo,zenicainfo.ba,https://zenicainfo.ba/feed/,To Do,Bosnia and Herzegovina
ZiarMM.ro,ziarmm.ro,https://ziarmaramures.ro/feed/,To Do,Romania
Ziarul Clujean,ziarulclujean.ro,https://ziarulclujean.ro/feed/,To Do,Romania
Zile si Nopti,zilesinopti.ro,https://zilesinopti.ro/feed/,To Do,Romania
Ziua de Vest,ziuadevest.ro,https://www.ziuadevest.ro/feed/,To Do,Romania
Zname,zname.info,https://zname.info/feed,To Do,Bulgaria
Zoetermeer Actief,zoetermeeractief.nl,https://zoetermeeractief.nl/?format=feed&type=rss,To Do,Netherlands
Zougla,zougla.gr,https://www.zougla.gr/feed/,Sending,Greece
Zvornik Danas,zvornikdanas.com,https://www.zvornikdanas.com/feed/,To Do,Bosnia and Herzegovina
abnews.ro,abnews.ro,https://www.abnews.ro/feed/,To Do,Romania
bolaskor.com,bolaskor.com,https://bolaskor.com/feed,To Do,Indonesia
cheddar news,cheddar.com,https://cheddar.com/feed,To Do,United States
clinica.bg,clinica.bg,https://clinica.bg/rss/news.xml,To Do,Bulgaria
coxsbazarnews.com,coxsbazarnews.com,https://www.coxsbazarnews.com/feed,To Do,Bangladesh
dikgazete.com,dikgazete.com,https://www.dikgazete.com/xml/rss.xml,To Do,Turkey
divainbucatarie.ro,divainbucatarie.ro,https://divainbucatarie.ro/feed/,To Do,Romania
dneprnews,dneprnews.info,https://dneprnews.info/feed,To Do,Greece
e-ABOUT.gr,e-about.gr,https://e-about.gr/feed/,To Do,Greece
e-Nautilia.gr,e-nautilia.gr,https://e-nautilia.gr/feed,To Do,Greece
e-dimosio.gr,e-dimosio.gr,https://www.e-dimosio.gr/feed/,To Do,Greece
e-stargard.pl,e-stargard.pl,https://e-stargard.pl/rss/posts/index,To Do,Poland
e-thessalia.gr,e-thessalia.gr,https://e-thessalia.gr/feed/,To Do,Greece
eKorinthos.gr,ekorinthos.gr,https://ekorinthos.gr/feed/,To Do,Greece
eTeknix,eteknix.com,https://eteknix.com/feed/,To Do,United Kingdom
eduline.hu,eduline.hu,https://eduline.hu/rss,To Do,Hungary
efimeridakefalonia.gr,efimeridakefalonia.gr,https://efimeridakefalonia.gr/feed/,To Do,Greece
ekefalonia.gr,ekefalonia.gr,https://ekefalonia.gr/feed/,To Do,Greece
epicure,epicureasia.com,https://www.epicureasia.com/feed/,To Do,Singapore
everymum.ie,everymum.ie,https://everymum.ie/feed/,To Do,Ireland
faithit,faithit.com,https://faithit.com/feed/,To Do,United States
free Europe,svobodnaevropa.bg,https://svobodnaevropa.bg/api/,To Do,Bulgaria
grambanglanews24.com,grambanglanews24.com,https://grambanglanews24.com/feed/,To Do,Bangladesh
hotnews24bd.com,hotnews24bd.com,http://hotnews24bd.com/feed/,To Do,Bangladesh
iBus Media Limited,pokernews.com,https://pokernews.com/rss.php,To Do,United Kingdom
iDrop News,idropnews.com,http://feeds.feedburner.com/idropnews/feed,To Do,United States
iForm douplicate,iform.nu,https://iform.nu/feed/rss,To Do,Denmark
iHeartDogs.com,iheartdogs.com,https://iheartdogs.com/feed/,To Do,United States
iNPAOK,inpaok.com,https://inpaok.com/feed/,To Do,Greece
iPress.hr,ipress.hr,https://ipress.hr/?format=feed&type=rss,To Do,Croatia
ilarissa.gr,ilarissa.gr,https://ilarissa.gr/feed,To Do,Greece
info.elblag.pl,info.elblag.pl,https://info.elblag.pl/rss/,To Do,Poland
infoDENT24.pl,infodent24.pl,https://www.infodent24.pl/feed/,To Do,Poland
iporta.gr,iporta.gr,https://iporta.gr/feed/,To Do,Greece
konecki24.pl,konecki24.pl,https://konecki24.pl/rss,To Do,Poland
ljepotaizdravlje.ba,ljepotaizdravlje.ba,https://www.ljepotaizdravlje.ba/feed,To Do,Bosnia and Herzegovina
logodiatrofis.gr,logodiatrofis.gr,https://logodiatrofis.gr/feed/,To Do,Greece
miastoNS.pl,miastons.pl,https://miastons.pl/feed/,To Do,Poland
mykonosdaily.gr,mykonosdaily.gr,https://mykonosdaily.gr/feed,To Do,Greece
naEKRANIE,naekranie.pl,https://naekranie.pl/feed/all.xml,To Do,Poland
natemat,natemat.pl,https://natemat.pl/rss/wszystkie,To Do,Poland
naxostimes.gr,naxostimes.gr,https://naxostimes.gr/feed/,To Do,Greece
newsbucuresti.ro,newsbucuresti.ro,https://newsbucuresti.ro/feed/,To Do,Romania
onebanglanews.com,onebanglanews.com,https://onebanglanews.com/feed/,To Do,Bangladesh
onetamilnews.com,onetamilnews.com,https://onetamilnews.com/feed/,To Do,India
rpn.gr,rpn.gr,https://rpn.gr/feed/,To Do,Greece
scigacz.pl,scigacz.pl,https://rss.scigacz.pl/rss.xml,Sending,Poland
shajgoj.com - সাজগোজ,shajgoj.com,https://www.shajgoj.com/feed/,To Do,Bangladesh
speedwaynews.pl,speedwaynews.pl,https://speedwaynews.pl/feed,To Do,Poland
srpskacafe.com,srpskacafe.com,https://srpskacafe.com/feed/,To Do,Bosnia and Herzegovina
start-up.ro,start-up.ro,https://start-up.ro/feed/,To Do,Romania
steigan.no,steigan.no,https://steigan.no/feed/,To Do,Norway
tech360.tv,tech360.tv,https://www.tech360.tv/blog-feed.xml,Sending,Singapore
theAsianparent,theasianparent.com,https://theasianparent.com/feed,To Do,Singapore
theBERRY,theberry.com,https://feeds.feedburner.com/feedburner/ZdSV,To Do,United States
thespro.gr,thespro.gr,https://www.thespro.gr/feeds/posts/default,To Do,Greece
turdanews,turdanews.net,https://turdanews.net/feed/,To Do,Romania
volleynews,volleynews.gr,https://volleynews.gr/feed/,To Do,Greece
wattsupwiththat,wattsupwiththat.com,https://wattsupwiththat.com/feed/,To Do,United States
wicklownews.net,wicklownews.net,https://wicklownews.net/feed,To Do,United Kingdom
woohoo.hu,woohoo.hu,https://woohoo.hu/feed,To Do,Hungary
zabalaaldia.com,zabalaaldia.com,https://zabalaaldia.com/feed/,To Do,United States
zinfo,zinfo.pl,https://zinfo.pl/feed,To Do,Poland
Öteki Sinema,otekisinema.com,https://www.otekisinema.com/feed/,To Do,Turkey
Új Szó,ujszo.com,https://ujszo.com/rss.xml,To Do,Hungary
ÿßŸÑÿÆÿ®ÿ± ÿßŸÑŸäŸÖŸÜŸä,alkhabaralyemeni.net,https://alkhabaralyemeni.net/feed/,To Do,United States
Čapljinski portal,caportal.net,https://caportal.net/feed/,To Do,Croatia
čačanski glas,caglas.rs,https://www.caglas.rs/feed/,To Do,Serbia
İnegöl Online,inegolonline.com,https://www.inegolonline.com/rss-baglantilari/rss.xml?limit=100,To Do,Turkey
İşte Çanakkale Gazetesi,istecanakkalegazetesi.com,https://istecanakkalegazetesi.com/rss,To Do,Turkey
Ładnebebe,ladnebebe.pl,https://ladnebebe.pl/feed/,To Do,Poland
Ślązag,slazag.pl,https://slazag.pl/najnowsze.xml,To Do,Poland
Świat OZE,swiatoze.pl,https://swiatoze.pl/feed,To Do,Poland
Życie Kalisza,zyciekalisza.pl,https://zyciekalisza.pl/rss,Error adding feed to EBX,Poland
Župan.hr,zupan.hr,https://zupan.hr/feed/,To Do,Hungary
Știrile Transilvaniei,stiriletransilvaniei.ro,https://stiriletransilvaniei.eu/feed/,To Do,Romania
Άγιοι Θεόδωροι,agioitheodoroi.com,https://agioitheodoroi.com/feed/,To Do,Greece
Έμβολος Emvolos,emvolos.gr,https://emvolos.gr/feed/,To Do,Greece
Ύπαιθρος Χώρα,ypaithros.gr,https://www.ypaithros.gr/feed/,To Do,Greece
ΑΕΛ,aelole.gr,https://www.aelole.gr/feeds/posts/default,To Do,Greece
Ανοικτή Βιβλιοθήκη,openbook.gr,https://www.openbook.gr/feed/,To Do,Greece
Βεροιώτης,veriotis.gr,https://www.veriotis.gr/feeds/posts/default,To Do,Greece
Ειδήσεις της Πελοποννήσου,anagnostis.org,https://www.anagnostis.org/feed/,To Do,Greece
Ελεύθερος Κόσμος,elkosmos.gr,https://elkosmos.gr/feed,To Do,Greece
Εν Κινήσει,enkinisi.gr,https://enkinisi.gr/feed,To Do,Greece
Εργασιακά Νέα,ergasiakanea.eu,https://ergasiakanea.eu/feed/,To Do,Greece
Εφημερίδα Μακεδονία,makthes.gr,https://www.emakedonia.gr/feed,To Do,Greece
Η ΓΝΩΜΗ,gnomionline.gr,https://www.gnomionline.gr/feed/,To Do,Greece
Θέμα Υγείας,themaygeias.gr,https://www.themaygeias.gr/feeds/posts/default,To Do,Greece
Κωνσταντίνα Παπαδοπούλου,1069.gr,https://www.1069.gr/feed/,To Do,Greece
ΝΕΟΣ ΑΓΩΝ,neosagon.gr,https://neosagon.gr/feed/,To Do,Greece
Οδηγός του Πολίτη,odigostoupoliti.eu,https://www.odigostoupoliti.eu/feed/,To Do,Greece
ΠΟΛΙΤΗΣ ΕΕ,politischios.gr,https://politischios.gr/feed,To Do,Greece
Τηλεγράφημα -tilegrafima.gr,tilegrafimanews.gr,https://tilegrafimanews.gr/feed/,To Do,Greece
Τύπος Ιωαννίνων typos-i.gr,typos-i.gr,https://typos-i.gr/rss,To Do,Greece
Булевард България Boulevard Bulgaria,boulevardbulgaria.bg,https://boulevardbulgaria.bg/feed.atom,To Do,Bulgaria
ЖЕНАТА ДНЕС,jenatadnes.com,https://jenatadnes.com/blog/feed,To Do,Serbia
Информационна Агенция и Вестник Монитор,monitor.bg,https://telegraph.bg/rss,To Do,Bulgaria
Клуб Z,clubz.bg,https://clubz.bg/rss,To Do,Bulgaria
Новите родители,noviteroditeli.bg,https://www.noviteroditeli.bg/rss.xml,To Do,Bulgaria
Обекти,obekti.bg,https://www.obekti.bg/rss.xml,To Do,Bulgaria
Пловдивчани,plovdiv24.bg,https://www.plovdiv24.bg/rss.php,Error adding feed to EBX,Bulgaria
Промоции без край,proomo.info,https://www.proomo.info/feeds/posts/default,To Do,Bulgaria
Топ Преса,toppresa.com,https://toppresa.com/feed,To Do,Bulgaria
السورية نت Alsouria Net,alsouria.net,https://alsouria.net/feed,To Do,Turkey
العين الإخبارية,al-ain.com,https://al-ain.com/feed,To Do,United Arab Emirates
دليلك في تركيا,daleelkinturkey.com,https://daleelkinturkey.com/feed/,To Do,Turkey
صحيفة الاتحاد,alittihad.ae,https://alittihad.ae/feed.rss,To Do,United Arab Emirates
مجلة سيدتي,sayidaty.net,https://www.sayidaty.net/rss.xml,To Do,United Arab Emirates
प्राइमरी का मास्टर (Primary Ka Master),primarykamaster.com,https://www.primarykamaster.com/feeds/posts/default,To Do,India
ব্যাংকিং নিউজ বাংলাদেশ,bankingnewsbd.com,https://www.bankingnewsbd.com/feed/,To Do,Bangladesh
শিক্ষাবার্তা ডট কম,shikshabarta.com,https://shikshabarta.com/feed/,To Do,Bangladesh
–°—Ç–∞—ö–µ —Å—Ç–≤–∞—Ä–∏,stanjestvari.com,https://stanjestvari.com/feed/,To Do,United States
–ü—Ä–µ—Å—Å–∞ –£–∫—Ä–∞–∏–Ω—ã,uapress.info,https://uapress.info/feed,To Do,United States
全民學英文,englisher.info,https://tw.englisher.info/feed/,To Do,United States
大大學院,smartm.com.tw,https://smartm.com.tw/activity/Atom/max,To Do,Taiwan
媽媽寶寶,mombaby.com.tw,https://www.mombaby.com.tw/articles/Feed-MSN,To Do,Taiwan
幻冬舎ゴールドオンライン,gentosha-go.com,https://gentosha-go.com/list/feed/rss,To Do,United States
思考香港Think Hong Kong,thinkhk.com,https://thinkhk.com/rss.xml,To Do,Hong Kong
気になるバイクニュース。,kininarubikenews.com,https://kininarubikenews.com/feed,To Do,United States
인도네시아 전문현지여행사 사삭투어,sasaktour.co.kr,https://sasaktour.co.kr/rss,To Do,Indonesia
