prospect_id,company_name,domain,last_scrape_date,status,articles_found,rss_url,error_message
189,ABC Online Media,abconlinemedia.com,2026-03-20 11:30:19,success,2,https://swelbyboy.github.io/prospect-rss-feeds/abc-online-media.xml,
274,Black Southern Belle,blacksouthernbelle.com,2026-03-20 11:30:20,failed,0,,HTTP 500
25,Eleven Warriors,elevenwarriors.com,2026-03-20 11:30:17,success,10,https://swelbyboy.github.io/prospect-rss-feeds/eleven-warriors.xml,
127,EDM Identity,edmidentity.com,2026-03-20 11:29:55,failed,0,,HTTP 403
78,I Creative Ideas,icreativeideas.com,2026-03-20 11:30:05,success,8,https://swelbyboy.github.io/prospect-rss-feeds/i-creative-ideas.xml,
38,Londra Gazete,londragazete.com,2026-03-20 11:30:22,success,10,https://swelbyboy.github.io/prospect-rss-feeds/londra-gazete.xml,
88,EventHubs,eventhubs.com,2026-03-20 11:30:18,success,10,https://swelbyboy.github.io/prospect-rss-feeds/eventhubs.xml,
99,Bounding Into Comics,boundingintocomics.com,2026-03-20 11:30:23,success,10,https://swelbyboy.github.io/prospect-rss-feeds/bounding-into-comics.xml,
29,Best Little Sites,comicbookmovie.com,2026-03-20 11:30:14,success,6,https://swelbyboy.github.io/prospect-rss-feeds/best-little-sites.xml,
231,ARY Digital Network,arydigitalnetwork.tv,2026-03-20 11:30:20,success,2,https://swelbyboy.github.io/prospect-rss-feeds/ary-digital-network.xml,
184,52Bangla TV,52banglatv.com,2026-03-20 11:30:10,failed,0,,No entries found in feed
152,LNGIndustry,lngindustry.com,2026-03-20 11:30:15,success,10,https://swelbyboy.github.io/prospect-rss-feeds/lngindustry.xml,
75,Derry Daily,derrydaily.net,2026-03-20 11:30:20,success,10,https://swelbyboy.github.io/prospect-rss-feeds/derry-daily.xml,
139,The Hard Tackle,thehardtackle.com,2026-03-20 11:29:55,failed,0,,HTTP 410
27,Farmers Guardian,farmersguardian.com,2026-03-20 11:29:55,failed,0,,HTTP 404
53,Gematsu,gematsu.com,2026-03-20 11:30:09,success,10,https://swelbyboy.github.io/prospect-rss-feeds/gematsu.xml,
168,Fitness Gurls,fitnessgurls.com,2026-03-20 11:30:18,success,3,https://swelbyboy.github.io/prospect-rss-feeds/fitness-gurls.xml,
181,360medical.ro,360medical.ro,2026-03-20 11:30:10,success,10,https://swelbyboy.github.io/prospect-rss-feeds/360medical-ro.xml,
182,3Point.dk,3point.dk,2026-03-20 11:30:15,success,10,https://swelbyboy.github.io/prospect-rss-feeds/3point-dk.xml,
1,Rugby Addict,rugby-addict.com,2026-03-20 11:30:01,success,0,,
135,411Mania,411mania.com,2026-03-20 11:29:55,failed,0,,HTTP 403
265,BetaNews,betanews.com,2026-03-20 11:30:13,failed,0,,HTTP 403
87,TheBigLead,thebiglead.com,2026-03-20 11:30:22,success,10,https://swelbyboy.github.io/prospect-rss-feeds/thebiglead.xml,
110,The Fandom Post,fandompost.com,2026-03-20 11:29:56,failed,0,,HTTP 403
287,Boec.bg,boec.bg,2026-03-20 11:30:24,failed,0,,HTTP 404
92,FOX 24 Charleston,foxcharleston.com,2026-03-20 11:30:25,success,10,https://swelbyboy.github.io/prospect-rss-feeds/fox-24-charleston.xml,
254,Bant Mag,bantmag.com,2026-03-20 11:30:28,success,10,https://swelbyboy.github.io/prospect-rss-feeds/bant-mag.xml,
246,Backyard Garden Lover,backyardgardenlover.com,2026-03-20 11:30:27,success,10,https://swelbyboy.github.io/prospect-rss-feeds/backyard-garden-lover.xml,
50,Celeb Dirty Laundry,celebdirtylaundry.com,2026-03-20 11:30:28,success,10,https://swelbyboy.github.io/prospect-rss-feeds/celeb-dirty-laundry.xml,
126,BlackSportsOnline,blacksportsonline.com,2026-03-20 11:30:28,success,10,https://swelbyboy.github.io/prospect-rss-feeds/blacksportsonline.xml,
128,Awful Announcing,awfulannouncing.com,2026-03-20 11:30:28,success,10,https://swelbyboy.github.io/prospect-rss-feeds/awful-announcing.xml,
148,"American Football International, LLC",americanfootballinternational.com,2026-03-20 11:30:28,success,10,https://swelbyboy.github.io/prospect-rss-feeds/american-football-international--llc.xml,
85,MageeNews.com,mageenews.com,2026-03-20 11:30:30,success,10,https://swelbyboy.github.io/prospect-rss-feeds/mageenews-com.xml,
51,Over60,oversixty.com.au,2026-03-20 11:30:31,success,6,https://swelbyboy.github.io/prospect-rss-feeds/over60.xml,
140,Comic Watch,comic-watch.com,2026-03-20 11:30:33,success,10,https://swelbyboy.github.io/prospect-rss-feeds/comic-watch.xml,
43,Just Jared,justjared.com,2026-03-20 11:30:34,success,10,https://swelbyboy.github.io/prospect-rss-feeds/just-jared.xml,
164,Oyungg,savebutonu.com,2026-03-20 11:30:35,success,8,https://swelbyboy.github.io/prospect-rss-feeds/oyungg.xml,
136,Awareness Act,awarenessact.com,2026-03-20 11:30:36,success,10,https://swelbyboy.github.io/prospect-rss-feeds/awareness-act.xml,
144,MSPoweruser.com,mspoweruser.com,2026-03-20 11:30:36,success,10,https://swelbyboy.github.io/prospect-rss-feeds/mspoweruser-com.xml,
60,AllHipHop,allhiphop.com,2026-03-20 11:30:36,success,10,https://swelbyboy.github.io/prospect-rss-feeds/allhiphop.xml,
130,Motorsport Week,motorsportweek.com,2026-03-20 11:30:36,success,10,https://swelbyboy.github.io/prospect-rss-feeds/motorsport-week.xml,
24,Catchfence,catchfence.com,2026-03-20 11:30:37,success,10,https://swelbyboy.github.io/prospect-rss-feeds/catchfence.xml,
137,Bleeding Cool,bleedingcool.com,2026-03-20 11:30:37,success,9,https://swelbyboy.github.io/prospect-rss-feeds/bleeding-cool.xml,
167,DESblitz,desiblitz.com,2026-03-20 11:30:39,success,10,https://swelbyboy.github.io/prospect-rss-feeds/desblitz.xml,
220,Antena 3,antena3.ro,2026-03-20 11:30:39,success,10,https://swelbyboy.github.io/prospect-rss-feeds/antena-3.xml,
113,BangShift.com,bangshift.com,2026-03-20 11:30:39,success,10,https://swelbyboy.github.io/prospect-rss-feeds/bangshift-com.xml,
61,Mom and More,momandmore.com,2026-03-20 11:30:40,success,10,https://swelbyboy.github.io/prospect-rss-feeds/mom-and-more.xml,
84,Essex Media Group,itemlive.com,2026-03-20 11:30:40,success,10,https://swelbyboy.github.io/prospect-rss-feeds/essex-media-group.xml,
158,Distinctly Montana,distinctlymontana.com,2026-03-20 11:30:41,success,10,https://swelbyboy.github.io/prospect-rss-feeds/distinctly-montana.xml,
292,Mumbai Samachar,bombaysamachar.com,2026-03-20 11:30:42,failed,0,,No entries found in feed
156,Trusted Reviews,trustedreviews.com,2026-03-20 11:30:42,success,10,https://swelbyboy.github.io/prospect-rss-feeds/trusted-reviews.xml,
257,Başlat Tuşu,baslattusu.com,2026-03-20 11:30:42,success,10,https://swelbyboy.github.io/prospect-rss-feeds/başlat-tuşu.xml,
219,Android.com.pl,android.com.pl,2026-03-20 11:30:42,success,10,https://swelbyboy.github.io/prospect-rss-feeds/android-com-pl.xml,
33,Ringside News,ringsidenews.com,2026-03-20 11:30:43,success,10,https://swelbyboy.github.io/prospect-rss-feeds/ringside-news.xml,
222,Antyweb,antyweb.pl,2026-03-20 11:30:43,success,10,https://swelbyboy.github.io/prospect-rss-feeds/antyweb.xml,
145,Soccer Publishing Limited,thisisanfield.com,2026-03-20 11:30:43,success,10,https://swelbyboy.github.io/prospect-rss-feeds/soccer-publishing-limited.xml,
170,The Nerd Stash,thenerdstash.com,2026-03-20 11:30:43,success,10,https://swelbyboy.github.io/prospect-rss-feeds/the-nerd-stash.xml,
202,Aixmi News,aixmi-news.gr,2026-03-20 11:30:45,success,10,https://swelbyboy.github.io/prospect-rss-feeds/aixmi-news.xml,
196,Afyon Postası,afyonpostasi.com.tr,2026-03-20 11:30:45,success,10,https://swelbyboy.github.io/prospect-rss-feeds/afyon-postası.xml,
97,"Heritage Media Of Kentucky, Inc",k105.com,2026-03-20 11:30:45,success,10,https://swelbyboy.github.io/prospect-rss-feeds/heritage-media-of-kentucky--inc.xml,
154,DailyFaceoff.com,dailyfaceoff.com,2026-03-20 11:30:45,success,10,https://swelbyboy.github.io/prospect-rss-feeds/dailyfaceoff-com.xml,
177,KCJJ,1630kcjj.com,2026-03-20 11:30:45,success,10,https://swelbyboy.github.io/prospect-rss-feeds/kcjj.xml,
250,Bangla Tribune,banglatribune.com,2026-03-20 11:30:45,success,10,https://swelbyboy.github.io/prospect-rss-feeds/bangla-tribune.xml,
209,Alfahir,alfahir.hu,2026-03-20 11:30:46,success,10,https://swelbyboy.github.io/prospect-rss-feeds/alfahir.xml,
225,Arabi21,arabi21.com,2026-03-20 11:30:46,success,10,https://swelbyboy.github.io/prospect-rss-feeds/arabi21.xml,
252,bankingnews.gr,bankingnews.gr,2026-03-20 11:30:47,success,10,https://swelbyboy.github.io/prospect-rss-feeds/bankingnews-gr.xml,
236,ATV,atv.hu,2026-03-20 11:30:47,success,10,https://swelbyboy.github.io/prospect-rss-feeds/atv.xml,
217,Analyzing America,analyzingamerica.org,2026-03-20 11:30:47,success,10,https://swelbyboy.github.io/prospect-rss-feeds/analyzing-america.xml,
201,Ahewar,ahewar.org,2026-03-20 11:30:47,success,10,https://swelbyboy.github.io/prospect-rss-feeds/ahewar.xml,
115,AcheiUSA,acheiusa.com,2026-03-20 11:30:47,success,10,https://swelbyboy.github.io/prospect-rss-feeds/acheiusa.xml,
35,Pulse 2.0,pulse2.com,2026-03-20 11:30:47,success,10,https://swelbyboy.github.io/prospect-rss-feeds/pulse-2-0.xml,
28,Crime Online,crimeonline.com,2026-03-20 11:30:48,success,10,https://swelbyboy.github.io/prospect-rss-feeds/crime-online.xml,
194,AEK1924.gr,aek1924.gr,2026-03-20 11:30:48,success,9,https://swelbyboy.github.io/prospect-rss-feeds/aek1924-gr.xml,
163,Wrestleview.com,wrestleview.com,2026-03-20 11:30:48,success,10,https://swelbyboy.github.io/prospect-rss-feeds/wrestleview-com.xml,
227,Archimania,archimania.pl,2026-03-20 11:30:48,success,10,https://swelbyboy.github.io/prospect-rss-feeds/archimania.xml,
249,BanglaNews24.com.bd,banglanews24.com,2026-03-20 11:30:48,success,0,,
266,Bezuzyteczna.pl,bezuzyteczna.pl,2026-03-20 11:30:48,success,10,https://swelbyboy.github.io/prospect-rss-feeds/bezuzyteczna-pl.xml,
172,072info,072info.com,2026-03-20 11:30:48,success,10,https://swelbyboy.github.io/prospect-rss-feeds/072info.xml,
233,The Asian Age,asianage.com,2026-03-20 11:30:49,success,10,https://swelbyboy.github.io/prospect-rss-feeds/the-asian-age.xml,
244,Aydınlık,aydinlik.com.tr,2026-03-20 11:30:49,success,10,https://swelbyboy.github.io/prospect-rss-feeds/aydınlık.xml,
160,Noticia Cristiana,noticiacristiana.com,2026-03-20 11:30:49,success,10,https://swelbyboy.github.io/prospect-rss-feeds/noticia-cristiana.xml,
192,Adafruit,adafruit.com,2026-03-20 11:30:49,success,10,https://swelbyboy.github.io/prospect-rss-feeds/adafruit.xml,
52,Quad Cities,quadcities.com,2026-03-20 11:30:50,success,10,https://swelbyboy.github.io/prospect-rss-feeds/quad-cities.xml,
111,Ruck Rugby Limited,ruck.co.uk,2026-03-20 11:30:50,success,10,https://swelbyboy.github.io/prospect-rss-feeds/ruck-rugby-limited.xml,
200,Agromedia.ro,agromedia.ro,2026-03-20 11:30:50,success,10,https://swelbyboy.github.io/prospect-rss-feeds/agromedia-ro.xml,
197,Αγγελίες εργασίας - Προγράμματα Ασεπ-Οαεδ,ageliesergasias.gr,2026-03-20 11:30:50,success,8,https://swelbyboy.github.io/prospect-rss-feeds/αγγελίες-εργασίας---προγράμματα-ασεπ-οαεδ.xml,
243,Awesome Stuff 365,awesomestuff365.com,2026-03-20 11:30:51,success,10,https://swelbyboy.github.io/prospect-rss-feeds/awesome-stuff-365.xml,
259,Batman Çağdaş Gazetesi,batmancagdas.com,2026-03-20 11:30:51,success,10,https://swelbyboy.github.io/prospect-rss-feeds/batman-çağdaş-gazetesi.xml,
133,Mactrast,mactrast.com,2026-03-20 11:30:51,success,10,https://swelbyboy.github.io/prospect-rss-feeds/mactrast.xml,
207,Al-Arab Publishing House,alarab.co.uk,2026-03-20 11:30:52,success,10,https://swelbyboy.github.io/prospect-rss-feeds/al-arab-publishing-house.xml,
81,Newsdakota.com,newsdakota.com,2026-03-20 11:30:53,success,10,https://swelbyboy.github.io/prospect-rss-feeds/newsdakota-com.xml,
18,KTTN,kttn.com,2026-03-20 11:30:53,success,10,https://swelbyboy.github.io/prospect-rss-feeds/kttn.xml,
157,WOUB Public Media,woub.org,2026-03-20 11:30:53,success,10,https://swelbyboy.github.io/prospect-rss-feeds/woub-public-media.xml,
255,Barta Bazar,bartabazar.com,2026-03-20 11:30:53,success,10,https://swelbyboy.github.io/prospect-rss-feeds/barta-bazar.xml,
251,Bangla TV,banglatv.tv,2026-03-20 11:30:54,success,10,https://swelbyboy.github.io/prospect-rss-feeds/bangla-tv.xml,
319,Civilhetes,civilhetes.net,2026-03-20 11:30:54,success,10,https://swelbyboy.github.io/prospect-rss-feeds/civilhetes.xml,
276,Blagoevgrad-NEWS,blagoevgrad-news.com,2026-03-20 11:30:54,success,10,https://swelbyboy.github.io/prospect-rss-feeds/blagoevgrad-news.xml,
419,Energypress.gr,energypress.gr,2026-03-20 11:30:54,failed,0,,HTTP 403
262,Beebom,beebom.com,2026-03-20 11:30:54,success,10,https://swelbyboy.github.io/prospect-rss-feeds/beebom.xml,
198,Agriconnect,agriconnect.com,2026-03-20 11:30:55,success,10,https://swelbyboy.github.io/prospect-rss-feeds/agriconnect.xml,
93,The Manual,themanual.com,2026-03-20 11:30:55,success,10,https://swelbyboy.github.io/prospect-rss-feeds/the-manual.xml,
273,Aplicatia Biziday,biziday.ro,2026-03-20 11:30:57,success,10,https://swelbyboy.github.io/prospect-rss-feeds/aplicatia-biziday.xml,
22,Chinese Herald,chineseherald.co.nz,2026-03-20 11:30:57,success,10,https://swelbyboy.github.io/prospect-rss-feeds/chinese-herald.xml,
108,Kiss Binghamton,kissbinghamton.com,2026-03-20 11:30:59,success,10,https://swelbyboy.github.io/prospect-rss-feeds/kiss-binghamton.xml,
176,112Groningen,112groningen.nl,2026-03-20 11:30:59,success,10,https://swelbyboy.github.io/prospect-rss-feeds/112groningen.xml,
98,Ziarul Românesc,ziarulromanesc.net,2026-03-20 11:30:59,success,10,https://swelbyboy.github.io/prospect-rss-feeds/ziarul-românesc.xml,
369,Digitaal Dagblad,digitaaldagblad.nl,2026-03-20 11:31:00,success,1,https://swelbyboy.github.io/prospect-rss-feeds/digitaal-dagblad.xml,
284,Blueprint Newspapers,blueprint.ng,2026-03-20 11:31:00,success,10,https://swelbyboy.github.io/prospect-rss-feeds/blueprint-newspapers.xml,
295,Булевард България Boulevard Bulgaria,boulevardbulgaria.bg,2026-03-20 11:31:01,success,10,https://swelbyboy.github.io/prospect-rss-feeds/булевард-българия-boulevard-bulgaria.xml,
193,A Day Magazine,adaymag.com,2026-03-20 11:31:02,success,10,https://swelbyboy.github.io/prospect-rss-feeds/a-day-magazine.xml,
195,Αλέξης Φωτόπουλος,afotopoulos.gr,2026-03-20 11:31:02,success,10,https://swelbyboy.github.io/prospect-rss-feeds/αλέξης-φωτόπουλος.xml,
280,Blitz.bg,blitz.bg,2026-03-20 11:31:03,success,10,https://swelbyboy.github.io/prospect-rss-feeds/blitz-bg.xml,
105,MyMMANews.com,mymmanews.com,2026-03-20 11:31:04,success,10,https://swelbyboy.github.io/prospect-rss-feeds/mymmanews-com.xml,
313,Cashless.pl,cashless.pl,2026-03-20 11:31:03,success,10,https://swelbyboy.github.io/prospect-rss-feeds/cashless-pl.xml,
279,blife.gr,blife.gr,2026-03-20 11:31:05,success,10,https://swelbyboy.github.io/prospect-rss-feeds/blife-gr.xml,
264,BENGÜTÜRK TV,benguturk.com,2026-03-20 11:31:05,success,10,https://swelbyboy.github.io/prospect-rss-feeds/bengütürk-tv.xml,
309,Capital.ro,capital.ro,2026-03-20 11:31:06,success,10,https://swelbyboy.github.io/prospect-rss-feeds/capital-ro.xml,
216,Analytics Insight,analyticsinsight.net,2026-03-20 11:31:06,success,10,https://swelbyboy.github.io/prospect-rss-feeds/analytics-insight.xml,
300,budapest kornyeke,budapestkornyeke.hu,2026-03-20 11:31:06,success,10,https://swelbyboy.github.io/prospect-rss-feeds/budapest-kornyeke.xml,
291,BollywoodShaadis.com,bollywoodshaadis.com,2026-03-20 11:31:07,success,10,https://swelbyboy.github.io/prospect-rss-feeds/bollywoodshaadis-com.xml,
44,Rimix Radio,rimixradio.com,2026-03-20 11:31:07,success,10,https://swelbyboy.github.io/prospect-rss-feeds/rimix-radio.xml,
296,Brasov Time,brasov.net,2026-03-20 11:31:07,success,10,https://swelbyboy.github.io/prospect-rss-feeds/brasov-time.xml,
149,Ink Free News,inkfreenews.com,2026-03-20 11:31:07,success,10,https://swelbyboy.github.io/prospect-rss-feeds/ink-free-news.xml,
241,Aviation & Defence Universe,aviation-defence-universe.com,2026-03-20 11:31:09,success,10,https://swelbyboy.github.io/prospect-rss-feeds/aviation---defence-universe.xml,
447,Film Companion,filmcompanion.in,2026-03-20 11:31:09,failed,0,,No entries found in feed
308,CapeCod.com,capecod.com,2026-03-20 11:31:10,success,10,https://swelbyboy.github.io/prospect-rss-feeds/capecod-com.xml,
462,Fox 21 News,fox21online.com,2026-03-20 11:31:10,failed,0,,HTTP 451
204,Akos.ba,akos.ba,2026-03-20 11:31:11,success,10,https://swelbyboy.github.io/prospect-rss-feeds/akos-ba.xml,
64,IMBOLDN,imboldn.com,2026-03-20 11:31:11,success,10,https://swelbyboy.github.io/prospect-rss-feeds/imboldn.xml,
312,CarGuide.PH,carguide.ph,2026-03-20 11:31:11,success,10,https://swelbyboy.github.io/prospect-rss-feeds/carguide-ph.xml,
351,DCNews,dcnews.ro,2026-03-20 11:31:13,success,7,https://swelbyboy.github.io/prospect-rss-feeds/dcnews.xml,
335,Cricket Shots,cricshots.com,2026-03-20 11:31:13,success,10,https://swelbyboy.github.io/prospect-rss-feeds/cricket-shots.xml,
272,Biplabi Sabyasachi News,biplabisabyasachi.com,2026-03-20 11:31:14,success,10,https://swelbyboy.github.io/prospect-rss-feeds/biplabi-sabyasachi-news.xml,
365,Dhanam Business Magazine,dhanamonline.com,2026-03-20 11:31:14,success,6,https://swelbyboy.github.io/prospect-rss-feeds/dhanam-business-magazine.xml,
301,Budget Earth,budgetearth.com,2026-03-20 11:31:16,success,10,https://swelbyboy.github.io/prospect-rss-feeds/budget-earth.xml,
331,CretaDrive,cretadrive.gr,2026-03-20 11:31:16,success,9,https://swelbyboy.github.io/prospect-rss-feeds/cretadrive.xml,
334,CricketTimes.com,crickettimes.com,2026-03-20 11:31:16,success,9,https://swelbyboy.github.io/prospect-rss-feeds/crickettimes-com.xml,
357,Demotywatory,demotywatory.pl,2026-03-20 11:31:17,success,10,https://swelbyboy.github.io/prospect-rss-feeds/demotywatory.xml,
362,Detroit Sports Nation,detroitsportsnation.com,2026-03-20 11:31:17,success,10,https://swelbyboy.github.io/prospect-rss-feeds/detroit-sports-nation.xml,
329,Corren,corren.se,2026-03-20 11:31:17,success,10,https://swelbyboy.github.io/prospect-rss-feeds/corren.xml,
332,Cricfit,cricfit.com,2026-03-20 11:31:18,success,10,https://swelbyboy.github.io/prospect-rss-feeds/cricfit.xml,
349,Dartfreakz.nl,dartfreakz.nl,2026-03-20 11:31:20,success,10,https://swelbyboy.github.io/prospect-rss-feeds/dartfreakz-nl.xml,
318,Circle of Cricket India,circleofcricket.com,2026-03-20 11:31:20,success,10,https://swelbyboy.github.io/prospect-rss-feeds/circle-of-cricket-india.xml,
359,DESCOPERA.ro,descopera.ro,2026-03-20 11:31:20,success,10,https://swelbyboy.github.io/prospect-rss-feeds/descopera-ro.xml,
344,Daily Ausaf,dailyausaf.com,2026-03-20 11:31:20,success,10,https://swelbyboy.github.io/prospect-rss-feeds/daily-ausaf.xml,
307,Caras Online,caon.ro,2026-03-20 11:31:21,success,10,https://swelbyboy.github.io/prospect-rss-feeds/caras-online.xml,
336,Crowd Media [Poland],crowdmedia.pl,2026-03-20 11:31:21,success,10,https://swelbyboy.github.io/prospect-rss-feeds/crowd-media--poland.xml,
377,Dnevnik.rs,dnevnik.rs,2026-03-20 11:31:22,success,10,https://swelbyboy.github.io/prospect-rss-feeds/dnevnik-rs.xml,
413,ELLE (Bulgaria),elle.bg,2026-03-20 11:31:22,success,10,https://swelbyboy.github.io/prospect-rss-feeds/elle--bulgaria.xml,
346,Daily Post Nigeria,dailypost.ng,2026-03-20 11:31:23,success,10,https://swelbyboy.github.io/prospect-rss-feeds/daily-post-nigeria.xml,
440,FacMedicine,facmedicine.com,2026-03-20 11:31:23,success,1,https://swelbyboy.github.io/prospect-rss-feeds/facmedicine.xml,
325,Color Press,color.rs,2026-03-20 11:31:23,success,10,https://swelbyboy.github.io/prospect-rss-feeds/color-press.xml,
381,Dokuz Eylül Akademi,dokuzeylul.com,2026-03-20 11:31:23,success,10,https://swelbyboy.github.io/prospect-rss-feeds/dokuz-eylül-akademi.xml,
383,Donald,donald.pl,2026-03-20 11:31:24,success,10,https://swelbyboy.github.io/prospect-rss-feeds/donald.xml,
363,DEV Community,dev.to,2026-03-20 11:31:24,success,10,https://swelbyboy.github.io/prospect-rss-feeds/dev-community.xml,
299,Brownwood News,brownwoodnews.com,2026-03-20 11:31:24,success,10,https://swelbyboy.github.io/prospect-rss-feeds/brownwood-news.xml,
430,Ethnos,ethnos.gr,2026-03-20 11:31:24,success,10,https://swelbyboy.github.io/prospect-rss-feeds/ethnos.xml,
525,Parovi - Reality Show,happytv.rs,2026-03-20 11:31:25,failed,0,,HTTP 403
443,Fangol PL,fangol.pl,2026-03-20 11:31:25,success,10,https://swelbyboy.github.io/prospect-rss-feeds/fangol-pl.xml,
391,Dynamite News,dynamitenews.com,2026-03-20 11:31:25,success,10,https://swelbyboy.github.io/prospect-rss-feeds/dynamite-news.xml,
504,Gransport.gr,grandsport.gr,2026-03-20 11:31:25,success,0,,
418,Εναλλακτική Δράση,enallaktikidrasi.com,2026-03-20 11:31:26,success,10,https://swelbyboy.github.io/prospect-rss-feeds/εναλλακτική-δράση.xml,
355,Decoded Magazine,decodedmagazine.com,2026-03-20 11:31:26,success,10,https://swelbyboy.github.io/prospect-rss-feeds/decoded-magazine.xml,
409,NedeljniEkspres,ekspres.net,2026-03-20 11:31:26,success,10,https://swelbyboy.github.io/prospect-rss-feeds/nedeljniekspres.xml,
379,Dobrudja Media Group,dobrudjabg.com,2026-03-20 11:31:26,success,10,https://swelbyboy.github.io/prospect-rss-feeds/dobrudja-media-group.xml,
446,Fight24.pl,fight24.pl,2026-03-20 11:31:26,success,6,https://swelbyboy.github.io/prospect-rss-feeds/fight24-pl.xml,
232,Ary News,arynews.tv,2026-03-20 11:31:27,success,10,https://swelbyboy.github.io/prospect-rss-feeds/ary-news.xml,
402,EduPedu,edupedu.ro,2026-03-20 11:31:27,success,10,https://swelbyboy.github.io/prospect-rss-feeds/edupedu.xml,
371,diken.com.tr,diken.com.tr,2026-03-20 11:31:28,success,10,https://swelbyboy.github.io/prospect-rss-feeds/diken-com-tr.xml,
432,The Eurasian Times,eurasiantimes.com,2026-03-20 11:31:28,success,10,https://swelbyboy.github.io/prospect-rss-feeds/the-eurasian-times.xml,
345,Daily Post Punjabi,dailypost.in,2026-03-20 11:31:28,success,10,https://swelbyboy.github.io/prospect-rss-feeds/daily-post-punjabi.xml,
406,Ekattor,ekattor.tv,2026-03-20 11:31:29,success,10,https://swelbyboy.github.io/prospect-rss-feeds/ekattor.xml,
398,Economica.net,economica.net,2026-03-20 11:31:29,success,10,https://swelbyboy.github.io/prospect-rss-feeds/economica-net.xml,
390,Dunaszerdahelyi,dunaszerdahelyi.sk,2026-03-20 11:31:29,success,10,https://swelbyboy.github.io/prospect-rss-feeds/dunaszerdahelyi.xml,
358,Denge Gazetesi,dengegazetesi.com.tr,2026-03-20 11:31:29,success,10,https://swelbyboy.github.io/prospect-rss-feeds/denge-gazetesi.xml,
354,Deccan Chronicle,deccanchronicle.com,2026-03-20 11:31:29,success,10,https://swelbyboy.github.io/prospect-rss-feeds/deccan-chronicle.xml,
375,Diriliş Postası,dirilispostasi.com,2026-03-20 11:31:29,success,10,https://swelbyboy.github.io/prospect-rss-feeds/diriliş-postası.xml,
466,Francuskie.pl - Dziennik motoryzacji francuskiej,francuskie.pl,2026-03-20 11:31:29,success,9,https://swelbyboy.github.io/prospect-rss-feeds/francuskie-pl---dziennik-motoryzacji-francuskiej.xml,
405,EGM Media,egmnow.com,2026-03-20 11:31:30,success,10,https://swelbyboy.github.io/prospect-rss-feeds/egm-media.xml,
393,Earki,earki.co,2026-03-20 11:31:30,success,10,https://swelbyboy.github.io/prospect-rss-feeds/earki.xml,
364,DforDelhi,dfordelhi.in,2026-03-20 11:31:30,success,10,https://swelbyboy.github.io/prospect-rss-feeds/dfordelhi.xml,
423,Epoka E Re,epokaere.com,2026-03-20 11:31:31,success,10,https://swelbyboy.github.io/prospect-rss-feeds/epoka-e-re.xml,
353,Debreceni Nap,debreceninap.hu,2026-03-20 11:31:31,success,10,https://swelbyboy.github.io/prospect-rss-feeds/debreceni-nap.xml,
350,Dastak Times,dastaktimes.org,2026-03-20 11:31:32,success,10,https://swelbyboy.github.io/prospect-rss-feeds/dastak-times.xml,
360,Shrirang Prakashan,deshdoot.com,2026-03-20 11:31:33,success,10,https://swelbyboy.github.io/prospect-rss-feeds/shrirang-prakashan.xml,
421,Epirus News,epirusnews.eu,2026-03-20 11:31:33,success,10,https://swelbyboy.github.io/prospect-rss-feeds/epirus-news.xml,
380,Document.no,document.no,2026-03-20 11:31:33,success,10,https://swelbyboy.github.io/prospect-rss-feeds/document-no.xml,
420,Ensonhaber,ensonhaber.com,2026-03-20 11:31:34,success,10,https://swelbyboy.github.io/prospect-rss-feeds/ensonhaber.xml,
416,Emerald Green Media,emeraldgreenmedia.com,2026-03-20 11:31:34,success,10,https://swelbyboy.github.io/prospect-rss-feeds/emerald-green-media.xml,
436,Extra Świecie,extraswiecie.pl,2026-03-20 11:31:34,success,10,https://swelbyboy.github.io/prospect-rss-feeds/extra-świecie.xml,
387,Dubrovnik Insider,dubrovnikinsider.hr,2026-03-20 11:31:35,success,10,https://swelbyboy.github.io/prospect-rss-feeds/dubrovnik-insider.xml,
286,Bobotoh ID,bobotoh.id,2026-03-20 11:31:35,success,10,https://swelbyboy.github.io/prospect-rss-feeds/bobotoh-id.xml,
532,Hello Health Group,hellohealthgroup.com,2026-03-20 11:31:35,success,1,https://swelbyboy.github.io/prospect-rss-feeds/hello-health-group.xml,
384,Dool News,doolnews.com,2026-03-20 11:31:38,success,10,https://swelbyboy.github.io/prospect-rss-feeds/dool-news.xml,
441,Hope Faith Love,faithhub.net,2026-03-20 11:31:38,success,10,https://swelbyboy.github.io/prospect-rss-feeds/hope-faith-love.xml,
348,Dap-News,dap-news.com,2026-03-20 11:31:38,success,10,https://swelbyboy.github.io/prospect-rss-feeds/dap-news.xml,
439,Face TV Sarajevo,face.ba,2026-03-20 11:31:38,success,10,https://swelbyboy.github.io/prospect-rss-feeds/face-tv-sarajevo.xml,
455,Flood Communications,floodcomm.com,2026-03-20 11:31:38,success,8,https://swelbyboy.github.io/prospect-rss-feeds/flood-communications.xml,
492,Glas Srpske,glassrpske.com,2026-03-20 11:31:38,success,10,https://swelbyboy.github.io/prospect-rss-feeds/glas-srpske.xml,
453,Flashnews.gr,flashnews.gr,2026-03-20 11:31:39,success,10,https://swelbyboy.github.io/prospect-rss-feeds/flashnews-gr.xml,
437,F1Maximaal.nl,f1maximaal.nl,2026-03-20 11:31:39,success,10,https://swelbyboy.github.io/prospect-rss-feeds/f1maximaal-nl.xml,
445,FHM Nederland,fhm.nl,2026-03-20 11:31:40,success,10,https://swelbyboy.github.io/prospect-rss-feeds/fhm-nederland.xml,
422,ePitesti.ro,epitesti.ro,2026-03-20 11:31:40,success,10,https://swelbyboy.github.io/prospect-rss-feeds/epitesti-ro.xml,
467,Freddo News,freddonews.eu,2026-03-20 11:31:40,success,10,https://swelbyboy.github.io/prospect-rss-feeds/freddo-news.xml,
397,Economic.bg,economic.bg,2026-03-20 11:31:41,success,0,,
372,Dimarxos,dimarxos.gr,2026-03-20 11:31:41,success,10,https://swelbyboy.github.io/prospect-rss-feeds/dimarxos.xml,
459,Forever Communications,forevercom.com,2026-03-20 11:31:42,success,10,https://swelbyboy.github.io/prospect-rss-feeds/forever-communications.xml,
457,Fly4Free,fly4free.pl,2026-03-20 11:31:42,success,10,https://swelbyboy.github.io/prospect-rss-feeds/fly4free.xml,
475,GameReactor EU,gamereactor.eu,2026-03-20 11:31:43,success,10,https://swelbyboy.github.io/prospect-rss-feeds/gamereactor-eu.xml,
333,Cricketnmore,cricketnmore.com,2026-03-20 11:31:43,success,10,https://swelbyboy.github.io/prospect-rss-feeds/cricketnmore.xml,
498,Goss.ie,goss.ie,2026-03-20 11:31:44,success,7,https://swelbyboy.github.io/prospect-rss-feeds/goss-ie.xml,
404,Eger Hírek,egerhirek.hu,2026-03-20 11:31:44,success,7,https://swelbyboy.github.io/prospect-rss-feeds/eger-hírek.xml,
470,G4 Media,g4media.ro,2026-03-20 11:31:44,success,10,https://swelbyboy.github.io/prospect-rss-feeds/g4-media.xml,
483,Geopolitika,geopolitika.news,2026-03-20 11:31:44,success,10,https://swelbyboy.github.io/prospect-rss-feeds/geopolitika.xml,
471,GadgetMatch,gadgetmatch.com,2026-03-20 11:31:44,success,10,https://swelbyboy.github.io/prospect-rss-feeds/gadgetmatch.xml,
465,Fragile,fragilemag.gr,2026-03-20 11:31:44,success,10,https://swelbyboy.github.io/prospect-rss-feeds/fragile.xml,
469,Fresh: Hip-Hop & R&B,freshhiphoprnb.com,2026-03-20 11:31:44,success,10,https://swelbyboy.github.io/prospect-rss-feeds/fresh--hip-hop---r-b.xml,
490,Glas Slavonije,glas-slavonije.hr,2026-03-20 11:31:45,success,10,https://swelbyboy.github.io/prospect-rss-feeds/glas-slavonije.xml,
427,Esport1,esport1.hu,2026-03-20 11:31:45,success,10,https://swelbyboy.github.io/prospect-rss-feeds/esport1.xml,
452,Media 365 j.d.o.o,fiuman.hr,2026-03-20 11:31:45,success,10,https://swelbyboy.github.io/prospect-rss-feeds/media-365-j-d-o-o.xml,
438,F1VILÁG,f1vilag.hu,2026-03-20 11:31:46,success,10,https://swelbyboy.github.io/prospect-rss-feeds/f1világ.xml,
574,Info Brcko,infobrcko.com,2026-03-20 11:31:47,success,4,https://swelbyboy.github.io/prospect-rss-feeds/info-brcko.xml,
658,Leadership Media Group,leadership.ng,2026-03-20 11:31:48,failed,0,,HTTP 403
454,Flashstar.gr,flashstars.gr,2026-03-20 11:31:48,success,9,https://swelbyboy.github.io/prospect-rss-feeds/flashstar-gr.xml,
619,Kaskus,kaskus.co.id,2026-03-20 11:31:48,failed,0,,HTTP 404
509,Greek City Times,greekcitytimes.com,2026-03-20 11:31:48,success,10,https://swelbyboy.github.io/prospect-rss-feeds/greek-city-times.xml,
322,clinica.bg,clinica.bg,2026-03-20 11:31:49,success,10,https://swelbyboy.github.io/prospect-rss-feeds/clinica-bg.xml,
485,Gewoonvoorhem,gewoonvoorhem.nl,2026-03-20 11:31:50,success,10,https://swelbyboy.github.io/prospect-rss-feeds/gewoonvoorhem.xml,
464,Ferencvárosi Torna Club,fradi.hu,2026-03-20 11:31:51,success,10,https://swelbyboy.github.io/prospect-rss-feeds/ferencvárosi-torna-club.xml,
282,BLOKO,bloko.gr,2026-03-20 11:31:52,success,10,https://swelbyboy.github.io/prospect-rss-feeds/bloko.xml,
521,Haberiniz Olsun,haberiniz.com.tr,2026-03-20 11:31:52,success,10,https://swelbyboy.github.io/prospect-rss-feeds/haberiniz-olsun.xml,
524,Χανιώτικα νέα,haniotika-nea.gr,2026-03-20 11:31:52,success,10,https://swelbyboy.github.io/prospect-rss-feeds/χανιώτικα-νέα.xml,
448,Filmtekercs,filmtekercs.hu,2026-03-20 11:31:53,success,10,https://swelbyboy.github.io/prospect-rss-feeds/filmtekercs.xml,
495,Goneis,goneis.info,2026-03-20 11:31:53,success,10,https://swelbyboy.github.io/prospect-rss-feeds/goneis.xml,
500,Gosu Gamers,gosugamers.net,2026-03-20 11:31:54,success,10,https://swelbyboy.github.io/prospect-rss-feeds/gosu-gamers.xml,
478,Gazeta Express,gazetaexpress.com,2026-03-20 11:31:54,success,10,https://swelbyboy.github.io/prospect-rss-feeds/gazeta-express.xml,
624,Kaumudi Cyber Studio (P) Ltd,keralakaumudi.com,2026-03-20 11:31:54,failed,0,,No entries found in feed
450,Finder,finder.com.au,2026-03-20 11:31:54,success,10,https://swelbyboy.github.io/prospect-rss-feeds/finder.xml,
488,Glamsham.com,glamsham.com,2026-03-20 11:31:54,success,9,https://swelbyboy.github.io/prospect-rss-feeds/glamsham-com.xml,
316,Ceknricek.com,ceknricek.com,2026-03-20 11:31:54,success,10,https://swelbyboy.github.io/prospect-rss-feeds/ceknricek-com.xml,
516,Gündeme Bakış,gundemebakis.com,2026-03-20 11:31:57,success,10,https://swelbyboy.github.io/prospect-rss-feeds/gündeme-bakış.xml,
508,Great News,greatnews.ro,2026-03-20 11:31:58,success,10,https://swelbyboy.github.io/prospect-rss-feeds/great-news.xml,
528,Hayat.ba,hayat.ba,2026-03-20 11:31:58,success,10,https://swelbyboy.github.io/prospect-rss-feeds/hayat-ba.xml,
570,India TV,indiatvnews.com,2026-03-20 11:31:58,success,10,https://swelbyboy.github.io/prospect-rss-feeds/india-tv.xml,
481,Gazeta de Sud,gds.ro,2026-03-20 11:31:58,success,10,https://swelbyboy.github.io/prospect-rss-feeds/gazeta-de-sud.xml,
502,Grabien News,grabien.com,2026-03-20 11:31:58,success,10,https://swelbyboy.github.io/prospect-rss-feeds/grabien-news.xml,
523,Handball-Planet.com,handball-planet.com,2026-03-20 11:31:59,success,10,https://swelbyboy.github.io/prospect-rss-feeds/handball-planet-com.xml,
537,Highland Radio,highlandradio.com,2026-03-20 11:32:00,success,10,https://swelbyboy.github.io/prospect-rss-feeds/highland-radio.xml,
368,Digi24,digi24.ro,2026-03-20 11:32:00,success,9,https://swelbyboy.github.io/prospect-rss-feeds/digi24.xml,
497,Gospel Hotspot,gospelhotspot.net,2026-03-20 11:32:00,success,10,https://swelbyboy.github.io/prospect-rss-feeds/gospel-hotspot.xml,
703,Mirovina.hr,mirovina.hr,2026-03-20 11:32:01,failed,0,,HTTP 404
530,Healing Effect,healingeffect.gr,2026-03-20 11:32:01,success,10,https://swelbyboy.github.io/prospect-rss-feeds/healing-effect.xml,
518,Haber7,haber7.com,2026-03-20 11:32:04,success,10,https://swelbyboy.github.io/prospect-rss-feeds/haber7.xml,
517,GYŐR + MÉDIA Zrt.,gyorplusz.hu,2026-03-20 11:32:04,success,10,https://swelbyboy.github.io/prospect-rss-feeds/győr---média-zrt.xml,
541,Lynn Group Media,hoganstand.com,2026-03-20 11:32:04,success,10,https://swelbyboy.github.io/prospect-rss-feeds/lynn-group-media.xml,
691,Maxlo Media Group,maxlomedia.com,2026-03-20 11:32:04,success,1,https://swelbyboy.github.io/prospect-rss-feeds/maxlo-media-group.xml,
526,Harmonikum,harmonikum.co,2026-03-20 11:32:05,success,10,https://swelbyboy.github.io/prospect-rss-feeds/harmonikum.xml,
529,HCL.hr Gaming Portal,hcl.hr,2026-03-20 11:32:05,success,10,https://swelbyboy.github.io/prospect-rss-feeds/hcl-hr-gaming-portal.xml,
599,Jatkoaika.com,jatkoaika.com,2026-03-20 11:32:06,success,10,https://swelbyboy.github.io/prospect-rss-feeds/jatkoaika-com.xml,
545,Horror Society,horrorsociety.com,2026-03-20 11:32:06,success,10,https://swelbyboy.github.io/prospect-rss-feeds/horror-society.xml,
600,Javed Chaudhry,javedch.com,2026-03-20 11:32:06,success,10,https://swelbyboy.github.io/prospect-rss-feeds/javed-chaudhry.xml,
531,HealthMag,healthmag.gr,2026-03-20 11:32:06,success,10,https://swelbyboy.github.io/prospect-rss-feeds/healthmag.xml,
573,İnegöl Online,inegolonline.com,2026-03-20 11:32:06,success,10,https://swelbyboy.github.io/prospect-rss-feeds/i-negöl-online.xml,
472,Gadgets Pilipinas,gadgetpilipinas.net,2026-03-20 11:32:07,success,10,https://swelbyboy.github.io/prospect-rss-feeds/gadgets-pilipinas.xml,
750,News Wing,newswing.com,2026-03-20 11:32:07,failed,0,,"Error fetching feed: HTTPSConnectionPool(host='newswing.com', port=443): Max retries exceeded with url: /feed (Caused by NameResolutionError(""HTTPSConnection(host='newswing.com', port=443): Failed to resolve 'newswing.com' ([Errno -5] No address associated with hostname)""))"
546,Hotnews.ro,hotnews.ro,2026-03-20 11:32:07,success,10,https://swelbyboy.github.io/prospect-rss-feeds/hotnews-ro.xml,
592,Ízes élet,izeselet.hu,2026-03-20 11:32:07,success,10,https://swelbyboy.github.io/prospect-rss-feeds/ízes-élet.xml,
603,Joemonster.org,joemonster.org,2026-03-20 11:32:08,success,10,https://swelbyboy.github.io/prospect-rss-feeds/joemonster-org.xml,
586,iPaidia News,ipaidia.gr,2026-03-20 11:32:08,success,10,https://swelbyboy.github.io/prospect-rss-feeds/ipaidia-news.xml,
542,"Homelife Media, LLC",homelifemedia.com,2026-03-20 11:32:08,success,10,https://swelbyboy.github.io/prospect-rss-feeds/homelife-media--llc.xml,
590,Ittefaq Group,ittefaq.com.bd,2026-03-20 11:32:09,success,10,https://swelbyboy.github.io/prospect-rss-feeds/ittefaq-group.xml,
588,iRadio,iradio.ie,2026-03-20 11:32:09,success,10,https://swelbyboy.github.io/prospect-rss-feeds/iradio.xml,
762,Radio Nova,nova.ie,2026-03-20 11:32:09,failed,0,,HTTP 503
560,iFarsala,ifarsala.gr,2026-03-20 11:32:09,success,10,https://swelbyboy.github.io/prospect-rss-feeds/ifarsala.xml,
553,Hürriyet Gazetecilik ve Matbaacılık,hurriyetkurumsal.com,2026-03-20 11:32:09,success,10,https://swelbyboy.github.io/prospect-rss-feeds/hürriyet-gazetecilik-ve-matbaacılık.xml,
676,Madridista,madridista.dk,2026-03-20 11:32:10,success,5,https://swelbyboy.github.io/prospect-rss-feeds/madridista.xml,
583,Internetcorp SRL,internetcorp.ro,2026-03-20 11:32:10,success,10,https://swelbyboy.github.io/prospect-rss-feeds/internetcorp-srl.xml,
552,Hürriyet Daily News,hurriyetdailynews.com,2026-03-20 11:32:11,success,10,https://swelbyboy.github.io/prospect-rss-feeds/hürriyet-daily-news.xml,
554,Hysteria,hysteria.gr,2026-03-20 11:32:10,success,10,https://swelbyboy.github.io/prospect-rss-feeds/hysteria.xml,
589,Digital Impact Lab LLC,iranintl.com,2026-03-20 11:32:11,success,10,https://swelbyboy.github.io/prospect-rss-feeds/digital-impact-lab-llc.xml,
770,Obiectiv - Vocea Brailei,obiectivbr.ro,2026-03-20 11:32:11,failed,0,,HTTP 404
585,InTheCage.pl,inthecage.pl,2026-03-20 11:32:11,success,10,https://swelbyboy.github.io/prospect-rss-feeds/inthecage-pl.xml,
580,Insajderi,insajderi.com,2026-03-20 11:32:12,success,10,https://swelbyboy.github.io/prospect-rss-feeds/insajderi.xml,
609,Kaler Kantho,kalerkantho.com,2026-03-20 11:32:12,success,10,https://swelbyboy.github.io/prospect-rss-feeds/kaler-kantho.xml,
557,International Business Times India,ibtimes.co.in,2026-03-20 11:32:12,success,10,https://swelbyboy.github.io/prospect-rss-feeds/international-business-times-india.xml,
538,Himachal Dastak Media Group,himachaldastak.com,2026-03-20 11:32:12,success,10,https://swelbyboy.github.io/prospect-rss-feeds/himachal-dastak-media-group.xml,
741,Neverstill Media,neverstill.com,2026-03-20 11:32:13,success,1,https://swelbyboy.github.io/prospect-rss-feeds/neverstill-media.xml,
620,KavalaNews.GR,kavalanews.gr,2026-03-20 11:32:13,success,10,https://swelbyboy.github.io/prospect-rss-feeds/kavalanews-gr.xml,
568,Index.hu Zrt.,index.hu,2026-03-20 11:32:14,success,10,https://swelbyboy.github.io/prospect-rss-feeds/index-hu-zrt.xml,
593,İzmir’de Son Dakika,izmirdesondakika.com.tr,2026-03-20 11:32:14,success,10,https://swelbyboy.github.io/prospect-rss-feeds/i-zmir-de-son-dakika.xml,
511,Vlachopoulos Greveniotis,greveniotis.gr,2026-03-20 11:32:14,success,10,https://swelbyboy.github.io/prospect-rss-feeds/vlachopoulos-greveniotis.xml,
607,Kairali News,kairalinewsonline.com,2026-03-20 11:32:15,success,10,https://swelbyboy.github.io/prospect-rss-feeds/kairali-news.xml,
616,Karlovački,karlovacki.hr,2026-03-20 11:32:15,success,10,https://swelbyboy.github.io/prospect-rss-feeds/karlovački.xml,
601,JK MEDIA,jkmedia.net,2026-03-20 11:32:16,success,10,https://swelbyboy.github.io/prospect-rss-feeds/jk-media.xml,
606,Just A Pinch Recipes,justapinch.com,2026-03-20 11:32:16,success,10,https://swelbyboy.github.io/prospect-rss-feeds/just-a-pinch-recipes.xml,
639,Kosovarja Magazine,kosovarja-ks.com,2026-03-20 11:32:17,success,10,https://swelbyboy.github.io/prospect-rss-feeds/kosovarja-magazine.xml,
614,Karar Haber,karar.com,2026-03-20 11:32:17,success,10,https://swelbyboy.github.io/prospect-rss-feeds/karar-haber.xml,
625,Kerala Times,keralatimes.com,2026-03-20 11:32:17,success,10,https://swelbyboy.github.io/prospect-rss-feeds/kerala-times.xml,
617,Kasaragod Vartha,kasargodvartha.com,2026-03-20 11:32:17,success,9,https://swelbyboy.github.io/prospect-rss-feeds/kasaragod-vartha.xml,
618,Kashmir Observer,kashmirobserver.net,2026-03-20 11:32:17,success,10,https://swelbyboy.github.io/prospect-rss-feeds/kashmir-observer.xml,
655,Lazca,lazca.org,2026-03-20 11:32:18,success,10,https://swelbyboy.github.io/prospect-rss-feeds/lazca.xml,
621,Kalkulatory Budowlane,kb.pl,2026-03-20 11:32:18,success,10,https://swelbyboy.github.io/prospect-rss-feeds/kalkulatory-budowlane.xml,
522,Haberler.com,haberler.com,2026-03-20 11:32:18,success,10,https://swelbyboy.github.io/prospect-rss-feeds/haberler-com.xml,
536,Her Way,herway.net,2026-03-20 11:32:19,success,10,https://swelbyboy.github.io/prospect-rss-feeds/her-way.xml,
610,Kamudan Haber,kamudanhaber.net,2026-03-20 11:32:19,success,10,https://swelbyboy.github.io/prospect-rss-feeds/kamudan-haber.xml,
611,Kanal D Romania,kanald.ro,2026-03-20 11:32:19,success,10,https://swelbyboy.github.io/prospect-rss-feeds/kanal-d-romania.xml,
634,Kobieta.pl,kobieta.pl,2026-03-20 11:32:20,success,10,https://swelbyboy.github.io/prospect-rss-feeds/kobieta-pl.xml,
640,kozaniLife,kozanilife.gr,2026-03-20 11:32:20,success,10,https://swelbyboy.github.io/prospect-rss-feeds/kozanilife.xml,
630,Khasokhas,khasokhas.com,2026-03-20 11:32:21,success,10,https://swelbyboy.github.io/prospect-rss-feeds/khasokhas.xml,
562,iHunt.gr,ihunt.gr,2026-03-20 11:32:21,success,10,https://swelbyboy.github.io/prospect-rss-feeds/ihunt-gr.xml,
473,Gamedaim,gamedaim.com,2026-03-20 11:32:22,success,10,https://swelbyboy.github.io/prospect-rss-feeds/gamedaim.xml,
675,Madata,madata.gr,2026-03-20 11:32:22,success,10,https://swelbyboy.github.io/prospect-rss-feeds/madata.xml,
544,Horror Fuel,horrorfuel.com,2026-03-20 11:32:22,success,10,https://swelbyboy.github.io/prospect-rss-feeds/horror-fuel.xml,
641,KPSVR,kpsvr.hu,2026-03-20 11:32:23,success,10,https://swelbyboy.github.io/prospect-rss-feeds/kpsvr.xml,
648,Kvartha World News,kvartha.com,2026-03-20 11:32:26,success,10,https://swelbyboy.github.io/prospect-rss-feeds/kvartha-world-news.xml,
647,Kurir,kurir.rs,2026-03-20 11:32:26,success,10,https://swelbyboy.github.io/prospect-rss-feeds/kurir.xml,
665,LOG Dergisi,log.com.tr,2026-03-20 11:32:26,success,10,https://swelbyboy.github.io/prospect-rss-feeds/log-dergisi.xml,
666,Lojiport,lojiport.com,2026-03-20 11:32:27,success,10,https://swelbyboy.github.io/prospect-rss-feeds/lojiport.xml,
662,Listelist,listelist.com,2026-03-20 11:32:27,success,10,https://swelbyboy.github.io/prospect-rss-feeds/listelist.xml,
636,KoiMoi.com,koimoi.com,2026-03-20 11:32:28,success,10,https://swelbyboy.github.io/prospect-rss-feeds/koimoi-com.xml,
555,S.B. Multimedia Private Limited,ibc24.in,2026-03-20 11:32:28,success,10,https://swelbyboy.github.io/prospect-rss-feeds/s-b--multimedia-private-limited.xml,
712,Mothership Singapore,mothership.sg,2026-03-20 11:32:28,success,10,https://swelbyboy.github.io/prospect-rss-feeds/mothership-singapore.xml,
643,Krstarica,krstarica.com,2026-03-20 11:32:29,success,10,https://swelbyboy.github.io/prospect-rss-feeds/krstarica.xml,
612,Kannada Prabha,kannadaprabha.com,2026-03-20 11:32:29,success,10,https://swelbyboy.github.io/prospect-rss-feeds/kannada-prabha.xml,
847,QuirkyByte,quirkybyte.com,2026-03-20 11:32:29,failed,0,,HTTP 404
759,Noget i ovnen hos bagenørden,nogetiovnen.dk,2026-03-20 11:32:29,success,4,https://swelbyboy.github.io/prospect-rss-feeds/noget-i-ovnen-hos-bagenørden.xml,
681,Mamadu,mamadu.pl,2026-03-20 11:32:30,success,10,https://swelbyboy.github.io/prospect-rss-feeds/mamadu.xml,
686,Marica News & Media,marica.bg,2026-03-20 11:32:30,success,10,https://swelbyboy.github.io/prospect-rss-feeds/marica-news---media.xml,
654,Lawyers Club Bangladesh,lawyersclubbangladesh.com,2026-03-20 11:32:30,success,10,https://swelbyboy.github.io/prospect-rss-feeds/lawyers-club-bangladesh.xml,
819,podlaskie24,podlaskie24.pl,2026-03-20 11:32:31,success,2,https://swelbyboy.github.io/prospect-rss-feeds/podlaskie24.xml,
689,Maszol.ro,maszol.ro,2026-03-20 11:32:32,success,10,https://swelbyboy.github.io/prospect-rss-feeds/maszol-ro.xml,
726,naEKRANIE,naekranie.pl,2026-03-20 11:32:32,success,10,https://swelbyboy.github.io/prospect-rss-feeds/naekranie.xml,
864,Regionalni tjednik doo,regionalni.com,2026-03-20 11:32:32,failed,0,,HTTP 403
632,KitGuru,kitguru.net,2026-03-20 11:32:32,success,10,https://swelbyboy.github.io/prospect-rss-feeds/kitguru.xml,
877,Spokesman,rozanaspokesman.com,2026-03-20 11:32:33,failed,0,,"Error fetching feed: ('Connection aborted.', ConnectionResetError(104, 'Connection reset by peer'))"
642,KROX,kroxam.com,2026-03-20 11:32:33,success,10,https://swelbyboy.github.io/prospect-rss-feeds/krox.xml,
652,Larissanet.gr,larissanet.gr,2026-03-20 11:32:34,success,10,https://swelbyboy.github.io/prospect-rss-feeds/larissanet-gr.xml,
584,In the Bunch,inthebunch.co.za,2026-03-20 11:32:35,success,10,https://swelbyboy.github.io/prospect-rss-feeds/in-the-bunch.xml,
708,Mondo,mondo.rs,2026-03-20 11:32:35,success,10,https://swelbyboy.github.io/prospect-rss-feeds/mondo.xml,
733,natemat,natemat.pl,2026-03-20 11:32:35,success,10,https://swelbyboy.github.io/prospect-rss-feeds/natemat.xml,
688,Mashable,mashable.com,2026-03-20 11:32:36,success,10,https://swelbyboy.github.io/prospect-rss-feeds/mashable.xml,
679,Malataya News,malatyahabermerkezi.com,2026-03-20 11:32:37,success,10,https://swelbyboy.github.io/prospect-rss-feeds/malataya-news.xml,
629,Khabarchhe,khabarchhe.com,2026-03-20 11:32:38,success,10,https://swelbyboy.github.io/prospect-rss-feeds/khabarchhe.xml,
682,MangoBaaz,mangobaaz.com,2026-03-20 11:32:38,success,10,https://swelbyboy.github.io/prospect-rss-feeds/mangobaaz.xml,
670,Lovedeco.ro,lovedeco.ro,2026-03-20 11:32:38,success,10,https://swelbyboy.github.io/prospect-rss-feeds/lovedeco-ro.xml,
696,Menshouse,menshouse.gr,2026-03-20 11:32:40,success,10,https://swelbyboy.github.io/prospect-rss-feeds/menshouse.xml,
909,Sinidisi,sinidisi.gr,2026-03-20 11:32:41,failed,0,,HTTP 503
722,MS News,mustsharenews.com,2026-03-20 11:32:41,success,10,https://swelbyboy.github.io/prospect-rss-feeds/ms-news.xml,
709,Monitorul de Vrancea,monitoruldevrancea.ro,2026-03-20 11:32:42,success,10,https://swelbyboy.github.io/prospect-rss-feeds/monitorul-de-vrancea.xml,
626,Keşan Postası,kesanpostasi.com,2026-03-20 11:32:42,success,10,https://swelbyboy.github.io/prospect-rss-feeds/keşan-postası.xml,
776,OGÜNhaber,ogunhaber.com,2026-03-20 11:32:45,success,10,https://swelbyboy.github.io/prospect-rss-feeds/ogünhaber.xml,
763,New Varna,novavarna.net,2026-03-20 11:32:45,success,10,https://swelbyboy.github.io/prospect-rss-feeds/new-varna.xml,
752,NHL Suomi,nhlsuomi.com,2026-03-20 11:32:46,success,10,https://swelbyboy.github.io/prospect-rss-feeds/nhl-suomi.xml,
782,Onedio,onedio.com,2026-03-20 11:32:46,success,10,https://swelbyboy.github.io/prospect-rss-feeds/onedio.xml,
742,News24,news24online.com,2026-03-20 11:32:46,success,10,https://swelbyboy.github.io/prospect-rss-feeds/news24.xml,
790,Otostil,otostil.com,2026-03-20 11:32:47,success,10,https://swelbyboy.github.io/prospect-rss-feeds/otostil.xml,
811,Pink.rs,pink.rs,2026-03-20 11:32:47,success,10,https://swelbyboy.github.io/prospect-rss-feeds/pink-rs.xml,
756,Niezalezna.pl,niezalezna.pl,2026-03-20 11:32:48,success,10,https://swelbyboy.github.io/prospect-rss-feeds/niezalezna-pl.xml,
724,Health Beauty Wellness Tips,myupchar.com,2026-03-20 11:32:48,success,10,https://swelbyboy.github.io/prospect-rss-feeds/health-beauty-wellness-tips.xml,
705,Magasinet M!,mmm.dk,2026-03-20 11:32:49,success,10,https://swelbyboy.github.io/prospect-rss-feeds/magasinet-m.xml,
761,NotJustOk,notjustok.com,2026-03-20 11:32:49,success,10,https://swelbyboy.github.io/prospect-rss-feeds/notjustok.xml,
785,Opinia Transilvana,opiniatransilvana.ro,2026-03-20 11:32:50,success,10,https://swelbyboy.github.io/prospect-rss-feeds/opinia-transilvana.xml,
911,Situation Publishing,situationpublishing.com,2026-03-20 11:32:50,success,1,https://swelbyboy.github.io/prospect-rss-feeds/situation-publishing.xml,
743,News7Tamil,news7tamil.live,2026-03-20 11:32:50,success,10,https://swelbyboy.github.io/prospect-rss-feeds/news7tamil.xml,
672,Lubelski.pl,lubelski.pl,2026-03-20 11:32:50,success,10,https://swelbyboy.github.io/prospect-rss-feeds/lubelski-pl.xml,
794,Pakistan Observer,pakobserver.net,2026-03-20 11:32:51,success,10,https://swelbyboy.github.io/prospect-rss-feeds/pakistan-observer.xml,
766,Npress,npress.gr,2026-03-20 11:32:51,success,10,https://swelbyboy.github.io/prospect-rss-feeds/npress.xml,
780,Öncü Şehir,oncusehir.com,2026-03-20 11:32:52,success,10,https://swelbyboy.github.io/prospect-rss-feeds/öncü-şehir.xml,
793,Padma Times 24,padmatimes24.com,2026-03-20 11:32:52,success,10,https://swelbyboy.github.io/prospect-rss-feeds/padma-times-24.xml,
721,Music Daily,musicdaily.hu,2026-03-20 11:32:52,success,10,https://swelbyboy.github.io/prospect-rss-feeds/music-daily.xml,
808,Petel,petel.bg,2026-03-20 11:32:53,success,10,https://swelbyboy.github.io/prospect-rss-feeds/petel.xml,
965,SwingCompleto,swingcompleto.com,2026-03-20 11:32:53,failed,0,,HTTP 404
765,Nowiny.pl,nowiny.pl,2026-03-20 11:32:53,success,10,https://swelbyboy.github.io/prospect-rss-feeds/nowiny-pl.xml,
697,Meri Saheli,merisaheli.com,2026-03-20 11:32:54,success,10,https://swelbyboy.github.io/prospect-rss-feeds/meri-saheli.xml,
950,Struma.bg,struma.bg,2026-03-20 11:32:54,failed,0,,HTTP 403
755,Nieuws,nieuws.nl,2026-03-20 11:32:54,success,9,https://swelbyboy.github.io/prospect-rss-feeds/nieuws.xml,
805,PeepingMoon,peepingmoon.com,2026-03-20 11:32:55,success,10,https://swelbyboy.github.io/prospect-rss-feeds/peepingmoon.xml,
710,MonStyle,monstyle.nl,2026-03-20 11:32:55,success,10,https://swelbyboy.github.io/prospect-rss-feeds/monstyle.xml,
962,Swadesh,swadeshnews.in,2026-03-20 11:32:55,failed,0,,"Error fetching feed: HTTPSConnectionPool(host='swadeshnews.in', port=443): Max retries exceeded with url: /feed (Caused by SSLError(SSLCertVerificationError(1, ""[SSL: CERTIFICATE_VERIFY_FAILED] certificate verify failed: Hostname mismatch, certificate is not valid for 'swadeshnews.in'. (_ssl.c:1000)"")))"
771,Objektiv,objektiv.rs,2026-03-20 11:32:56,success,10,https://swelbyboy.github.io/prospect-rss-feeds/objektiv.xml,
855,رأي اليوم,raialyoum.com,2026-03-20 11:32:56,success,5,https://swelbyboy.github.io/prospect-rss-feeds/رأي-اليوم.xml,
812,PinkVilla,pinkvilla.com,2026-03-20 11:32:56,success,10,https://swelbyboy.github.io/prospect-rss-feeds/pinkvilla.xml,
809,Phoenix 98 FM,phoenixfm.com,2026-03-20 11:32:57,success,10,https://swelbyboy.github.io/prospect-rss-feeds/phoenix-98-fm.xml,
814,Playtuşu,playtusu.com,2026-03-20 11:32:57,success,10,https://swelbyboy.github.io/prospect-rss-feeds/playtuşu.xml,
807,Periskopi,periskopi.com,2026-03-20 11:32:57,success,10,https://swelbyboy.github.io/prospect-rss-feeds/periskopi.xml,
836,Probashir Diganta,probashirdiganta.com,2026-03-20 11:32:57,success,10,https://swelbyboy.github.io/prospect-rss-feeds/probashir-diganta.xml,
841,Punablog,puna.nl,2026-03-20 11:32:58,success,10,https://swelbyboy.github.io/prospect-rss-feeds/punablog.xml,
736,Nayaindia Digital,nayaindia.com,2026-03-20 11:32:58,success,10,https://swelbyboy.github.io/prospect-rss-feeds/nayaindia-digital.xml,
720,Mun Oulu,munoulu.fi,2026-03-20 11:32:58,success,10,https://swelbyboy.github.io/prospect-rss-feeds/mun-oulu.xml,
830,Neutral Publishing House,prabhatkhabar.com,2026-03-20 11:32:58,success,10,https://swelbyboy.github.io/prospect-rss-feeds/neutral-publishing-house.xml,
773,ODA TV,odatv.com,2026-03-20 11:32:58,success,10,https://swelbyboy.github.io/prospect-rss-feeds/oda-tv.xml,
777,OKO Press,oko.press,2026-03-20 11:32:59,success,10,https://swelbyboy.github.io/prospect-rss-feeds/oko-press.xml,
768,NU Online,nu.or.id,2026-03-20 11:32:59,success,10,https://swelbyboy.github.io/prospect-rss-feeds/nu-online.xml,
783,OpIndia,opindia.com,2026-03-20 11:32:59,success,10,https://swelbyboy.github.io/prospect-rss-feeds/opindia.xml,
778,OK Portal,okradio.rs,2026-03-20 11:33:01,success,10,https://swelbyboy.github.io/prospect-rss-feeds/ok-portal.xml,
821,Politika Online,politika.rs,2026-03-20 11:33:01,success,10,https://swelbyboy.github.io/prospect-rss-feeds/politika-online.xml,
842,Ziarul Puterea,puterea.ro,2026-03-20 11:33:01,success,10,https://swelbyboy.github.io/prospect-rss-feeds/ziarul-puterea.xml,
796,Pamukkale Haber,pamukkalehaber.com,2026-03-20 11:33:01,success,10,https://swelbyboy.github.io/prospect-rss-feeds/pamukkale-haber.xml,
760,Női Portál,noiportal.hu,2026-03-20 11:33:02,success,10,https://swelbyboy.github.io/prospect-rss-feeds/női-portál.xml,
747,NewsTeam,newsteam.ro,2026-03-20 11:33:02,success,10,https://swelbyboy.github.io/prospect-rss-feeds/newsteam.xml,
848,Racesport.nl,racesport.nl,2026-03-20 11:33:03,success,10,https://swelbyboy.github.io/prospect-rss-feeds/racesport-nl.xml,
817,Пловдивчани,plovdiv24.bg,2026-03-20 11:33:03,success,10,https://swelbyboy.github.io/prospect-rss-feeds/пловдивчани.xml,
846,Qooah,qooah.com,2026-03-20 11:33:04,success,10,https://swelbyboy.github.io/prospect-rss-feeds/qooah.xml,
820,Под тепето (www.podtepeto.com),podtepeto.com,2026-03-20 11:33:04,success,10,https://swelbyboy.github.io/prospect-rss-feeds/под-тепето--www-podtepeto-com.xml,
840,Pudhari,pudhari.news,2026-03-20 11:33:04,success,10,https://swelbyboy.github.io/prospect-rss-feeds/pudhari.xml,
772,Observatorul Prahovean,observatorulph.ro,2026-03-20 11:33:04,success,10,https://swelbyboy.github.io/prospect-rss-feeds/observatorul-prahovean.xml,
851,Radio Sarajevo,radiosarajevo.ba,2026-03-20 11:33:05,success,10,https://swelbyboy.github.io/prospect-rss-feeds/radio-sarajevo.xml,
908,SILKCITYNEWS,silkcitynews.com,2026-03-20 11:33:06,success,5,https://swelbyboy.github.io/prospect-rss-feeds/silkcitynews.xml,
843,New Generation Media Corporation,puthiyathalaimurai.com,2026-03-20 11:33:06,success,8,https://swelbyboy.github.io/prospect-rss-feeds/new-generation-media-corporation.xml,
826,Porten.no,porten.no,2026-03-20 11:33:06,success,10,https://swelbyboy.github.io/prospect-rss-feeds/porten-no.xml,
949,Strive Middle East,striveme.com,2026-03-20 11:33:06,success,3,https://swelbyboy.github.io/prospect-rss-feeds/strive-middle-east.xml,
818,PoBandzie,po-bandzie.com.pl,2026-03-20 11:33:06,success,10,https://swelbyboy.github.io/prospect-rss-feeds/pobandzie.xml,
997,The Clemson Insider,theclemsoninsider.com,2026-03-20 11:33:07,failed,0,,"Error fetching feed: ('Connection aborted.', RemoteDisconnected('Remote end closed connection without response'))"
787,Orissa Post,orissapost.com,2026-03-20 11:33:07,success,10,https://swelbyboy.github.io/prospect-rss-feeds/orissa-post.xml,
1030,Traffic News,trafficnews.bg,2026-03-20 11:33:08,failed,0,,HTTP 403
850,Radio Romania Resita,radioresita.ro,2026-03-20 11:33:08,success,10,https://swelbyboy.github.io/prospect-rss-feeds/radio-romania-resita.xml,
832,Prameya News 7,prameyanews7.com,2026-03-20 11:33:08,success,10,https://swelbyboy.github.io/prospect-rss-feeds/prameya-news-7.xml,
874,Rodiaki,rodiaki.gr,2026-03-20 11:33:08,success,10,https://swelbyboy.github.io/prospect-rss-feeds/rodiaki.xml,
791,Ozark Radio News,ozarkradionews.com,2026-03-20 11:33:08,success,10,https://swelbyboy.github.io/prospect-rss-feeds/ozark-radio-news.xml,
822,polsatnews.pl,polsatnews.pl,2026-03-20 11:33:09,success,10,https://swelbyboy.github.io/prospect-rss-feeds/polsatnews-pl.xml,
795,Pame Evro,pameevro.gr,2026-03-20 11:33:10,success,10,https://swelbyboy.github.io/prospect-rss-feeds/pame-evro.xml,
868,Szeretem Koncz Zsuzsát,retromuzsika.hu,2026-03-20 11:33:10,success,8,https://swelbyboy.github.io/prospect-rss-feeds/szeretem-koncz-zsuzsát.xml,
860,Realitatea.net,realitatea.net,2026-03-20 11:33:11,success,10,https://swelbyboy.github.io/prospect-rss-feeds/realitatea-net.xml,
798,PAOKFC,paokfc.gr,2026-03-20 11:33:11,success,10,https://swelbyboy.github.io/prospect-rss-feeds/paokfc.xml,
856,Rallypl,rallypl.com,2026-03-20 11:33:11,success,10,https://swelbyboy.github.io/prospect-rss-feeds/rallypl.xml,
944,ST. MAXIM THE GREEK,stmaximthegreek.org,2026-03-20 11:33:12,success,2,https://swelbyboy.github.io/prospect-rss-feeds/st--maxim-the-greek.xml,
857,Lxkal.dk,randersidag.dk,2026-03-20 11:33:13,success,10,https://swelbyboy.github.io/prospect-rss-feeds/lxkal-dk.xml,
831,Prajavani,prajavani.net,2026-03-20 11:33:13,success,9,https://swelbyboy.github.io/prospect-rss-feeds/prajavani.xml,
838,Promotions.hu,promotions.hu,2026-03-20 11:33:14,success,10,https://swelbyboy.github.io/prospect-rss-feeds/promotions-hu.xml,
897,scigacz.pl,scigacz.pl,2026-03-20 11:33:15,success,10,https://swelbyboy.github.io/prospect-rss-feeds/scigacz-pl.xml,
867,Republika,republika.co.id,2026-03-20 11:33:18,success,10,https://swelbyboy.github.io/prospect-rss-feeds/republika.xml,
804,Plug Media (PCM),pcmarket.com.hk,2026-03-20 11:33:18,success,10,https://swelbyboy.github.io/prospect-rss-feeds/plug-media--pcm.xml,
900,Şehir Medya,sehirmedya.com,2026-03-20 11:33:20,success,10,https://swelbyboy.github.io/prospect-rss-feeds/şehir-medya.xml,
859,RealClear Media Group,realclearmediagroup.com,2026-03-20 11:33:20,success,10,https://swelbyboy.github.io/prospect-rss-feeds/realclear-media-group.xml,
256,Basketa.gr,basketa.gr,2026-03-20 11:33:21,success,10,https://swelbyboy.github.io/prospect-rss-feeds/basketa-gr.xml,
1080,Wielerflits,wielerflits.nl,2026-03-20 11:33:21,failed,0,,HTTP 403
849,Radio Łódź,radiolodz.pl,2026-03-20 11:33:22,success,10,https://swelbyboy.github.io/prospect-rss-feeds/radio-łódź.xml,
930,Sportske.net,sportske.net,2026-03-20 11:33:22,success,10,https://swelbyboy.github.io/prospect-rss-feeds/sportske-net.xml,
882,RTV Noord,rtvnoord.nl,2026-03-20 11:33:22,success,10,https://swelbyboy.github.io/prospect-rss-feeds/rtv-noord.xml,
904,Siasat Press,siasat.com,2026-03-20 11:33:22,success,10,https://swelbyboy.github.io/prospect-rss-feeds/siasat-press.xml,
940,Stella Novus,stellanovus.com,2026-03-20 11:33:23,success,6,https://swelbyboy.github.io/prospect-rss-feeds/stella-novus.xml,
863,Red Clover Media,redclovermedia.ro,2026-03-20 11:33:23,success,10,https://swelbyboy.github.io/prospect-rss-feeds/red-clover-media.xml,
876,Rørosnytt,rorosnytt.no,2026-03-20 11:33:23,success,10,https://swelbyboy.github.io/prospect-rss-feeds/rørosnytt.xml,
901,The Sentinel,sentinelassam.com,2026-03-20 11:33:24,success,10,https://swelbyboy.github.io/prospect-rss-feeds/the-sentinel.xml,
988,Teleskop,teleskop.hr,2026-03-20 11:33:24,success,7,https://swelbyboy.github.io/prospect-rss-feeds/teleskop.xml,
888,Sağlık Aktüel,saglikaktuel.com,2026-03-20 11:33:25,success,9,https://swelbyboy.github.io/prospect-rss-feeds/sağlık-aktüel.xml,
919,soapcentral.com,soapcentral.com,2026-03-20 11:33:25,success,10,https://swelbyboy.github.io/prospect-rss-feeds/soapcentral-com.xml,
893,Sarajevska sehara,sarajevskasehara.com,2026-03-20 11:33:25,success,10,https://swelbyboy.github.io/prospect-rss-feeds/sarajevska-sehara.xml,
915,SMnoticias,smnoticias.com,2026-03-20 11:33:25,success,10,https://swelbyboy.github.io/prospect-rss-feeds/smnoticias.xml,
921,Someecards,someecards.com,2026-03-20 11:33:25,success,10,https://swelbyboy.github.io/prospect-rss-feeds/someecards.xml,
923,Sosialnytt,sosialnytt.com,2026-03-20 11:33:25,success,10,https://swelbyboy.github.io/prospect-rss-feeds/sosialnytt.xml,
952,Studycafe,studycafe.in,2026-03-20 11:33:25,success,10,https://swelbyboy.github.io/prospect-rss-feeds/studycafe.xml,
926,SPANIA I DAG,spaniaidag.no,2026-03-20 11:33:27,success,10,https://swelbyboy.github.io/prospect-rss-feeds/spania-i-dag.xml,
894,Saving Toward A Better Life,savingtowardabetterlife.com,2026-03-20 11:33:27,success,10,https://swelbyboy.github.io/prospect-rss-feeds/saving-toward-a-better-life.xml,
928,Sportal Media Group,sportal.bg,2026-03-20 11:33:27,success,10,https://swelbyboy.github.io/prospect-rss-feeds/sportal-media-group.xml,
929,Tippmixtippek,sportposzt.com,2026-03-20 11:33:28,success,10,https://swelbyboy.github.io/prospect-rss-feeds/tippmixtippek.xml,
932,SportSport.ba - Fight Club,sportsport.ba,2026-03-20 11:33:28,success,10,https://swelbyboy.github.io/prospect-rss-feeds/sportsport-ba---fight-club.xml,
1000,Harris Teeter Deals,theharristeeterdeals.com,2026-03-20 11:33:28,success,6,https://swelbyboy.github.io/prospect-rss-feeds/harris-teeter-deals.xml,
920,Спомени от Народната република,socbg.com,2026-03-20 11:33:29,success,10,https://swelbyboy.github.io/prospect-rss-feeds/спомени-от-народната-република.xml,
968,Szegeder.hu,szegeder.hu,2026-03-20 11:33:29,success,10,https://swelbyboy.github.io/prospect-rss-feeds/szegeder-hu.xml,
939,Steelers Depot,steelersdepot.com,2026-03-20 11:33:29,success,10,https://swelbyboy.github.io/prospect-rss-feeds/steelers-depot.xml,
895,SayDigi點子生活,saydigi.com,2026-03-20 11:33:29,success,10,https://swelbyboy.github.io/prospect-rss-feeds/saydigi點子生活.xml,
891,SamosVoice.gr,samosvoice.gr,2026-03-20 11:33:30,success,10,https://swelbyboy.github.io/prospect-rss-feeds/samosvoice-gr.xml,
1134,Anadolu Türk Haber,anadoluturkhaber.com,2026-03-20 11:33:30,success,10,https://swelbyboy.github.io/prospect-rss-feeds/anadolu-türk-haber.xml,
922,Sondakika24,sondakika-24.com,2026-03-20 11:33:31,success,10,https://swelbyboy.github.io/prospect-rss-feeds/sondakika24.xml,
943,Stiripesurse.ro,stiripesurse.ro,2026-03-20 11:33:31,success,10,https://swelbyboy.github.io/prospect-rss-feeds/stiripesurse-ro.xml,
1126,Report Look,reportlook.com,2026-03-20 11:33:31,failed,0,,HTTP 404
941,Sterea Economy,stereaeconomy.gr,2026-03-20 11:33:32,success,10,https://swelbyboy.github.io/prospect-rss-feeds/sterea-economy.xml,
885,RTV Santos,rtvsantos.com,2026-03-20 11:33:32,success,10,https://swelbyboy.github.io/prospect-rss-feeds/rtv-santos.xml,
899,SCVTV Media Center,scvtv.com,2026-03-20 11:33:36,success,10,https://swelbyboy.github.io/prospect-rss-feeds/scvtv-media-center.xml,
978,Technopat,technopat.net,2026-03-20 11:33:37,success,10,https://swelbyboy.github.io/prospect-rss-feeds/technopat.xml,
964,Swidnica24,swidnica24.pl,2026-03-20 11:33:38,success,10,https://swelbyboy.github.io/prospect-rss-feeds/swidnica24.xml,
989,Telex.hu,telex.hu,2026-03-20 11:33:39,success,10,https://swelbyboy.github.io/prospect-rss-feeds/telex-hu.xml,
947,Story Srbija,story.rs,2026-03-20 11:33:40,success,10,https://swelbyboy.github.io/prospect-rss-feeds/story-srbija.xml,
1021,Tigris Haber,tigrishaber.com,2026-03-20 11:33:41,success,10,https://swelbyboy.github.io/prospect-rss-feeds/tigris-haber.xml,
995,The Bridge India,thebridge.in,2026-03-20 11:33:41,success,10,https://swelbyboy.github.io/prospect-rss-feeds/the-bridge-india.xml,
1005,TheLiberal.ie,theliberal.ie,2026-03-20 11:33:41,success,10,https://swelbyboy.github.io/prospect-rss-feeds/theliberal-ie.xml,
972,Tarsus Akdeniz,tarsusakdeniz.com,2026-03-20 11:33:42,success,10,https://swelbyboy.github.io/prospect-rss-feeds/tarsus-akdeniz.xml,
957,Suara Surabaya Media,suarasurabaya.net,2026-03-20 11:33:42,success,10,https://swelbyboy.github.io/prospect-rss-feeds/suara-surabaya-media.xml,
982,Teknoblog,teknoblog.com,2026-03-20 11:33:43,success,10,https://swelbyboy.github.io/prospect-rss-feeds/teknoblog.xml,
970,Tamindir,tamindir.com,2026-03-20 11:33:43,success,10,https://swelbyboy.github.io/prospect-rss-feeds/tamindir.xml,
1017,The Vinyl District,thevinyldistrict.com,2026-03-20 11:33:44,success,10,https://swelbyboy.github.io/prospect-rss-feeds/the-vinyl-district.xml,
984,Telegraf.rs,telegraf.rs,2026-03-20 11:33:44,success,10,https://swelbyboy.github.io/prospect-rss-feeds/telegraf-rs.xml,
966,Sydöstran,sydostran.se,2026-03-20 11:33:44,success,10,https://swelbyboy.github.io/prospect-rss-feeds/sydöstran.xml,
1002,Initium Media 端傳媒,theinitium.com,2026-03-20 11:33:45,success,10,https://swelbyboy.github.io/prospect-rss-feeds/initium-media-端傳媒.xml,
980,TEEPR 亮新聞,teepr.com,2026-03-20 11:33:46,success,10,https://swelbyboy.github.io/prospect-rss-feeds/teepr-亮新聞.xml,
1176,Philippine News Agency,pna.gov.ph,2026-03-20 11:33:46,failed,0,,HTTP 403
1037,Turnul Sfatului,turnulsfatului.ro,2026-03-20 11:33:46,success,10,https://swelbyboy.github.io/prospect-rss-feeds/turnul-sfatului.xml,
1019,Thisday Nigeria,thisdaylive.com,2026-03-20 11:33:46,success,10,https://swelbyboy.github.io/prospect-rss-feeds/thisday-nigeria.xml,
1003,Kashmir Glory,thekashmirglory.com,2026-03-20 11:33:46,success,10,https://swelbyboy.github.io/prospect-rss-feeds/kashmir-glory.xml,
1031,Traveling Media Network,travelingyuk.com,2026-03-20 11:33:47,success,9,https://swelbyboy.github.io/prospect-rss-feeds/traveling-media-network.xml,
1013,South First,thesouthfirst.com,2026-03-20 11:33:47,success,10,https://swelbyboy.github.io/prospect-rss-feeds/south-first.xml,
1007,The News Lens 關鍵評論網,thenewslens.com,2026-03-20 11:33:48,success,10,https://swelbyboy.github.io/prospect-rss-feeds/the-news-lens-關鍵評論網.xml,
983,Tele1 TV,tele1.com.tr,2026-03-20 11:33:48,success,10,https://swelbyboy.github.io/prospect-rss-feeds/tele1-tv.xml,
1059,Viata Verde Viu,viataverdeviu.ro,2026-03-20 11:33:48,success,10,https://swelbyboy.github.io/prospect-rss-feeds/viata-verde-viu.xml,
973,Taste Life,tastelife.tv,2026-03-20 11:33:48,success,10,https://swelbyboy.github.io/prospect-rss-feeds/taste-life.xml,
1018,The Wire Hindi,thewirehindi.com,2026-03-20 11:33:48,success,10,https://swelbyboy.github.io/prospect-rss-feeds/the-wire-hindi.xml,
1078,Wiara.pl,wiara.pl,2026-03-20 11:33:48,failed,0,,"Error fetching feed: HTTPSConnectionPool(host='www.wiara.pl', port=443): Max retries exceeded with url: /rss/rtr/6a2bc.Najciekawsze-wiara-pl (Caused by ConnectTimeoutError(<HTTPSConnection(host='www.wiara.pl', port=443) at 0x75d1d8055b80>, 'Connection to www.wiara.pl timed out. (connect timeout=30)'))"
975,tech360.tv,tech360.tv,2026-03-20 11:33:50,success,10,https://swelbyboy.github.io/prospect-rss-feeds/tech360-tv.xml,
1050,Universul argesean,universulargesean.ro,2026-03-20 11:33:51,success,10,https://swelbyboy.github.io/prospect-rss-feeds/universul-argesean.xml,
1051,Uplifers,uplifers.com,2026-03-20 11:33:51,success,10,https://swelbyboy.github.io/prospect-rss-feeds/uplifers.xml,
1202,Madly Odd,madlyodd.com,2026-03-20 11:33:51,failed,0,,HTTP 404
1060,Tatlı Tarifleri,videoluyemek.com,2026-03-20 11:33:51,success,1,https://swelbyboy.github.io/prospect-rss-feeds/tatlı-tarifleri.xml,
1053,Usay.gr,usay.gr,2026-03-20 11:33:51,success,10,https://swelbyboy.github.io/prospect-rss-feeds/usay-gr.xml,
951,Studio Alphen,studioalphen.nl,2026-03-20 11:33:51,success,10,https://swelbyboy.github.io/prospect-rss-feeds/studio-alphen.xml,
1045,Star Kentrikis Elladas,tvstar.gr,2026-03-20 11:33:52,success,10,https://swelbyboy.github.io/prospect-rss-feeds/star-kentrikis-elladas.xml,
1036,Turkiye Egitim,turkiyeegitim.com,2026-03-20 11:33:52,success,10,https://swelbyboy.github.io/prospect-rss-feeds/turkiye-egitim.xml,
1044,TVS,tvs.pl,2026-03-20 11:33:52,success,10,https://swelbyboy.github.io/prospect-rss-feeds/tvs.xml,
990,Tenniskafe,tenniskafe.com,2026-03-20 11:33:53,success,10,https://swelbyboy.github.io/prospect-rss-feeds/tenniskafe.xml,
976,TechNews.tw,technews.tw,2026-03-20 11:33:53,success,10,https://swelbyboy.github.io/prospect-rss-feeds/technews-tw.xml,
1055,Varaždinske vijesti,varazdinske-vijesti.hr,2026-03-20 11:33:53,success,10,https://swelbyboy.github.io/prospect-rss-feeds/varaždinske-vijesti.xml,
1042,Open Greece,tvopen.gr,2026-03-20 11:33:54,success,10,https://swelbyboy.github.io/prospect-rss-feeds/open-greece.xml,
1066,VIVA.co.id,viva.co.id,2026-03-20 11:33:54,success,10,https://swelbyboy.github.io/prospect-rss-feeds/viva-co-id.xml,
1040,TV MIDTVEST,tvmidtvest.dk,2026-03-20 11:33:54,success,10,https://swelbyboy.github.io/prospect-rss-feeds/tv-midtvest.xml,
1201,Healthy Foods and Herbal Medicines,herbs-info.com,2026-03-20 11:33:55,success,1,https://swelbyboy.github.io/prospect-rss-feeds/healthy-foods-and-herbal-medicines.xml,
979,Tech Travel Eat,techtraveleat.com,2026-03-20 11:33:56,success,10,https://swelbyboy.github.io/prospect-rss-feeds/tech-travel-eat.xml,
1010,The Pinnacle List,thepinnaclelist.com,2026-03-20 11:33:56,success,10,https://swelbyboy.github.io/prospect-rss-feeds/the-pinnacle-list.xml,
1015,TheTrends.ro,thetrends.ro,2026-03-20 11:33:56,success,10,https://swelbyboy.github.io/prospect-rss-feeds/thetrends-ro.xml,
1062,Vijesti.ba,vijesti.ba,2026-03-20 11:33:57,success,10,https://swelbyboy.github.io/prospect-rss-feeds/vijesti-ba.xml,
931,Sportsnaut,sportsnaut.com,2026-03-20 11:33:58,success,10,https://swelbyboy.github.io/prospect-rss-feeds/sportsnaut.xml,
1035,True Life,truelife.gr,2026-03-20 11:33:58,success,10,https://swelbyboy.github.io/prospect-rss-feeds/true-life.xml,
1067,Voetbalflitsen,voetbalflitsen.nl,2026-03-20 11:33:58,success,10,https://swelbyboy.github.io/prospect-rss-feeds/voetbalflitsen.xml,
1079,Stowarzyszenie Fanatycy Widzewa,widzewtomy.net,2026-03-20 11:33:58,success,10,https://swelbyboy.github.io/prospect-rss-feeds/stowarzyszenie-fanatycy-widzewa.xml,
1107,Zougla,zougla.gr,2026-03-20 11:33:59,success,10,https://swelbyboy.github.io/prospect-rss-feeds/zougla.xml,
1181,hastakshep.com,hastakshep.com,2026-03-20 11:33:59,success,3,https://swelbyboy.github.io/prospect-rss-feeds/hastakshep-com.xml,
1071,Wadowice24,wadowice24.pl,2026-03-20 11:33:59,success,10,https://swelbyboy.github.io/prospect-rss-feeds/wadowice24.xml,
1177,Komicni statusi,komicnistatusi.rs,2026-03-20 11:34:00,success,4,https://swelbyboy.github.io/prospect-rss-feeds/komicni-statusi.xml,
1063,VIP Magazine Group,vipmagazine.ie,2026-03-20 11:34:01,success,10,https://swelbyboy.github.io/prospect-rss-feeds/vip-magazine-group.xml,
1068,Voetbalprimeur,voetbalprimeur.nl,2026-03-20 11:34:01,success,10,https://swelbyboy.github.io/prospect-rss-feeds/voetbalprimeur.xml,
1054,Valioliiga,valioliiga.com,2026-03-20 11:34:02,success,10,https://swelbyboy.github.io/prospect-rss-feeds/valioliiga.xml,
1086,Womany,womany.net,2026-03-20 11:34:02,success,10,https://swelbyboy.github.io/prospect-rss-feeds/womany.xml,
1057,Voetbal International,vi.nl,2026-03-20 11:34:03,success,10,https://swelbyboy.github.io/prospect-rss-feeds/voetbal-international.xml,
906,Sify,sify.com,2026-03-20 11:34:03,success,10,https://swelbyboy.github.io/prospect-rss-feeds/sify.xml,
999,The Hans India,thehansindia.com,2026-03-20 11:34:04,success,10,https://swelbyboy.github.io/prospect-rss-feeds/the-hans-india.xml,
1089,WRC News,wrc.net.pl,2026-03-20 11:34:05,success,10,https://swelbyboy.github.io/prospect-rss-feeds/wrc-news.xml,
1114,Bergens Tidende,bt.no,2026-03-20 11:34:05,success,10,https://swelbyboy.github.io/prospect-rss-feeds/bergens-tidende.xml,
1105,GRUPULUI DE PRESĂ MEDIANET SRL,ziaruldeiasi.ro,2026-03-20 11:34:06,success,9,https://swelbyboy.github.io/prospect-rss-feeds/grupului-de-presă-medianet-srl.xml,
1046,Tydzień Ziemi Śremskiej,tydzien.net.pl,2026-03-20 11:34:06,success,10,https://swelbyboy.github.io/prospect-rss-feeds/tydzień-ziemi-śremskiej.xml,
1102,Ziua Cluj,zcj.ro,2026-03-20 11:34:06,success,10,https://swelbyboy.github.io/prospect-rss-feeds/ziua-cluj.xml,
1096,Yeşil Gazete,yesilgazete.org,2026-03-20 11:34:06,success,10,https://swelbyboy.github.io/prospect-rss-feeds/yeşil-gazete.xml,
1116,RugbyLAD,rugbylad.ie,2026-03-20 11:34:06,success,10,https://swelbyboy.github.io/prospect-rss-feeds/rugbylad.xml,
1103,Zelfmaak Ideetjes,zelfmaak-ideetjes.nl,2026-03-20 11:34:07,success,10,https://swelbyboy.github.io/prospect-rss-feeds/zelfmaak-ideetjes.xml,
1100,Zagorje International,zagorje-international.hr,2026-03-20 11:34:07,success,10,https://swelbyboy.github.io/prospect-rss-feeds/zagorje-international.xml,
1082,Wish TV,wishtv.com,2026-03-20 11:34:07,success,10,https://swelbyboy.github.io/prospect-rss-feeds/wish-tv.xml,
1090,Δημοσιογραφικός Οργανισμός Χρόνος,xronos.gr,2026-03-20 11:34:07,success,10,https://swelbyboy.github.io/prospect-rss-feeds/δημοσιογραφικός-οργανισμός-χρόνος.xml,
1132,Kresy,kresy.pl,2026-03-20 11:34:07,success,10,https://swelbyboy.github.io/prospect-rss-feeds/kresy.xml,
1008,The News Now,thenewsnow.co.in,2026-03-20 11:34:08,success,10,https://swelbyboy.github.io/prospect-rss-feeds/the-news-now.xml,
1032,Trikalaidees,trikalaidees.gr,2026-03-20 11:34:08,success,10,https://swelbyboy.github.io/prospect-rss-feeds/trikalaidees.xml,
1143,TRHaberler,trhaberler.com,2026-03-20 11:34:08,success,10,https://swelbyboy.github.io/prospect-rss-feeds/trhaberler.xml,
1148,Unbox,unbox.ph,2026-03-20 11:34:09,success,10,https://swelbyboy.github.io/prospect-rss-feeds/unbox.xml,
1109,Portal Zrenjaninski,zrenjaninski.com,2026-03-20 11:34:09,success,10,https://swelbyboy.github.io/prospect-rss-feeds/portal-zrenjaninski.xml,
1108,Zovnews,zovnews.com,2026-03-20 11:34:10,success,10,https://swelbyboy.github.io/prospect-rss-feeds/zovnews.xml,
1113,Gazeteport,gazeteport.com,2026-03-20 11:34:11,success,10,https://swelbyboy.github.io/prospect-rss-feeds/gazeteport.xml,
1138,Telewizja Superstacja,superstacja.tv,2026-03-20 11:34:12,success,10,https://swelbyboy.github.io/prospect-rss-feeds/telewizja-superstacja.xml,
1146,Mommyish,mommyish.com,2026-03-20 11:34:13,success,10,https://swelbyboy.github.io/prospect-rss-feeds/mommyish.xml,
1098,Youfly,youfly.com,2026-03-20 11:34:13,success,10,https://swelbyboy.github.io/prospect-rss-feeds/youfly.xml,
1301,Erdély.ma,erdely.ma,2026-03-20 11:34:13,failed,0,,HTTP 500
1133,Manisa Haberleri,manisahaberleri.com,2026-03-20 11:34:15,success,10,https://swelbyboy.github.io/prospect-rss-feeds/manisa-haberleri.xml,
1129,Awesome Inventions,awesomeinventions.com,2026-03-20 11:34:15,success,10,https://swelbyboy.github.io/prospect-rss-feeds/awesome-inventions.xml,
1145,INN,innpoland.pl,2026-03-20 11:34:17,success,10,https://swelbyboy.github.io/prospect-rss-feeds/inn.xml,
1101,Zaječar Online,zajecaronline.com,2026-03-20 11:34:17,success,10,https://swelbyboy.github.io/prospect-rss-feeds/zaječar-online.xml,
1303,Osijek031.com,osijek031.com,2026-03-20 11:34:17,success,10,https://swelbyboy.github.io/prospect-rss-feeds/osijek031-com.xml,
1112,Życie Kalisza,zyciekalisza.pl,2026-03-20 11:34:18,success,10,https://swelbyboy.github.io/prospect-rss-feeds/życie-kalisza.xml,
1130,EGE HABER,egehaber.com,2026-03-20 11:34:18,success,10,https://swelbyboy.github.io/prospect-rss-feeds/ege-haber.xml,
1153,Media Matrix [Law & Order],lawandorder.gr,2026-03-20 11:34:18,success,10,https://swelbyboy.github.io/prospect-rss-feeds/media-matrix--law---order.xml,
1124,Girlscene.nl,girlscene.nl,2026-03-20 11:34:19,success,10,https://swelbyboy.github.io/prospect-rss-feeds/girlscene-nl.xml,
1308,newsbreak.gr,newsbreak.gr,2026-03-20 11:34:19,failed,0,,HTTP 403
1155,SILESION,silesion.pl,2026-03-20 11:34:19,success,9,https://swelbyboy.github.io/prospect-rss-feeds/silesion.xml,
1139,UdaipurTimes,udaipurtimes.com,2026-03-20 11:34:20,success,10,https://swelbyboy.github.io/prospect-rss-feeds/udaipurtimes.xml,
1161,Kobiece Inspiracje,kobieceinspiracje.pl,2026-03-20 11:34:22,success,10,https://swelbyboy.github.io/prospect-rss-feeds/kobiece-inspiracje.xml,
1189,HABER3.com,haber3.com,2026-03-20 11:34:22,success,10,https://swelbyboy.github.io/prospect-rss-feeds/haber3-com.xml,
1162,Antena Zadar,antenazadar.hr,2026-03-20 11:34:24,success,10,https://swelbyboy.github.io/prospect-rss-feeds/antena-zadar.xml,
1186,9to5 Mac Electrek,electrek.co,2026-03-20 11:34:24,success,10,https://swelbyboy.github.io/prospect-rss-feeds/9to5-mac-electrek.xml,
1150,Alma Media Finland Oy,almamedia.fi,2026-03-20 11:34:25,success,9,https://swelbyboy.github.io/prospect-rss-feeds/alma-media-finland-oy.xml,
1158,Rzeszów News,rzeszow-news.pl,2026-03-20 11:34:26,success,10,https://swelbyboy.github.io/prospect-rss-feeds/rzeszów-news.xml,
1106,ziuaveche.ro,ziuaveche.ro,2026-03-20 11:34:26,success,10,https://swelbyboy.github.io/prospect-rss-feeds/ziuaveche-ro.xml,
1254,Info Kosova,infokosova.net,2026-03-20 11:34:27,success,6,https://swelbyboy.github.io/prospect-rss-feeds/info-kosova.xml,
1136,Dagbladet,dagbladet.no,2026-03-20 11:34:29,success,10,https://swelbyboy.github.io/prospect-rss-feeds/dagbladet.xml,
1022,Timeturk,timeturk.com,2026-03-20 11:34:29,success,10,https://swelbyboy.github.io/prospect-rss-feeds/timeturk.xml,
1152,Allied Newspapers Limited,timesofmalta.com,2026-03-20 11:34:30,success,10,https://swelbyboy.github.io/prospect-rss-feeds/allied-newspapers-limited.xml,
1131,Abante,abante.com.ph,2026-03-20 11:34:31,success,10,https://swelbyboy.github.io/prospect-rss-feeds/abante.xml,
1187,PS News,psnews.ro,2026-03-20 11:34:31,success,10,https://swelbyboy.github.io/prospect-rss-feeds/ps-news.xml,
1192,iWoman,iwoman.bg,2026-03-20 11:34:32,success,10,https://swelbyboy.github.io/prospect-rss-feeds/iwoman.xml,
1214,Dalmacija Danas,dalmacijadanas.hr,2026-03-20 11:34:32,success,10,https://swelbyboy.github.io/prospect-rss-feeds/dalmacija-danas.xml,
1204,"Ce se intampla, Doctore?",csid.ro,2026-03-20 11:34:32,success,10,https://swelbyboy.github.io/prospect-rss-feeds/ce-se-intampla--doctore.xml,
1219,Dehir.hu,dehir.hu,2026-03-20 11:34:32,success,10,https://swelbyboy.github.io/prospect-rss-feeds/dehir-hu.xml,
1230,Go4IT,go4it.ro,2026-03-20 11:34:32,success,10,https://swelbyboy.github.io/prospect-rss-feeds/go4it.xml,
1205,Informiran.net,informiran.net,2026-03-20 11:34:33,success,10,https://swelbyboy.github.io/prospect-rss-feeds/informiran-net.xml,
1170,Tabloid BINTANG Indonesia,tabloidbintang.com,2026-03-20 11:34:33,success,10,https://swelbyboy.github.io/prospect-rss-feeds/tabloid-bintang-indonesia.xml,
1210,9to5 Mac 9to5Google,9to5google.com,2026-03-20 11:34:34,success,10,https://swelbyboy.github.io/prospect-rss-feeds/9to5-mac-9to5google.xml,
1218,Infosot.com,infosot.com,2026-03-20 11:34:34,success,10,https://swelbyboy.github.io/prospect-rss-feeds/infosot-com.xml,
1199,Polsat Sport,polsatsport.pl,2026-03-20 11:34:34,success,10,https://swelbyboy.github.io/prospect-rss-feeds/polsat-sport.xml,
1208,Radio GLAS Drine (BiH),rtvglasdrine.com,2026-03-20 11:34:34,success,10,https://swelbyboy.github.io/prospect-rss-feeds/radio-glas-drine--bih.xml,
1087,World Business Outlook,worldbusinessoutlook.com,2026-03-20 11:34:35,success,10,https://swelbyboy.github.io/prospect-rss-feeds/world-business-outlook.xml,
1156,Siraj Daily,sirajlive.com,2026-03-20 11:34:35,success,10,https://swelbyboy.github.io/prospect-rss-feeds/siraj-daily.xml,
1245,BekijkDezeVideo,bekijkdezevideo.nl,2026-03-20 11:34:35,success,10,https://swelbyboy.github.io/prospect-rss-feeds/bekijkdezevideo.xml,
1206,aek-live.gr,aek-live.gr,2026-03-20 11:34:36,success,10,https://swelbyboy.github.io/prospect-rss-feeds/aek-live-gr.xml,
1293,Daily Notun Somoy,notunshomoy.com,2026-03-20 11:34:36,success,10,https://swelbyboy.github.io/prospect-rss-feeds/daily-notun-somoy.xml,
1200,Rap-Up,rap-up.com,2026-03-20 11:34:37,success,10,https://swelbyboy.github.io/prospect-rss-feeds/rap-up.xml,
1225,Ajanimo,ajanimo.com,2026-03-20 11:34:38,success,10,https://swelbyboy.github.io/prospect-rss-feeds/ajanimo.xml,
1211,Signal.bg,signal.bg,2026-03-20 11:34:38,success,10,https://swelbyboy.github.io/prospect-rss-feeds/signal-bg.xml,
1355,starozagorci.com,starozagorci.com,2026-03-20 11:34:39,success,10,https://swelbyboy.github.io/prospect-rss-feeds/starozagorci-com.xml,
1144,Radio Wrocław,radiowroclaw.pl,2026-03-20 11:34:39,success,8,https://swelbyboy.github.io/prospect-rss-feeds/radio-wrocław.xml,
1268,World War Wings,worldwarwings.com,2026-03-20 11:34:40,success,10,https://swelbyboy.github.io/prospect-rss-feeds/world-war-wings.xml,
1223,Wrestling News Source,wrestlingnewssource.com,2026-03-20 11:34:40,success,10,https://swelbyboy.github.io/prospect-rss-feeds/wrestling-news-source.xml,
1256,Rodosreport,rodosreport.gr,2026-03-20 11:34:40,success,10,https://swelbyboy.github.io/prospect-rss-feeds/rodosreport.xml,
1237,Desteptarea de Bacau,desteptarea.ro,2026-03-20 11:34:41,success,10,https://swelbyboy.github.io/prospect-rss-feeds/desteptarea-de-bacau.xml,
1252,TechJuice,techjuice.pk,2026-03-20 11:34:41,success,10,https://swelbyboy.github.io/prospect-rss-feeds/techjuice.xml,
1246,Факти,fakti.bg,2026-03-20 11:34:42,success,10,https://swelbyboy.github.io/prospect-rss-feeds/факти.xml,
1213,Alba24.ro,alba24.ro,2026-03-20 11:34:43,success,10,https://swelbyboy.github.io/prospect-rss-feeds/alba24-ro.xml,
1009,The Outbound Collective,theoutbound.com,2026-03-20 11:34:43,success,10,https://swelbyboy.github.io/prospect-rss-feeds/the-outbound-collective.xml,
1250,Sugbo Media Group,sugbo.ph,2026-03-20 11:34:44,success,10,https://swelbyboy.github.io/prospect-rss-feeds/sugbo-media-group.xml,
1247,WTVideo,wtvideo.com,2026-03-20 11:34:44,success,10,https://swelbyboy.github.io/prospect-rss-feeds/wtvideo.xml,
1262,Ulusal Post,ulusalpost.com,2026-03-20 11:34:44,success,10,https://swelbyboy.github.io/prospect-rss-feeds/ulusal-post.xml,
1266,News.ro,news.ro,2026-03-20 11:34:45,success,10,https://swelbyboy.github.io/prospect-rss-feeds/news-ro.xml,
1248,Marmara Gazetesi,marmaragazetesi.com,2026-03-20 11:34:45,success,10,https://swelbyboy.github.io/prospect-rss-feeds/marmara-gazetesi.xml,
1243,AIRportal.hu,airportal.hu,2026-03-20 11:34:45,success,10,https://swelbyboy.github.io/prospect-rss-feeds/airportal-hu.xml,
1235,Gazeta Dambovitei,gazetadambovitei.ro,2026-03-20 11:34:45,success,10,https://swelbyboy.github.io/prospect-rss-feeds/gazeta-dambovitei.xml,
1260,Haber dnevne vijesti,haber.ba,2026-03-20 11:34:45,success,10,https://swelbyboy.github.io/prospect-rss-feeds/haber-dnevne-vijesti.xml,
1264,Egy.hu,egy.hu,2026-03-20 11:34:46,success,10,https://swelbyboy.github.io/prospect-rss-feeds/egy-hu.xml,
1196,Radio Cluj,radiocluj.ro,2026-03-20 11:34:46,success,10,https://swelbyboy.github.io/prospect-rss-feeds/radio-cluj.xml,
1282,Flickering Myth,flickeringmyth.com,2026-03-20 11:34:46,success,10,https://swelbyboy.github.io/prospect-rss-feeds/flickering-myth.xml,
1239,Zagorje.com,zagorje.com,2026-03-20 11:34:47,success,10,https://swelbyboy.github.io/prospect-rss-feeds/zagorje-com.xml,
1174,SELULARonline,selular.id,2026-03-20 11:34:47,success,9,https://swelbyboy.github.io/prospect-rss-feeds/selularonline.xml,
1257,Doxologia Media,doxologia.ro,2026-03-20 11:34:48,success,10,https://swelbyboy.github.io/prospect-rss-feeds/doxologia-media.xml,
1227,Niiinis Kitchenlife,niiinis.se,2026-03-20 11:34:48,success,10,https://swelbyboy.github.io/prospect-rss-feeds/niiinis-kitchenlife.xml,
1376,Current Crime,currentcrime.com,2026-03-20 11:34:49,failed,0,,No entries found in feed
1233,India TV Paisa,indiatv.in,2026-03-20 11:34:49,success,10,https://swelbyboy.github.io/prospect-rss-feeds/india-tv-paisa.xml,
1265,Risale Haber,risalehaber.com,2026-03-20 11:34:50,success,10,https://swelbyboy.github.io/prospect-rss-feeds/risale-haber.xml,
1255,Punjab Spectrum,punjabspectrum.com,2026-03-20 11:34:50,success,10,https://swelbyboy.github.io/prospect-rss-feeds/punjab-spectrum.xml,
1272,Tiebreaker Times,tiebreakertimes.com.ph,2026-03-20 11:34:51,success,10,https://swelbyboy.github.io/prospect-rss-feeds/tiebreaker-times.xml,
1273,HotSport,hotsport.rs,2026-03-20 11:34:51,success,10,https://swelbyboy.github.io/prospect-rss-feeds/hotsport.xml,
1284,ProMotor,promotor.ro,2026-03-20 11:34:52,success,10,https://swelbyboy.github.io/prospect-rss-feeds/promotor.xml,
1296,Animal Zoo,animalzoo.ro,2026-03-20 11:34:53,success,10,https://swelbyboy.github.io/prospect-rss-feeds/animal-zoo.xml,
1297,NetMag,netmag.pk,2026-03-20 11:34:54,success,10,https://swelbyboy.github.io/prospect-rss-feeds/netmag.xml,
1278,Dnevna doza sporta,ddl.rs,2026-03-20 11:34:54,success,10,https://swelbyboy.github.io/prospect-rss-feeds/dnevna-doza-sporta.xml,
1276,Maharashtradesha,maharashtradesha.com,2026-03-20 11:34:55,success,10,https://swelbyboy.github.io/prospect-rss-feeds/maharashtradesha.xml,
1310,AutoRepublika,autorepublika.com,2026-03-20 11:34:55,success,10,https://swelbyboy.github.io/prospect-rss-feeds/autorepublika.xml,
1283,Polygamia.pl,polygamia.pl,2026-03-20 11:34:56,success,10,https://swelbyboy.github.io/prospect-rss-feeds/polygamia-pl.xml,
1259,Daily Comilla News,dailycomillanews.com,2026-03-20 11:34:56,success,10,https://swelbyboy.github.io/prospect-rss-feeds/daily-comilla-news.xml,
1287,Haskovo,haskovo.info,2026-03-20 11:34:56,success,10,https://swelbyboy.github.io/prospect-rss-feeds/haskovo.xml,
1263,Dainik Purbokone,dainikpurbokone.net,2026-03-20 11:34:57,success,10,https://swelbyboy.github.io/prospect-rss-feeds/dainik-purbokone.xml,
1298,Haldwani Live,haldwanilive.com,2026-03-20 11:34:57,success,10,https://swelbyboy.github.io/prospect-rss-feeds/haldwani-live.xml,
1431,Today Samachar,todaysamachar.in,2026-03-20 11:34:58,failed,0,,HTTP 404
1306,Onlookers Media,onlookersmedia.in,2026-03-20 11:35:00,success,10,https://swelbyboy.github.io/prospect-rss-feeds/onlookers-media.xml,
1258,BG tourism,bgtourism.bg,2026-03-20 11:35:00,success,10,https://swelbyboy.github.io/prospect-rss-feeds/bg-tourism.xml,
1328,Suceava News Online,svnews.ro,2026-03-20 11:35:00,success,10,https://swelbyboy.github.io/prospect-rss-feeds/suceava-news-online.xml,
1375,Papamond,papamond.ro,2026-03-20 11:35:01,success,5,https://swelbyboy.github.io/prospect-rss-feeds/papamond.xml,
1314,سائح,saaih.com,2026-03-20 11:35:02,success,10,https://swelbyboy.github.io/prospect-rss-feeds/سائح.xml,
1286,CMD Media,cromoda.com,2026-03-20 11:35:03,success,10,https://swelbyboy.github.io/prospect-rss-feeds/cmd-media.xml,
1240,Crossing Broad,crossingbroad.com,2026-03-20 11:35:04,success,10,https://swelbyboy.github.io/prospect-rss-feeds/crossing-broad.xml,
1289,RMNB,russianmachineneverbreaks.com,2026-03-20 11:35:04,success,10,https://swelbyboy.github.io/prospect-rss-feeds/rmnb.xml,
1312,Magyar Narancs,magyarnarancs.hu,2026-03-20 11:35:05,success,10,https://swelbyboy.github.io/prospect-rss-feeds/magyar-narancs.xml,
1251,Niške Vesti,niskevesti.rs,2026-03-20 11:35:06,success,10,https://swelbyboy.github.io/prospect-rss-feeds/niške-vesti.xml,
1451,AgrinioPress,agriniopress.gr,2026-03-20 11:35:06,failed,0,,HTTP 403
1270,Jurnal FM,jurnalfm.ro,2026-03-20 11:35:07,success,10,https://swelbyboy.github.io/prospect-rss-feeds/jurnal-fm.xml,
1434,PeristeriNews,peristerinews.gr,2026-03-20 11:35:07,failed,0,,No entries found in feed
1334,TraleeToday.ie,traleetoday.ie,2026-03-20 11:35:07,success,7,https://swelbyboy.github.io/prospect-rss-feeds/traleetoday-ie.xml,
1313,Evartha,evartha.in,2026-03-20 11:35:08,success,10,https://swelbyboy.github.io/prospect-rss-feeds/evartha.xml,
1277,美國之音中文網,voacantonese.com,2026-03-20 11:35:08,success,10,https://swelbyboy.github.io/prospect-rss-feeds/美國之音中文網.xml,
1326,Veteranos.gr,veteranos.gr,2026-03-20 11:35:09,success,10,https://swelbyboy.github.io/prospect-rss-feeds/veteranos-gr.xml,
1330,NUFC Blog,nufcblog.co.uk,2026-03-20 11:35:10,success,10,https://swelbyboy.github.io/prospect-rss-feeds/nufc-blog.xml,
1322,Poznanieto.bg,poznanieto.bg,2026-03-20 11:35:10,success,10,https://swelbyboy.github.io/prospect-rss-feeds/poznanieto-bg.xml,
1288,Paragraph 22,paragraph22.bg,2026-03-20 11:35:10,success,10,https://swelbyboy.github.io/prospect-rss-feeds/paragraph-22.xml,
1316,Giatros-in.gr,giatros-in.gr,2026-03-20 11:35:11,success,10,https://swelbyboy.github.io/prospect-rss-feeds/giatros-in-gr.xml,
1317,The Blowick Publishing Company,otsnews.co.uk,2026-03-20 11:35:11,success,10,https://swelbyboy.github.io/prospect-rss-feeds/the-blowick-publishing-company.xml,
1325,A-Sports,a-sports.gr,2026-03-20 11:35:12,success,10,https://swelbyboy.github.io/prospect-rss-feeds/a-sports.xml,
687,Masala TV,masala.tv,2026-03-20 11:35:13,success,10,https://swelbyboy.github.io/prospect-rss-feeds/masala-tv.xml,
1304,Dusty Old Thing,dustyoldthing.com,2026-03-20 11:35:13,success,10,https://swelbyboy.github.io/prospect-rss-feeds/dusty-old-thing.xml,
1319,Cannock Radio Ltd,cannockchaseradio.co.uk,2026-03-20 11:35:13,success,10,https://swelbyboy.github.io/prospect-rss-feeds/cannock-radio-ltd.xml,
1331,Absolut Delicios,absolutdelicios.ro,2026-03-20 11:35:14,success,10,https://swelbyboy.github.io/prospect-rss-feeds/absolut-delicios.xml,
1342,NewSide,newside.gr,2026-03-20 11:35:15,success,10,https://swelbyboy.github.io/prospect-rss-feeds/newside.xml,
1341,england365.gr,england365.gr,2026-03-20 11:35:15,success,10,https://swelbyboy.github.io/prospect-rss-feeds/england365-gr.xml,
1410,codziennypoznan,codziennypoznan.pl,2026-03-20 11:35:15,success,4,https://swelbyboy.github.io/prospect-rss-feeds/codziennypoznan.xml,
1337,灼見名家 Master Insight,master-insight.com,2026-03-20 11:35:15,success,10,https://swelbyboy.github.io/prospect-rss-feeds/灼見名家-master-insight.xml,
1323,NewsKo,newsko.com.ph,2026-03-20 11:35:16,success,10,https://swelbyboy.github.io/prospect-rss-feeds/newsko.xml,
1347,ArtistRack,artistrack.com,2026-03-20 11:35:16,success,10,https://swelbyboy.github.io/prospect-rss-feeds/artistrack.xml,
1279,dainikamadershomoy.com,dainikamadershomoy.com,2026-03-20 11:35:16,success,9,https://swelbyboy.github.io/prospect-rss-feeds/dainikamadershomoy-com.xml,
1356,"Gamezebo, Inc.",gamezebo.com,2026-03-20 11:35:17,success,8,https://swelbyboy.github.io/prospect-rss-feeds/gamezebo--inc.xml,
1499,Napoca News,napocanews.ro,2026-03-20 11:35:19,success,10,https://swelbyboy.github.io/prospect-rss-feeds/napoca-news.xml,
1412,PSB Media,peoplesreporter.in,2026-03-20 11:35:21,success,4,https://swelbyboy.github.io/prospect-rss-feeds/psb-media.xml,
1363,Thrakisports.gr,thrakisports.gr,2026-03-20 11:35:21,success,10,https://swelbyboy.github.io/prospect-rss-feeds/thrakisports-gr.xml,
1349,FR12.nl,fr12.nl,2026-03-20 11:35:22,success,10,https://swelbyboy.github.io/prospect-rss-feeds/fr12-nl.xml,
1329,Medical Inspire 醫．思維,medicalinspire.com,2026-03-20 11:35:23,success,8,https://swelbyboy.github.io/prospect-rss-feeds/medical-inspire-醫-思維.xml,
1343,Church and State,churchandstate.org.uk,2026-03-20 11:35:23,success,10,https://swelbyboy.github.io/prospect-rss-feeds/church-and-state.xml,
1358,Hetedik sor közepe,hetediksor.hu,2026-03-20 11:35:24,success,10,https://swelbyboy.github.io/prospect-rss-feeds/hetedik-sor-közepe.xml,
1345,KRT TV,krttv.com.tr,2026-03-20 11:35:25,success,10,https://swelbyboy.github.io/prospect-rss-feeds/krt-tv.xml,
1344,inmedia.ba,inmedia.ba,2026-03-20 11:35:27,success,10,https://swelbyboy.github.io/prospect-rss-feeds/inmedia-ba.xml,
1339,Teluga Adda,teluguadda.co.in,2026-03-20 11:35:27,success,10,https://swelbyboy.github.io/prospect-rss-feeds/teluga-adda.xml,
1369,Bursa Hakimiyet,bursahakimiyet.com.tr,2026-03-20 11:35:28,success,10,https://swelbyboy.github.io/prospect-rss-feeds/bursa-hakimiyet.xml,
1360,Grantham Matters Media,granthammatters.co.uk,2026-03-20 11:35:28,success,10,https://swelbyboy.github.io/prospect-rss-feeds/grantham-matters-media.xml,
1350,NaijaNews.com,naijanews.com,2026-03-20 11:35:28,success,10,https://swelbyboy.github.io/prospect-rss-feeds/naijanews-com.xml,
1378,Radomska Grupa Mediowa,cozadzien.pl,2026-03-20 11:35:29,success,10,https://swelbyboy.github.io/prospect-rss-feeds/radomska-grupa-mediowa.xml,
1362,wlkp24.info,wlkp24.info,2026-03-20 11:35:30,success,10,https://swelbyboy.github.io/prospect-rss-feeds/wlkp24-info.xml,
1524,Lamia Now,lamianow.gr,2026-03-20 11:35:31,failed,0,,HTTP 403
1372,ÖğretmenX,ogretmenx.com,2026-03-20 11:35:31,success,10,https://swelbyboy.github.io/prospect-rss-feeds/öğretmenx.xml,
1367,How2Play,how2play.pl,2026-03-20 11:35:31,success,10,https://swelbyboy.github.io/prospect-rss-feeds/how2play.xml,
1380,Gündem Bursa,gundembursa.com,2026-03-20 11:35:31,success,10,https://swelbyboy.github.io/prospect-rss-feeds/gündem-bursa.xml,
1241,Dnevnik.ba,dnevnik.ba,2026-03-20 11:35:31,success,10,https://swelbyboy.github.io/prospect-rss-feeds/dnevnik-ba.xml,
1385,24Vesti,24vesti.com,2026-03-20 11:35:32,success,10,https://swelbyboy.github.io/prospect-rss-feeds/24vesti.xml,
1371,Galatasaray Gazetesi,gsgazete.com,2026-03-20 11:35:33,success,10,https://swelbyboy.github.io/prospect-rss-feeds/galatasaray-gazetesi.xml,
1529,Indopolitika,indopolitika.com,2026-03-20 11:35:34,failed,0,,HTTP 403
1383,Öncü Haber,oncurtv.com,2026-03-20 11:35:34,success,10,https://swelbyboy.github.io/prospect-rss-feeds/öncü-haber.xml,
1389,Dete.gr,dete.gr,2026-03-20 11:35:34,success,10,https://swelbyboy.github.io/prospect-rss-feeds/dete-gr.xml,
1382,theJasmineBRAND,thejasminebrand.com,2026-03-20 11:35:34,success,10,https://swelbyboy.github.io/prospect-rss-feeds/thejasminebrand.xml,
1384,Truth Media Hong Kong (TMHK),tmhk.org,2026-03-20 11:35:36,success,10,https://swelbyboy.github.io/prospect-rss-feeds/truth-media-hong-kong--tmhk.xml,
1400,Oficial Media,oficialmedia.com,2026-03-20 11:35:37,success,10,https://swelbyboy.github.io/prospect-rss-feeds/oficial-media.xml,
1408,112Vandaag,112vdg.nl,2026-03-20 11:35:37,success,10,https://swelbyboy.github.io/prospect-rss-feeds/112vandaag.xml,
1365,PR Nigeria,prnigeria.com,2026-03-20 11:35:38,success,10,https://swelbyboy.github.io/prospect-rss-feeds/pr-nigeria.xml,
1392,Daily Ekattor,dailyekattor.com,2026-03-20 11:35:38,success,10,https://swelbyboy.github.io/prospect-rss-feeds/daily-ekattor.xml,
1401,Religis,religis.com,2026-03-20 11:35:39,success,10,https://swelbyboy.github.io/prospect-rss-feeds/religis.xml,
1407,168Chasa,168chasa.bg,2026-03-20 11:35:39,success,10,https://swelbyboy.github.io/prospect-rss-feeds/168chasa.xml,
1416,Co w Krakowie,cowkrakowie.pl,2026-03-20 11:35:39,success,10,https://swelbyboy.github.io/prospect-rss-feeds/co-w-krakowie.xml,
1409,Comentacii,comentacii.ro,2026-03-20 11:35:39,success,10,https://swelbyboy.github.io/prospect-rss-feeds/comentacii.xml,
1415,MAX SPORT,maxsport.rs,2026-03-20 11:35:39,success,10,https://swelbyboy.github.io/prospect-rss-feeds/max-sport.xml,
1411,Haber Dairesi,haberdairesi.com,2026-03-20 11:35:39,success,10,https://swelbyboy.github.io/prospect-rss-feeds/haber-dairesi.xml,
1413,Gumushane News,gumushane.gen.tr,2026-03-20 11:35:40,success,10,https://swelbyboy.github.io/prospect-rss-feeds/gumushane-news.xml,
1390,Constanta 100%,ct100.ro,2026-03-20 11:35:40,success,10,https://swelbyboy.github.io/prospect-rss-feeds/constanta-100.xml,
1405,CRNA Hronika BiH,crna-hronika.info,2026-03-20 11:35:41,success,10,https://swelbyboy.github.io/prospect-rss-feeds/crna-hronika-bih.xml,
1399,Ripensis Media Trust,opiniatimisoarei.ro,2026-03-20 11:35:42,success,10,https://swelbyboy.github.io/prospect-rss-feeds/ripensis-media-trust.xml,
1373,priyoshomoy.com,priyoshomoy.com,2026-03-20 11:35:42,success,10,https://swelbyboy.github.io/prospect-rss-feeds/priyoshomoy-com.xml,
1561,Exherald Publishing Incorporated,baguioheraldexpressonline.com,2026-03-20 11:35:43,failed,0,,HTTP 403
1426,Newsitamea,newsitamea.gr,2026-03-20 11:35:43,success,10,https://swelbyboy.github.io/prospect-rss-feeds/newsitamea.xml,
1417,Kavala Web News,kavalawebnews.gr,2026-03-20 11:35:44,success,10,https://swelbyboy.github.io/prospect-rss-feeds/kavala-web-news.xml,
1396,Gkourou,gkourou.com,2026-03-20 11:35:44,success,10,https://swelbyboy.github.io/prospect-rss-feeds/gkourou.xml,
1422,Overdope,overdope.com,2026-03-20 11:35:46,success,8,https://swelbyboy.github.io/prospect-rss-feeds/overdope.xml,
1418,24Chasa,24chasa.bg,2026-03-20 11:35:47,success,10,https://swelbyboy.github.io/prospect-rss-feeds/24chasa.xml,
1428,Radio Iaşi,radioiasi.ro,2026-03-20 11:35:47,success,10,https://swelbyboy.github.io/prospect-rss-feeds/radio-iaşi.xml,
1420,Radio Gdansk,radiogdansk.pl,2026-03-20 11:35:47,success,10,https://swelbyboy.github.io/prospect-rss-feeds/radio-gdansk.xml,
1388,Piano Street,pianostreet.com,2026-03-20 11:35:48,success,10,https://swelbyboy.github.io/prospect-rss-feeds/piano-street.xml,
1391,Cazin.ba,cazin.ba,2026-03-20 11:35:48,success,10,https://swelbyboy.github.io/prospect-rss-feeds/cazin-ba.xml,
1442,Radio Szczecin,radioszczecin.pl,2026-03-20 11:35:49,success,10,https://swelbyboy.github.io/prospect-rss-feeds/radio-szczecin.xml,
1395,Notia.gr,notia.gr,2026-03-20 11:35:49,success,10,https://swelbyboy.github.io/prospect-rss-feeds/notia-gr.xml,
1435,Travelgirl,travelgirl.gr,2026-03-20 11:35:49,success,10,https://swelbyboy.github.io/prospect-rss-feeds/travelgirl.xml,
1439,PortalSM,portalsm.ro,2026-03-20 11:35:49,success,10,https://swelbyboy.github.io/prospect-rss-feeds/portalsm.xml,
1414,Moral News 24,moralnews24.com,2026-03-20 11:35:51,success,10,https://swelbyboy.github.io/prospect-rss-feeds/moral-news-24.xml,
1393,Nova Tv Mediaş,novatv.ro,2026-03-20 11:35:52,success,10,https://swelbyboy.github.io/prospect-rss-feeds/nova-tv-mediaş.xml,
1448,wiemy.to,wiemy.to,2026-03-20 11:35:53,success,10,https://swelbyboy.github.io/prospect-rss-feeds/wiemy-to.xml,
1501,Anorthosis24,anorthosis24.net,2026-03-20 11:35:54,success,10,https://swelbyboy.github.io/prospect-rss-feeds/anorthosis24.xml,
1429,AĞRI Hürses,agrihurses.net,2026-03-20 11:35:54,success,10,https://swelbyboy.github.io/prospect-rss-feeds/ağri-hürses.xml,
1437,Enjoy! Media,metropoliabydgoska.pl,2026-03-20 11:35:54,success,10,https://swelbyboy.github.io/prospect-rss-feeds/enjoy--media.xml,
1465,Potret News,potretnews.com,2026-03-20 11:35:55,success,10,https://swelbyboy.github.io/prospect-rss-feeds/potret-news.xml,
1456,Twente Insite,twenteinsite.nl,2026-03-20 11:35:55,success,10,https://swelbyboy.github.io/prospect-rss-feeds/twente-insite.xml,
1421,Gun Pro Plus,gunproplus.com,2026-03-20 11:35:56,success,10,https://swelbyboy.github.io/prospect-rss-feeds/gun-pro-plus.xml,
1387,Daily Cox News,dailycoxnews.com,2026-03-20 11:35:56,success,10,https://swelbyboy.github.io/prospect-rss-feeds/daily-cox-news.xml,
1450,Radio 90,radio90.pl,2026-03-20 11:35:57,success,10,https://swelbyboy.github.io/prospect-rss-feeds/radio-90.xml,
1480,Pernik News,perniknews.com,2026-03-20 11:35:57,success,10,https://swelbyboy.github.io/prospect-rss-feeds/pernik-news.xml,
1476,UFight.gr,ufight.gr,2026-03-20 11:35:58,success,10,https://swelbyboy.github.io/prospect-rss-feeds/ufight-gr.xml,
1447,PhilNews,philnews.ph,2026-03-20 11:35:58,success,10,https://swelbyboy.github.io/prospect-rss-feeds/philnews.xml,
1454,to10.gr,to10.gr,2026-03-20 11:35:58,success,10,https://swelbyboy.github.io/prospect-rss-feeds/to10-gr.xml,
1475,PoliceNET of Greece,policenet.gr,2026-03-20 11:35:59,success,10,https://swelbyboy.github.io/prospect-rss-feeds/policenet-of-greece.xml,
1599,TeluguStop,telugustop.com,2026-03-20 11:35:59,success,1,https://swelbyboy.github.io/prospect-rss-feeds/telugustop.xml,
1470,Popaganda,popaganda.gr,2026-03-20 11:35:59,success,10,https://swelbyboy.github.io/prospect-rss-feeds/popaganda.xml,
1483,aera.gr,aera.gr,2026-03-20 11:35:59,success,10,https://swelbyboy.github.io/prospect-rss-feeds/aera-gr.xml,
1466,Prijedor24H,prijedor24h.net,2026-03-20 11:36:00,success,10,https://swelbyboy.github.io/prospect-rss-feeds/prijedor24h.xml,
1493,Prijedor24.com,prijedor24.com,2026-03-20 11:36:00,success,10,https://swelbyboy.github.io/prospect-rss-feeds/prijedor24-com.xml,
1482,TrikalaVoice,trikalavoice.gr,2026-03-20 11:36:00,success,10,https://swelbyboy.github.io/prospect-rss-feeds/trikalavoice.xml,
1460,Nafpaktia News,nafpaktianews.gr,2026-03-20 11:36:01,success,10,https://swelbyboy.github.io/prospect-rss-feeds/nafpaktia-news.xml,
1603,BalkansPress,balkanspress.com,2026-03-20 11:36:01,success,1,https://swelbyboy.github.io/prospect-rss-feeds/balkanspress.xml,
1469,168.hu,168.hu,2026-03-20 11:36:01,success,10,https://swelbyboy.github.io/prospect-rss-feeds/168-hu.xml,
1473,Urfa Bilişim Hizmetleri,urfa.com,2026-03-20 11:36:01,success,10,https://swelbyboy.github.io/prospect-rss-feeds/urfa-bilişim-hizmetleri.xml,
1463,Pressmania,pressmania.pl,2026-03-20 11:36:02,success,10,https://swelbyboy.github.io/prospect-rss-feeds/pressmania.xml,
1478,agrinio24.gr,agrinio24.gr,2026-03-20 11:36:02,success,10,https://swelbyboy.github.io/prospect-rss-feeds/agrinio24-gr.xml,
1490,Stormer SA,weradio.ro,2026-03-20 11:36:03,success,10,https://swelbyboy.github.io/prospect-rss-feeds/stormer-sa.xml,
1494,News TR,newstr.net,2026-03-20 11:36:03,success,10,https://swelbyboy.github.io/prospect-rss-feeds/news-tr.xml,
1605,News Kannada,newskannada.in,2026-03-20 11:36:04,success,1,https://swelbyboy.github.io/prospect-rss-feeds/news-kannada.xml,
1377,Dom Pelen Pomyslow,dompelenpomyslow.pl,2026-03-20 11:36:05,success,10,https://swelbyboy.github.io/prospect-rss-feeds/dom-pelen-pomyslow.xml,
1491,PRESSARIS,pressaris.gr,2026-03-20 11:36:05,success,10,https://swelbyboy.github.io/prospect-rss-feeds/pressaris.xml,
1479,PressTV.bg,presstv.bg,2026-03-20 11:36:05,success,10,https://swelbyboy.github.io/prospect-rss-feeds/presstv-bg.xml,
1445,Radio Polis 99.4,radiopolis.gr,2026-03-20 11:36:05,success,10,https://swelbyboy.github.io/prospect-rss-feeds/radio-polis-99-4.xml,
1488,Thessaloniki Arts and Culture,thessalonikiartsandculture.gr,2026-03-20 11:36:07,success,10,https://swelbyboy.github.io/prospect-rss-feeds/thessaloniki-arts-and-culture.xml,
1492,Timp Online,timponline.ro,2026-03-20 11:36:07,success,10,https://swelbyboy.github.io/prospect-rss-feeds/timp-online.xml,
1507,Медикъл Нюз (Medical News),medicalnews.bg,2026-03-20 11:36:07,success,10,https://swelbyboy.github.io/prospect-rss-feeds/медикъл-нюз--medical-news.xml,
1508,Hindi Tracks,hinditracks.in,2026-03-20 11:36:08,success,10,https://swelbyboy.github.io/prospect-rss-feeds/hindi-tracks.xml,
1502,Indeleiderstrui,indeleiderstrui.nl,2026-03-20 11:36:08,success,10,https://swelbyboy.github.io/prospect-rss-feeds/indeleiderstrui.xml,
1497,WaCow Media,wacowla.com,2026-03-20 11:36:09,success,10,https://swelbyboy.github.io/prospect-rss-feeds/wacow-media.xml,
1521,Kashmir News Service Pvt Ltd,knskashmir.com,2026-03-20 11:36:09,success,10,https://swelbyboy.github.io/prospect-rss-feeds/kashmir-news-service-pvt-ltd.xml,
1656,Fundatia Mereu Aproape,fundatiamereuaproape.ro,2026-03-20 11:36:11,failed,0,,No entries found in feed
1504,Vous.hu,vous.hu,2026-03-20 11:36:11,success,10,https://swelbyboy.github.io/prospect-rss-feeds/vous-hu.xml,
1509,Iskra GR,iskra.gr,2026-03-20 11:36:12,success,10,https://swelbyboy.github.io/prospect-rss-feeds/iskra-gr.xml,
1496,Vellinakshatram,vellinakshatram.com,2026-03-20 11:36:13,success,10,https://swelbyboy.github.io/prospect-rss-feeds/vellinakshatram.xml,
1533,Honvédelem,honvedelem.hu,2026-03-20 11:36:15,success,10,https://swelbyboy.github.io/prospect-rss-feeds/honvédelem.xml,
1535,Aktif Haber,aktifhaber.com,2026-03-20 11:36:16,success,10,https://swelbyboy.github.io/prospect-rss-feeds/aktif-haber.xml,
1514,Konyanın Nabzı,konyaninnabzi.web.tr,2026-03-20 11:36:16,success,10,https://swelbyboy.github.io/prospect-rss-feeds/konyanın-nabzı.xml,
1513,Inevros Media,inevros.gr,2026-03-20 11:36:16,success,10,https://swelbyboy.github.io/prospect-rss-feeds/inevros-media.xml,
1536,Ilialive,ilialive.gr,2026-03-20 11:36:17,success,10,https://swelbyboy.github.io/prospect-rss-feeds/ilialive.xml,
1522,Iswinoujscie.pl,iswinoujscie.pl,2026-03-20 11:36:19,success,10,https://swelbyboy.github.io/prospect-rss-feeds/iswinoujscie-pl.xml,
1503,Monopoli,monopoli.gr,2026-03-20 11:36:19,success,10,https://swelbyboy.github.io/prospect-rss-feeds/monopoli.xml,
1511,Rethemnos News,rethemnosnews.gr,2026-03-20 11:36:19,success,10,https://swelbyboy.github.io/prospect-rss-feeds/rethemnos-news.xml,
1542,Istotne.pl,istotne.pl,2026-03-20 11:36:19,success,10,https://swelbyboy.github.io/prospect-rss-feeds/istotne-pl.xml,
1552,DefenseTalk,defencetalk.com,2026-03-20 11:36:20,success,10,https://swelbyboy.github.io/prospect-rss-feeds/defensetalk.xml,
1530,Αληθινές Γυναίκες,alithinesgynaikes.gr,2026-03-20 11:36:21,success,10,https://swelbyboy.github.io/prospect-rss-feeds/αληθινές-γυναίκες.xml,
1520,Kanal V,kanalv.com.tr,2026-03-20 11:36:21,success,10,https://swelbyboy.github.io/prospect-rss-feeds/kanal-v.xml,
1679,Szatmar.ro,szatmar.ro,2026-03-20 11:36:22,failed,0,,HTTP 403
1455,Tintahijau,tintahijau.com,2026-03-20 11:36:22,success,10,https://swelbyboy.github.io/prospect-rss-feeds/tintahijau.xml,
1512,Magyar Szó,magyarszo.rs,2026-03-20 11:36:23,success,10,https://swelbyboy.github.io/prospect-rss-feeds/magyar-szó.xml,
1595,Ἑλληνοϊστορεῖν (Ellinostorin),ellinoistorin.gr,2026-03-20 11:36:23,success,6,https://swelbyboy.github.io/prospect-rss-feeds/ἑλληνοϊστορεῖν--ellinostorin.xml,
1527,ŻywiecInfo.pl,zywiecinfo.pl,2026-03-20 11:36:24,success,10,https://swelbyboy.github.io/prospect-rss-feeds/żywiecinfo-pl.xml,
1222,The Daily Observer,observerbd.com,2026-03-20 11:36:25,success,10,https://swelbyboy.github.io/prospect-rss-feeds/the-daily-observer.xml,
1440,ZdrowePoradniki.pl,zdroweporadniki.pl,2026-03-20 11:36:26,success,10,https://swelbyboy.github.io/prospect-rss-feeds/zdroweporadniki-pl.xml,
1560,Kawerna,kawerna.pl,2026-03-20 11:36:26,success,8,https://swelbyboy.github.io/prospect-rss-feeds/kawerna.xml,
1539,Karfitsa,karfitsa.gr,2026-03-20 11:36:29,success,10,https://swelbyboy.github.io/prospect-rss-feeds/karfitsa.xml,
1558,Bacau.net,bacau.net,2026-03-20 11:36:30,success,10,https://swelbyboy.github.io/prospect-rss-feeds/bacau-net.xml,
1556,Ellinikí Aktoploïa,ellinikiaktoploia.net,2026-03-20 11:36:31,success,10,https://swelbyboy.github.io/prospect-rss-feeds/ellinikí-aktoploïa.xml,
1538,SAFF.ba,saff.ba,2026-03-20 11:36:31,success,10,https://swelbyboy.github.io/prospect-rss-feeds/saff-ba.xml,
1573,Informatiata,informatiata.ro,2026-03-20 11:36:31,success,10,https://swelbyboy.github.io/prospect-rss-feeds/informatiata.xml,
1550,Media Group 24 Ltd,burgas24.bg,2026-03-20 11:36:32,success,10,https://swelbyboy.github.io/prospect-rss-feeds/media-group-24-ltd.xml,
1534,THARROS PUBLISHING LTD.,tharrosnews.gr,2026-03-20 11:36:33,success,10,https://swelbyboy.github.io/prospect-rss-feeds/tharros-publishing-ltd.xml,
1567,High View Art,highviewart.com,2026-03-20 11:36:33,success,10,https://swelbyboy.github.io/prospect-rss-feeds/high-view-art.xml,
1662,Homesthetics,homesthetics.net,2026-03-20 11:36:34,success,4,https://swelbyboy.github.io/prospect-rss-feeds/homesthetics.xml,
1540,InCar 癮車報,incar.tw,2026-03-20 11:36:34,success,10,https://swelbyboy.github.io/prospect-rss-feeds/incar-癮車報.xml,
1559,Hyggestedet,hyggestedet.dk,2026-03-20 11:36:34,success,10,https://swelbyboy.github.io/prospect-rss-feeds/hyggestedet.xml,
1427,Top Tamil News,toptamilnews.com,2026-03-20 11:36:35,success,10,https://swelbyboy.github.io/prospect-rss-feeds/top-tamil-news.xml,
1528,InfoKG,infokg.rs,2026-03-20 11:36:35,success,10,https://swelbyboy.github.io/prospect-rss-feeds/infokg.xml,
1577,Kućni lekar,kucnilekar.com,2026-03-20 11:36:36,success,10,https://swelbyboy.github.io/prospect-rss-feeds/kućni-lekar.xml,
1553,ABCPortal.info,abcportal.info,2026-03-20 11:36:38,success,10,https://swelbyboy.github.io/prospect-rss-feeds/abcportal-info.xml,
1564,INFO NEAMȚ,infoneamt.ro,2026-03-20 11:36:39,success,10,https://swelbyboy.github.io/prospect-rss-feeds/info-neamț.xml,
1546,Radio ZOS,zosradio.ba,2026-03-20 11:36:40,success,10,https://swelbyboy.github.io/prospect-rss-feeds/radio-zos.xml,
1531,Amader Barisal,amaderbarisal.com,2026-03-20 11:36:40,success,10,https://swelbyboy.github.io/prospect-rss-feeds/amader-barisal.xml,
1581,banjaluka,banjaluka.com,2026-03-20 11:36:41,success,10,https://swelbyboy.github.io/prospect-rss-feeds/banjaluka.xml,
1574,Hello Maharashtr,hellomaharashtra.in,2026-03-20 11:36:41,success,10,https://swelbyboy.github.io/prospect-rss-feeds/hello-maharashtr.xml,
1579,Infoprzasnysz,infoprzasnysz.com,2026-03-20 11:36:42,success,10,https://swelbyboy.github.io/prospect-rss-feeds/infoprzasnysz.xml,
1563,Kragujevčani,kragujevcani.rs,2026-03-20 11:36:42,success,10,https://swelbyboy.github.io/prospect-rss-feeds/kragujevčani.xml,
1606,TLife,tlife.gr,2026-03-20 11:36:42,success,10,https://swelbyboy.github.io/prospect-rss-feeds/tlife.xml,
1591,Mielen Ihmeet,mielenihmeet.fi,2026-03-20 11:36:43,success,10,https://swelbyboy.github.io/prospect-rss-feeds/mielen-ihmeet.xml,
1589,Ziarul National,national.ro,2026-03-20 11:36:44,success,10,https://swelbyboy.github.io/prospect-rss-feeds/ziarul-national.xml,
1598,Lesvos News,lesvosnews.net,2026-03-20 11:36:44,success,10,https://swelbyboy.github.io/prospect-rss-feeds/lesvos-news.xml,
1582,Wrestling Headlines,wrestlingheadlines.com,2026-03-20 11:36:45,success,10,https://swelbyboy.github.io/prospect-rss-feeds/wrestling-headlines.xml,
1580,Moto7 專業汽機車資訊,moto7.net,2026-03-20 11:36:45,success,10,https://swelbyboy.github.io/prospect-rss-feeds/moto7-專業汽機車資訊.xml,
1615,Haberdarim,haberdarim.com,2026-03-20 11:36:47,success,10,https://swelbyboy.github.io/prospect-rss-feeds/haberdarim.xml,
1756,Ülkücü Medya,ulkucumedya.com,2026-03-20 11:36:49,failed,0,,No entries found in feed
1627,Literatura De Azi,literaturadeazi.ro,2026-03-20 11:36:49,success,10,https://swelbyboy.github.io/prospect-rss-feeds/literatura-de-azi.xml,
1639,MamaPeinao,mamapeinao.gr,2026-03-20 11:36:50,success,10,https://swelbyboy.github.io/prospect-rss-feeds/mamapeinao.xml,
1640,Merhaba Haber,merhabahaber.com,2026-03-20 11:36:51,success,10,https://swelbyboy.github.io/prospect-rss-feeds/merhaba-haber.xml,
1587,MAN-MAN,man-man.nl,2026-03-20 11:36:51,success,10,https://swelbyboy.github.io/prospect-rss-feeds/man-man.xml,
1562,Agrároldal.hu,agraroldal.hu,2026-03-20 11:36:51,success,8,https://swelbyboy.github.io/prospect-rss-feeds/agrároldal-hu.xml,
1593,Lasvanska Dolina,lasvanskadolina.info,2026-03-20 11:36:51,success,10,https://swelbyboy.github.io/prospect-rss-feeds/lasvanska-dolina.xml,
1633,Independent Urdu,independenturdu.com,2026-03-20 11:36:51,success,10,https://swelbyboy.github.io/prospect-rss-feeds/independent-urdu.xml,
1661,Transilvania 365,transilvania365.ro,2026-03-20 11:36:51,success,10,https://swelbyboy.github.io/prospect-rss-feeds/transilvania-365.xml,
1629,Ljepota & Zdravlje Hrvatska,ljepotaizdravlje.hr,2026-03-20 11:36:52,success,10,https://swelbyboy.github.io/prospect-rss-feeds/ljepota---zdravlje-hrvatska.xml,
1623,life4style,life4style.pl,2026-03-20 11:36:52,success,10,https://swelbyboy.github.io/prospect-rss-feeds/life4style.xml,
1649,Aydınpost,aydinpost.com,2026-03-20 11:36:52,success,10,https://swelbyboy.github.io/prospect-rss-feeds/aydınpost.xml,
1628,Kocaeli Zirve,kocaelizirve.com,2026-03-20 11:36:53,success,10,https://swelbyboy.github.io/prospect-rss-feeds/kocaeli-zirve.xml,
1583,Light Travel,lightnewsbd.com,2026-03-20 11:36:53,success,10,https://swelbyboy.github.io/prospect-rss-feeds/light-travel.xml,
1643,Duruş Haber,durushaber.com.tr,2026-03-20 11:36:53,success,10,https://swelbyboy.github.io/prospect-rss-feeds/duruş-haber.xml,
1663,Romani Buni,romani-buni.info,2026-03-20 11:36:53,success,10,https://swelbyboy.github.io/prospect-rss-feeds/romani-buni.xml,
1621,Sarah Palin,sarahpalin.com,2026-03-20 11:36:53,success,10,https://swelbyboy.github.io/prospect-rss-feeds/sarah-palin.xml,
1611,SanDiego Red,sandiegored.com,2026-03-20 11:36:54,success,10,https://swelbyboy.github.io/prospect-rss-feeds/sandiego-red.xml,
1608,Bidista.com - A TippLista,bidista.com,2026-03-20 11:36:54,success,10,https://swelbyboy.github.io/prospect-rss-feeds/bidista-com---a-tipplista.xml,
1644,Livno Online,livno-online.com,2026-03-20 11:36:54,success,10,https://swelbyboy.github.io/prospect-rss-feeds/livno-online.xml,
1632,Mesagerul lui Hristos,stiriincurajari.ro,2026-03-20 11:36:54,success,10,https://swelbyboy.github.io/prospect-rss-feeds/mesagerul-lui-hristos.xml,
1650,Daddy Cool,daddy-cool.gr,2026-03-20 11:36:55,success,10,https://swelbyboy.github.io/prospect-rss-feeds/daddy-cool.xml,
1753,Insaf24.com,insaf24.com,2026-03-20 11:36:54,success,1,https://swelbyboy.github.io/prospect-rss-feeds/insaf24-com.xml,
1622,E-Braničevo,ebranicevo.com,2026-03-20 11:36:54,success,10,https://swelbyboy.github.io/prospect-rss-feeds/e-braničevo.xml,
1619,Halkweb,halkweb.com.tr,2026-03-20 11:36:55,success,10,https://swelbyboy.github.io/prospect-rss-feeds/halkweb.xml,
1625,Natchitoches Parish Journal,natchitochesparishjournal.com,2026-03-20 11:36:55,success,10,https://swelbyboy.github.io/prospect-rss-feeds/natchitoches-parish-journal.xml,
1596,bbc24news,bbc24news.com,2026-03-20 11:36:57,success,10,https://swelbyboy.github.io/prospect-rss-feeds/bbc24news.xml,
1592,Metro Vaartha,metrovaartha.com,2026-03-20 11:36:57,success,10,https://swelbyboy.github.io/prospect-rss-feeds/metro-vaartha.xml,
1641,ΜΗΧΑΝΗ ΤΟΥ ΧΡΟΝΟΥ,mixanitouxronou.gr,2026-03-20 11:36:57,success,10,https://swelbyboy.github.io/prospect-rss-feeds/μηχανη-του-χρονου.xml,
1601,Fűzővel kifelé!,fuzovelkifele.com,2026-03-20 11:36:57,success,10,https://swelbyboy.github.io/prospect-rss-feeds/fűzővel-kifelé.xml,
1618,Siyasetcafe.com,siyasetcafe.com,2026-03-20 11:36:58,success,9,https://swelbyboy.github.io/prospect-rss-feeds/siyasetcafe-com.xml,
1635,AM Press News,ampress.ro,2026-03-20 11:36:59,success,10,https://swelbyboy.github.io/prospect-rss-feeds/am-press-news.xml,
1804,Hockey Magasinet,hockeymagasinet.dk,2026-03-20 11:36:59,failed,0,,HTTP 404
1712,Covai Post - Thandoraa,thandoraa.com,2026-03-20 11:37:01,success,6,https://swelbyboy.github.io/prospect-rss-feeds/covai-post---thandoraa.xml,
1626,SET News,setn.com,2026-03-20 11:37:01,success,10,https://swelbyboy.github.io/prospect-rss-feeds/set-news.xml,
1665,Gazeta de Nord-Vest,gazetanord-vest.ro,2026-03-20 11:37:04,success,10,https://swelbyboy.github.io/prospect-rss-feeds/gazeta-de-nord-vest.xml,
1658,Voice News,voicenews.gr,2026-03-20 11:37:04,success,10,https://swelbyboy.github.io/prospect-rss-feeds/voice-news.xml,
1671,EMaramures,emaramures.ro,2026-03-20 11:37:04,success,10,https://swelbyboy.github.io/prospect-rss-feeds/emaramures.xml,
1737,BriefingNews.gr,briefingnews.gr,2026-03-20 11:37:05,success,4,https://swelbyboy.github.io/prospect-rss-feeds/briefingnews-gr.xml,
1655,Freepen.gr,freepen.gr,2026-03-20 11:37:06,success,10,https://swelbyboy.github.io/prospect-rss-feeds/freepen-gr.xml,
1770,Janjwar,janjwar.com,2026-03-20 11:37:07,success,2,https://swelbyboy.github.io/prospect-rss-feeds/janjwar.xml,
1673,OnAlert.gr,onalert.gr,2026-03-20 11:37:07,success,10,https://swelbyboy.github.io/prospect-rss-feeds/onalert-gr.xml,
1664,Casa Ideas,casasideas.gr,2026-03-20 11:37:08,success,10,https://swelbyboy.github.io/prospect-rss-feeds/casa-ideas.xml,
1681,CLUJUST,clujust.ro,2026-03-20 11:37:08,success,10,https://swelbyboy.github.io/prospect-rss-feeds/clujust.xml,
1620,ajkerbangladesh24.com,deshprotikhon.com,2026-03-20 11:37:09,success,10,https://swelbyboy.github.io/prospect-rss-feeds/ajkerbangladesh24-com.xml,
1659,Politic.gr,politic.gr,2026-03-20 11:37:10,success,10,https://swelbyboy.github.io/prospect-rss-feeds/politic-gr.xml,
1668,013info,013info.rs,2026-03-20 11:37:11,success,10,https://swelbyboy.github.io/prospect-rss-feeds/013info.xml,
1645,Malayalee Vision Media LTD,malayaleevision.com,2026-03-20 11:37:11,success,10,https://swelbyboy.github.io/prospect-rss-feeds/malayalee-vision-media-ltd.xml,
1672,Republikbobotoh.com,republikbobotoh.com,2026-03-20 11:37:11,success,10,https://swelbyboy.github.io/prospect-rss-feeds/republikbobotoh-com.xml,
1682,Fightsports.gr,fightsports.gr,2026-03-20 11:37:12,success,10,https://swelbyboy.github.io/prospect-rss-feeds/fightsports-gr.xml,
1667,Artho Suchak,arthosuchak.com,2026-03-20 11:37:12,success,10,https://swelbyboy.github.io/prospect-rss-feeds/artho-suchak.xml,
1694,NewsAr.ro,newsar.ro,2026-03-20 11:37:12,success,10,https://swelbyboy.github.io/prospect-rss-feeds/newsar-ro.xml,
1708,deBanat.ro,debanat.ro,2026-03-20 11:37:12,success,10,https://swelbyboy.github.io/prospect-rss-feeds/debanat-ro.xml,
1651,Kuningan Mass,kuninganmass.com,2026-03-20 11:37:13,success,10,https://swelbyboy.github.io/prospect-rss-feeds/kuningan-mass.xml,
1660,CultureNow,culturenow.gr,2026-03-20 11:37:13,success,10,https://swelbyboy.github.io/prospect-rss-feeds/culturenow.xml,
1691,Ziarul Unirea,ziarulunirea.ro,2026-03-20 11:37:14,success,10,https://swelbyboy.github.io/prospect-rss-feeds/ziarul-unirea.xml,
1709,Buna Ziua Vaslui,bzv.ro,2026-03-20 11:37:15,success,10,https://swelbyboy.github.io/prospect-rss-feeds/buna-ziua-vaslui.xml,
1692,Uh.ro,uh.ro,2026-03-20 11:37:14,success,10,https://swelbyboy.github.io/prospect-rss-feeds/uh-ro.xml,
1693,Dinfo,dinfo.gr,2026-03-20 11:37:15,success,10,https://swelbyboy.github.io/prospect-rss-feeds/dinfo.xml,
1700,TalentAbout.gr,talentabout.gr,2026-03-20 11:37:16,success,10,https://swelbyboy.github.io/prospect-rss-feeds/talentabout-gr.xml,
1705,Poimin.gr,poimin.gr,2026-03-20 11:37:17,success,10,https://swelbyboy.github.io/prospect-rss-feeds/poimin-gr.xml,
1685,Editia De Dimineata,editiadedimineata.ro,2026-03-20 11:37:17,success,10,https://swelbyboy.github.io/prospect-rss-feeds/editia-de-dimineata.xml,
1703,InfoOradea,infooradea.ro,2026-03-20 11:37:18,success,10,https://swelbyboy.github.io/prospect-rss-feeds/infooradea.xml,
1652,Grupul pentru Dialog Social,gds.ong.ro,2026-03-20 11:37:19,success,9,https://swelbyboy.github.io/prospect-rss-feeds/grupul-pentru-dialog-social.xml,
1711,Brasov Romania,brasovromania.net,2026-03-20 11:37:21,success,10,https://swelbyboy.github.io/prospect-rss-feeds/brasov-romania.xml,
1842,България,istinskiistorii.com,2026-03-20 11:37:22,success,2,https://swelbyboy.github.io/prospect-rss-feeds/българия.xml,
1731,Iminathi,iminathi.net,2026-03-20 11:37:22,success,10,https://swelbyboy.github.io/prospect-rss-feeds/iminathi.xml,
1706,ObiectivSM,obiectiv-sm.ro,2026-03-20 11:37:22,success,10,https://swelbyboy.github.io/prospect-rss-feeds/obiectivsm.xml,
1674,Bursasporluyuz.org,bursasporluyuz.org,2026-03-20 11:37:23,success,10,https://swelbyboy.github.io/prospect-rss-feeds/bursasporluyuz-org.xml,
1716,Fumara,fumara.gr,2026-03-20 11:37:23,success,10,https://swelbyboy.github.io/prospect-rss-feeds/fumara.xml,
1698,Reper24.ro,reper24.ro,2026-03-20 11:37:23,success,10,https://swelbyboy.github.io/prospect-rss-feeds/reper24-ro.xml,
1697,Wawlist,wawlist.com,2026-03-20 11:37:23,success,10,https://swelbyboy.github.io/prospect-rss-feeds/wawlist.xml,
1721,Ereğli Metro Tv,ereglimetro.com.tr,2026-03-20 11:37:24,success,10,https://swelbyboy.github.io/prospect-rss-feeds/ereğli-metro-tv.xml,
1726,Buna Ziua Cluj,bzc.ro,2026-03-20 11:37:26,success,10,https://swelbyboy.github.io/prospect-rss-feeds/buna-ziua-cluj.xml,
1827,TheCitizen.in,thecitizen.in,2026-03-20 11:37:27,success,4,https://swelbyboy.github.io/prospect-rss-feeds/thecitizen-in.xml,
1696,Khabar Samay,khabarsamay.com,2026-03-20 11:37:27,success,10,https://swelbyboy.github.io/prospect-rss-feeds/khabar-samay.xml,
1684,তথ্য প্রবাহ,bekarbarta.com,2026-03-20 11:37:27,success,10,https://swelbyboy.github.io/prospect-rss-feeds/তথ-য-প-রব-হ.xml,
1898,Cafrande.org,cafrande.org,2026-03-20 11:37:29,failed,0,,"Error fetching feed: HTTPSConnectionPool(host='www.cafrande.org', port=443): Max retries exceeded with url: /feed/ (Caused by SSLError(SSLCertVerificationError(1, '[SSL: CERTIFICATE_VERIFY_FAILED] certificate verify failed: certificate has expired (_ssl.c:1000)')))"
1551,Kulturosupa.gr,kulturosupa.gr,2026-03-20 11:37:30,success,10,https://swelbyboy.github.io/prospect-rss-feeds/kulturosupa-gr.xml,
1730,Kingsport,kingsport.gr,2026-03-20 11:37:30,success,10,https://swelbyboy.github.io/prospect-rss-feeds/kingsport.xml,
1670,Hakikat Gazetesi,kibrishakikat.com,2026-03-20 11:37:30,success,10,https://swelbyboy.github.io/prospect-rss-feeds/hakikat-gazetesi.xml,
1714,Ankara'nın Sesi,ankaraninsesi.com,2026-03-20 11:37:31,success,10,https://swelbyboy.github.io/prospect-rss-feeds/ankara-nın-sesi.xml,
1902,Thanthi TV,thanthitv.com,2026-03-20 11:37:31,failed,0,,HTTP 404
1739,Dalmatinski portal,dalmatinskiportal.hr,2026-03-20 11:37:31,success,10,https://swelbyboy.github.io/prospect-rss-feeds/dalmatinski-portal.xml,
1732,socialpolicy.gr,socialpolicy.gr,2026-03-20 11:37:32,success,10,https://swelbyboy.github.io/prospect-rss-feeds/socialpolicy-gr.xml,
1742,Ketkes,ketkes.com,2026-03-20 11:37:34,success,10,https://swelbyboy.github.io/prospect-rss-feeds/ketkes.xml,
1719,OFF Magazine,offmagazine.gr,2026-03-20 11:37:34,success,10,https://swelbyboy.github.io/prospect-rss-feeds/off-magazine.xml,
1723,Stiri Crestine,stiricrestine.ro,2026-03-20 11:37:35,success,10,https://swelbyboy.github.io/prospect-rss-feeds/stiri-crestine.xml,
1752,Enimerotiko.gr,enimerotiko.gr,2026-03-20 11:37:36,success,10,https://swelbyboy.github.io/prospect-rss-feeds/enimerotiko-gr.xml,
1720,Arunachal24.in,arunachal24.in,2026-03-20 11:37:37,success,10,https://swelbyboy.github.io/prospect-rss-feeds/arunachal24-in.xml,
1749,AstroLive,astro-live.gr,2026-03-20 11:37:37,success,10,https://swelbyboy.github.io/prospect-rss-feeds/astrolive.xml,
1733,Hip-Hop Nigdy Stop,hhns.pl,2026-03-20 11:37:38,success,10,https://swelbyboy.github.io/prospect-rss-feeds/hip-hop-nigdy-stop.xml,
1600,MISCAREA DE REZISTENTA,miscareaderezistenta.ro,2026-03-20 11:37:38,success,10,https://swelbyboy.github.io/prospect-rss-feeds/miscarea-de-rezistenta.xml,
1851,Mad World News,madworldnews.com,2026-03-20 11:37:38,success,5,https://swelbyboy.github.io/prospect-rss-feeds/mad-world-news.xml,
1809,Inspector-Gadget.gr,inspector-gadget.gr,2026-03-20 11:37:40,success,8,https://swelbyboy.github.io/prospect-rss-feeds/inspector-gadget-gr.xml,
1736,Esos.gr,esos.gr,2026-03-20 11:37:41,success,10,https://swelbyboy.github.io/prospect-rss-feeds/esos-gr.xml,
1701,Football League News,footballleaguenews.gr,2026-03-20 11:37:41,success,8,https://swelbyboy.github.io/prospect-rss-feeds/football-league-news.xml,
1734,AviationNewsBD.com,aviationnewsbd.com,2026-03-20 11:37:41,success,10,https://swelbyboy.github.io/prospect-rss-feeds/aviationnewsbd-com.xml,
1792,ArabObserver,arabobserver.com,2026-03-20 11:37:42,success,9,https://swelbyboy.github.io/prospect-rss-feeds/arabobserver.xml,
1541,Allfood Recipes,allfood.recipes,2026-03-20 11:37:43,success,10,https://swelbyboy.github.io/prospect-rss-feeds/allfood-recipes.xml,
1794,Botosani News,botosaninews.ro,2026-03-20 11:37:43,success,10,https://swelbyboy.github.io/prospect-rss-feeds/botosani-news.xml,
1760,Eirinika.gr,eirinika.gr,2026-03-20 11:37:43,success,10,https://swelbyboy.github.io/prospect-rss-feeds/eirinika-gr.xml,
1780,Derventa Cafe,derventacafe.com,2026-03-20 11:37:45,success,10,https://swelbyboy.github.io/prospect-rss-feeds/derventa-cafe.xml,
1815,True Scoop,truescoopnews.com,2026-03-20 11:37:45,success,7,https://swelbyboy.github.io/prospect-rss-feeds/true-scoop.xml,
1788,Best Knitting Ideas,knittingidea.info,2026-03-20 11:37:45,success,10,https://swelbyboy.github.io/prospect-rss-feeds/best-knitting-ideas.xml,
1840,Lex Bird Media,lexbirdmedia.nl,2026-03-20 11:37:46,success,7,https://swelbyboy.github.io/prospect-rss-feeds/lex-bird-media.xml,
1864,Tenth Code Media,tenthcodemedia.com,2026-03-20 11:37:46,success,5,https://swelbyboy.github.io/prospect-rss-feeds/tenth-code-media.xml,
1803,Mobile Magazine,mobilemagazinehk.com,2026-03-20 11:37:49,success,10,https://swelbyboy.github.io/prospect-rss-feeds/mobile-magazine.xml,
1781,Balkan Android,balkanandroid.com,2026-03-20 11:37:50,success,10,https://swelbyboy.github.io/prospect-rss-feeds/balkan-android.xml,
1835,Daily Songbad,dailysongbad.com,2026-03-20 11:37:50,success,10,https://swelbyboy.github.io/prospect-rss-feeds/daily-songbad.xml,
1806,Antena24.ro,antena24.ro,2026-03-20 11:37:50,success,10,https://swelbyboy.github.io/prospect-rss-feeds/antena24-ro.xml,
1778,Lekhapora BD,lekhaporabd.net,2026-03-20 11:37:51,success,10,https://swelbyboy.github.io/prospect-rss-feeds/lekhapora-bd.xml,
1772,Šašava Ja,sasava-ja.com,2026-03-20 11:37:52,success,10,https://swelbyboy.github.io/prospect-rss-feeds/šašava-ja.xml,
1801,Georgians.gr,georgians.gr,2026-03-20 11:37:54,success,10,https://swelbyboy.github.io/prospect-rss-feeds/georgians-gr.xml,
1755,Secretele lui Lovendal,lovendal.ro,2026-03-20 11:37:54,success,10,https://swelbyboy.github.io/prospect-rss-feeds/secretele-lui-lovendal.xml,
1810,Kinowar.com,kinowar.com,2026-03-20 11:37:54,success,10,https://swelbyboy.github.io/prospect-rss-feeds/kinowar-com.xml,
1823,Famoza.net,famoza.net,2026-03-20 11:37:54,success,10,https://swelbyboy.github.io/prospect-rss-feeds/famoza-net.xml,
1725,Slatina Ta,slatinata.ro,2026-03-20 11:37:54,success,10,https://swelbyboy.github.io/prospect-rss-feeds/slatina-ta.xml,
1826,Warszawa w Pigułce,warszawawpigulce.pl,2026-03-20 11:37:55,success,10,https://swelbyboy.github.io/prospect-rss-feeds/warszawa-w-pigułce.xml,
1786,Denizli Ekspres,denizliekspres.com.tr,2026-03-20 11:37:56,success,10,https://swelbyboy.github.io/prospect-rss-feeds/denizli-ekspres.xml,
1829,Public TV,publictv.in,2026-03-20 11:37:56,success,10,https://swelbyboy.github.io/prospect-rss-feeds/public-tv.xml,
1791,Daily Bangladesh Media,bangladesh-media.com,2026-03-20 11:37:57,success,10,https://swelbyboy.github.io/prospect-rss-feeds/daily-bangladesh-media.xml,
1776,Kaajcareer,kaajcareer.in,2026-03-20 11:37:57,success,10,https://swelbyboy.github.io/prospect-rss-feeds/kaajcareer.xml,
1830,Cineulagam,cineulagam.com,2026-03-20 11:37:57,success,10,https://swelbyboy.github.io/prospect-rss-feeds/cineulagam.xml,
1765,TV ASTA,asta24.pl,2026-03-20 11:37:58,success,10,https://swelbyboy.github.io/prospect-rss-feeds/tv-asta.xml,
1838,Pozitivan stav,pozitivanstav.com,2026-03-20 11:37:58,success,10,https://swelbyboy.github.io/prospect-rss-feeds/pozitivan-stav.xml,
1817,Kelly’s Thoughts On Things,kellysthoughtsonthings.com,2026-03-20 11:37:59,success,10,https://swelbyboy.github.io/prospect-rss-feeds/kelly-s-thoughts-on-things.xml,
1761,Vartha Bharati,varthabharati.in,2026-03-20 11:37:59,success,10,https://swelbyboy.github.io/prospect-rss-feeds/vartha-bharati.xml,
1986,Antep Medya Yayıncılık,megahaber27.com,2026-03-20 11:38:00,failed,0,,HTTP 404
1787,Jagannathpur24,jagannathpur24.com,2026-03-20 11:38:02,success,10,https://swelbyboy.github.io/prospect-rss-feeds/jagannathpur24.xml,
1799,Banat Media,btv.ro,2026-03-20 11:38:02,success,10,https://swelbyboy.github.io/prospect-rss-feeds/banat-media.xml,
1841,Killarney Today,killarneytoday.com,2026-03-20 11:38:02,success,10,https://swelbyboy.github.io/prospect-rss-feeds/killarney-today.xml,
1833,Noroem Invest AS - Sportsbibelen,sportsbibelen.no,2026-03-20 11:38:02,success,10,https://swelbyboy.github.io/prospect-rss-feeds/noroem-invest-as---sportsbibelen.xml,
1832,The Rising News,therisingnews.com,2026-03-20 11:38:04,success,10,https://swelbyboy.github.io/prospect-rss-feeds/the-rising-news.xml,
1836,PCBToday,pcbtoday.in,2026-03-20 11:38:04,success,10,https://swelbyboy.github.io/prospect-rss-feeds/pcbtoday.xml,
1820,Telugu Desk,telugudesk.net,2026-03-20 11:38:05,success,10,https://swelbyboy.github.io/prospect-rss-feeds/telugu-desk.xml,
1784,Zdravlje I Kuhinja,zdravlje-i-kuhinja.live,2026-03-20 11:38:05,success,10,https://swelbyboy.github.io/prospect-rss-feeds/zdravlje-i-kuhinja.xml,
1738,Denizli 24 Haber,denizli24haber.com,2026-03-20 11:38:06,success,10,https://swelbyboy.github.io/prospect-rss-feeds/denizli-24-haber.xml,
1766,MessiniaRadio.gr,messiniaradio.gr,2026-03-20 11:38:07,success,10,https://swelbyboy.github.io/prospect-rss-feeds/messiniaradio-gr.xml,
2013,9 999 999 Views,9999999views.com,2026-03-20 11:38:08,failed,0,,No entries found in feed
1814,Jammu Links News,jammulinksnews.com,2026-03-20 11:38:11,success,10,https://swelbyboy.github.io/prospect-rss-feeds/jammu-links-news.xml,
1812,Nashville Noticias,nashvillenoticias.com,2026-03-20 11:38:11,success,10,https://swelbyboy.github.io/prospect-rss-feeds/nashville-noticias.xml,
1871,Khaleej Urdu,khaleejurdu.com,2026-03-20 11:38:11,success,10,https://swelbyboy.github.io/prospect-rss-feeds/khaleej-urdu.xml,
1849,Odisha Reporter,odishareporter.in,2026-03-20 11:38:14,success,10,https://swelbyboy.github.io/prospect-rss-feeds/odisha-reporter.xml,
1876,EiBarta.com,eibarta.com,2026-03-20 11:38:14,success,10,https://swelbyboy.github.io/prospect-rss-feeds/eibarta-com.xml,
1885,Lowcy Gier,lowcygier.pl,2026-03-20 11:38:14,success,10,https://swelbyboy.github.io/prospect-rss-feeds/lowcy-gier.xml,
1824,Uplifting Today,upliftingtoday.com,2026-03-20 11:38:14,success,10,https://swelbyboy.github.io/prospect-rss-feeds/uplifting-today.xml,
1872,Channel I Online,channelionline.com,2026-03-20 11:38:15,success,10,https://swelbyboy.github.io/prospect-rss-feeds/channel-i-online.xml,
1868,Şifa Bul,sifabulun.com,2026-03-20 11:38:15,success,10,https://swelbyboy.github.io/prospect-rss-feeds/şifa-bul.xml,
1877,Femina (Serbia),uspesnazena.com,2026-03-20 11:38:15,success,10,https://swelbyboy.github.io/prospect-rss-feeds/femina--serbia.xml,
1855,Omofon,omofon.com,2026-03-20 11:38:15,success,10,https://swelbyboy.github.io/prospect-rss-feeds/omofon.xml,
1847,Jurnas,jurnas.com,2026-03-20 11:38:16,success,10,https://swelbyboy.github.io/prospect-rss-feeds/jurnas.xml,
1869,Greek Web TV,greek-web-tv.com,2026-03-20 11:38:16,success,10,https://swelbyboy.github.io/prospect-rss-feeds/greek-web-tv.xml,
1870,Walo Radio,waloradio.com,2026-03-20 11:38:16,success,10,https://swelbyboy.github.io/prospect-rss-feeds/walo-radio.xml,
1867,熱血台中,taiwan17go.com,2026-03-20 11:38:17,success,10,https://swelbyboy.github.io/prospect-rss-feeds/熱血台中.xml,
1878,The Zimbabwean,thezimbabwean.co,2026-03-20 11:38:18,success,10,https://swelbyboy.github.io/prospect-rss-feeds/the-zimbabwean.xml,
2040,Uttor Bangla,uttorbangla.com,2026-03-20 11:38:19,failed,0,,HTTP 404
1888,Hrvatska Danas,hrvatska-danas.com,2026-03-20 11:38:19,success,10,https://swelbyboy.github.io/prospect-rss-feeds/hrvatska-danas.xml,
1866,myMMA,mymma.pl,2026-03-20 11:38:19,success,10,https://swelbyboy.github.io/prospect-rss-feeds/mymma.xml,
1854,Deshvani,deshvani.in,2026-03-20 11:38:20,success,10,https://swelbyboy.github.io/prospect-rss-feeds/deshvani.xml,
1875,Metro Journal Online,metrojournalonline.com,2026-03-20 11:38:20,success,10,https://swelbyboy.github.io/prospect-rss-feeds/metro-journal-online.xml,
1863,Leblebi TV,leblebi.tv,2026-03-20 11:38:20,success,10,https://swelbyboy.github.io/prospect-rss-feeds/leblebi-tv.xml,
1844,The Voice Of Bihar - VOB,voiceofbihar.in,2026-03-20 11:38:21,success,10,https://swelbyboy.github.io/prospect-rss-feeds/the-voice-of-bihar---vob.xml,
1609,Roze News,rozenews.com.pk,2026-03-20 11:38:21,success,10,https://swelbyboy.github.io/prospect-rss-feeds/roze-news.xml,
2056,Channel Hindustan,channelhindustan.com,2026-03-20 11:38:22,failed,0,,"Error fetching feed: HTTPSConnectionPool(host='channelhindustan.com', port=443): Max retries exceeded with url: /feed/ (Caused by SSLError(SSLCertVerificationError(1, '[SSL: CERTIFICATE_VERIFY_FAILED] certificate verify failed: certificate has expired (_ssl.c:1000)')))"
1907,Marokko,nieuws.marokko.nl,2026-03-20 11:38:22,success,10,https://swelbyboy.github.io/prospect-rss-feeds/marokko.xml,
1884,La pas prin Brasov,lapasprinbrasov.ro,2026-03-20 11:38:23,success,10,https://swelbyboy.github.io/prospect-rss-feeds/la-pas-prin-brasov.xml,
1890,Serial Gossip,serialgossip.com,2026-03-20 11:38:24,success,10,https://swelbyboy.github.io/prospect-rss-feeds/serial-gossip.xml,
1846,Tracara.com,tracara.com,2026-03-20 11:38:24,success,10,https://swelbyboy.github.io/prospect-rss-feeds/tracara-com.xml,
1891,The Cricket Lounge,thecricketlounge.com,2026-03-20 11:38:26,success,10,https://swelbyboy.github.io/prospect-rss-feeds/the-cricket-lounge.xml,
1862,Nemkutya.com,nemkutya.com,2026-03-20 11:38:26,success,10,https://swelbyboy.github.io/prospect-rss-feeds/nemkutya-com.xml,
1889,Sabari News,sabarinews.com,2026-03-20 11:38:28,success,10,https://swelbyboy.github.io/prospect-rss-feeds/sabari-news.xml,
1911,WebPress,webpress.rs,2026-03-20 11:38:28,success,10,https://swelbyboy.github.io/prospect-rss-feeds/webpress.xml,
1880,Daily Indian Herald,dailyindianherald.com,2026-03-20 11:38:29,success,10,https://swelbyboy.github.io/prospect-rss-feeds/daily-indian-herald.xml,
1904,NewsPatrolling,newspatrolling.com,2026-03-20 11:38:29,success,10,https://swelbyboy.github.io/prospect-rss-feeds/newspatrolling.xml,
1895,UkhiyaNews.Com,ukhiyanews.com,2026-03-20 11:38:31,success,10,https://swelbyboy.github.io/prospect-rss-feeds/ukhiyanews-com.xml,
2027,Turbo and Stance,turboandstance.net,2026-03-20 11:38:33,success,4,https://swelbyboy.github.io/prospect-rss-feeds/turbo-and-stance.xml,
1912,Biscani.net,biscani.net,2026-03-20 11:38:34,success,10,https://swelbyboy.github.io/prospect-rss-feeds/biscani-net.xml,
1999,Dinamo1948,dinamo1948.club,2026-03-20 11:38:34,success,5,https://swelbyboy.github.io/prospect-rss-feeds/dinamo1948.xml,
1921,Bulletin.bg,bulletin.bg,2026-03-20 11:38:34,success,10,https://swelbyboy.github.io/prospect-rss-feeds/bulletin-bg.xml,
1900,Mana Telangana,manatelangana.news,2026-03-20 11:38:34,success,10,https://swelbyboy.github.io/prospect-rss-feeds/mana-telangana.xml,
1909,Peekaas.nl,peekaas.nl,2026-03-20 11:38:34,success,10,https://swelbyboy.github.io/prospect-rss-feeds/peekaas-nl.xml,
1916,Sorozatjunkie,sorozatjunkie.hu,2026-03-20 11:38:34,success,10,https://swelbyboy.github.io/prospect-rss-feeds/sorozatjunkie.xml,
1908,Radio Isla - Puerto Rico,radioisla.tv,2026-03-20 11:38:35,success,10,https://swelbyboy.github.io/prospect-rss-feeds/radio-isla---puerto-rico.xml,
1925,PAOK24,paok24.com,2026-03-20 11:38:36,success,10,https://swelbyboy.github.io/prospect-rss-feeds/paok24.xml,
1914,Saint Therese,sainttherse.com,2026-03-20 11:38:36,success,10,https://swelbyboy.github.io/prospect-rss-feeds/saint-therese.xml,
1913,Nogometne Vijesti,nogometne-vijesti.hr,2026-03-20 11:38:36,success,10,https://swelbyboy.github.io/prospect-rss-feeds/nogometne-vijesti.xml,
1886,MP Breaking News,mpbreakingnews.in,2026-03-20 11:38:36,success,10,https://swelbyboy.github.io/prospect-rss-feeds/mp-breaking-news.xml,
1931,Sport DC,sportdc.net,2026-03-20 11:38:37,success,10,https://swelbyboy.github.io/prospect-rss-feeds/sport-dc.xml,
1944,Szerelmeszene.hu,szerelmeszene.hu,2026-03-20 11:38:38,success,10,https://swelbyboy.github.io/prospect-rss-feeds/szerelmeszene-hu.xml,
2115,Glas News,glasnews.bg,2026-03-20 11:38:39,failed,0,,HTTP 403
2094,Uttarakhand Post,uttarakhandpost.com,2026-03-20 11:38:39,success,1,https://swelbyboy.github.io/prospect-rss-feeds/uttarakhand-post.xml,
1906,Без Рак,bezrak.com,2026-03-20 11:38:40,success,10,https://swelbyboy.github.io/prospect-rss-feeds/без-рак.xml,
1905,সময়ের কণ্ঠস্বর,somoyerkonthosor.com,2026-03-20 11:38:42,success,10,https://swelbyboy.github.io/prospect-rss-feeds/সময়-র-কণ-ঠস-বর.xml,
1951,Noticias en Línea Puerto Rico,nelpr.com,2026-03-20 11:38:42,success,10,https://swelbyboy.github.io/prospect-rss-feeds/noticias-en-línea-puerto-rico.xml,
1934,Shape.pl,shape.pl,2026-03-20 11:38:42,success,10,https://swelbyboy.github.io/prospect-rss-feeds/shape-pl.xml,
1773,Noticias de Puerto Rico,noticiapr.com,2026-03-20 11:38:43,success,10,https://swelbyboy.github.io/prospect-rss-feeds/noticias-de-puerto-rico.xml,
1959,Mini Magazin,minimagazin.info,2026-03-20 11:38:44,success,10,https://swelbyboy.github.io/prospect-rss-feeds/mini-magazin.xml,
1941,First State Update,firststateupdate.com,2026-03-20 11:38:44,success,10,https://swelbyboy.github.io/prospect-rss-feeds/first-state-update.xml,
1549,My Mind,mymind.gr,2026-03-20 11:38:45,success,10,https://swelbyboy.github.io/prospect-rss-feeds/my-mind.xml,
1950,ИСКРА CO,iskra.co,2026-03-20 11:38:46,success,10,https://swelbyboy.github.io/prospect-rss-feeds/искра-co.xml,
1970,Zaki Book,zakibook.com,2026-03-20 11:38:47,success,10,https://swelbyboy.github.io/prospect-rss-feeds/zaki-book.xml,
1918,Pal Pal News.in,palpalnews.in,2026-03-20 11:38:48,success,10,https://swelbyboy.github.io/prospect-rss-feeds/pal-pal-news-in.xml,
2142,Daily Thanthi Group,dtnext.in,2026-03-20 11:38:48,failed,0,,HTTP 404
1974,Wij Ti,vijti.com,2026-03-20 11:38:49,success,10,https://swelbyboy.github.io/prospect-rss-feeds/wij-ti.xml,
1968,Go News Group,gonews.co,2026-03-20 11:38:50,success,10,https://swelbyboy.github.io/prospect-rss-feeds/go-news-group.xml,
1981,Hot Arena,hotarena.net,2026-03-20 11:38:51,success,10,https://swelbyboy.github.io/prospect-rss-feeds/hot-arena.xml,
2010,Daily Cooking Recipes,lovecookingdaily.com,2026-03-20 11:38:51,success,10,https://swelbyboy.github.io/prospect-rss-feeds/daily-cooking-recipes.xml,
1985,Brave India News,braveindianews.com,2026-03-20 11:38:52,success,10,https://swelbyboy.github.io/prospect-rss-feeds/brave-india-news.xml,
1923,Malayalam Daily News,malayalamdailynews.com,2026-03-20 11:38:52,success,10,https://swelbyboy.github.io/prospect-rss-feeds/malayalam-daily-news.xml,
2036,Fab Art DIY,fabartdiy.com,2026-03-20 11:38:52,success,6,https://swelbyboy.github.io/prospect-rss-feeds/fab-art-diy.xml,
1963,知識家,knowledger.info,2026-03-20 11:38:53,success,10,https://swelbyboy.github.io/prospect-rss-feeds/知識家.xml,
1975,Foci Club,fociclub.hu,2026-03-20 11:38:53,success,10,https://swelbyboy.github.io/prospect-rss-feeds/foci-club.xml,
1995,Denk Positief,denkpositief.com,2026-03-20 11:38:53,success,10,https://swelbyboy.github.io/prospect-rss-feeds/denk-positief.xml,
1988,NoorderNieuws,noordernieuws.nl,2026-03-20 11:38:54,success,10,https://swelbyboy.github.io/prospect-rss-feeds/noordernieuws.xml,
1997,Fall River Reporter,fallriverreporter.com,2026-03-20 11:38:54,success,10,https://swelbyboy.github.io/prospect-rss-feeds/fall-river-reporter.xml,
2157,HBOLD,hbold.dk,2026-03-20 11:38:55,failed,0,,HTTP 404
1937,Fortune Insight,fortuneinsight.com,2026-03-20 11:38:55,success,10,https://swelbyboy.github.io/prospect-rss-feeds/fortune-insight.xml,
2023,Domashni Hitrini,hitrinibg.com,2026-03-20 11:38:55,success,10,https://swelbyboy.github.io/prospect-rss-feeds/domashni-hitrini.xml,
2002,Lamode,lamode.info,2026-03-20 11:38:56,success,10,https://swelbyboy.github.io/prospect-rss-feeds/lamode.xml,
2154,SakaryaRehberim.com,sakaryarehberim.com,2026-03-20 11:38:56,failed,0,,HTTP 403
2004,Lekuvai,lekuvai.bg,2026-03-20 11:38:57,success,10,https://swelbyboy.github.io/prospect-rss-feeds/lekuvai.xml,
2163,Haskovo Live,haskovo.live,2026-03-20 11:38:57,failed,0,,HTTP 403
1989,Parbatta News,parbattanews.com,2026-03-20 11:38:57,success,10,https://swelbyboy.github.io/prospect-rss-feeds/parbatta-news.xml,
2001,Hobi Sayfasi,elisihobiler.com,2026-03-20 11:38:57,success,10,https://swelbyboy.github.io/prospect-rss-feeds/hobi-sayfasi.xml,
2011,CBook,cbook.tw,2026-03-20 11:38:57,success,10,https://swelbyboy.github.io/prospect-rss-feeds/cbook.xml,
2003,Share Info,shareinfo.pl,2026-03-20 11:38:57,success,10,https://swelbyboy.github.io/prospect-rss-feeds/share-info.xml,
1956,MetroNews - The Voice of West Virginia,wvmetronews.com,2026-03-20 11:38:57,success,10,https://swelbyboy.github.io/prospect-rss-feeds/metronews---the-voice-of-west-virginia.xml,
1947,TKW Media,thekashmirwalla.com,2026-03-20 11:38:59,success,10,https://swelbyboy.github.io/prospect-rss-feeds/tkw-media.xml,
2007,MaaGulf,maagulf.com,2026-03-20 11:39:00,success,10,https://swelbyboy.github.io/prospect-rss-feeds/maagulf.xml,
2032,Turk Press,turkpress.co,2026-03-20 11:39:01,success,10,https://swelbyboy.github.io/prospect-rss-feeds/turk-press.xml,
1982,ദുബായ് വാർത്ത - Dubai Vartha,dubaivartha.com,2026-03-20 11:39:01,success,9,https://swelbyboy.github.io/prospect-rss-feeds/ദ-ബ-യ--വ-ർത-ത---dubai-vartha.xml,
2192,Yantra Today,dnesbg.com,2026-03-20 11:39:03,failed,0,,HTTP 403
2009,Living Sports,sportz.im,2026-03-20 11:39:04,success,10,https://swelbyboy.github.io/prospect-rss-feeds/living-sports.xml,
1972,Stargogo,stargogo.com,2026-03-20 11:39:05,success,10,https://swelbyboy.github.io/prospect-rss-feeds/stargogo.xml,
1953,Bulgar Online,bulgaronline.com,2026-03-20 11:39:05,success,10,https://swelbyboy.github.io/prospect-rss-feeds/bulgar-online.xml,
2014,Thodkyaat | थोडक्यात,thodkyaat.com,2026-03-20 11:39:06,success,10,https://swelbyboy.github.io/prospect-rss-feeds/thodkyaat---थ-डक-य-त.xml,
2012,Ctgtimes.com - ‡¶∏‡¶ø‡¶ü‡¶ø‡¶ú‡¶ø ‡¶ü‡¶æ‡¶á‡¶Æ‡¶∏,ctgtimes.com,2026-03-20 11:39:06,success,10,https://swelbyboy.github.io/prospect-rss-feeds/ctgtimes-com--------ø--ü--ø--ú--ø---ü--æ--á--æ.xml,
2026,Vaseljenska TV,vaseljenska.net,2026-03-20 11:39:06,success,10,https://swelbyboy.github.io/prospect-rss-feeds/vaseljenska-tv.xml,
2043,Tabletop Gaming News,tabletopgamingnews.com,2026-03-20 11:39:07,success,10,https://swelbyboy.github.io/prospect-rss-feeds/tabletop-gaming-news.xml,
2041,Magazin,magazin.ba,2026-03-20 11:39:07,success,10,https://swelbyboy.github.io/prospect-rss-feeds/magazin.xml,
2031,Stackumbrella,stackumbrella.com,2026-03-20 11:39:07,success,10,https://swelbyboy.github.io/prospect-rss-feeds/stackumbrella.xml,
2048,TechEBlog,techeblog.com,2026-03-20 11:39:08,success,10,https://swelbyboy.github.io/prospect-rss-feeds/techeblog.xml,
2076,Time To Live Media,overclock3d.net,2026-03-20 11:39:09,success,10,https://swelbyboy.github.io/prospect-rss-feeds/time-to-live-media.xml,
2055,Lemesos Blog,lemesosblog.com,2026-03-20 11:39:09,success,9,https://swelbyboy.github.io/prospect-rss-feeds/lemesos-blog.xml,
2019,Trendir,trendir.com,2026-03-20 11:39:09,success,10,https://swelbyboy.github.io/prospect-rss-feeds/trendir.xml,
2084,Reprezentacija.ba,reprezentacija.ba,2026-03-20 11:39:09,success,10,https://swelbyboy.github.io/prospect-rss-feeds/reprezentacija-ba.xml,
2037,Mogu ja to sama,mogujatosama.rs,2026-03-20 11:39:09,success,10,https://swelbyboy.github.io/prospect-rss-feeds/mogu-ja-to-sama.xml,
2035,阿榮福利味,azofreeware.com,2026-03-20 11:39:09,success,10,https://swelbyboy.github.io/prospect-rss-feeds/阿榮福利味.xml,
1983,Zarata,zarata.info,2026-03-20 11:39:09,success,10,https://swelbyboy.github.io/prospect-rss-feeds/zarata.xml,
2061,Tom and Lorenzo,tomandlorenzo.com,2026-03-20 11:39:11,success,10,https://swelbyboy.github.io/prospect-rss-feeds/tom-and-lorenzo.xml,
2033,Pogled.ba,pogled.ba,2026-03-20 11:39:11,success,10,https://swelbyboy.github.io/prospect-rss-feeds/pogled-ba.xml,
2049,New Life Newspaper,novjivot.info,2026-03-20 11:39:12,success,10,https://swelbyboy.github.io/prospect-rss-feeds/new-life-newspaper.xml,
2122,CobaQQ,programyrekomendowane.pl,2026-03-20 11:39:13,success,6,https://swelbyboy.github.io/prospect-rss-feeds/cobaqq.xml,
2016,Do-It-Yourself Creative Ideas,fazon.info,2026-03-20 11:39:13,success,10,https://swelbyboy.github.io/prospect-rss-feeds/do-it-yourself-creative-ideas.xml,
2045,Chandauli Samachar,chandaulisamachar.com,2026-03-20 11:39:14,success,10,https://swelbyboy.github.io/prospect-rss-feeds/chandauli-samachar.xml,
1901,Aranżujemy.pl,aranzujemy.pl,2026-03-20 11:39:14,success,10,https://swelbyboy.github.io/prospect-rss-feeds/aranżujemy-pl.xml,
2067,Ben Haber - Aegean and İzmir News,kanalben.com,2026-03-20 11:39:14,success,10,https://swelbyboy.github.io/prospect-rss-feeds/ben-haber---aegean-and-i-zmir-news.xml,
2038,The Foundation for Independent Journalism,thewireurdu.com,2026-03-20 11:39:14,success,10,https://swelbyboy.github.io/prospect-rss-feeds/the-foundation-for-independent-journalism.xml,
2105,Gate Drop,gatedrop.com,2026-03-20 11:39:15,success,10,https://swelbyboy.github.io/prospect-rss-feeds/gate-drop.xml,
2079,Wsieci24,wsieci24.pl,2026-03-20 11:39:14,success,10,https://swelbyboy.github.io/prospect-rss-feeds/wsieci24.xml,
2098,The Knitting Space,theknittingspace.com,2026-03-20 11:39:16,success,10,https://swelbyboy.github.io/prospect-rss-feeds/the-knitting-space.xml,
1183,The Summit Express,thesummitexpress.com,2026-03-20 11:39:17,success,10,https://swelbyboy.github.io/prospect-rss-feeds/the-summit-express.xml,
2015,Football Tactics,football-tactics.com,2026-03-20 11:39:17,success,10,https://swelbyboy.github.io/prospect-rss-feeds/football-tactics.xml,
2238,Sarangberita.com,sarangberita.com,2026-03-20 11:39:17,failed,0,,"Error fetching feed: HTTPSConnectionPool(host='sarangberita.com', port=443): Max retries exceeded with url: /feed/ (Caused by SSLError(SSLCertVerificationError(1, '[SSL: CERTIFICATE_VERIFY_FAILED] certificate verify failed: certificate has expired (_ssl.c:1000)')))"
2086,Razgrad News,razgradnews.net,2026-03-20 11:39:18,success,10,https://swelbyboy.github.io/prospect-rss-feeds/razgrad-news.xml,
2240,Bucurestiul,bucurestiul.ro,2026-03-20 11:39:18,failed,0,,HTTP 404
2044,我是賀禎禎 - 攝影教學 & 自助旅行 & 數位生活,hojenjen.com,2026-03-20 11:39:18,success,10,https://swelbyboy.github.io/prospect-rss-feeds/我是賀禎禎---攝影教學---自助旅行---數位生活.xml,
2074,Bilgili Web,bilgili.web.tr,2026-03-20 11:39:18,success,10,https://swelbyboy.github.io/prospect-rss-feeds/bilgili-web.xml,
2065,Malatya Sanal Haber,malatyasanalhaber.com,2026-03-20 11:39:19,success,8,https://swelbyboy.github.io/prospect-rss-feeds/malatya-sanal-haber.xml,
2073,Rytmy.pl,rytmy.pl,2026-03-20 11:39:19,success,10,https://swelbyboy.github.io/prospect-rss-feeds/rytmy-pl.xml,
2247,Elle Croatia,elle.hr,2026-03-20 11:39:19,failed,0,,HTTP 404
2085,Orducu,orducu.com,2026-03-20 11:39:19,success,10,https://swelbyboy.github.io/prospect-rss-feeds/orducu.xml,
2112,Moja kuća i vrt,mojakucaivrt.com,2026-03-20 11:39:19,success,10,https://swelbyboy.github.io/prospect-rss-feeds/moja-kuća-i-vrt.xml,
2088,INSTALKI.pl,instalki.pl,2026-03-20 11:39:20,success,10,https://swelbyboy.github.io/prospect-rss-feeds/instalki-pl.xml,
2063,iThome,ithome.com.tw,2026-03-20 11:39:21,success,10,https://swelbyboy.github.io/prospect-rss-feeds/ithome.xml,
2082,Teraz Muzyka,terazmuzyka.pl,2026-03-20 11:39:21,success,10,https://swelbyboy.github.io/prospect-rss-feeds/teraz-muzyka.xml,
2255,Kamubulteni.com,kamubulteni.com,2026-03-20 11:39:21,failed,0,,No entries found in feed
2097,Steven Aitchison,stevenaitchison.co.uk,2026-03-20 11:39:23,success,10,https://swelbyboy.github.io/prospect-rss-feeds/steven-aitchison.xml,
2109,Haber Ankara,haberankara.com,2026-03-20 11:39:23,success,10,https://swelbyboy.github.io/prospect-rss-feeds/haber-ankara.xml,
2114,Sandzaklive,sandzaklive.rs,2026-03-20 11:39:24,success,10,https://swelbyboy.github.io/prospect-rss-feeds/sandzaklive.xml,
2131,Podravski List,podravski.hr,2026-03-20 11:39:24,success,10,https://swelbyboy.github.io/prospect-rss-feeds/podravski-list.xml,
2078,芋傳媒 TaroNews,taronews.tw,2026-03-20 11:39:24,success,10,https://swelbyboy.github.io/prospect-rss-feeds/芋傳媒-taronews.xml,
2127,Stefczyk.info,stefczyk.info,2026-03-20 11:39:25,success,10,https://swelbyboy.github.io/prospect-rss-feeds/stefczyk-info.xml,
2128,Timpul,timpul.md,2026-03-20 11:39:25,success,10,https://swelbyboy.github.io/prospect-rss-feeds/timpul.xml,
2093,Bayanno TV,bayanno.com,2026-03-20 11:39:27,success,10,https://swelbyboy.github.io/prospect-rss-feeds/bayanno-tv.xml,
2166,桃園電子報,tyenews.com,2026-03-20 11:39:27,failed,0,,"Error fetching feed: HTTPSConnectionPool(host='tyenews.com', port=443): Read timed out. (read timeout=30)"
2090,Warmo Media Grup,wartabromo.com,2026-03-20 11:39:27,success,10,https://swelbyboy.github.io/prospect-rss-feeds/warmo-media-grup.xml,
2130,Bursa Haber Newspaper,bursahaber.com,2026-03-20 11:39:27,success,10,https://swelbyboy.github.io/prospect-rss-feeds/bursa-haber-newspaper.xml,
2111,財訊,wealth.com.tw,2026-03-20 11:39:27,success,10,https://swelbyboy.github.io/prospect-rss-feeds/財訊.xml,
2126,Gameapps.HK,gameapps.hk,2026-03-20 11:39:29,success,10,https://swelbyboy.github.io/prospect-rss-feeds/gameapps-hk.xml,
2117,Tangerang News,tangerangnews.com,2026-03-20 11:39:29,success,10,https://swelbyboy.github.io/prospect-rss-feeds/tangerang-news.xml,
2132,Malatya Güncel Haber,malatyaguncel.com,2026-03-20 11:39:29,success,10,https://swelbyboy.github.io/prospect-rss-feeds/malatya-güncel-haber.xml,
2075,Media Haluan Lampung,haluanlampung.com,2026-03-20 11:39:29,success,10,https://swelbyboy.github.io/prospect-rss-feeds/media-haluan-lampung.xml,
2143,Narod.hr,narod.hr,2026-03-20 11:39:29,success,10,https://swelbyboy.github.io/prospect-rss-feeds/narod-hr.xml,
2136,Рецептите на баба,receptitenababa.com,2026-03-20 11:39:29,success,10,https://swelbyboy.github.io/prospect-rss-feeds/рецептите-на-баба.xml,
2070,Express Kerala,expresskerala.com,2026-03-20 11:39:31,success,10,https://swelbyboy.github.io/prospect-rss-feeds/express-kerala.xml,
2140,Morty's TV,mortystv.com,2026-03-20 11:39:31,success,10,https://swelbyboy.github.io/prospect-rss-feeds/morty-s-tv.xml,
1932,Vijesti Srpske,vijestisrpske.com,2026-03-20 11:39:31,success,10,https://swelbyboy.github.io/prospect-rss-feeds/vijesti-srpske.xml,
2059,民報,peoplenews.tw,2026-03-20 11:39:32,success,10,https://swelbyboy.github.io/prospect-rss-feeds/民報.xml,
2144,Presa Satu Mare,presasm.ro,2026-03-20 11:39:34,success,10,https://swelbyboy.github.io/prospect-rss-feeds/presa-satu-mare.xml,
2123,Sofia Live,sofialive.bg,2026-03-20 11:39:37,success,10,https://swelbyboy.github.io/prospect-rss-feeds/sofia-live.xml,
1922,Rollernews.com,rollernews.com,2026-03-20 11:39:37,success,10,https://swelbyboy.github.io/prospect-rss-feeds/rollernews-com.xml,
2162,Beste Essen,beste-essen.com,2026-03-20 11:39:37,success,10,https://swelbyboy.github.io/prospect-rss-feeds/beste-essen.xml,
2153,Pod Uckun,poduckun.net,2026-03-20 11:39:38,success,10,https://swelbyboy.github.io/prospect-rss-feeds/pod-uckun.xml,
2174,Trend Basket,trendbasket.net,2026-03-20 11:39:39,success,10,https://swelbyboy.github.io/prospect-rss-feeds/trend-basket.xml,
2165,Promenad24,promenad24.hu,2026-03-20 11:39:39,success,10,https://swelbyboy.github.io/prospect-rss-feeds/promenad24.xml,
2024,EaseMedia,samouczek.info,2026-03-20 11:39:39,success,10,https://swelbyboy.github.io/prospect-rss-feeds/easemedia.xml,
2297,VoiceBd24,voicebd24.com,2026-03-20 11:39:39,success,1,https://swelbyboy.github.io/prospect-rss-feeds/voicebd24.xml,
2152,Vadhajtások,vadhajtasok.hu,2026-03-20 11:39:40,success,10,https://swelbyboy.github.io/prospect-rss-feeds/vadhajtások.xml,
2277,Bug.ba,bug.ba,2026-03-20 11:39:41,success,3,https://swelbyboy.github.io/prospect-rss-feeds/bug-ba.xml,
2155,BattingwithBimal,battingwithbimal.com,2026-03-20 11:39:41,success,10,https://swelbyboy.github.io/prospect-rss-feeds/battingwithbimal.xml,
2168,Ege Meclisi,egemeclisi.com,2026-03-20 11:39:41,success,10,https://swelbyboy.github.io/prospect-rss-feeds/ege-meclisi.xml,
2102,Chattogram Tribune,chattogramtribune.com,2026-03-20 11:39:42,success,9,https://swelbyboy.github.io/prospect-rss-feeds/chattogram-tribune.xml,
2179,Bolu'da Bolu,boludabolu.com,2026-03-20 11:39:42,success,10,https://swelbyboy.github.io/prospect-rss-feeds/bolu-da-bolu.xml,
2161,Diabetika,diabetika.hu,2026-03-20 11:39:42,success,10,https://swelbyboy.github.io/prospect-rss-feeds/diabetika.xml,
2183,Transport Online,transport-online.nl,2026-03-20 11:39:42,success,10,https://swelbyboy.github.io/prospect-rss-feeds/transport-online.xml,
2190,Go Nintendo,gonintendo.com,2026-03-20 11:39:43,success,10,https://swelbyboy.github.io/prospect-rss-feeds/go-nintendo.xml,
2239,Bogordaily.net,bogordaily.net,2026-03-20 11:39:43,success,5,https://swelbyboy.github.io/prospect-rss-feeds/bogordaily-net.xml,
2191,FR-Fans.nl,fr-fans.nl,2026-03-20 11:39:43,success,10,https://swelbyboy.github.io/prospect-rss-feeds/fr-fans-nl.xml,
2160,Klina,klina.info,2026-03-20 11:39:43,success,10,https://swelbyboy.github.io/prospect-rss-feeds/klina.xml,
2124,The Guild,theguildng.com,2026-03-20 11:39:44,success,10,https://swelbyboy.github.io/prospect-rss-feeds/the-guild.xml,
2200,Turism Istoric,turismistoric.ro,2026-03-20 11:39:44,success,10,https://swelbyboy.github.io/prospect-rss-feeds/turism-istoric.xml,
2332,TKN24.pl,tkn24.pl,2026-03-20 11:39:44,failed,0,,No entries found in feed
2172,Loon.ro,loon.ro,2026-03-20 11:39:45,success,10,https://swelbyboy.github.io/prospect-rss-feeds/loon-ro.xml,
2139,GlamRap,glamrap.pl,2026-03-20 11:39:45,success,10,https://swelbyboy.github.io/prospect-rss-feeds/glamrap.xml,
2201,Petronews Płock,petronews.pl,2026-03-20 11:39:45,success,10,https://swelbyboy.github.io/prospect-rss-feeds/petronews-płock.xml,
2182,Direktno,direktno.rs,2026-03-20 11:39:45,success,10,https://swelbyboy.github.io/prospect-rss-feeds/direktno.xml,
2320,Gramerkagoj,gramerkagoj.com,2026-03-20 11:39:46,failed,0,,No entries found in feed
2177,Haber16,haber16.com,2026-03-20 11:39:46,success,10,https://swelbyboy.github.io/prospect-rss-feeds/haber16.xml,
2173,BiznisInfo,biznisinfo.ba,2026-03-20 11:39:47,success,10,https://swelbyboy.github.io/prospect-rss-feeds/biznisinfo.xml,
2279,ummah24.com,ummah24.com,2026-03-20 11:39:47,failed,0,,"Error fetching feed: ('Connection aborted.', RemoteDisconnected('Remote end closed connection without response'))"
2197,Beograd.in,beograd.in,2026-03-20 11:39:47,success,10,https://swelbyboy.github.io/prospect-rss-feeds/beograd-in.xml,
2164,Mymensingh Pratidin,mymensinghpratidin.com,2026-03-20 11:39:47,success,10,https://swelbyboy.github.io/prospect-rss-feeds/mymensingh-pratidin.xml,
2334,Dinamani,dinamani.com,2026-03-20 11:39:48,failed,0,,HTTP 404
2171,Metal Temple,metal-temple.com,2026-03-20 11:39:48,success,10,https://swelbyboy.github.io/prospect-rss-feeds/metal-temple.xml,
2352,Ommcom News,ommcomnews.com,2026-03-20 11:39:48,failed,0,,HTTP 500
2256,Gonewsindia,gonewsindia.com,2026-03-20 11:39:48,success,5,https://swelbyboy.github.io/prospect-rss-feeds/gonewsindia.xml,
2220,aktual24.ro,aktual24.ro,2026-03-20 11:39:49,success,10,https://swelbyboy.github.io/prospect-rss-feeds/aktual24-ro.xml,
2187,True Vision News,truevisionnews.com,2026-03-20 11:39:50,success,10,https://swelbyboy.github.io/prospect-rss-feeds/true-vision-news.xml,
2228,"Вестник ""Екип 7""",ekip7.bg,2026-03-20 11:39:50,success,10,https://swelbyboy.github.io/prospect-rss-feeds/вестник--екип-7.xml,
2222,Kırcaali Haber Gazetesi,kircaalihaber.com,2026-03-20 11:39:50,success,10,https://swelbyboy.github.io/prospect-rss-feeds/kırcaali-haber-gazetesi.xml,
2133,Spektri,spektri.tv,2026-03-20 11:39:51,success,10,https://swelbyboy.github.io/prospect-rss-feeds/spektri.xml,
2205,Bp-i Autósok Közössége,bpiautosok.hu,2026-03-20 11:39:51,success,10,https://swelbyboy.github.io/prospect-rss-feeds/bp-i-autósok-közössége.xml,
2216,Hosa Digantha,hosadigantha.com,2026-03-20 11:39:52,success,10,https://swelbyboy.github.io/prospect-rss-feeds/hosa-digantha.xml,
2203,Çankırı Haber18,haber18.com,2026-03-20 11:39:52,success,10,https://swelbyboy.github.io/prospect-rss-feeds/çankırı-haber18.xml,
2292,THE ILLEST,theillest.pl,2026-03-20 11:39:52,success,5,https://swelbyboy.github.io/prospect-rss-feeds/the-illest.xml,
2225,Kranosgr,kranosgr.com,2026-03-20 11:39:53,success,10,https://swelbyboy.github.io/prospect-rss-feeds/kranosgr.xml,
2223,apithano.gr,apithano.gr,2026-03-20 11:39:53,success,10,https://swelbyboy.github.io/prospect-rss-feeds/apithano-gr.xml,
2213,ArcadiaPortal.gr,arcadiaportal.gr,2026-03-20 11:39:54,success,10,https://swelbyboy.github.io/prospect-rss-feeds/arcadiaportal-gr.xml,
2235,Obiectiv.info,obiectiv.info,2026-03-20 11:39:54,success,10,https://swelbyboy.github.io/prospect-rss-feeds/obiectiv-info.xml,
2198,Podlasie24,podlasie24.pl,2026-03-20 11:39:55,success,10,https://swelbyboy.github.io/prospect-rss-feeds/podlasie24.xml,
2234,Pi≈Çka rƒôczna Polski-sport.pl,polski-sport.pl,2026-03-20 11:39:56,success,10,https://swelbyboy.github.io/prospect-rss-feeds/pi-çka-rƒôczna-polski-sport-pl.xml,
2249,Action-News - новини oт България и света,action-newsbg.eu,2026-03-20 11:39:56,success,10,https://swelbyboy.github.io/prospect-rss-feeds/action-news---новини-oт-българия-и-света.xml,
2208,Fagarasul Tau,fagarasultau.ro,2026-03-20 11:39:56,success,10,https://swelbyboy.github.io/prospect-rss-feeds/fagarasul-tau.xml,
2244,Diva Dirt,diva-dirt.com,2026-03-20 11:39:56,success,10,https://swelbyboy.github.io/prospect-rss-feeds/diva-dirt.xml,
2178,Media Ndërtimi,ndertimi.info,2026-03-20 11:39:57,success,10,https://swelbyboy.github.io/prospect-rss-feeds/media-ndërtimi.xml,
2209,PalEconomic,smartindex.ps,2026-03-20 11:40:00,success,10,https://swelbyboy.github.io/prospect-rss-feeds/paleconomic.xml,
2214,Beregi Hírek,beregihirek.hu,2026-03-20 11:40:00,success,10,https://swelbyboy.github.io/prospect-rss-feeds/beregi-hírek.xml,
2231,Tarun Bharat,tarunbharat.com,2026-03-20 11:40:00,success,10,https://swelbyboy.github.io/prospect-rss-feeds/tarun-bharat.xml,
2226,BorsaNasilOynanir.co,borsanasiloynanir.co,2026-03-20 11:40:00,success,10,https://swelbyboy.github.io/prospect-rss-feeds/borsanasiloynanir-co.xml,
2258,Mai Vilag,maivilag.com,2026-03-20 11:40:00,success,10,https://swelbyboy.github.io/prospect-rss-feeds/mai-vilag.xml,
2304,Părinți de Nota 10,parintidenota10.ro,2026-03-20 11:40:01,success,7,https://swelbyboy.github.io/prospect-rss-feeds/părinți-de-nota-10.xml,
2242,GelreNieuws,gelrenieuws.nl,2026-03-20 11:40:01,success,10,https://swelbyboy.github.io/prospect-rss-feeds/gelrenieuws.xml,
2266,Plovdiv Now,plovdivnow.bg,2026-03-20 11:40:02,success,10,https://swelbyboy.github.io/prospect-rss-feeds/plovdiv-now.xml,
2268,Yipee,yipee.cc,2026-03-20 11:40:03,success,10,https://swelbyboy.github.io/prospect-rss-feeds/yipee.xml,
2280,Gniezno24.com,gniezno24.com,2026-03-20 11:40:04,success,8,https://swelbyboy.github.io/prospect-rss-feeds/gniezno24-com.xml,
2269,Buna Vestire,buna-vestire.net,2026-03-20 11:40:04,success,10,https://swelbyboy.github.io/prospect-rss-feeds/buna-vestire.xml,
2134,Kefalonitis,kefalonitis.com,2026-03-20 11:40:04,success,10,https://swelbyboy.github.io/prospect-rss-feeds/kefalonitis.xml,
2260,Sporten.com,sporten.com,2026-03-20 11:40:06,success,10,https://swelbyboy.github.io/prospect-rss-feeds/sporten-com.xml,
2262,Great Deals Singapore,greatdeals.com.sg,2026-03-20 11:40:06,success,10,https://swelbyboy.github.io/prospect-rss-feeds/great-deals-singapore.xml,
2251,SA Music Magazine,samusicmag.co.za,2026-03-20 11:40:07,success,10,https://swelbyboy.github.io/prospect-rss-feeds/sa-music-magazine.xml,
2248,ÜNYE KENT Gazetesi,unyekent.com,2026-03-20 11:40:07,success,10,https://swelbyboy.github.io/prospect-rss-feeds/ünye-kent-gazetesi.xml,
2264,Piekielni,piekielni.pl,2026-03-20 11:40:07,success,10,https://swelbyboy.github.io/prospect-rss-feeds/piekielni.xml,
2291,Reality TV World,realitytvworld.com,2026-03-20 11:40:08,success,10,https://swelbyboy.github.io/prospect-rss-feeds/reality-tv-world.xml,
2283,Rock Rooster,rockrooster.gr,2026-03-20 11:40:08,success,10,https://swelbyboy.github.io/prospect-rss-feeds/rock-rooster.xml,
2246,deWeekend,de-weekend.ro,2026-03-20 11:40:08,success,10,https://swelbyboy.github.io/prospect-rss-feeds/deweekend.xml,
2276,Empisteutiko.gr,empisteutiko.gr,2026-03-20 11:40:09,success,10,https://swelbyboy.github.io/prospect-rss-feeds/empisteutiko-gr.xml,
2159,Pogled.info,pogled.info,2026-03-20 11:40:09,success,10,https://swelbyboy.github.io/prospect-rss-feeds/pogled-info.xml,
2176,E79 News,e-79.com,2026-03-20 11:40:10,success,10,https://swelbyboy.github.io/prospect-rss-feeds/e79-news.xml,
2270,Varnentzi,varna24.bg,2026-03-20 11:40:10,success,10,https://swelbyboy.github.io/prospect-rss-feeds/varnentzi.xml,
2418,Csepel.info,csepel.info,2026-03-20 11:40:11,success,10,https://swelbyboy.github.io/prospect-rss-feeds/csepel-info.xml,
2274,News 24 Romania,news24.ro,2026-03-20 11:40:11,success,10,https://swelbyboy.github.io/prospect-rss-feeds/news-24-romania.xml,
2245,BalraMagyar,balramagyar.hu,2026-03-20 11:40:11,success,10,https://swelbyboy.github.io/prospect-rss-feeds/balramagyar.xml,
2278,KoszalinInfo.pl,koszalininfo.pl,2026-03-20 11:40:13,success,10,https://swelbyboy.github.io/prospect-rss-feeds/koszalininfo-pl.xml,
2233,VoetbalRotterdam.nl,voetbalrotterdam.nl,2026-03-20 11:40:13,success,10,https://swelbyboy.github.io/prospect-rss-feeds/voetbalrotterdam-nl.xml,
2303,Dej24.ro,dej24.ro,2026-03-20 11:40:15,success,10,https://swelbyboy.github.io/prospect-rss-feeds/dej24-ro.xml,
2250,limnosreport.gr,limnosreport.gr,2026-03-20 11:40:17,success,10,https://swelbyboy.github.io/prospect-rss-feeds/limnosreport-gr.xml,
2288,Razi cu Lacrimi,raziculacrimi.ro,2026-03-20 11:40:17,success,10,https://swelbyboy.github.io/prospect-rss-feeds/razi-cu-lacrimi.xml,
2294,Slavonski.hr,slavonski.hr,2026-03-20 11:40:17,success,10,https://swelbyboy.github.io/prospect-rss-feeds/slavonski-hr.xml,
2236,Redpen.gr,redpen.gr,2026-03-20 11:40:18,success,10,https://swelbyboy.github.io/prospect-rss-feeds/redpen-gr.xml,
2315,Bucataria Romaneasca,bucataria-romaneasca.ro,2026-03-20 11:40:20,success,10,https://swelbyboy.github.io/prospect-rss-feeds/bucataria-romaneasca.xml,
2310,Esgazete,esgazete.com,2026-03-20 11:40:20,success,10,https://swelbyboy.github.io/prospect-rss-feeds/esgazete.xml,
2285,Leva Obala Beograda Info,lobi-info.rs,2026-03-20 11:40:20,success,10,https://swelbyboy.github.io/prospect-rss-feeds/leva-obala-beograda-info.xml,
2312,Totally Rad Choppers,totallyradchoppers.com,2026-03-20 11:40:21,success,10,https://swelbyboy.github.io/prospect-rss-feeds/totally-rad-choppers.xml,
2308,Glas Istre,glasistre.hr,2026-03-20 11:40:22,success,10,https://swelbyboy.github.io/prospect-rss-feeds/glas-istre.xml,
2275,tsantiri.gr,tribune.gr,2026-03-20 11:40:22,success,10,https://swelbyboy.github.io/prospect-rss-feeds/tsantiri-gr.xml,
2290,Vasarnap,vasarnap.hu,2026-03-20 11:40:22,success,10,https://swelbyboy.github.io/prospect-rss-feeds/vasarnap.xml,
2286,Klikaj.hr,klikaj.hr,2026-03-20 11:40:23,success,10,https://swelbyboy.github.io/prospect-rss-feeds/klikaj-hr.xml,
2300,Miruh Bosne,miruhbosne.com,2026-03-20 11:40:23,success,10,https://swelbyboy.github.io/prospect-rss-feeds/miruh-bosne.xml,
2340,LNG World News,lngworldnews.com,2026-03-20 11:40:24,success,10,https://swelbyboy.github.io/prospect-rss-feeds/lng-world-news.xml,
2336,Grodzisk News,grodzisknews.pl,2026-03-20 11:40:25,success,10,https://swelbyboy.github.io/prospect-rss-feeds/grodzisk-news.xml,
1443,Napi Ujsag,napiujsag.hu,2026-03-20 11:40:25,success,10,https://swelbyboy.github.io/prospect-rss-feeds/napi-ujsag.xml,
2215,Cult Faction,cultfaction.com,2026-03-20 11:40:27,success,10,https://swelbyboy.github.io/prospect-rss-feeds/cult-faction.xml,
2306,Fanport,fanport.in,2026-03-20 11:40:28,success,10,https://swelbyboy.github.io/prospect-rss-feeds/fanport.xml,
2316,Klubrádió,klubradio.hu,2026-03-20 11:40:29,success,10,https://swelbyboy.github.io/prospect-rss-feeds/klubrádió.xml,
2328,Zajenata,zajenata.bg,2026-03-20 11:40:31,success,10,https://swelbyboy.github.io/prospect-rss-feeds/zajenata.xml,
2321,Békéscsaba Media Center,behir.hu,2026-03-20 11:40:32,success,10,https://swelbyboy.github.io/prospect-rss-feeds/békéscsaba-media-center.xml,
2318,Urbanplayer.hu,urbanplayer.hu,2026-03-20 11:40:32,success,10,https://swelbyboy.github.io/prospect-rss-feeds/urbanplayer-hu.xml,
2357,Scioto Post,sciotopost.com,2026-03-20 11:40:32,success,10,https://swelbyboy.github.io/prospect-rss-feeds/scioto-post.xml,
2349,Prigorski,prigorski.hr,2026-03-20 11:40:33,success,10,https://swelbyboy.github.io/prospect-rss-feeds/prigorski.xml,
2327,Crossville News First,crossvillenews1st.com,2026-03-20 11:40:33,success,10,https://swelbyboy.github.io/prospect-rss-feeds/crossville-news-first.xml,
2380,Proseuxi,proseuxi.gr,2026-03-20 11:40:34,success,10,https://swelbyboy.github.io/prospect-rss-feeds/proseuxi.xml,
2362,Mesara,e-mesara.gr,2026-03-20 11:40:34,success,10,https://swelbyboy.github.io/prospect-rss-feeds/mesara.xml,
2370,Manisa Kulis Haber,manisakulishaber.com,2026-03-20 11:40:34,success,10,https://swelbyboy.github.io/prospect-rss-feeds/manisa-kulis-haber.xml,
2325,medyagazete.com,medyagazete.com,2026-03-20 11:40:34,success,10,https://swelbyboy.github.io/prospect-rss-feeds/medyagazete-com.xml,
2324,Informator Brzeski,informatorbrzeski.pl,2026-03-20 11:40:35,success,10,https://swelbyboy.github.io/prospect-rss-feeds/informator-brzeski.xml,
2347,Smart-Money.co,smart-money.co,2026-03-20 11:40:35,success,10,https://swelbyboy.github.io/prospect-rss-feeds/smart-money-co.xml,
2359,eOstroleka.pl,eostroleka.pl,2026-03-20 11:40:36,success,10,https://swelbyboy.github.io/prospect-rss-feeds/eostroleka-pl.xml,
2344,Bihon.ro,bihon.ro,2026-03-20 11:40:38,success,9,https://swelbyboy.github.io/prospect-rss-feeds/bihon-ro.xml,
2356,Covering Katy News,coveringkaty.com,2026-03-20 11:40:38,success,10,https://swelbyboy.github.io/prospect-rss-feeds/covering-katy-news.xml,
2390,9vremparinti,9vremparinti.ro,2026-03-20 11:40:39,success,10,https://swelbyboy.github.io/prospect-rss-feeds/9vremparinti.xml,
2389,Juzne vesti,juznevesti.com,2026-03-20 11:40:39,success,10,https://swelbyboy.github.io/prospect-rss-feeds/juzne-vesti.xml,
2371,Trebinje,etrebinje.com,2026-03-20 11:40:39,success,10,https://swelbyboy.github.io/prospect-rss-feeds/trebinje.xml,
2375,Kalem Gazetesi,canakkalekalem.com,2026-03-20 11:40:39,success,10,https://swelbyboy.github.io/prospect-rss-feeds/kalem-gazetesi.xml,
2319,Boka News,bokanews.me,2026-03-20 11:40:39,success,10,https://swelbyboy.github.io/prospect-rss-feeds/boka-news.xml,
2368,OPolskie Ratownictwo,ratownictwo.opole.pl,2026-03-20 11:40:40,success,10,https://swelbyboy.github.io/prospect-rss-feeds/opolskie-ratownictwo.xml,
2343,Skook News,skooknews.com,2026-03-20 11:40:40,success,10,https://swelbyboy.github.io/prospect-rss-feeds/skook-news.xml,
2393,Genialne,genialne.pl,2026-03-20 11:40:40,success,10,https://swelbyboy.github.io/prospect-rss-feeds/genialne.xml,
2372,BEBAC,bebac.com,2026-03-20 11:40:40,success,10,https://swelbyboy.github.io/prospect-rss-feeds/bebac.xml,
2363,Pontos News,pontosnews.gr,2026-03-20 11:40:41,success,10,https://swelbyboy.github.io/prospect-rss-feeds/pontos-news.xml,
2383,Türkgün Gazetesi,turkgun.com,2026-03-20 11:40:41,success,10,https://swelbyboy.github.io/prospect-rss-feeds/türkgün-gazetesi.xml,
2382,TL+,tlplus.ro,2026-03-20 11:40:41,success,10,https://swelbyboy.github.io/prospect-rss-feeds/tl.xml,
2346,Brodportal,brodportal.hr,2026-03-20 11:40:42,success,10,https://swelbyboy.github.io/prospect-rss-feeds/brodportal.xml,
2410,DramaQueen電視迷,dramaqueen.com.tw,2026-03-20 11:40:43,success,8,https://swelbyboy.github.io/prospect-rss-feeds/dramaqueen電視迷.xml,
2296,aviation24.pl,aviation24.pl,2026-03-20 11:40:43,success,10,https://swelbyboy.github.io/prospect-rss-feeds/aviation24-pl.xml,
2394,mygazete.com,mygazete.com,2026-03-20 11:40:43,success,10,https://swelbyboy.github.io/prospect-rss-feeds/mygazete-com.xml,
2415,"Ești femeie, ești minunată",estiminunata.ro,2026-03-20 11:40:43,success,9,https://swelbyboy.github.io/prospect-rss-feeds/ești-femeie--ești-minunată.xml,
2409,Heklanje,heklanje.net,2026-03-20 11:40:43,success,10,https://swelbyboy.github.io/prospect-rss-feeds/heklanje.xml,
2378,Χαϊδάρι Σήμερα,xaidarisimera.gr,2026-03-20 11:40:44,success,10,https://swelbyboy.github.io/prospect-rss-feeds/χαϊδάρι-σήμερα.xml,
2379,Minap,minap.hu,2026-03-20 11:40:45,success,10,https://swelbyboy.github.io/prospect-rss-feeds/minap.xml,
2385,IThardware.pl,ithardware.pl,2026-03-20 11:40:45,success,10,https://swelbyboy.github.io/prospect-rss-feeds/ithardware-pl.xml,
2414,Tekirdağ Yeni Haber,tekirdagyenihaber.com,2026-03-20 11:40:45,success,10,https://swelbyboy.github.io/prospect-rss-feeds/tekirdağ-yeni-haber.xml,
2412,Prasinforos,prasinoforos.gr,2026-03-20 11:40:47,success,10,https://swelbyboy.github.io/prospect-rss-feeds/prasinforos.xml,
2407,KaposPont,kapos.hu,2026-03-20 11:40:47,success,10,https://swelbyboy.github.io/prospect-rss-feeds/kapospont.xml,
2402,Partener TV,tvpartener.ro,2026-03-20 11:40:47,success,10,https://swelbyboy.github.io/prospect-rss-feeds/partener-tv.xml,
2411,Krknews,krknews.pl,2026-03-20 11:40:48,success,10,https://swelbyboy.github.io/prospect-rss-feeds/krknews.xml,
2398,Gegonota24.gr,gegonota24.gr,2026-03-20 11:40:49,success,10,https://swelbyboy.github.io/prospect-rss-feeds/gegonota24-gr.xml,
2427,Dytikés Matiés,dytikesmaties.gr,2026-03-20 11:40:49,success,10,https://swelbyboy.github.io/prospect-rss-feeds/dytikés-matiés.xml,
2397,bigportal.ba,bigportal.ba,2026-03-20 11:40:50,success,10,https://swelbyboy.github.io/prospect-rss-feeds/bigportal-ba.xml,
2403,RTV Kontakt,mojkontakt.com,2026-03-20 11:40:51,success,10,https://swelbyboy.github.io/prospect-rss-feeds/rtv-kontakt.xml,
2395,Radio Evros,radioevros.gr,2026-03-20 11:40:52,success,10,https://swelbyboy.github.io/prospect-rss-feeds/radio-evros.xml,
2564,Geek Girl Authority,geekgirlauthority.com,2026-03-20 11:40:52,failed,0,,No entries found in feed
2425,Damboviteanul,damboviteanul.com,2026-03-20 11:40:52,success,10,https://swelbyboy.github.io/prospect-rss-feeds/damboviteanul.xml,
2421,Haber Gazetesi,habergazetesi.com.tr,2026-03-20 11:40:52,success,10,https://swelbyboy.github.io/prospect-rss-feeds/haber-gazetesi.xml,
2420,Iskam da Znam,iskamdaznam.com,2026-03-20 11:40:53,success,10,https://swelbyboy.github.io/prospect-rss-feeds/iskam-da-znam.xml,
2416,Iatropedia,iatropedia.gr,2026-03-20 11:40:53,success,10,https://swelbyboy.github.io/prospect-rss-feeds/iatropedia.xml,
2376,Welingelichte Kringen,welingelichtekringen.nl,2026-03-20 11:40:53,success,10,https://swelbyboy.github.io/prospect-rss-feeds/welingelichte-kringen.xml,
2345,LeadersNG,leaders.ng,2026-03-20 11:40:54,success,10,https://swelbyboy.github.io/prospect-rss-feeds/leadersng.xml,
2428,Moja Kuhinja,domacikolaci.net,2026-03-20 11:40:55,success,10,https://swelbyboy.github.io/prospect-rss-feeds/moja-kuhinja.xml,
2444,Piekno umyslu,pieknoumyslu.com,2026-03-20 11:40:55,success,10,https://swelbyboy.github.io/prospect-rss-feeds/piekno-umyslu.xml,
2447,Transfery,transfery.info,2026-03-20 11:40:55,success,10,https://swelbyboy.github.io/prospect-rss-feeds/transfery.xml,
2429,Evros News,evros-news.gr,2026-03-20 11:40:56,success,10,https://swelbyboy.github.io/prospect-rss-feeds/evros-news.xml,
2360,DhiIslam,dhiislam.com,2026-03-20 11:40:56,success,10,https://swelbyboy.github.io/prospect-rss-feeds/dhiislam.xml,
2438,tfipost.in,tfipost.in,2026-03-20 11:40:58,success,10,https://swelbyboy.github.io/prospect-rss-feeds/tfipost-in.xml,
2419,SNN,snntv.com,2026-03-20 11:40:59,success,10,https://swelbyboy.github.io/prospect-rss-feeds/snn.xml,
2458,BB1.hu,bball1.hu,2026-03-20 11:40:59,success,10,https://swelbyboy.github.io/prospect-rss-feeds/bb1-hu.xml,
2434,Haromzsek,3szek.ro,2026-03-20 11:40:59,success,10,https://swelbyboy.github.io/prospect-rss-feeds/haromzsek.xml,
2450,OTPOR.Media,otpor.media,2026-03-20 11:41:00,success,10,https://swelbyboy.github.io/prospect-rss-feeds/otpor-media.xml,
2456,Jobs in Nigeria Today,jobstoday.com.ng,2026-03-20 11:41:00,success,10,https://swelbyboy.github.io/prospect-rss-feeds/jobs-in-nigeria-today.xml,
2449,DuList,dulist.hr,2026-03-20 11:41:01,success,10,https://swelbyboy.github.io/prospect-rss-feeds/dulist.xml,
2467,Bazaar Times,bazaartimes.com,2026-03-20 11:41:01,success,10,https://swelbyboy.github.io/prospect-rss-feeds/bazaar-times.xml,
2445,rama-prozor.info,rama-prozor.info,2026-03-20 11:41:01,success,10,https://swelbyboy.github.io/prospect-rss-feeds/rama-prozor-info.xml,
2481,India Herald Group of Publshers P Limited,indiaherald.com,2026-03-20 11:41:03,success,10,https://swelbyboy.github.io/prospect-rss-feeds/india-herald-group-of-publshers-p-limited.xml,
2431,Bistriteanul.ro,bistriteanul.ro,2026-03-20 11:41:03,success,10,https://swelbyboy.github.io/prospect-rss-feeds/bistriteanul-ro.xml,
2426,Kozani,kozani.tv,2026-03-20 11:41:05,success,10,https://swelbyboy.github.io/prospect-rss-feeds/kozani.xml,
2603,Haber54,haber54.com.tr,2026-03-20 11:41:06,failed,0,,HTTP 403
2441,Gazetemizmir,gazetemizmir.com,2026-03-20 11:41:06,success,10,https://swelbyboy.github.io/prospect-rss-feeds/gazetemizmir.xml,
2460,Alon.hu,alon.hu,2026-03-20 11:41:07,success,10,https://swelbyboy.github.io/prospect-rss-feeds/alon-hu.xml,
2432,Shariful Rukon,ekusheypatrika.com,2026-03-20 11:41:07,success,10,https://swelbyboy.github.io/prospect-rss-feeds/shariful-rukon.xml,
2408,Top News Bulgaria,topnewsbg.com,2026-03-20 11:41:07,success,9,https://swelbyboy.github.io/prospect-rss-feeds/top-news-bulgaria.xml,
2436,Torpedo Media,torpedo.media,2026-03-20 11:41:07,success,10,https://swelbyboy.github.io/prospect-rss-feeds/torpedo-media.xml,
2459,Aapkarajasthan,aapkarajasthan.com,2026-03-20 11:41:08,success,10,https://swelbyboy.github.io/prospect-rss-feeds/aapkarajasthan.xml,
2472,Afyon Türkeli Gazetesi,afyonturkeligazetesi.com,2026-03-20 11:41:10,success,10,https://swelbyboy.github.io/prospect-rss-feeds/afyon-türkeli-gazetesi.xml,
2448,Showbiz Chika,showbizchika.net,2026-03-20 11:41:11,success,10,https://swelbyboy.github.io/prospect-rss-feeds/showbiz-chika.xml,
2497,СВОБОДНО СЛОВО,svobodnoslovo.eu,2026-03-20 11:41:11,success,10,https://swelbyboy.github.io/prospect-rss-feeds/свободно-слово.xml,
2443,Larisa City News,larisacitynews.gr,2026-03-20 11:41:12,success,10,https://swelbyboy.github.io/prospect-rss-feeds/larisa-city-news.xml,
2468,News Karnataka,newskarnataka.com,2026-03-20 11:41:14,success,10,https://swelbyboy.github.io/prospect-rss-feeds/news-karnataka.xml,
2454,94.9 Power FM,949powerfm.com.au,2026-03-20 11:41:15,success,10,https://swelbyboy.github.io/prospect-rss-feeds/94-9-power-fm.xml,
2493,Just for Jokes and Fun,justfun247.com,2026-03-20 11:41:15,success,10,https://swelbyboy.github.io/prospect-rss-feeds/just-for-jokes-and-fun.xml,
2477,kalamatatimes.gr,kalamatatimes.gr,2026-03-20 11:41:15,success,10,https://swelbyboy.github.io/prospect-rss-feeds/kalamatatimes-gr.xml,
2480,7 IASI,7iasi.ro,2026-03-20 11:41:15,success,10,https://swelbyboy.github.io/prospect-rss-feeds/7-iasi.xml,
2476,Dsport.bg,dsport.bg,2026-03-20 11:41:16,success,10,https://swelbyboy.github.io/prospect-rss-feeds/dsport-bg.xml,
2495,Proinos Typos,proinos-typos.gr,2026-03-20 11:41:17,success,10,https://swelbyboy.github.io/prospect-rss-feeds/proinos-typos.xml,
2602,vreslarisa.gr,vreslarisa.gr,2026-03-20 11:41:17,success,3,https://swelbyboy.github.io/prospect-rss-feeds/vreslarisa-gr.xml,
2486,Dakshin Bharat Rashtramat | The Hindi Daily,dakshinbharat.com,2026-03-20 11:41:17,success,10,https://swelbyboy.github.io/prospect-rss-feeds/dakshin-bharat-rashtramat---the-hindi-daily.xml,
2474,Kingbet,kingbet.net,2026-03-20 11:41:17,success,10,https://swelbyboy.github.io/prospect-rss-feeds/kingbet.xml,
2484,Novinarnik,novinarnik.bg,2026-03-20 11:41:18,success,10,https://swelbyboy.github.io/prospect-rss-feeds/novinarnik.xml,
2404,Ziar de Cluj,ziardecluj.ro,2026-03-20 11:41:19,success,10,https://swelbyboy.github.io/prospect-rss-feeds/ziar-de-cluj.xml,
2562,MediaFokus,mediafokus.info,2026-03-20 11:41:20,success,5,https://swelbyboy.github.io/prospect-rss-feeds/mediafokus.xml,
2466,Indulge,indulgexpress.com,2026-03-20 11:41:20,success,10,https://swelbyboy.github.io/prospect-rss-feeds/indulge.xml,
2485,TreloKouneli,trelokouneli.gr,2026-03-20 11:41:21,success,10,https://swelbyboy.github.io/prospect-rss-feeds/trelokouneli.xml,
2492,Tennis.bg,tennis.bg,2026-03-20 11:41:21,success,10,https://swelbyboy.github.io/prospect-rss-feeds/tennis-bg.xml,
2499,Europost.gr,europost.gr,2026-03-20 11:41:21,success,10,https://swelbyboy.github.io/prospect-rss-feeds/europost-gr.xml,
2615,Monitorul de Neamț și Roman,monitorulneamt.ro,2026-03-20 11:41:21,success,3,https://swelbyboy.github.io/prospect-rss-feeds/monitorul-de-neamț-și-roman.xml,
2527,bd24entertainment,bd24report.com,2026-03-20 11:41:24,success,10,https://swelbyboy.github.io/prospect-rss-feeds/bd24entertainment.xml,
2507,The Celtic Star,thecelticstar.com,2026-03-20 11:41:24,success,10,https://swelbyboy.github.io/prospect-rss-feeds/the-celtic-star.xml,
2518,Takvim,takvim.com.tr,2026-03-20 11:41:24,success,10,https://swelbyboy.github.io/prospect-rss-feeds/takvim.xml,
2510,DayNight.gr,daynight.gr,2026-03-20 11:41:25,success,10,https://swelbyboy.github.io/prospect-rss-feeds/daynight-gr.xml,
2509,News Bengaluru Media,newsbengaluru.com,2026-03-20 11:41:25,success,10,https://swelbyboy.github.io/prospect-rss-feeds/news-bengaluru-media.xml,
2502,Manisa Denge Gazetesi,manisadenge.com,2026-03-20 11:41:25,success,10,https://swelbyboy.github.io/prospect-rss-feeds/manisa-denge-gazetesi.xml,
2508,Ziarul Rasunetul,rasunetul.ro,2026-03-20 11:41:26,success,10,https://swelbyboy.github.io/prospect-rss-feeds/ziarul-rasunetul.xml,
2643,NOIZZ.hu,noizz.hu,2026-03-20 11:41:26,failed,0,,"Error fetching feed: HTTPSConnectionPool(host='www.noizz.hu', port=443): Max retries exceeded with url: /rss (Caused by NameResolutionError(""HTTPSConnection(host='www.noizz.hu', port=443): Failed to resolve 'www.noizz.hu' ([Errno -2] Name or service not known)""))"
2517,Bakan Soyer,egedesonsoz.com,2026-03-20 11:41:26,success,10,https://swelbyboy.github.io/prospect-rss-feeds/bakan-soyer.xml,
2483,EBS Radio,ebsradio.ro,2026-03-20 11:41:26,success,10,https://swelbyboy.github.io/prospect-rss-feeds/ebs-radio.xml,
2532,GMinfo.rs,gminfo.rs,2026-03-20 11:41:26,success,10,https://swelbyboy.github.io/prospect-rss-feeds/gminfo-rs.xml,
2617,PTTL,pttl.gr,2026-03-20 11:41:26,success,3,https://swelbyboy.github.io/prospect-rss-feeds/pttl.xml,
2605,QuizPost,quizpost.me,2026-03-20 11:41:27,success,5,https://swelbyboy.github.io/prospect-rss-feeds/quizpost.xml,
2464,almyrosinfo.gr,almyrosinfo.gr,2026-03-20 11:41:27,success,10,https://swelbyboy.github.io/prospect-rss-feeds/almyrosinfo-gr.xml,
2515,Catholica Ro,catholica.ro,2026-03-20 11:41:28,success,10,https://swelbyboy.github.io/prospect-rss-feeds/catholica-ro.xml,
2520,Bevezetem,bevezetem.eu,2026-03-20 11:41:29,success,10,https://swelbyboy.github.io/prospect-rss-feeds/bevezetem.xml,
2526,Diarios Cambios Florida,diariocambios.com,2026-03-20 11:41:29,success,10,https://swelbyboy.github.io/prospect-rss-feeds/diarios-cambios-florida.xml,
2533,Gargalianoionline,gargalianoionline.gr,2026-03-20 11:41:30,success,10,https://swelbyboy.github.io/prospect-rss-feeds/gargalianoionline.xml,
2547,Blue Arena,bluearena.gr,2026-03-20 11:41:31,success,10,https://swelbyboy.github.io/prospect-rss-feeds/blue-arena.xml,
2503,Millennium Post,millenniumpost.in,2026-03-20 11:41:31,success,10,https://swelbyboy.github.io/prospect-rss-feeds/millennium-post.xml,
2544,Agrárszektor.hu,agrarszektor.hu,2026-03-20 11:41:33,success,10,https://swelbyboy.github.io/prospect-rss-feeds/agrárszektor-hu.xml,
2496,620 CKRM,620ckrm.com,2026-03-20 11:41:33,success,10,https://swelbyboy.github.io/prospect-rss-feeds/620-ckrm.xml,
2535,Konflikty.pl,konflikty.pl,2026-03-20 11:41:33,success,10,https://swelbyboy.github.io/prospect-rss-feeds/konflikty-pl.xml,
2523,Khabar Times,khabartimes24.com,2026-03-20 11:41:33,success,10,https://swelbyboy.github.io/prospect-rss-feeds/khabar-times.xml,
2567,Radio Romania Oltenia-Craiova,radiooltenia.ro,2026-03-20 11:41:33,success,6,https://swelbyboy.github.io/prospect-rss-feeds/radio-romania-oltenia-craiova.xml,
2525,Akta.ba,akta.ba,2026-03-20 11:41:34,success,10,https://swelbyboy.github.io/prospect-rss-feeds/akta-ba.xml,
2556,Katharine McPhee News,katharinemcphee.net,2026-03-20 11:41:35,success,10,https://swelbyboy.github.io/prospect-rss-feeds/katharine-mcphee-news.xml,
2512,Aktuelno.ba,aktuelno.ba,2026-03-20 11:41:35,success,10,https://swelbyboy.github.io/prospect-rss-feeds/aktuelno-ba.xml,
2488,Rewa Riyasat,rewariyasat.com,2026-03-20 11:41:35,success,10,https://swelbyboy.github.io/prospect-rss-feeds/rewa-riyasat.xml,
2513,Arad24,arad24.net,2026-03-20 11:41:35,success,10,https://swelbyboy.github.io/prospect-rss-feeds/arad24.xml,
2521,TechGenyz,techgenyz.com,2026-03-20 11:41:35,success,10,https://swelbyboy.github.io/prospect-rss-feeds/techgenyz.xml,
2519,Notos Press,notospress.gr,2026-03-20 11:41:36,success,10,https://swelbyboy.github.io/prospect-rss-feeds/notos-press.xml,
2545,Cretan Magazine,cretanmagazine.gr,2026-03-20 11:41:36,success,10,https://swelbyboy.github.io/prospect-rss-feeds/cretan-magazine.xml,
2501,Bună Ziua Făgăraș,bunaziuafagaras.ro,2026-03-20 11:41:36,success,10,https://swelbyboy.github.io/prospect-rss-feeds/bună-ziua-făgăraș.xml,
2552,Frog News,frognews.bg,2026-03-20 11:41:37,success,10,https://swelbyboy.github.io/prospect-rss-feeds/frog-news.xml,
2542,Codziennik Mlawski,codziennikmlawski.pl,2026-03-20 11:41:38,success,10,https://swelbyboy.github.io/prospect-rss-feeds/codziennik-mlawski.xml,
2538,Diktyo TV,diktyotv.gr,2026-03-20 11:41:39,success,10,https://swelbyboy.github.io/prospect-rss-feeds/diktyo-tv.xml,
2536,Peloponnisos Newspaper,pelop.gr,2026-03-20 11:41:40,success,10,https://swelbyboy.github.io/prospect-rss-feeds/peloponnisos-newspaper.xml,
2546,KCHI,kchi.com,2026-03-20 11:41:40,success,10,https://swelbyboy.github.io/prospect-rss-feeds/kchi.xml,
2530,cnanews24.com,cnanews24.com,2026-03-20 11:41:40,success,10,https://swelbyboy.github.io/prospect-rss-feeds/cnanews24-com.xml,
2560,Goalpost.gr,goalpost.gr,2026-03-20 11:41:42,success,10,https://swelbyboy.github.io/prospect-rss-feeds/goalpost-gr.xml,
2529,Travel to Transylvania,traveltotransylvania.hu,2026-03-20 11:41:43,success,10,https://swelbyboy.github.io/prospect-rss-feeds/travel-to-transylvania.xml,
2511,Zi de Zi,zi-de-zi.ro,2026-03-20 11:41:43,success,10,https://swelbyboy.github.io/prospect-rss-feeds/zi-de-zi.xml,
2565,Androgeek,androgeek.hu,2026-03-20 11:41:43,success,10,https://swelbyboy.github.io/prospect-rss-feeds/androgeek.xml,
2561,zaPernik.com,zapernik.com,2026-03-20 11:41:43,success,10,https://swelbyboy.github.io/prospect-rss-feeds/zapernik-com.xml,
2584,Crimesite,crimesite.nl,2026-03-20 11:41:46,success,10,https://swelbyboy.github.io/prospect-rss-feeds/crimesite.xml,
2548,DrenicaOnline,drenicaonline.com,2026-03-20 11:41:48,success,10,https://swelbyboy.github.io/prospect-rss-feeds/drenicaonline.xml,
2580,Ferata,ferata.hr,2026-03-20 11:41:48,success,10,https://swelbyboy.github.io/prospect-rss-feeds/ferata.xml,
2572,"Viva 88,3 FM",viva883.gr,2026-03-20 11:41:48,success,10,https://swelbyboy.github.io/prospect-rss-feeds/viva-88-3-fm.xml,
2566,Agiaparaskevi Guide,agiaparaskevi-guide.gr,2026-03-20 11:41:49,success,10,https://swelbyboy.github.io/prospect-rss-feeds/agiaparaskevi-guide.xml,
2539,Jumper News,jumpernews.com,2026-03-20 11:41:50,success,10,https://swelbyboy.github.io/prospect-rss-feeds/jumper-news.xml,
2534,103.7 The Loon,1037theloon.com,2026-03-20 11:41:50,success,10,https://swelbyboy.github.io/prospect-rss-feeds/103-7-the-loon.xml,
2579,E Communications,ecommnewsnetwork.com,2026-03-20 11:41:51,success,10,https://swelbyboy.github.io/prospect-rss-feeds/e-communications.xml,
2582,Argument,argument.ro,2026-03-20 11:41:51,success,10,https://swelbyboy.github.io/prospect-rss-feeds/argument.xml,
2593,Uniquenews24.com,uniquenews24.com,2026-03-20 11:41:51,success,10,https://swelbyboy.github.io/prospect-rss-feeds/uniquenews24-com.xml,
2594,DailyPost.gr,dailypost.gr,2026-03-20 11:41:52,success,10,https://swelbyboy.github.io/prospect-rss-feeds/dailypost-gr.xml,
2628,Arion Radio,arionradio.com,2026-03-20 11:41:53,failed,0,,"Error fetching feed: HTTPSConnectionPool(host='www.arionradio.com', port=443): Read timed out. (read timeout=30)"
2576,iCook,icook.tw,2026-03-20 11:41:53,success,10,https://swelbyboy.github.io/prospect-rss-feeds/icook.xml,
2549,Biker Spirit Magazine,bikerspirit.net,2026-03-20 11:41:53,success,10,https://swelbyboy.github.io/prospect-rss-feeds/biker-spirit-magazine.xml,
2597,Hip-HopVibe.com,hip-hopvibe.com,2026-03-20 11:41:53,success,10,https://swelbyboy.github.io/prospect-rss-feeds/hip-hopvibe-com.xml,
2599,LamiaReport.gr,lamiareport.gr,2026-03-20 11:41:54,success,10,https://swelbyboy.github.io/prospect-rss-feeds/lamiareport-gr.xml,
2559,TeamPilipinas,teampilipinas.info,2026-03-20 11:41:55,success,10,https://swelbyboy.github.io/prospect-rss-feeds/teampilipinas.xml,
2592,GrevenaMedia,grevenamedia.gr,2026-03-20 11:41:56,success,10,https://swelbyboy.github.io/prospect-rss-feeds/grevenamedia.xml,
2588,ELF Voetbal,elfvoetbal.nl,2026-03-20 11:41:56,success,10,https://swelbyboy.github.io/prospect-rss-feeds/elf-voetbal.xml,
2571,Cityportal.hr,cityportal.hr,2026-03-20 11:41:57,success,10,https://swelbyboy.github.io/prospect-rss-feeds/cityportal-hr.xml,
2553,Shumen Television,tvshumen.bg,2026-03-20 11:41:57,success,10,https://swelbyboy.github.io/prospect-rss-feeds/shumen-television.xml,
2749,Utánpótlássport.hu 62 sportág friss hírei egy helyen,utanpotlassport.hu,2026-03-20 11:42:02,success,0,,
2614,Turkinfo Hollanda Türk haber,turkinfo.nl,2026-03-20 11:42:02,success,9,https://swelbyboy.github.io/prospect-rss-feeds/turkinfo-hollanda-türk-haber.xml,
2621,Ora de Mediaș,orademedias.ro,2026-03-20 11:42:04,success,10,https://swelbyboy.github.io/prospect-rss-feeds/ora-de-mediaș.xml,
2595,Marosvásárhelyi Rádió,marosvasarhelyiradio.ro,2026-03-20 11:42:04,success,10,https://swelbyboy.github.io/prospect-rss-feeds/marosvásárhelyi-rádió.xml,
2644,Palmos News,palmosnews.gr,2026-03-20 11:42:05,success,10,https://swelbyboy.github.io/prospect-rss-feeds/palmos-news.xml,
2598,The Newspaper Greece,thenewspaper.gr,2026-03-20 11:42:05,success,10,https://swelbyboy.github.io/prospect-rss-feeds/the-newspaper-greece.xml,
2768,Stirea Zilei,stireazilei.com,2026-03-20 11:42:08,failed,0,,HTTP 404
2728,Art of Mathematics,mathematicsart.com,2026-03-20 11:42:08,success,4,https://swelbyboy.github.io/prospect-rss-feeds/art-of-mathematics.xml,
2627,Beograduzivo,beograduzivo.rs,2026-03-20 11:42:08,success,10,https://swelbyboy.github.io/prospect-rss-feeds/beograduzivo.xml,
2204,OldambtNu.nl,oldambtnu.nl,2026-03-20 11:42:11,success,10,https://swelbyboy.github.io/prospect-rss-feeds/oldambtnu-nl.xml,
2620,depart.gr,depart.gr,2026-03-20 11:42:12,success,10,https://swelbyboy.github.io/prospect-rss-feeds/depart-gr.xml,
2618,Karatzova,karatzova.com,2026-03-20 11:42:12,success,10,https://swelbyboy.github.io/prospect-rss-feeds/karatzova.xml,
2634,Millet Gazetesi,milletgazetesi.gr,2026-03-20 11:42:14,success,10,https://swelbyboy.github.io/prospect-rss-feeds/millet-gazetesi.xml,
2630,Mostarski.ba,mostarski.ba,2026-03-20 11:42:14,success,10,https://swelbyboy.github.io/prospect-rss-feeds/mostarski-ba.xml,
2487,Wyspa,wyspa.fm,2026-03-20 11:42:15,success,10,https://swelbyboy.github.io/prospect-rss-feeds/wyspa.xml,
2659,RTV EEN,rtveen.nl,2026-03-20 11:42:16,success,10,https://swelbyboy.github.io/prospect-rss-feeds/rtv-een.xml,
2611,Punctul,punctul.ro,2026-03-20 11:42:18,success,10,https://swelbyboy.github.io/prospect-rss-feeds/punctul.xml,
2633,Express de Banat,expressdebanat.ro,2026-03-20 11:42:18,success,10,https://swelbyboy.github.io/prospect-rss-feeds/express-de-banat.xml,
2636,KampenOnline,kampenonline.nl,2026-03-20 11:42:18,success,10,https://swelbyboy.github.io/prospect-rss-feeds/kampenonline.xml,
2622,Phoronix,phoronix.com,2026-03-20 11:42:20,success,10,https://swelbyboy.github.io/prospect-rss-feeds/phoronix.xml,
2607,Pireasnews.gr,pireasnews.gr,2026-03-20 11:42:20,success,10,https://swelbyboy.github.io/prospect-rss-feeds/pireasnews-gr.xml,
2656,twojradom.pl,twojradom.pl,2026-03-20 11:42:21,success,10,https://swelbyboy.github.io/prospect-rss-feeds/twojradom-pl.xml,
2657,Real Radio: KMMO,kmmo.com,2026-03-20 11:42:22,success,10,https://swelbyboy.github.io/prospect-rss-feeds/real-radio--kmmo.xml,
2676,Smag 31,smag31.com,2026-03-20 11:42:23,success,10,https://swelbyboy.github.io/prospect-rss-feeds/smag-31.xml,
2666,Romania24,romania24.ro,2026-03-20 11:42:24,success,10,https://swelbyboy.github.io/prospect-rss-feeds/romania24.xml,
2642,Portal na Plus,portalnaplus.pl,2026-03-20 11:42:25,success,10,https://swelbyboy.github.io/prospect-rss-feeds/portal-na-plus.xml,
2648,Economic Confidential,economicconfidential.com,2026-03-20 11:42:25,success,10,https://swelbyboy.github.io/prospect-rss-feeds/economic-confidential.xml,
2558,Galway Daily,galwaydaily.com,2026-03-20 11:42:26,success,10,https://swelbyboy.github.io/prospect-rss-feeds/galway-daily.xml,
2681,Nakolei.pl,nakolei.pl,2026-03-20 11:42:27,success,10,https://swelbyboy.github.io/prospect-rss-feeds/nakolei-pl.xml,
2645,Layout.gr,lay-out.gr,2026-03-20 11:42:27,success,10,https://swelbyboy.github.io/prospect-rss-feeds/layout-gr.xml,
2663,Katerini Sport,katerinisport.gr,2026-03-20 11:42:27,success,10,https://swelbyboy.github.io/prospect-rss-feeds/katerini-sport.xml,
2669,AgrinioVOICE.gr,agriniovoice.gr,2026-03-20 11:42:27,success,10,https://swelbyboy.github.io/prospect-rss-feeds/agriniovoice-gr.xml,
2649,TV Zona Plus,tvzonaplus.rs,2026-03-20 11:42:27,success,10,https://swelbyboy.github.io/prospect-rss-feeds/tv-zona-plus.xml,
2655,Timisoara Bulletin,buletindetimisoara.ro,2026-03-20 11:42:28,success,10,https://swelbyboy.github.io/prospect-rss-feeds/timisoara-bulletin.xml,
2646,Westerwolde Actueel,westerwoldeactueel.nl,2026-03-20 11:42:28,success,10,https://swelbyboy.github.io/prospect-rss-feeds/westerwolde-actueel.xml,
2794,ModaHayat,modahayat.com,2026-03-20 11:42:30,failed,0,,No entries found in feed
2699,GRYOnline.pl,gry-online.pl,2026-03-20 11:42:32,success,10,https://swelbyboy.github.io/prospect-rss-feeds/gryonline-pl.xml,
2677,Concursi Online,concursuri.biz,2026-03-20 11:42:32,success,10,https://swelbyboy.github.io/prospect-rss-feeds/concursi-online.xml,
2675,Retete Prajituri si Mancaruri,top24news.ro,2026-03-20 11:42:33,success,10,https://swelbyboy.github.io/prospect-rss-feeds/retete-prajituri-si-mancaruri.xml,
2631,Pi kanal,pikanal.rs,2026-03-20 11:42:33,success,10,https://swelbyboy.github.io/prospect-rss-feeds/pi-kanal.xml,
2613,BD Sylhet News,bdsylhetnews.net,2026-03-20 11:42:33,success,10,https://swelbyboy.github.io/prospect-rss-feeds/bd-sylhet-news.xml,
2690,RTV Lukavac,rtvlukavac.ba,2026-03-20 11:42:33,success,10,https://swelbyboy.github.io/prospect-rss-feeds/rtv-lukavac.xml,
2820,Kanal 6,kanal6.tv,2026-03-20 11:42:35,failed,0,,HTTP 500
2701,PLBOLD.DK,plbold.dk,2026-03-20 11:42:36,success,10,https://swelbyboy.github.io/prospect-rss-feeds/plbold-dk.xml,
2682,ŚwiatWyścigów.pl,swiatwyscigow.pl,2026-03-20 11:42:36,success,8,https://swelbyboy.github.io/prospect-rss-feeds/światwyścigów-pl.xml,
2661,Aquafeed24,aquafeed24.com,2026-03-20 11:42:36,success,10,https://swelbyboy.github.io/prospect-rss-feeds/aquafeed24.xml,
2686,Tychy News,tychynews.pl,2026-03-20 11:42:37,success,10,https://swelbyboy.github.io/prospect-rss-feeds/tychy-news.xml,
2718,Ευρυτανικά ΝΕΑ,evrytanika.gr,2026-03-20 11:42:37,success,8,https://swelbyboy.github.io/prospect-rss-feeds/ευρυτανικά-νεα.xml,
2680,AgrinioTimes.gr,agriniotimes.gr,2026-03-20 11:42:37,success,10,https://swelbyboy.github.io/prospect-rss-feeds/agriniotimes-gr.xml,
2713,medjugorje-info.com,medjugorje-info.com,2026-03-20 11:42:38,success,10,https://swelbyboy.github.io/prospect-rss-feeds/medjugorje-info-com.xml,
2721,Epirusgate,epirusgate.gr,2026-03-20 11:42:40,success,10,https://swelbyboy.github.io/prospect-rss-feeds/epirusgate.xml,
2697,powrotroberta.pl,powrotroberta.pl,2026-03-20 11:42:40,success,10,https://swelbyboy.github.io/prospect-rss-feeds/powrotroberta-pl.xml,
2673,Fansportu,fansportu.pl,2026-03-20 11:42:41,success,8,https://swelbyboy.github.io/prospect-rss-feeds/fansportu.xml,
2691,PanoramaKutna.pl,panoramakutna.pl,2026-03-20 11:42:41,failed,10,,"RSS generation error: All strings must be XML compatible: Unicode or ASCII, no NULL bytes or control characters"
2581,Festhome,festhome.com,2026-03-20 11:42:41,success,10,https://swelbyboy.github.io/prospect-rss-feeds/festhome.xml,
2684,TV Zagora,zagoranews.bg,2026-03-20 11:42:41,success,10,https://swelbyboy.github.io/prospect-rss-feeds/tv-zagora.xml,
2670,Carrie,carrie.hu,2026-03-20 11:42:41,success,10,https://swelbyboy.github.io/prospect-rss-feeds/carrie.xml,
2696,Enoplos,enoplos.gr,2026-03-20 11:42:42,success,10,https://swelbyboy.github.io/prospect-rss-feeds/enoplos.xml,
2725,Idoma Voice,idomavoice.com,2026-03-20 11:42:43,success,10,https://swelbyboy.github.io/prospect-rss-feeds/idoma-voice.xml,
2712,Asociaţia Română de Nutriţie şi Dietetică (ARoND),nutritiedietetica.ro,2026-03-20 11:42:43,success,10,https://swelbyboy.github.io/prospect-rss-feeds/asociaţia-română-de-nutriţie-şi-dietetică--arond.xml,
2639,Preveza TODAY,prevezatoday.gr,2026-03-20 11:42:44,success,10,https://swelbyboy.github.io/prospect-rss-feeds/preveza-today.xml,
2687,Patragoal,patragoal.gr,2026-03-20 11:42:44,success,10,https://swelbyboy.github.io/prospect-rss-feeds/patragoal.xml,
2705,Explore Jefferson,explorejeffersonpa.com,2026-03-20 11:42:45,success,10,https://swelbyboy.github.io/prospect-rss-feeds/explore-jefferson.xml,
2709,Hit Rádió.hu,hitradio.hu,2026-03-20 11:42:46,success,10,https://swelbyboy.github.io/prospect-rss-feeds/hit-rádió-hu.xml,
2703,Serialowa,serialowa.pl,2026-03-20 11:42:47,success,10,https://swelbyboy.github.io/prospect-rss-feeds/serialowa.xml,
2693,Irish Boxing,irish-boxing.com,2026-03-20 11:42:47,success,10,https://swelbyboy.github.io/prospect-rss-feeds/irish-boxing.xml,
2629,iAfrica,iafrica.com,2026-03-20 11:42:49,success,10,https://swelbyboy.github.io/prospect-rss-feeds/iafrica.xml,
2730,LionhearTV,lionheartv.net,2026-03-20 11:42:49,success,10,https://swelbyboy.github.io/prospect-rss-feeds/lionheartv.xml,
2849,Format3A,format3a.pl,2026-03-20 11:42:50,success,10,https://swelbyboy.github.io/prospect-rss-feeds/format3a.xml,
2720,TV Fagaras,tvfagaras.ro,2026-03-20 11:42:50,success,10,https://swelbyboy.github.io/prospect-rss-feeds/tv-fagaras.xml,
2723,"The Book, The Film, The T-Shirt",thebookthefilmthetshirt.co.uk,2026-03-20 11:42:50,success,10,https://swelbyboy.github.io/prospect-rss-feeds/the-book--the-film--the-t-shirt.xml,
2667,Biljke Za,biljkeza.com,2026-03-20 11:42:50,success,10,https://swelbyboy.github.io/prospect-rss-feeds/biljke-za.xml,
2739,Stord24,stord24.no,2026-03-20 11:42:50,success,10,https://swelbyboy.github.io/prospect-rss-feeds/stord24.xml,
2737,Euosmos,euosmos.gr,2026-03-20 11:42:51,success,10,https://swelbyboy.github.io/prospect-rss-feeds/euosmos.xml,
2734,ZanteTimes.GR,zantetimes.gr,2026-03-20 11:42:52,success,10,https://swelbyboy.github.io/prospect-rss-feeds/zantetimes-gr.xml,
2756,Фронтал,frontal.ba,2026-03-20 11:42:53,success,10,https://swelbyboy.github.io/prospect-rss-feeds/фронтал.xml,
2755,Biskotto,biskotto.gr,2026-03-20 11:42:54,success,10,https://swelbyboy.github.io/prospect-rss-feeds/biskotto.xml,
2747,Kerkyrasimera,kerkyrasimera.gr,2026-03-20 11:42:54,success,10,https://swelbyboy.github.io/prospect-rss-feeds/kerkyrasimera.xml,
2741,Anatolh Online,anatolh.com,2026-03-20 11:42:56,success,10,https://swelbyboy.github.io/prospect-rss-feeds/anatolh-online.xml,
2735,TVOvermind,tvovermind.com,2026-03-20 11:42:57,success,10,https://swelbyboy.github.io/prospect-rss-feeds/tvovermind.xml,
2731,Roditel.bg,roditel.bg,2026-03-20 11:42:57,success,10,https://swelbyboy.github.io/prospect-rss-feeds/roditel-bg.xml,
2671,westcity.gr,westcity.gr,2026-03-20 11:42:58,success,10,https://swelbyboy.github.io/prospect-rss-feeds/westcity-gr.xml,
2753,Uskvijesti.ba,uskvijesti.ba,2026-03-20 11:43:00,success,10,https://swelbyboy.github.io/prospect-rss-feeds/uskvijesti-ba.xml,
2881,Xiakoslaos.gr,xiakoslaos.gr,2026-03-20 11:43:00,failed,0,,HTTP 403
2727,Framingham Source,framinghamsource.com,2026-03-20 11:43:01,success,10,https://swelbyboy.github.io/prospect-rss-feeds/framingham-source.xml,
2664,Advocates Philippines,advocatesomi.com,2026-03-20 11:43:01,success,10,https://swelbyboy.github.io/prospect-rss-feeds/advocates-philippines.xml,
2732,Bucuresti TV,bucurestitv.net,2026-03-20 11:43:01,success,10,https://swelbyboy.github.io/prospect-rss-feeds/bucuresti-tv.xml,
2765,Unite Asia,uniteasia.org,2026-03-20 11:43:01,success,10,https://swelbyboy.github.io/prospect-rss-feeds/unite-asia.xml,
2707,Telewizja Limanowska,tv28.pl,2026-03-20 11:43:02,success,10,https://swelbyboy.github.io/prospect-rss-feeds/telewizja-limanowska.xml,
2762,TV2 Bornholm,tv2bornholm.dk,2026-03-20 11:43:05,success,10,https://swelbyboy.github.io/prospect-rss-feeds/tv2-bornholm.xml,
2766,Notibomba (NB),notibomba.com,2026-03-20 11:43:05,success,10,https://swelbyboy.github.io/prospect-rss-feeds/notibomba--nb.xml,
2767,Chojna24,chojna24.pl,2026-03-20 11:43:05,success,10,https://swelbyboy.github.io/prospect-rss-feeds/chojna24.xml,
2750,Carture,carture.com.tw,2026-03-20 11:43:07,success,10,https://swelbyboy.github.io/prospect-rss-feeds/carture.xml,
2754,Dot Daily Dose,dotdailydose.net,2026-03-20 11:43:07,success,10,https://swelbyboy.github.io/prospect-rss-feeds/dot-daily-dose.xml,
2740,Theprp.com,theprp.com,2026-03-20 11:43:08,success,10,https://swelbyboy.github.io/prospect-rss-feeds/theprp-com.xml,
2761,ACMilan24.com,acmilan24.com,2026-03-20 11:43:08,success,10,https://swelbyboy.github.io/prospect-rss-feeds/acmilan24-com.xml,
2779,Defend the Catholic Faith,dcfvanguards.com,2026-03-20 11:43:09,success,7,https://swelbyboy.github.io/prospect-rss-feeds/defend-the-catholic-faith.xml,
2738,Svouranews.gr,svouranews.gr,2026-03-20 11:43:09,success,10,https://swelbyboy.github.io/prospect-rss-feeds/svouranews-gr.xml,
2771,Periodista,periodista.gr,2026-03-20 11:43:11,success,10,https://swelbyboy.github.io/prospect-rss-feeds/periodista.xml,
2745,Hollywood Outbreak,hollywoodoutbreak.com,2026-03-20 11:43:13,success,10,https://swelbyboy.github.io/prospect-rss-feeds/hollywood-outbreak.xml,
2793,PravasiExpress,pravasiexpress.com,2026-03-20 11:43:13,success,10,https://swelbyboy.github.io/prospect-rss-feeds/pravasiexpress.xml,
2784,Cronica Vaii Jiului,cronicavj.ro,2026-03-20 11:43:14,success,10,https://swelbyboy.github.io/prospect-rss-feeds/cronica-vaii-jiului.xml,
2760,Glasul Aradului,glsa.ro,2026-03-20 11:43:14,success,10,https://swelbyboy.github.io/prospect-rss-feeds/glasul-aradului.xml,
2758,SuomiF1,suomif1.com,2026-03-20 11:43:15,success,10,https://swelbyboy.github.io/prospect-rss-feeds/suomif1.xml,
2751,Football Transfers,footballtransfers.com,2026-03-20 11:43:15,success,10,https://swelbyboy.github.io/prospect-rss-feeds/football-transfers.xml,
2806,epiloges.tv,epiloges.tv,2026-03-20 11:43:16,success,8,https://swelbyboy.github.io/prospect-rss-feeds/epiloges-tv.xml,
2774,Sun Signs,sunsigns.org,2026-03-20 11:43:18,success,10,https://swelbyboy.github.io/prospect-rss-feeds/sun-signs.xml,
2716,Fagersta Nyheter,fagerstanyheter.com,2026-03-20 11:43:19,success,10,https://swelbyboy.github.io/prospect-rss-feeds/fagersta-nyheter.xml,
2773,Expert,expert.bg,2026-03-20 11:43:19,success,10,https://swelbyboy.github.io/prospect-rss-feeds/expert.xml,
2772,Kaposvár Most,kaposvarmost.hu,2026-03-20 11:43:20,success,10,https://swelbyboy.github.io/prospect-rss-feeds/kaposvár-most.xml,
2778,Online Nytt,onlinenytt.com,2026-03-20 11:43:19,success,10,https://swelbyboy.github.io/prospect-rss-feeds/online-nytt.xml,
2880,Basketbolig.com,basketbolig.com,2026-03-20 11:43:20,success,10,https://swelbyboy.github.io/prospect-rss-feeds/basketbolig-com.xml,
2790,Sözmedia,sozmedia.ro,2026-03-20 11:43:20,success,10,https://swelbyboy.github.io/prospect-rss-feeds/sözmedia.xml,
2789,Radiomures,radiomures.ro,2026-03-20 11:43:20,success,10,https://swelbyboy.github.io/prospect-rss-feeds/radiomures.xml,
2795,Lefkada Press,lefkadapress.gr,2026-03-20 11:43:21,success,10,https://swelbyboy.github.io/prospect-rss-feeds/lefkada-press.xml,
2780,DND Pakistan,dnd.com.pk,2026-03-20 11:43:22,success,10,https://swelbyboy.github.io/prospect-rss-feeds/dnd-pakistan.xml,
